seller_id,seller_state,seller_city,total_items_sold,total_item_sales_value,orders_handled,avg_review_score,review_count,late_delivery_rate,avg_delivery_delay_days,review_risk_rate,review_risk_flag,has_reviews,has_delivered_orders,seller_tenure_days,category_diversity,value_tier
3442f8959a84dea7ee197c632cb2df15,SP,campinas,3,218.7,3,3.0,3,0.3333333333333333,-6.0,0.3333333333333333,False,True,True,116,1,Lower-value
d1b65fc7debc3361ea86b5f14c68d2e2,SP,mogi guacu,41,11703.07,40,4.55,40,0.025,-15.974358974358974,0.05,False,True,True,435,3,High-value
ce3ad9de960102d0677a81f5d0bb7b2d,RJ,rio de janeiro,1,158.0,1,5.0,1,0.0,-13.0,0.0,False,True,True,0,1,Lower-value
c0f3eea2e14555b6faeea3dd58c1b1c3,SP,sao paulo,1,79.99,1,5.0,1,0.0,-16.0,0.0,False,True,True,0,1,Lower-value
51a04a8a6bdcb23deccc82b0b80742cf,SP,braganca paulista,1,167.99,1,1.0,1,1.0,7.0,1.0,True,True,True,0,1,Lower-value
c240c4061717ac1806ae6ee72be3533b,RJ,rio de janeiro,1,59.9,1,4.0,1,0.0,-15.0,0.0,False,True,True,0,1,Lower-value
e49c26c3edfa46d227d5121a6b6e4d37,PE,brejao,36,3654.25,35,4.457142857142857,35,0.0,-19.647058823529413,0.0857142857142857,False,True,True,535,7,High-value
1b938a7ec6ac5061a66a3766e0e75f90,SP,penapolis,33,3987.6,30,4.3,30,0.0,-14.758620689655173,0.1,False,True,True,330,6,High-value
768a86e36ad6aae3d03ee3c6433d61df,SP,sao paulo,17,587.46,17,4.647058823529412,17,0.1176470588235294,-8.823529411764707,0.0,False,True,True,65,2,Lower-value
ccc4bbb5f32a6ab2b7066a4130f114e3,PR,curitiba,192,74004.62,187,4.28494623655914,186,0.0641711229946524,-16.91304347826087,0.1176470588235294,False,True,True,591,2,High-value
8cb7c5ddf41f4d506eba76e9a4702a25,GO,anapolis,2,138.0,2,3.0,2,0.0,-12.0,0.5,False,True,True,71,1,Lower-value
a7a9b880c49781da66651ccf4ba9ac38,SP,itirapina,4,307.6,3,3.6666666666666665,3,0.0,-12.0,0.0,False,True,True,50,1,Lower-value
8bd0f31cf0a614c658f6763bd02dea69,SP,sao paulo,35,4455.34,33,4.28125,32,0.0303030303030303,-13.515151515151516,0.0909090909090909,False,True,True,575,3,High-value
05a48cc8859962767935ab9087417fbb,SP,sao paulo,1,42.9,1,5.0,1,0.0,-18.0,0.0,False,True,True,0,1,Lower-value
7b8e8ec35bad4b0ef7e3963650b0a87b,SC,tubarao,5,2244.28,5,4.8,5,0.2,-0.4,0.0,False,True,True,115,2,Lower-value
1444c08e64d55fb3c25f0f09c07ffcf2,BA,lauro de freitas,1,2749.0,1,1.0,1,0.0,-22.0,1.0,True,True,True,0,1,Lower-value
166e8f1381e09651983c38b1f6f91c11,SC,imbituba,2,78.8,2,5.0,2,0.0,-8.5,0.0,False,True,True,26,0,Lower-value
e38db885400cd35c71dfd162f2c1dbcf,DF,brasilia,32,2066.8,30,4.466666666666667,30,0.1,-12.333333333333334,0.0666666666666666,False,True,True,359,1,Lower-value
d2e753bb80b7d4faa77483ed00edc8ca,BA,porto seguro,15,1320.7,14,3.7142857142857135,14,0.0714285714285714,-15.428571428571429,0.0714285714285714,False,True,True,223,2,Lower-value
f9ec7093df3a7b346b7bcf7864069ca3,SP,sao paulo,9,519.2,9,4.777777777777778,9,0.0,-7.666666666666667,0.0,False,True,True,52,5,Lower-value
4e6015589b781adaa5ce7f1892d06bb1,SP,guaruja,3,684.0,3,3.6666666666666665,3,0.0,-12.666666666666666,0.0,False,True,True,103,1,Lower-value
4cf490a58259286ada5ba8525ba9e84a,SP,tabatinga,8,1254.2,8,3.125,8,0.0,-17.857142857142858,0.375,False,True,True,253,1,Lower-value
f7496d659ca9fdaf323c0aae84176632,SP,sao paulo,27,5087.57,26,4.576923076923077,26,0.0384615384615384,-21.08,0.0769230769230769,False,True,True,677,2,High-value
2ff97219cb8622eaf3cd89b7d9c09824,SP,salto,96,4476.9,89,4.52808988764045,89,0.0337078651685393,-9.57471264367816,0.0337078651685393,False,True,True,189,14,High-value
8bd0e3abda539b9479c4b44a691be1ec,RS,tres de maio,13,596.55,7,2.2857142857142856,7,0.2857142857142857,-9.833333333333334,0.5714285714285714,False,True,True,222,1,Lower-value
2a1348e9addc1af5aaa619b1a3679d6b,MG,belo horizonte,55,2843.0,52,3.117647058823529,51,0.25,0.9791666666666666,0.3653846153846153,False,True,True,565,12,Lower-value
2078fe5066350e7d220c0ad3a3bbc6c1,PR,arapongas,1,29.9,1,2.0,1,0.0,,1.0,True,True,False,0,1,Lower-value
116ccb1a1604bc88e4d234a8c23f33de,SP,sao bernardo do campo,73,2004.89,61,4.639344262295082,61,0.0327868852459016,-10.262295081967212,0.0327868852459016,False,True,True,285,5,Lower-value
430315b7bb4b6e4b3c978f9dfa9b0558,SP,sao paulo,21,3118.4,20,3.947368421052632,19,0.05,-14.421052631578949,0.2,False,True,True,208,9,Lower-value
406822777a0b9eb5c50e442dd4cd3ec5,SP,tatui,47,3648.08,45,4.295454545454546,44,0.1111111111111111,-10.886363636363637,0.0888888888888888,False,True,True,296,2,High-value
4dbd95a08b31ede5c82d3f861cb1ce1a,PR,curitiba,6,1304.67,6,3.5,6,0.0,-16.75,0.3333333333333333,False,True,True,177,2,Lower-value
e9e446d01bd10a97a8ffcfc4a3a20cb2,SP,sao paulo,4,60.05,4,3.5,4,0.0,-8.333333333333334,0.25,False,True,True,33,1,Lower-value
d52cbce9845184537284a23c3bc3da0e,SC,garopaba,4,75.0,2,5.0,2,0.0,-21.5,0.0,False,True,True,28,1,Lower-value
d9a84e1403de8da0c3aa531d6d108ba6,SP,sao paulo,59,1425.2,54,4.518518518518518,54,0.0555555555555555,-10.320754716981131,0.074074074074074,False,True,True,186,5,Lower-value
9c690ceacd5c66731bf443ea810195cb,MG,camanducaia,12,871.8,10,4.3,10,0.0,-18.2,0.1,False,True,True,348,2,Lower-value
1f9ab4708f3056ede07124aad39a2554,SP,tupa,79,13602.73,78,4.077922077922078,77,0.0512820512820512,-13.407894736842104,0.0769230769230769,False,True,True,490,1,High-value
1961c3e1272bfeceb05d0b78b5bbfdaf,SP,guarulhos,4,896.0,3,3.333333333333333,3,0.0,-7.5,0.3333333333333333,False,True,True,20,1,Lower-value
d3e7d37c0df9aef383f3f2a15b0dddfb,PR,sao jose dos pinhais,1,161.0,1,5.0,1,0.0,-24.0,0.0,False,True,True,0,1,Lower-value
ec2e006556300a79a5a91e4876ab3a56,SP,sao paulo,8,125.2,4,1.25,4,0.25,1.0,1.0,True,True,True,193,2,Lower-value
b2a6d334e2833acea353624840e25a0e,SP,sao paulo,26,1650.98,25,4.48,25,0.0,-17.0,0.08,False,True,True,303,4,Lower-value
d3674f271c91f824f82d24d92011f669,DF,brasilia,20,1718.3,20,4.1,20,0.1,-11.4,0.15,False,True,True,401,2,Lower-value
768de2a4fc06aacecb9a586ccc30746a,DF,brasilia,14,475.6,14,4.428571428571429,14,0.0,-12.461538461538462,0.0714285714285714,False,True,True,282,2,Lower-value
a81466620e46a6970b22ef40379fdfc9,SC,sao ludgero,2,321.8,2,5.0,2,0.0,-17.0,0.0,False,True,True,2,1,Lower-value
5c030029b5916fed0986310385ec9009,SC,sao jose,10,4164.4,7,4.857142857142857,7,0.0,-19.428571428571427,0.0,False,True,True,68,1,High-value
c0f783394e37cd9c9d7f5f81141450fa,SP,piracicaba,6,249.4,6,3.6,5,0.0,-13.166666666666666,0.1666666666666666,False,True,True,33,0,Lower-value
c353f8fc0ce8344999f17d578eb69a5e,RS,porto alegre,2,175.98,2,5.0,2,0.0,-33.5,0.0,False,True,True,14,1,Lower-value
8444e55c1f13cd5c179851e5ca5ebd00,MG,congonhal,109,22873.21,99,3.2626262626262625,99,0.0606060606060606,-22.55434782608696,0.3535353535353535,False,True,True,478,12,High-value
28a26ebce31d5918b181ede016fd693b,MG,belo horizonte,1,29.9,1,5.0,1,0.0,-10.0,0.0,False,True,True,0,1,Lower-value
41ab63a91b8b264e8c8780368bf1dd5b,MG,belo horizonte,13,2571.95,12,4.25,12,0.0,-23.08333333333333,0.1666666666666666,False,True,True,279,7,Lower-value
8759e7aedd644f487315e5860962f162,SP,santo andre,3,627.0,3,3.6666666666666665,3,0.3333333333333333,4.666666666666667,0.3333333333333333,False,True,True,29,1,Lower-value
e546117ed9cafbc40239c0c78635c584,SP,sao paulo,2,456.0,2,4.5,2,0.0,-10.0,0.0,False,True,True,122,1,Lower-value
d71d863e5ef30d94e440c11be17dcd8f,SP,osasco,36,11900.9,29,2.9615384615384617,26,0.1034482758620689,-9.91304347826087,0.4137931034482758,False,True,True,215,5,High-value
0c7533c71df861ec58ad7ff999ed0e8d,SP,valinhos,73,2989.3,61,4.147540983606557,61,0.0491803278688524,-10.131147540983608,0.1475409836065573,False,True,True,381,1,Lower-value
ef990a83bbea832f36ebe81376335aa8,SC,joinville,44,4642.59,43,3.627906976744186,43,0.2093023255813953,-8.465116279069768,0.2558139534883721,False,True,True,257,2,High-value
41e0fa5761c886a630994a55c12087e7,SP,guaruja,5,423.6,5,5.0,5,0.0,-19.6,0.0,False,True,True,72,1,Lower-value
0747d5bb69f0586cc869d8af4c50f93e,RJ,saquarema,15,346.6,14,3.357142857142857,14,0.0714285714285714,-15.583333333333334,0.3571428571428571,False,True,True,262,2,Lower-value
7d294cf9a6a69dc6a0c3e540fff0e039,SC,barra velha,5,257.25,5,4.4,5,0.0,-17.8,0.0,False,True,True,86,1,Lower-value
c89cf7c468a48af70aada384e722f9e2,RJ,petropolis,14,745.0,14,4.0,13,0.0714285714285714,-10.214285714285714,0.1428571428571428,False,True,True,424,1,Lower-value
b7ba853e9551f4558440881fd3e5c815,RS,santo antonio da patrulha,2,376.8,2,1.0,2,0.0,-26.0,1.0,True,True,True,2,2,Lower-value
13c2ed7698b3ca92dad49e849219da59,PR,ponta grossa,9,498.61,8,4.375,8,0.0,-10.0,0.125,False,True,True,210,1,Lower-value
cbbd5ae8f53de5f5097cd8217b529e24,SP,santana de parnaiba,2,351.8,2,2.5,2,0.0,-18.0,0.5,False,True,True,1,1,Lower-value
02ecc2a19303f05e59ce133fd923fff7,SP,santo andre,24,5264.19,21,4.619047619047619,21,0.0,-14.952380952380953,0.0476190476190476,False,True,True,429,3,High-value
c013e57c075a06e5b5c48ee03c525719,SP,sao carlos,45,1971.55,42,4.238095238095238,42,0.0476190476190476,-11.761904761904765,0.0952380952380952,False,True,True,180,1,Lower-value
55f7a3319d80f7fdf078b8f03e6725fe,SP,osasco,22,3013.78,22,3.772727272727273,22,0.0454545454545454,-6.5,0.1818181818181818,False,True,True,51,2,Lower-value
2d50d6282f8aa2257819a77bfaa0efe0,SP,ibitinga,45,3353.48,44,3.704545454545455,44,0.0909090909090909,-10.428571428571429,0.2272727272727272,False,True,True,345,3,High-value
b7e1750c1157341d2abd0251e07c186b,SP,sao paulo,4,159.6,3,4.333333333333333,3,0.0,-18.33333333333333,0.0,False,True,True,65,2,Lower-value
b90e891671cffd9557f33a97dc523645,PR,sao jose dos pinhais,39,4449.0,34,4.323529411764706,34,0.0,-16.029411764705884,0.088235294117647,False,True,True,369,2,High-value
a416b6a846a11724393025641d4edd5e,SP,sao paulo,181,25670.72,162,4.154320987654321,162,0.1049382716049382,-10.248407643312104,0.1543209876543209,False,True,True,572,2,High-value
7e93a43ef30c4f03f38b393420bc753a,SP,barueri,340,176431.87,336,4.214925373134329,335,0.0446428571428571,-12.20689655172414,0.119047619047619,False,True,True,643,8,High-value
5206cc4bc2297c833e6061c49bf9c43f,SP,osasco,1,35.0,1,1.0,1,0.0,,1.0,True,True,False,0,1,Lower-value
f410c8873029fcc3809b9df6d0b28914,SP,caxias do sul,2,289.8,2,5.0,2,0.0,-7.5,0.0,False,True,True,11,1,Lower-value
ef506c96320abeedfb894c34db06f478,SP,sao paulo,340,9771.43,324,3.931464174454829,321,0.0771604938271604,-11.091772151898734,0.1697530864197531,False,True,True,575,4,High-value
a13aaf2d2886ab9fb30fb9a920160b8f,SC,joinville,4,1011.52,4,4.5,4,0.25,-6.5,0.0,False,True,True,10,1,Lower-value
7299e27ed73d2ad986de7f7c77d919fa,MG,araguari,361,34725.43,338,4.420118343195266,338,0.0414201183431952,-12.537313432835822,0.0680473372781065,False,True,True,530,13,High-value
8a9260f2b0340411d6d2a56bcf4f7378,MG,contagem,9,1256.0,8,4.75,8,0.0,-10.5,0.0,False,True,True,181,4,Lower-value
dedcab67899479e4ea5dcc4eba47f587,SC,jaragua do sul,2,84.0,2,4.5,2,0.0,-5.0,0.0,False,True,True,67,1,Lower-value
b2479f944e1b90cf8a5de1bbfde284d6,SP,ibitinga,131,4752.51,103,3.42156862745098,102,0.116504854368932,-8.227722772277227,0.3106796116504854,False,True,True,219,3,High-value
7722b1df1b0e383e000397b2c11e3e19,SP,sao bernardo do campo,145,7094.09,134,4.225563909774436,133,0.0298507462686567,-11.992481203007518,0.1119402985074626,False,True,True,585,8,High-value
731ef20c231d9a7103a425e83fd91271,SC,lages - sc,3,1692.0,2,3.5,2,0.0,-15.5,0.0,False,True,True,0,1,Lower-value
78813699ffac347fe27dba345a5f1551,RS,bento goncalves,1,152.42,1,5.0,1,0.0,-29.0,0.0,False,True,True,0,1,Lower-value
3296662b1331dea51e744505065ae889,SP,catanduva,1,517.8,1,5.0,1,0.0,-11.0,0.0,False,True,True,0,1,Lower-value
411f3b52d857390502ee4e4d5ceabc2d,SP,ribeirao pires,30,1804.01,21,4.105263157894737,19,0.0952380952380952,-6.666666666666667,0.1428571428571428,False,True,True,134,4,Lower-value
bba3293d6f5d5af2f415e004e8b93ae3,SP,sao paulo,17,11702.1,17,4.294117647058823,17,0.0588235294117647,-9.0,0.1176470588235294,False,True,True,293,2,High-value
4e7c18b98d84e05cbae3ff0ff03846c2,SP,jaboticabal,89,9177.9,82,4.160493827160494,81,0.0365853658536585,-13.296296296296296,0.1829268292682926,False,True,True,522,4,High-value
b56906f7fd1696e043f1bcce164c487b,SP,echapora,42,2148.49,40,4.0,40,0.05,-14.675,0.2,False,True,True,670,2,Lower-value
d650b663c3b5f6fb392b6326366efa9a,SP,cotia,60,19242.9,60,4.2,60,0.05,-11.63157894736842,0.1166666666666666,False,True,True,253,2,High-value
669ae81880e08f269a64487cfb287169,SC,rio do sul,186,13248.87,162,4.24223602484472,161,0.0432098765432098,-13.919254658385093,0.1234567901234567,False,True,True,564,3,High-value
c2d70ce2c5d0a2eb75e78668236e6dc8,SP,sao paulo,15,2470.9,13,4.615384615384615,13,0.0,-12.923076923076923,0.0,False,True,True,339,1,Lower-value
674207551483fec113276b67b0d871ff,SP,sorocaba,1,119.9,1,5.0,1,0.0,-11.0,0.0,False,True,True,0,1,Lower-value
abe42c5d03695b4257b5c6cbf4e6784e,RJ,rio de janeiro,50,17159.0,50,3.918367346938776,49,0.16,-9.346938775510203,0.18,False,True,True,338,2,High-value
1996942dc085d7773ba77a529b163cd0,SP,pradopolis,10,2943.51,10,3.9,10,0.0,-18.77777777777778,0.2,False,True,True,78,3,Lower-value
79b93a308a97792cf53ac75f46da00b5,RJ,rio de janeiro,1,99.9,1,5.0,1,0.0,-3.0,0.0,False,True,True,0,1,Lower-value
7cf4ea70955b00d6b3c22542598e2715,SP,sao paulo,1,189.9,1,5.0,1,0.0,-11.0,0.0,False,True,True,0,1,Lower-value
63ffcb71394dd8ea3872ed9ffda17c74,RJ,itaborai,17,399.0,17,3.176470588235294,17,0.0588235294117647,-11.058823529411764,0.2941176470588235,False,True,True,174,1,Lower-value
83353a83fd769dfafa4f21a72b15e3e5,SP,sao paulo,5,579.5,5,3.8,5,0.2,-8.8,0.2,False,True,True,260,1,Lower-value
cda598c48d7c614bc1cad7d8ff6f0010,SP,mirassol,18,1118.6,17,4.0588235294117645,17,0.0,-13.882352941176473,0.0588235294117647,False,True,True,150,4,Lower-value
d4910f1cdcfdabd48d6b316e395d4a23,SP,santo andre,12,1146.88,11,4.909090909090909,11,0.0,-9.0,0.0,False,True,True,18,1,Lower-value
709e16e2b25c7474d980076c6bfc4806,SP,birigui,80,5151.9,60,4.516666666666667,60,0.0333333333333333,-12.933333333333334,0.0166666666666666,False,True,True,315,5,High-value
9dc79dd988ac42f4d56c340d7048420a,SP,sao paulo,4,749.6,4,4.75,4,0.0,-10.0,0.0,False,True,True,18,1,Lower-value
276677b5d08786d5dce7c2149dcce48b,MG,belo horizonte,47,3522.0,33,3.909090909090909,33,0.0606060606060606,-8.838709677419354,0.2121212121212121,False,True,True,192,6,High-value
9c4d31c7e46ab03a43fc06e3142afd4e,RJ,rio de janeiro,2,1218.9,2,4.5,2,0.0,-8.0,0.0,False,True,True,6,1,Lower-value
512d298ac2a96d1931b6bd30aa21f61d,RJ,rio de janeiro,12,7401.94,11,4.2727272727272725,11,0.0,-15.272727272727272,0.1818181818181818,False,True,True,212,3,High-value
422be4cc81a457fdb46f47edeb968ae5,SP,ibitinga,1,239.9,1,5.0,1,0.0,-21.0,0.0,False,True,True,0,1,Lower-value
99cd94252748d2bdde08e17858233602,SP,sao paulo,2,159.8,2,4.5,2,0.0,-17.5,0.0,False,True,True,1,1,Lower-value
698624c6632eeba1774924dbea24c700,SP,sao paulo,1,19.9,1,5.0,1,0.0,-11.0,0.0,False,True,True,0,0,Lower-value
8bb48dc19fccaa8613b6229bf7f452a2,SP,assis,95,4190.72,82,4.414634146341464,82,0.024390243902439,-13.353658536585366,0.0853658536585365,False,True,True,278,4,High-value
ad87df7699e83b8a91822a4a0b765c3a,SP,jaguariuna,7,349.9,6,3.8333333333333335,6,0.0,-16.8,0.0,False,True,True,96,2,Lower-value
d6b664fa0667064c6d76394e7848d790,SP,araraquara,6,6080.0,6,4.833333333333333,6,0.0,-15.333333333333334,0.0,False,True,True,377,1,High-value
98f52e1020fe788c10c0418de4393fec,RJ,macae,1,21.6,1,4.0,1,0.0,-13.0,0.0,False,True,True,0,1,Lower-value
62760d278921b5f352461620d68a9cee,SP,salto,3,397.0,3,3.6666666666666665,3,0.3333333333333333,-14.333333333333334,0.3333333333333333,False,True,True,8,1,Lower-value
eb72802c83dc7547529c9546d1a9b8ef,SP,rio claro,8,1063.92,8,4.625,8,0.0,-11.5,0.125,False,True,True,80,6,Lower-value
3f9be91358837bff69df67edfa3e42e8,PR,londrina,7,569.7,7,4.428571428571429,7,0.0,-19.142857142857142,0.1428571428571428,False,True,True,43,1,Lower-value
1d4587203296c8f4ad134dc286fa6db0,SP,sao paulo,43,2323.3,42,4.285714285714286,42,0.0238095238095238,-11.2,0.0952380952380952,False,True,True,255,1,Lower-value
791cfcfe22fe4a771ece27f90017da92,SP,ribeirao preto,2,596.26,2,1.5,2,0.5,5.0,1.0,True,True,True,104,1,Lower-value
392f7f2c797e4dc077e4311bde2ab8ce,RN,rio de janeiro,2,52.0,2,5.0,2,0.0,-8.0,0.0,False,True,True,0,1,Lower-value
0c8380b62e38e8a1e6adbeba7eb9688c,MG,tres coracoes,220,17348.79,182,4.038888888888889,180,0.0494505494505494,-11.85,0.1428571428571428,False,True,True,685,3,High-value
37be5a7c751166fbc5f8ccba4119e043,SP,sao paulo,281,55350.55,272,4.313432835820896,268,0.025735294117647,-13.479553903345725,0.0919117647058823,False,True,True,383,2,High-value
87d73636a3acf123e842bb890a4db036,SP,nhandeara,1,269.9,1,5.0,1,0.0,-3.0,0.0,False,True,True,0,1,Lower-value
3d3ccf2b2f8134b10dce9dd446f0e075,SP,ibitinga,3,608.6,3,3.333333333333333,3,0.3333333333333333,-4.666666666666667,0.3333333333333333,False,True,True,50,1,Lower-value
e24d3429d294b2eb200b064ebb035879,SP,sao paulo,22,1878.58,19,4.2631578947368425,19,0.0526315789473684,-10.947368421052632,0.1052631578947368,False,True,True,61,1,Lower-value
44073f8b7e41514de3b7815dd0237f4f,DF,brasilia,153,18729.64,144,3.755244755244755,143,0.0347222222222222,-15.985915492957746,0.2013888888888889,False,True,True,531,14,High-value
05ca864204d09595ae591b93ea9cf93d,SP,barueri,1,179.9,1,5.0,1,0.0,0.0,0.0,False,True,True,0,1,Lower-value
9d39404483343dd55c7ae254494d8388,SP,sao paulo,10,293.2,10,3.5,10,0.1,-11.6,0.3,False,True,True,149,1,Lower-value
f9eda05b67bef472deaddbba84aca289,SC,orleans,1,185.0,1,1.0,1,0.0,,1.0,True,True,False,0,1,Lower-value
75745ef7bc7d4f3ea3380f6f5303f514,DF,brasilia,3,228.4,3,5.0,3,0.0,-21.33333333333333,0.0,False,True,True,36,2,Lower-value
0692610d8abe24f287e9fae90ea0bbee,SP,sao paulo,4,173.99,4,4.0,4,0.25,-6.25,0.0,False,True,True,81,2,Lower-value
7b07b3c7487f0ea825fc6df75abd658b,SP,sao paulo,98,9731.85,93,4.354838709677419,93,0.043010752688172,-10.989010989010987,0.1182795698924731,False,True,True,575,2,High-value
99002261c568a84cce14d43fcffb43ea,MT,cuiaba,36,4088.0,36,3.7222222222222223,36,0.0555555555555555,-12.25,0.1666666666666666,False,True,True,298,2,High-value
e5899683388855d3dabe8913bbe365de,SP,sao carlos,3,452.88,3,4.0,3,0.0,-20.0,0.0,False,True,True,51,1,Lower-value
784ba75dd9d20200c4caed3d7a77141a,SP,sao paulo,24,8295.13,21,3.809523809523809,21,0.0952380952380952,-9.210526315789474,0.238095238095238,False,True,True,301,3,High-value
099095b050cfe8eb1ddff5317587e96e,SP,sao paulo,20,5193.83,17,3.235294117647059,17,0.1764705882352941,-9.75,0.4117647058823529,False,True,True,240,8,High-value
0ad80de75c811326389cfb1daba7d45e,RJ,rio de janeiro,6,1449.4,6,5.0,5,0.0,-12.5,0.0,False,True,True,78,1,Lower-value
b9a03475e6447e631b6799ec8274800f,PR,formosa do oeste,11,1349.1,10,4.2,10,0.0,-21.3,0.1,False,True,True,264,3,Lower-value
ba6b4a237f92479743cf0ca06b67a9ac,RJ,rio de janeiro,8,801.89,8,4.25,8,0.125,-5.25,0.125,False,True,True,198,5,Lower-value
ea00f977a203ff88adf7057cb7806998,SP,santos,19,389.72,19,4.105263157894737,19,0.0526315789473684,-6.277777777777778,0.1052631578947368,False,True,True,49,1,Lower-value
82e0a475a88cc9595229d8029273f045,SP,sao paulo,80,10930.02,42,3.642857142857143,42,0.0952380952380952,-8.24390243902439,0.2857142857142857,False,True,True,329,1,High-value
ad75519a07f039025e83795a4418470f,GO,santa terezinha de goias,9,302.1,3,3.6666666666666665,3,0.0,-18.33333333333333,0.3333333333333333,False,True,True,201,1,Lower-value
34aefe746cd81b7f3b23253ea28bef39,PR,curitiba,1,8.0,1,1.0,1,0.0,,1.0,True,True,False,0,1,Lower-value
ed4acab38528488b65a9a9c603ff024a,SP,sao paulo,40,12759.45,32,3.71875,32,0.0,-12.806451612903226,0.21875,False,True,True,490,4,High-value
f0837c8d71434931d9e38e7b79234797,RS,arvorezinha,23,3446.9,22,4.590909090909091,22,0.0454545454545454,-19.954545454545453,0.0,False,True,True,269,1,High-value
fce62094ffe6a4009188ec44e681dfdd,SP,sao paulo,11,2969.7,4,4.0,4,0.25,-38.0,0.25,False,True,True,387,3,Lower-value
ebef8d8c92b4fd3226e5d407bbff21ac,SP,ribeirao preto,3,253.7,3,2.6666666666666665,3,0.3333333333333333,12.666666666666666,0.3333333333333333,False,True,True,43,2,Lower-value
d73cbd89533ce8b041a9190241453ac8,MG,guiricema,4,368.6,4,3.5,4,0.0,-13.0,0.25,False,True,True,130,1,Lower-value
75a4764c108403a7a0575140cb22287c,RS,caxias do sul,9,716.9,5,4.6,5,0.0,-19.8,0.0,False,True,True,119,2,Lower-value
70c0fda4c313d87115644d39e62eec60,PE,caruaru,1,25.99,1,5.0,1,0.0,-14.0,0.0,False,True,True,0,1,Lower-value
ffcfefa19b08742c5d315f2791395ee5,PR,curitiba,1,69.9,1,1.0,1,0.0,,1.0,True,True,False,0,1,Lower-value
26e13b6ff5b641b329e5524241ee2c93,SP,franca,4,119.7,4,4.0,4,0.0,-10.25,0.25,False,True,True,21,2,Lower-value
0ade5cc4a305ed7093a23f68ca47519c,PR,curitiba,2,158.88,2,5.0,2,0.0,-21.0,0.0,False,True,True,58,1,Lower-value
fc59392d66ef99377e50356ee4f3b4e1,BA,salvador,5,519.99,5,3.6,5,0.0,-14.4,0.4,False,True,True,84,3,Lower-value
b18dc380845b24038cfc48006478f099,SP,diadema,54,8353.3,44,4.1395348837209305,43,0.1136363636363636,-11.255813953488373,0.1136363636363636,False,True,True,301,2,High-value
f22a247b79dd22ecd91dc8e3b2a1b07c,SP,itaquaquecetuba,8,439.94,8,4.0,8,0.25,1.625,0.125,False,True,True,113,1,Lower-value
889009a0ed0bb52c87819941192931b8,SP,lencois paulista,1,89.9,1,4.0,1,0.0,-24.0,0.0,False,True,True,0,1,Lower-value
ffc470761de7d0232558ba5e786e57b7,SP,guarulhos,31,1649.01,28,4.444444444444445,27,0.0357142857142857,-11.814814814814817,0.0357142857142857,False,True,True,178,8,Lower-value
4c498c7345e89aebad651544829beca0,SP,carapicuiba,48,4819.76,48,4.291666666666667,48,0.1041666666666666,-9.191489361702128,0.0833333333333333,False,True,True,256,2,High-value
01bcc9d254a0143f0ce9791b960b2a47,GO,uruacu,11,1521.21,11,4.4,10,0.0,-18.3,0.0,False,True,True,173,1,Lower-value
f021c962aaba8ef6eb527a9c2c8394d1,SC,itajai,5,4398.5,5,4.2,5,0.0,-16.4,0.2,False,True,True,81,1,High-value
024b564ae893ce8e9bfa02c10a401ece,SP,sao paulo,8,706.4000000000001,2,4.5,2,0.0,-37.0,0.0,False,True,True,130,2,Lower-value
a513150f33f99a06569e9cd5c4bb889b,SP,sao paulo,2,677.0,2,4.5,2,0.0,-15.0,0.0,False,True,True,4,2,Lower-value
c1dde11f12d05c478f5de2d7319ad3b2,SP,sao paulo,1,12.5,1,1.0,1,0.0,-9.0,1.0,True,True,True,0,1,Lower-value
02f5837340d7eb4f653d676c7256523a,PR,curitiba,30,3883.05,30,4.833333333333333,30,0.0333333333333333,-17.333333333333332,0.0333333333333333,False,True,True,279,1,High-value
7b98de631987e26dd6d803490c43a13c,PR,loanda,8,634.2,8,4.625,8,0.0,-12.5,0.0,False,True,True,71,2,Lower-value
f12ff17ad8bbf01ec5c33b17e506649b,SP,sao paulo,29,6241.0,29,3.827586206896552,29,0.1034482758620689,-10.428571428571429,0.1379310344827586,False,True,True,138,1,High-value
a64e44665225d19dfc0277eeeaaccc57,SP,sao paulo,6,335.0,6,5.0,6,0.0,-6.833333333333333,0.0,False,True,True,60,1,Lower-value
6a8a889bde935bafa76d7848782dfaf9,SP,sao paulo,30,860.8199999999999,26,4.038461538461538,26,0.0769230769230769,-15.192307692307692,0.1153846153846153,False,True,True,74,2,Lower-value
42b6488f5b8246d9141712abd4b1b693,PR,maringa,2,247.99,2,4.0,2,0.0,-13.0,0.0,False,True,True,123,2,Lower-value
d6cd01c59123df02fc226eadbadb5f89,SP,sao paulo,3,244.9,2,3.0,2,0.0,-10.0,0.5,False,True,True,136,2,Lower-value
c8e135e7b21ecbc36c1153a29d2f5a06,SP,sao paulo,7,1165.5,7,4.857142857142857,7,0.0,-11.0,0.0,False,True,True,116,1,Lower-value
229c3efbfb0ea2058de4ccdfbc3d784a,MG,belo horizonte,148,15744.0,121,3.625,120,0.0165289256198347,-12.627118644067796,0.2479338842975206,False,True,True,681,1,High-value
f9a02f1922d1de564392e656d82b3fda,SP,ferraz de vasconcelos,1,125.9,1,4.0,1,0.0,,0.0,False,True,False,0,1,Lower-value
9523fb39dd240aa958e040f8183d64f3,SP,sao paulo,1,146.99,1,1.0,1,0.0,-17.0,1.0,True,True,True,0,1,Lower-value
95ec4458365c4d11f452ccf538377619,SP,limeira,31,1866.76,27,4.615384615384615,26,0.037037037037037,-10.74074074074074,0.037037037037037,False,True,True,215,4,Lower-value
6ec1a01e866584bb679eb9b098345919,SP,santos,32,4248.91,31,4.133333333333334,30,0.1935483870967742,-5.933333333333334,0.1612903225806451,False,True,True,413,2,High-value
f6122bc84774df1b372bdb3bb88ddb9f,SP,barueri,3,4799.87,3,3.6666666666666665,3,0.3333333333333333,-5.666666666666667,0.3333333333333333,False,True,True,166,1,High-value
fa40cc5b934574b62717c68f3d678b6d,SP,sao paulo,340,16055.87,307,4.472131147540984,305,0.0521172638436482,-11.1875,0.0749185667752443,False,True,True,588,3,High-value
623ad9d0c1e14bb5464a8c72bff7b4af,MG,claudio,1,95.0,1,4.0,1,0.0,-1.0,0.0,False,True,True,0,0,Lower-value
c0098efcf800861dcae589affca31408,SP,ribeirao preto,9,1189.28,9,4.777777777777778,9,0.0,-11.0,0.0,False,True,True,222,1,Lower-value
a63bfbaa882c8f4542891b4e2246cc7f,RJ,niteroi,7,6772.0,7,4.428571428571429,7,0.0,-10.333333333333334,0.1428571428571428,False,True,True,72,1,High-value
48b6c3f4c6a93171da04b75313f2130f,SP,osvaldo cruz,2,290.26,2,5.0,2,0.0,-9.0,0.0,False,True,True,46,1,Lower-value
270d3ef21830ad0ecf3a6c53d08a533a,SP,carapicuiba,18,509.0,6,2.333333333333333,6,0.0,-9.0,0.5,False,True,True,142,1,Lower-value
89c127985a8b130cfa45c1d36764017a,SP,osasco,7,1419.5700000000002,7,3.0,6,0.0,-14.5,0.4285714285714285,False,True,True,226,5,Lower-value
8b2492b7ff4468839593fafeed55bad9,RJ,sao goncalo,45,3660.08,29,4.172413793103448,29,0.0689655172413793,-8.448275862068966,0.1379310344827586,False,True,True,335,1,High-value
1e9d5a33694bddb76316fd1f54734d20,MT,jaciara,2,318.0,2,4.5,2,0.0,-8.5,0.0,False,True,True,29,1,Lower-value
5e49e3a44bdeb5aab2684258bbd4f525,SC,balenario camboriu,3,507.0,3,4.666666666666667,3,0.3333333333333333,-10.666666666666666,0.0,False,True,True,91,1,Lower-value
8e34331b7eedd03be4e5d965c1956225,SP,sao paulo,5,145.0,5,4.8,5,0.2,-7.8,0.0,False,True,True,164,1,Lower-value
aaed1309374718fdd995ee4c58c9dfcd,SC,timbo,112,9376.95,105,4.066666666666666,105,0.0285714285714285,-17.240384615384617,0.1333333333333333,False,True,True,661,5,High-value
11d4c477d09821164bca4f70a2eae031,SP,ribeirao preto,4,83.04,3,5.0,3,0.0,-12.0,0.0,False,True,True,40,1,Lower-value
ff314fa6033cc68ec451c47aee2d6ba4,SP,sao paulo,2,537.9,2,5.0,2,0.0,-20.5,0.0,False,True,True,114,0,Lower-value
d1c7fa84e48cfa21a0e595167c1c500e,RS,jacutinga,12,1156.03,12,4.333333333333333,12,0.0,-19.08333333333333,0.1666666666666666,False,True,True,120,3,Lower-value
c7246702dc991a06d788120dc7544391,CE,fortaleza,1,54.86,1,5.0,1,0.0,-4.0,0.0,False,True,True,0,1,Lower-value
e819bcfade7b5d88a27325eb6cfd62c5,SP,guarulhos,11,202.9,5,4.2,5,0.2,-5.6,0.2,False,True,True,31,3,Lower-value
6d2f2e3b539480db1e0842b3a4e32e6e,SP,guarulhos,6,305.96,3,3.6666666666666665,3,0.0,-7.666666666666667,0.3333333333333333,False,True,True,13,1,Lower-value
e88165a185134e13fdfc85d4fa654db8,SP,ferraz de  vasconcelos,2,108.0,2,3.0,2,0.5,0.0,0.5,False,True,True,32,1,Lower-value
9e6229250fedbe05838fef417b74e7fb,SP,mirandopolis,78,13132.2,74,3.891891891891892,74,0.027027027027027,-15.232876712328768,0.1486486486486486,False,True,True,331,3,High-value
5abb8ea023c77787f2c15da891c8d384,SC,joinville,13,2241.0,13,3.923076923076923,13,0.2307692307692307,-7.153846153846154,0.1538461538461538,False,True,True,288,4,Lower-value
1d953075c2f0dd990bacf27b83b330f1,MG,belo horizonte,1,59.0,1,5.0,1,0.0,-24.0,0.0,False,True,True,0,1,Lower-value
817245bcc3badd82bbd222e0366951a6,SP,bauru,45,5580.5,29,4.0,28,0.0344827586206896,-12.392857142857142,0.1034482758620689,False,True,True,244,1,High-value
caa9bc43a9fe8cf9c564ddd8a03cc4a6,SP,jacarei,14,803.87,13,4.666666666666667,12,0.0,-11.692307692307692,0.0,False,True,True,133,1,Lower-value
615005a3ef192c00c6f0e977cee3d2bc,SP,itu,11,286.5,10,3.8,10,0.1,-10.4,0.3,False,True,True,127,1,Lower-value
1284de4ae8aa26997e748c851557cf0e,SP,laranjeiras do sul,3,1459.97,3,2.6666666666666665,3,0.0,-9.0,0.6666666666666666,False,True,True,159,1,Lower-value
5fd924b4836098a5be0ecf81ba054ce0,SP,sao paulo,8,1148.8,7,4.0,7,0.0,-26.571428571428573,0.1428571428571428,False,True,True,42,1,Lower-value
7178f9f4dd81dcef02f62acdf8151e01,SC,videira,216,37070.4,203,4.044554455445544,202,0.0344827586206896,-18.480198019801986,0.1477832512315271,False,True,True,513,14,High-value
8132b9bd16876e1b0f8808d43825dd48,SC,florianopolis,3,727.9,2,3.0,2,0.0,-16.0,0.5,False,True,True,79,1,Lower-value
3f995f07c49d0d55a99d5c54957f7d81,SP,itapecerica da serra,43,3955.7,43,4.209302325581396,43,0.0232558139534883,-12.116279069767442,0.0930232558139534,False,True,True,494,2,High-value
a6bd7d1ccdac48c6b33b28596b7eb122,PB,mamanguape,16,14368.61,16,3.333333333333333,15,0.0625,-16.333333333333332,0.375,False,True,True,389,1,High-value
6650fcccd8cd2f7e55ffa524f30c4c59,SP,sao paulo,3,529.7,3,2.6666666666666665,3,0.0,-12.5,0.6666666666666666,False,True,True,63,1,Lower-value
3db66a856d18a9cba7c9241fc5221c50,MG,ponte nova,97,9478.3,94,4.202127659574468,94,0.1063829787234042,-11.840425531914894,0.1063829787234042,False,True,True,487,5,High-value
8b181ee5518df84f18f4e1a43fe07923,SP,goioere,1,27.9,1,5.0,1,0.0,-22.0,0.0,False,True,True,0,1,Lower-value
10ff823eda2b032e2c93d17a7d294736,SP,pederneiras,9,1294.97,9,3.888888888888889,9,0.0,-14.125,0.2222222222222222,False,True,True,295,2,Lower-value
b4a476fbd28de64b1e347abf9089366a,SP,itapevi,38,5724.04,33,3.84375,32,0.0606060606060606,-11.333333333333334,0.1818181818181818,False,True,True,454,3,High-value
39c763cca83e654764b7a4a650fb9b7c,GO,goiania,11,761.0,11,3.8181818181818175,11,0.1818181818181818,-6.818181818181818,0.2727272727272727,False,True,True,315,2,Lower-value
dadc51ef321949ec9a3ab25cd902e23d,SP,sao paulo,1,85.0,1,1.0,1,0.0,,1.0,True,True,False,0,1,Lower-value
83b08de96980757220871b31bf6cffca,RJ,rio de janeiro,7,1304.17,5,4.0,5,0.2,-3.4,0.2,False,True,True,205,1,Lower-value
14a08204d03bb6b6bde8029f801ae0eb,SP,sao paulo,38,2185.4,28,3.892857142857143,28,0.0,-14.428571428571429,0.1785714285714285,False,True,True,157,6,Lower-value
bee36b4f9a2b9fdcaff6ec05df202ed0,SP,sao paulo,2,33.8,2,3.0,2,0.0,-13.0,0.5,False,True,True,22,1,Lower-value
28872dc528e978a639754bc8c2ce5a4c,RS,caxias do sul,1,1009.9,1,5.0,1,0.0,-31.0,0.0,False,True,True,0,1,Lower-value
c85d7b477a709c85a1e8b8f25aa1b270,SP,sao bernardo do campo,2,75.0,1,1.0,1,0.0,,1.0,True,True,False,0,1,Lower-value
739c7d7be81f63812dea0d1b1451c651,PB,campina grande,2,77.5,2,4.0,2,0.0,-24.0,0.0,False,True,True,18,1,Lower-value
657969cca82e884d272385ec0ef06edd,RS,estancia velha,3,139.70000000000002,3,4.666666666666667,3,0.0,-24.33333333333333,0.0,False,True,True,91,1,Lower-value
455befea1bb853c75ccbca94cff26e5c,RJ,resende,1,19.99,1,3.0,1,0.0,-38.0,0.0,False,True,True,0,1,Lower-value
800214c63934acd05d47e84214db8ba8,SC,jaragua do sul,4,259.6,4,5.0,4,0.0,-15.0,0.0,False,True,True,44,2,Lower-value
5cf1ec37aea089f45110c70653a166ab,SP,sao paulo,3,50.0,3,3.6666666666666665,3,0.0,-9.0,0.3333333333333333,False,True,True,256,0,Lower-value
0a82f5fb06a4fe4ac2cf7cb412ec71b8,SP,sao paulo,2,462.0,2,5.0,2,0.0,-10.0,0.0,False,True,True,55,1,Lower-value
e45edf75f568ed2f93f78d060e246e25,RJ,rio de janeiro,7,164.29999999999998,6,4.166666666666667,6,0.0,-8.166666666666666,0.0,False,True,True,48,1,Lower-value
3d621842b2ed28e2b474132480edac3c,SP,sao paulo,10,928.91,10,3.9,10,0.0,-11.875,0.2,False,True,True,210,1,Lower-value
baf15155e37ef5492731459bdc05be8a,SP,sao paulo,1,47.0,1,5.0,1,0.0,-9.0,0.0,False,True,True,0,1,Lower-value
c0aff2da32c17759d30b22fb0af6649d,SC,florianopolis,5,188.8,4,3.75,4,0.0,-17.0,0.0,False,True,True,72,2,Lower-value
a17f621c590ea0fab3d5d883e1630ec6,SP,sorocaba,80,2778.58,65,4.063492063492063,63,0.0615384615384615,-10.428571428571429,0.1692307692307692,False,True,True,377,2,Lower-value
4deebb3199eeafb282ae33229144f94b,SP,sao paulo,5,779.7,4,4.0,4,0.25,-2.5,0.25,False,True,True,194,1,Lower-value
9d69ba0a7a626a64dc5db08e529559cf,SP,ribeirao preto,1,19.3,1,5.0,1,0.0,-3.0,0.0,False,True,True,0,1,Lower-value
f92d8c817434bd2d84d4e9c61322b7fa,SP,sorocaba,5,174.84,5,4.6,5,0.0,-9.0,0.0,False,True,True,188,1,Lower-value
8ca5b19e0263150d2c57afdde2b3d011,SP,maua,4,180.6,3,4.666666666666667,3,0.0,-10.666666666666666,0.0,False,True,True,27,1,Lower-value
eec3469d83e142f9a104886655338c37,SP,bauru,4,185.7,4,4.5,4,0.0,-18.0,0.0,False,True,True,559,2,Lower-value
55bb6fe5bebe5012e2d7d9928e1128ff,SP,bauru,16,1816.55,15,3.466666666666667,15,0.1333333333333333,-10.8,0.4,False,True,True,190,5,Lower-value
d180e07dc1e58c31c3f0cd599dc4d945,MG,belo horizonte,1,58.8,1,3.0,1,0.0,-16.0,0.0,False,True,True,0,0,Lower-value
d6b1ce66b035a475f00c017792ff9769,SP,salto,108,12277.4,92,4.277777777777778,90,0.0543478260869565,-12.576086956521738,0.0760869565217391,False,True,True,162,3,High-value
3aa3c89ae3cd482385568be76120f63c,GO,goiania,1,29.9,1,4.0,1,0.0,-8.0,0.0,False,True,True,0,1,Lower-value
fe4cd9461203cee790d36792420b310f,MG,caratinga,3,391.15,3,4.0,3,0.0,-10.0,0.0,False,True,True,177,1,Lower-value
c3aad7dc65449ae90a5e9c3c6c1e78e0,SP,auriflama/sp,6,510.0,6,4.666666666666667,6,0.0,-13.833333333333334,0.0,False,True,True,12,1,Lower-value
f5fea3ffed6c2e889bab72705557c63a,RJ,rio de janeiro,3,1059.9,3,3.6666666666666665,3,0.3333333333333333,1.0,0.3333333333333333,False,True,True,54,1,Lower-value
ececbfcff9804a2d6b40f589df8eef2b,SP,franca,104,6792.4,98,4.112244897959184,98,0.0918367346938775,-11.371134020618555,0.1326530612244898,False,True,True,415,3,High-value
a254c682cc01e119f83530446f1df9a9,SP,cafelandia,7,569.4,6,4.0,6,0.1666666666666666,-10.333333333333334,0.1666666666666666,False,True,True,155,1,Lower-value
830379336fad8c6f3b15a4a3ddb5c66e,SP,sao paulo,4,268.0,2,4.5,2,0.0,-14.5,0.0,False,True,True,93,1,Lower-value
7d13fca15225358621be4086e1eb0964,SP,ribeirao preto,578,113628.97,565,4.024955436720143,561,0.1132743362831858,-10.879928315412188,0.1734513274336283,False,True,True,191,7,High-value
1b4c3a6f53068f0b6944d2d005c9fc89,SC,sao ludgero,117,14760.3,113,4.214285714285714,112,0.0442477876106194,-12.756756756756756,0.1061946902654867,False,True,True,524,9,High-value
b92e3c8f9738272ff7c59e111e108d7c,MG,uba,70,8231.09,62,4.161290322580645,62,0.032258064516129,-43.403225806451616,0.1774193548387097,False,True,True,566,4,High-value
b8555308bfdb4ca1ed54325a58da9a97,SP,sao bernardo do campo,28,3047.2000000000003,26,4.0,26,0.0769230769230769,-10.884615384615383,0.1153846153846153,False,True,True,254,1,Lower-value
71593c7413973a1e160057b80d4958f6,SP,sao paulo / sao paulo,5,299.5,2,3.0,2,0.0,-3.5,0.5,False,True,True,12,2,Lower-value
1dc2de47ee26a0a5b12dc14fd6dc0dea,SP,ibitinga,27,1670.3,25,4.56,25,0.04,-8.84,0.04,False,True,True,202,1,Lower-value
6c6e3d67f969468f3bfd33f827a31222,PR,maringa,6,224.0,5,4.8,5,0.0,-11.8,0.0,False,True,True,150,1,Lower-value
66d5ae34537110d3affc56174dad2b2f,SP,sao jose do rio preto,3,33.81,1,1.0,1,0.0,,1.0,True,True,False,0,1,Lower-value
781a66c0d89e30814d49fe8b5e14cd07,SP,campinas,1,115.0,1,1.0,1,1.0,10.0,1.0,True,True,True,0,1,Lower-value
a4bd6e9adf39b63f43dc545d3ca1f53d,RJ,rio de janeiro,5,1848.59,4,4.5,4,0.0,-16.5,0.0,False,True,True,383,2,Lower-value
f88adb15807168d3c43d71021090ce4a,SP,porto ferreira,3,488.8,3,3.333333333333333,3,0.0,-15.0,0.3333333333333333,False,True,True,112,2,Lower-value
fa8d335d68129e464e60c1826a683e96,RS,tres coroas,1,139.9,1,4.0,1,0.0,-11.0,0.0,False,True,True,0,1,Lower-value
f12d3c2a14729ae461b920c11fe20fdc,SP,santo andre,11,364.45,9,4.444444444444445,9,0.0,-11.0,0.0,False,True,True,89,2,Lower-value
4917cee8d902e13428c3ec4b1ca6f315,SC,blumenau,33,5421.9,33,4.15625,32,0.0303030303030303,-9.935483870967742,0.1212121212121212,False,True,True,452,2,High-value
741f8c587cb4248ebc5b779a0e8e0e51,SP,santo andre,5,89.95,5,4.0,5,0.2,-7.8,0.2,False,True,True,30,4,Lower-value
4bcec44888b30ba9001234c534716d3f,SP,santo andre,5,146.0,5,4.6,5,0.0,-9.4,0.0,False,True,True,193,1,Lower-value
a663d9c3797e90eac99ff60939416a56,SP,sao paulo,1,235.0,1,5.0,1,0.0,-7.0,0.0,False,True,True,0,1,Lower-value
dff87e4de60c9736ce8df835951b09bc,SP,sao paulo,2,998.0,2,2.5,2,0.0,,0.5,False,True,False,2,1,Lower-value
ac1ed5fc15901fbc92920361eb4ab350,SP,sao paulo,1,110.25,1,1.0,1,0.0,,1.0,True,True,False,0,1,Lower-value
f9903dd0f812c7e771fcad47b6fff231,SC,blumenau,15,1684.85,10,3.2,10,0.0,-18.1,0.3,False,True,True,278,3,Lower-value
ac9b01377919cdbd2a1bbb8d5837c70b,SP,mogi das cruzes,1,55.9,1,3.0,1,0.0,-30.0,0.0,False,True,True,0,1,Lower-value
5011f0d93373a4c5753adf58ca77af8d,SP,santos,22,1009.42,12,3.8333333333333335,12,0.0833333333333333,-8.181818181818182,0.1666666666666666,False,True,True,271,2,Lower-value
a4e634166243bbb3a13fa584463fa468,SP,osasco,2,155.55,2,2.0,2,0.0,,1.0,True,True,False,61,2,Lower-value
50bf89f1349bc0409a268c3a49678009,SP,jaci,1,179.9,1,5.0,1,0.0,-26.0,0.0,False,True,True,0,1,Lower-value
50c9975695009e5e6473912e83a6d1da,MG,claudio,68,3964.4,50,3.938775510204082,49,0.14,-7.7,0.18,False,True,True,533,1,High-value
42d4b7e70819438f5ada61c965e92d7e,GO,goiania,3,49.6,1,1.0,1,0.0,-2.0,1.0,True,True,True,0,2,Lower-value
7aa4334be125fcdd2ba64b3180029f14,SP,laranjal paulista,240,16234.81,217,4.102325581395349,215,0.1152073732718894,-9.4392523364486,0.1474654377880184,False,True,True,287,4,High-value
b14db04aa7881970e83ffa9426897925,SP,sorocaba,111,5898.6,83,3.7125,80,0.0963855421686747,-10.17948717948718,0.1927710843373494,False,True,True,682,2,High-value
fac1a9017ade7bdc94058fc1c969f355,SP,sao paulo,10,2010.84,9,4.666666666666667,9,0.0,-10.88888888888889,0.0,False,True,True,97,2,Lower-value
31ae0774c17fabd06ff707cc5bde005f,SP,americana,11,6719.85,11,4.0,11,0.0909090909090909,-12.363636363636363,0.1818181818181818,False,True,True,473,3,High-value
f0ec6a2adb05c62655a26dd347b8dede,SP,sao paulo,2,72.0,1,1.0,1,0.0,,1.0,True,True,False,0,1,Lower-value
cc1f04647be106ba74e62b21f358af25,SP,sao paulo,1,11.9,1,1.0,1,0.0,-6.0,1.0,True,True,True,0,1,Lower-value
1099a00e0ee3a50935e6c2447ca090c5,RJ,rio de janeiro,3,849.6999999999999,3,3.6666666666666665,3,0.3333333333333333,-9.666666666666666,0.3333333333333333,False,True,True,53,1,Lower-value
3d700782d7818f2c1e0d7a9e9d75fc00,SP,sertanopolis,3,149.7,3,3.6666666666666665,3,0.3333333333333333,-2.6666666666666665,0.3333333333333333,False,True,True,78,1,Lower-value
a3e9a2c700480d9bb01fba070ba80a0e,SP,ibitinga,144,13440.8,130,3.9921875,128,0.0923076923076923,-10.178294573643411,0.1615384615384615,False,True,True,466,2,High-value
c3f5668699a1b04c0fa61ecea1e2bff6,PR,apucarana,3,407.81,3,5.0,3,0.0,-5.333333333333333,0.0,False,True,True,129,2,Lower-value
80f2cf9abf6b5a0e5c612b5eea6646e6,SP,sao jose do rio preto,7,766.08,7,4.428571428571429,7,0.1428571428571428,-8.833333333333334,0.1428571428571428,False,True,True,107,2,Lower-value
516e7738bd8f735ac19a010ee5450d8d,RJ,rio de janeiro,84,6643.09,76,4.565789473684211,76,0.0263157894736842,-19.08108108108108,0.0394736842105263,False,True,True,105,2,High-value
4fe2f67634d00c021aa01f96b6f2d68e,PR,maringa,2,86.8,2,5.0,2,0.0,-21.0,0.0,False,True,True,5,2,Lower-value
9f505651f4a6abe901a56cdc21508025,SP,sao paulo,430,26361.82,397,4.340101522842639,394,0.0403022670025188,-10.806615776081426,0.1007556675062972,False,True,True,328,7,High-value
17adeba047385fb0c67d8e90b4296d21,SP,guarulhos,3,809.6999999999999,1,1.0,1,0.0,,1.0,True,True,False,0,1,Lower-value
7142540dd4c91e2237acb7e911c4eba2,SP,penapolis,331,37373.56,319,4.028391167192429,317,0.0721003134796238,-13.44620253164557,0.1442006269592476,False,True,True,524,2,High-value
c04d70d515d15a7e3db3a73320598566,RJ,niteroi,4,158.2,3,5.0,3,0.0,-20.666666666666668,0.0,False,True,True,172,1,Lower-value
a3a38f4affed601eb87a97788c949667,SC,joinville,263,26533.32,254,4.386454183266932,251,0.0433070866141732,-14.689243027888446,0.0826771653543307,False,True,True,686,12,High-value
744dac408745240a2c2528fb1b6028f3,PR,colombo,84,22490.6,79,4.569620253164557,79,0.0126582278481012,-16.76923076923077,0.0379746835443038,False,True,True,478,4,High-value
9b013e03b2ab786505a1d3b5c0756754,SP,vicente de carvalho,225,9027.4,174,4.15606936416185,173,0.0402298850574712,-9.864705882352942,0.1379310344827586,False,True,True,312,6,High-value
8b9d6eec4a7eb7d0f9d579ce0b38324d,RJ,mesquita,53,4232.54,49,4.0,49,0.1428571428571428,-10.354166666666666,0.1836734693877551,False,True,True,98,2,High-value
38e679b9e0064cd94c6f035707344dae,PR,londrina,30,3694.51,28,4.0,27,0.0357142857142857,-16.88888888888889,0.1785714285714285,False,True,True,480,2,High-value
5444b12c82f21c923f2639ebc722c1ea,SP,sao pauo,1,169.9,1,4.0,1,0.0,,0.0,False,True,False,0,1,Lower-value
83deb69e889cf80f82be1dc6d5f2d486,SC,florianopolis,42,5363.01,40,4.325,40,0.05,-11.8,0.15,False,True,True,390,1,High-value
54aa8463e87776b5612f4bdc4bd5d4de,MG,belo horizonte,7,649.3,7,3.857142857142857,7,0.0,-23.714285714285715,0.1428571428571428,False,True,True,136,3,Lower-value
2e7ea2aafec5835e781b21d6d1faf1f1,SP,sao paulo,7,528.4,7,4.5,6,0.1428571428571428,-5.285714285714286,0.0,False,True,True,49,1,Lower-value
79ebd9a61bac3eaf882805ed4ecfa12a,PR,cascavel,143,15092.79,136,4.044117647058823,136,0.0441176470588235,-12.300751879699249,0.1397058823529411,False,True,True,311,1,High-value
1cbd50a8c52e6cf8e315c5709fab386f,PR,fazenda rio grande,9,785.97,9,3.7777777777777777,9,0.1111111111111111,-12.555555555555555,0.1111111111111111,False,True,True,177,5,Lower-value
e503f22be6a4f456d9851920a5d9c670,SP,sao paulo,2,198.9,2,4.0,2,0.0,-12.5,0.0,False,True,True,15,1,Lower-value
88af55b4a7ca402b27df16f7c7c9b5d2,SP,taboao da serra,1,130.0,1,1.0,1,0.0,,1.0,True,True,False,0,1,Lower-value
5f3ae9136c875522250f8184f253413a,SP,sao paulo,46,1158.0,43,4.642857142857143,42,0.0465116279069767,-12.404761904761903,0.0232558139534883,False,True,True,218,2,Lower-value
b026643914f651e8371425e5b8a1e780,RJ,rio de janeiro,1,27.9,1,5.0,1,0.0,-15.0,0.0,False,True,True,0,1,Lower-value
26af45f5dfd967225a832838aa4e24a3,PR,curitiba,11,573.1,10,4.1,10,0.0,-14.3,0.2,False,True,True,223,1,Lower-value
9dd459b29a14bf89d47183cf2cd0e4c7,SP,sao paulo,2,180.0,2,5.0,2,0.5,-6.0,0.0,False,True,True,201,1,Lower-value
8e6d7754bc7e0f22c96d255ebda59eba,SP,sao jose dos campos,130,14497.27,85,3.5764705882352943,85,0.1294117647058823,-6.047619047619048,0.2705882352941176,False,True,True,238,1,High-value
e250d617a0ad591ba9bd663e584a895d,SP,guarulhos,20,904.12,8,3.5,8,0.0,-13.125,0.375,False,True,True,175,1,Lower-value
92c8bc6e8f925792247656fed09aad65,SP,sao paulo,3,259.7,3,2.333333333333333,3,0.3333333333333333,-3.5,0.6666666666666666,False,True,True,51,1,Lower-value
e53d5b9b29d1218281f4a907ada18626,PR,toledo,5,350.67,4,4.75,4,0.0,-17.5,0.0,False,True,True,30,1,Lower-value
3ca08eeb8d5595949fed424bd3677742,PR,curitiba,14,1768.87,14,4.428571428571429,14,0.0,-14.384615384615383,0.0714285714285714,False,True,True,241,1,Lower-value
cbd996ad3c1b7dc71fd0e5f5df9087e2,SP,sao jose do rio preto,196,8411.04,165,4.149068322981367,161,0.0787878787878787,-10.89375,0.1272727272727272,False,True,True,558,3,High-value
8daab2245ebdc277c51098d01c5ad8ef,SP,sao paulo,16,1604.59,16,4.625,16,0.0,-17.375,0.0,False,True,True,139,4,Lower-value
15b3b1b81484422eb41df68ac87f1f50,SP,bauru,2,78.35,2,1.0,2,0.0,-5.0,1.0,True,True,True,58,1,Lower-value
e067ad2c1c0b48758eb1b5228bcf7a68,SP,santos,61,5042.55,54,4.148148148148148,54,0.074074074074074,-10.796296296296296,0.1111111111111111,False,True,True,558,1,High-value
f626e15b7314c267e4429010866f70e9,SP,marechal candido rondon,7,193.55,5,3.8,5,0.0,-16.8,0.2,False,True,True,156,3,Lower-value
f1fd5ab1181f827ffad998c1a5de7d74,PR,curitiba,15,7045.99,15,4.666666666666667,15,0.0,-12.866666666666667,0.0,False,True,True,265,2,High-value
a7c88262832dfc683781d6a421edefae,SP,mogi das cruzes,5,1520.0,5,4.2,5,0.0,-12.0,0.0,False,True,True,336,1,Lower-value
6b1c4d4d9ccf0be3d8544eb0e71e5318,RS,porto alegre,1,1699.0,1,5.0,1,0.0,-14.0,0.0,False,True,True,0,1,Lower-value
4e85b538b0dad58852641540686d0e14,SP,sao jose dos campos,4,361.98,4,3.75,4,0.5,-6.0,0.25,False,True,True,333,2,Lower-value
093805f8f2aeb63881444571e1f48f30,SP,osasco,27,1215.79,22,4.181818181818182,22,0.0454545454545454,-10.227272727272728,0.1363636363636363,False,True,True,151,1,Lower-value
5acd070dd3fe441bbb2ec1f1ede515ee,SP,jundiai,8,764.17,7,3.0,7,0.4285714285714285,4.0,0.4285714285714285,False,True,True,92,1,Lower-value
3c010235b7345c92f125d14ee232a76b,PR,mandirituba,15,3578.0,15,4.666666666666667,15,0.0,-9.133333333333333,0.0,False,True,True,43,1,High-value
cb9fb4ca75d7ba8437480e8dde64fe98,SP,sao paulo,10,532.14,10,4.0,10,0.0,-11.7,0.2,False,True,True,125,0,Lower-value
ce33c6211beaa8fef4cae8b52db39862,SP,suzano,1,49.0,1,3.0,1,0.0,-11.0,0.0,False,True,True,0,1,Lower-value
081acf3de680d554796c9cf041be7bc2,MG,vespasiano,8,1597.3,4,3.25,4,0.25,-14.0,0.25,False,True,True,177,2,Lower-value
6989574bd97d9773f10d232b6c07da59,PR,curitiba,7,2478.4,7,4.857142857142857,7,0.0,-12.428571428571429,0.0,False,True,True,489,2,Lower-value
535bf14f36346c7f59d87cece104d70c,RJ,rio de janeiro,1,50.0,1,4.0,1,0.0,0.0,0.0,False,True,True,0,1,Lower-value
8501d82f68d23148b6d78bb7c4a42037,SC,blumenau,1,19.7,1,1.0,1,0.0,,1.0,True,True,False,0,1,Lower-value
7f02656561b680def9986c0795a8a080,SP,sao paulo,2,84.0,2,3.0,2,0.0,-10.0,0.5,False,True,True,34,1,Lower-value
57a834594e1e9e9219603bfec184eadc,RS,santa rosa,1,139.0,1,5.0,1,0.0,-37.0,0.0,False,True,True,0,1,Lower-value
8fd3b4468f6425810648177996c14cbd,SP,sao jose do rio preto,1,354.9,1,5.0,1,0.0,-19.0,0.0,False,True,True,0,1,Lower-value
6d803cb79cc31c41c4c789a75933b3c7,SP,sao joaquim da barra,66,8711.4,58,4.241379310344827,58,0.0689655172413793,-13.827586206896552,0.0862068965517241,False,True,True,316,1,High-value
5f2684dab12e59f83bef73ae57724e45,SP,sao paulo,74,9000.87,68,3.808823529411765,68,0.0588235294117647,-11.07462686567164,0.2352941176470588,False,True,True,693,5,High-value
713e3a23ca5e47786eb6f0d99f94cfac,PR,curitiba,4,1126.0,4,4.75,4,0.0,-20.0,0.0,False,True,True,117,1,Lower-value
f97e2b0650c2068227e1d366140eb62f,SP,santo antonio de posse,21,3654.0,16,4.0,15,0.0625,-19.375,0.1875,False,True,True,430,2,High-value
8b321bb669392f5163d04c59e235e066,SP,sao paulo,1018,17535.69,943,4.07454739084132,939,0.0858960763520678,-9.948387096774194,0.1495227995758218,False,True,True,298,11,High-value
32f83ffe11cd40f7adcf4eef171f52d9,RS,uruguaiana,1,29.99,1,5.0,1,0.0,-15.0,0.0,False,True,True,0,1,Lower-value
76d64c4aca3a7baf218bf93ef7fa768d,PR,curitiba,69,16911.8,64,4.234375,64,0.03125,-15.109375,0.140625,False,True,True,458,5,High-value
d06d019f72a04e5497a0b64190af170c,SP,cotia,17,2415.93,17,4.529411764705882,17,0.0,-12.529411764705882,0.0588235294117647,False,True,True,146,1,Lower-value
ec80e49e69745ab6c14f984bf2149423,SP,limeira,12,3709.0,12,4.0,11,0.0833333333333333,-10.416666666666666,0.0833333333333333,False,True,True,199,1,High-value
f8f35af4634605e6693c17cc3ffff5a8,MG,campanha,1,90.0,1,5.0,1,0.0,-14.0,0.0,False,True,True,0,1,Lower-value
004c9cd9d87a3c30c522c48c4fc07416,SP,ibitinga,170,19712.71,158,4.148387096774194,155,0.0632911392405063,-11.724358974358974,0.1265822784810126,False,True,True,461,1,High-value
3bdff180c7e1f6551a643b99c265a120,SP,sao paulo,61,3114.9,59,4.086206896551724,58,0.0169491525423728,-12.785714285714286,0.135593220338983,False,True,True,439,1,Lower-value
6b89abe95848c850399130d149a39b63,GO,piracanjuba,8,1135.2,8,4.375,8,0.0,-13.625,0.125,False,True,True,56,0,Lower-value
aced59e9b31ef866a94f9e7f29d8d418,SP,sao paulo,67,7268.5,61,4.426229508196721,61,0.0327868852459016,-11.442622950819672,0.0655737704918032,False,True,True,558,3,High-value
b4f8921fcc4ff77b66bea6dda43dcd51,RS,caxias do sul,20,11395.05,18,4.555555555555555,18,0.0555555555555555,-16.72222222222222,0.1111111111111111,False,True,True,94,1,High-value
d2572f31e9023e9850ef986a636ff9bf,MG,belo horizonte,1,279.0,1,5.0,1,0.0,-21.0,0.0,False,True,True,0,1,Lower-value
c731d18cea9bf687ffee82a241c25b11,SC,concordia,26,3662.0,24,4.217391304347826,23,0.0,-16.541666666666668,0.1666666666666666,False,True,True,550,5,High-value
3dc69bf2c42f0568a5c4791ec3fd3745,SP,sao paulo,2,300.0,2,4.0,2,0.0,-1.0,0.0,False,True,True,94,1,Lower-value
d8d9567d0bfb0bc7eb845a205ba42657,SP,sao paulo,4,74.6,4,3.5,4,0.25,-3.25,0.25,False,True,True,146,2,Lower-value
0daf5180aa44356f60f8effa533b55a2,GO,goiania,2,144.8,2,5.0,2,0.0,-5.0,0.0,False,True,True,21,1,Lower-value
5194c22ed1f616ec0c0f33c571542879,MG,santa rita do sapucai,4,245.6,4,4.25,4,0.0,-11.25,0.0,False,True,True,45,3,Lower-value
fe8055980a4ff7f64ed889c2b5926929,PR,curitiba,3,196.7,3,4.666666666666667,3,0.0,-15.333333333333334,0.0,False,True,True,44,2,Lower-value
c42fd8e4d47dfb18ce5222f2dd7752f9,SP,osasco,11,466.99,7,3.8,5,0.2857142857142857,0.4285714285714285,0.1428571428571428,False,True,True,97,2,Lower-value
671585f5a2af58b6e276bc01003c0d2b,PR,curitiba,27,1244.0,27,4.703703703703703,27,0.0,-13.962962962962964,0.037037037037037,False,True,True,29,1,Lower-value
2dd1fb6f0e42a2243b8a01e40cd41216,PR,curitiba,5,845.89,4,3.0,4,0.0,-15.666666666666666,0.5,False,True,True,61,1,Lower-value
a7c53f6b3b61adbdaa99dda97e8cbd56,SP,barretos,1,99.0,1,4.0,1,0.0,-10.0,0.0,False,True,True,0,1,Lower-value
a11a0e0ca67423425691db355cff69b0,SP,indaiatuba,2,448.9,2,5.0,2,0.0,-6.0,0.0,False,True,True,10,1,Lower-value
5bffbafbb22daf6d3bfc216a46db8708,RJ,nilopolis,23,5239.7,21,4.761904761904762,21,0.0,-16.666666666666668,0.0,False,True,True,120,3,High-value
fc0b214b59a83615fea981c6424a02ae,SP,maua,1,159.9,1,5.0,1,0.0,-6.0,0.0,False,True,True,0,1,Lower-value
011b0eaba87386a2ae96a7d32bb531d1,SP,pompeia,2,99.98,1,4.0,1,0.0,-30.0,0.0,False,True,True,0,1,Lower-value
43753b27d77860f1654aa72e251a7878,BA,barro alto,1,23.9,1,5.0,1,0.0,-1.0,0.0,False,True,True,0,1,Lower-value
822b63912576852aea9a8436d72317b7,SP,mogi guacu,9,4905.6900000000005,8,3.875,8,0.0,-25.666666666666668,0.25,False,True,True,111,1,High-value
a3fa18b3f688ec0fca3eb8bfcbd2d5b3,SP,são paulo,2,47.8,1,5.0,1,0.0,-3.0,0.0,False,True,True,0,1,Lower-value
5587130f9850696ed7fafbc91c2cee44,SP,sao paulo,2,69.8,2,5.0,2,0.0,-10.5,0.0,False,True,True,24,1,Lower-value
9c1c0c36cd23c20897e473901a8fb149,SP,praia grande,7,544.97,6,5.0,6,0.0,-8.833333333333334,0.0,False,True,True,97,1,Lower-value
34a557286ead8fe75c989e0afcf7d98c,SP,franca,4,414.9,4,4.75,4,0.0,-11.25,0.0,False,True,True,95,1,Lower-value
c716e0b86ed568878475b60fbb6323ad,SP,rio de janeiro,1,35.0,1,5.0,1,0.0,-9.0,0.0,False,True,True,0,1,Lower-value
455c5640e8c5bd1b2ee85c0158f85727,SC,luiz alves,8,6729.5,8,4.5,8,0.0,-22.875,0.0,False,True,True,88,4,High-value
87d30a6a0cbf89356e49324971ab1d24,SP,sao paulo,17,2134.13,17,4.352941176470588,17,0.0588235294117647,-10.764705882352942,0.1176470588235294,False,True,True,181,1,Lower-value
217f005bb37ff3aeef5b2ae1788e75ba,SP,osasco,3,74.97,3,3.333333333333333,3,0.0,-9.5,0.3333333333333333,False,True,True,52,1,Lower-value
cac4e0bc1a3269fa2b6ea5e763f6115b,SC,brusque,3,57.88,2,5.0,2,0.0,-12.0,0.0,False,True,True,120,1,Lower-value
8ec76bb0965af3f007692b26fa9d6623,SC,criciuma,1,1999.0,1,5.0,1,0.0,-13.0,0.0,False,True,True,0,1,Lower-value
aba1721a889e04decc910aa13b768ef4,SP,sao paulo,92,14103.3,83,4.445783132530121,83,0.072289156626506,-11.626506024096386,0.0963855421686747,False,True,True,558,4,High-value
7238f877570096ae403c51898fa64566,SP,santana de parnaiba,3,1200.0,3,5.0,3,0.0,-16.0,0.0,False,True,True,47,1,Lower-value
044668ccd5316b12a7cf0d54a156e3e9,SP,osasco,4,137.8,3,5.0,3,0.0,-30.666666666666668,0.0,False,True,True,12,1,Lower-value
643c01d7c56a724bec0454f4780e8a3e,SC,joinville,2,205.55,2,4.5,2,0.0,-19.5,0.0,False,True,True,40,1,Lower-value
cab85505710c7cb9b720bceb52b01cee,SP,sao paulo,209,11389.1,206,4.282926829268293,205,0.0194174757281553,-15.71641791044776,0.0776699029126213,False,True,True,689,1,High-value
312ba1d77e9c332ef21f9598b7f64cd7,SP,guarulhos,10,756.0,9,2.7777777777777777,9,0.4444444444444444,4.714285714285714,0.5555555555555556,False,True,True,174,2,Lower-value
8c3b533c63cca56240f94f1e3a6b18ef,MG,belo horizonte,8,3312.16,5,1.5,4,0.4,9.0,0.6,True,True,True,182,2,High-value
1fdc574883ef3b33ad41562d93f3a74a,SP,limeira,18,4251.0,18,4.444444444444445,18,0.0555555555555555,-11.5,0.0,False,True,True,236,1,High-value
9a03a4e9eb0b947652fae4f6121a3f5e,SP,catanduva,7,1497.0,7,3.857142857142857,7,0.0,-14.571428571428571,0.1428571428571428,False,True,True,216,2,Lower-value
33cbda8716511e27e556dff9d8418bf2,SC,blumenau,6,507.4,5,4.8,5,0.0,-19.4,0.0,False,True,True,431,3,Lower-value
6cd68b3ed6d59aaa9fece558ad360c0a,MG,belo horizonte,157,11188.57,149,4.456375838926174,149,0.0134228187919463,-14.187919463087248,0.0335570469798657,False,True,True,452,4,High-value
3df020b72d3d44b3af9d110fa3940b65,SP,jales,101,5039.9,55,4.054545454545455,55,0.0909090909090909,-11.21818181818182,0.1454545454545454,False,True,True,401,1,High-value
537eb890efff034a88679788b647c564,RJ,rio de janeiro,173,4679.7,160,4.21875,160,0.0375,-12.018987341772153,0.09375,False,True,True,407,10,High-value
89de2d6f23e9746ff309705b23581faa,PR,londrina,8,340.0,8,2.7142857142857144,7,0.0,-16.875,0.5,False,True,True,17,1,Lower-value
c611f4ce9ce875bcc063fa97fd4d7d12,SP,atibaia,1,319.0,1,4.0,1,1.0,1.0,0.0,False,True,True,0,1,Lower-value
4be2e7f96b4fd749d52dff41f80e39dd,AC,rio branco,1,267.0,1,1.0,1,0.0,,1.0,True,True,False,0,1,Lower-value
3bfba5a77604f6dfae7e6dd7aaf65821,PR,londrina,4,2095.5,4,5.0,4,0.0,-8.75,0.0,False,True,True,12,1,Lower-value
48fb026ed7455a42f5d3e9390ed5088e,RJ,barra mansa,11,555.71,11,2.636363636363636,11,0.0,-15.11111111111111,0.5454545454545454,False,True,True,193,1,Lower-value
0d33a55da925bbf1ff02af5f6059fc7f,SP,sao paulo,24,547.3,22,4.454545454545454,22,0.0454545454545454,-11.590909090909092,0.0909090909090909,False,True,True,264,4,Lower-value
cea729054f157f5870bdd321a958d994,SP,sao paulo,26,2482.1,24,4.125,24,0.0416666666666666,-9.375,0.125,False,True,True,139,2,Lower-value
955fee9216a65b617aa5c0531780ce60,SP,sao paulo,1499,135171.7,1287,4.157400156617071,1277,0.0598290598290598,-10.222839016653449,0.1134421134421134,False,True,True,400,23,High-value
0f0c984a4a955310903b6b6008660bad,SP,franca,4,369.81,4,3.75,4,0.0,-10.0,0.25,False,True,True,32,2,Lower-value
f805b96fa705ba7995a221f1749dc141,PR,maringa,7,2744.44,7,4.428571428571429,7,0.0,-13.285714285714286,0.0,False,True,True,259,1,Lower-value
751bdc4d83a466c7206cd42e8f426b03,SP,ribeirao pires,71,6648.93,54,3.807692307692308,52,0.0185185185185185,-11.745098039215684,0.2407407407407407,False,True,True,434,3,High-value
2f4b0d3b9634b647d4edee577d7ebb7e,SP,sao paulo,11,337.9,10,4.9,10,0.0,-8.5,0.0,False,True,True,42,1,Lower-value
ba5daa4041e1f15cdf34b76e3e18a450,SP,sao paulo,15,806.8000000000001,15,4.266666666666667,15,0.0,-10.933333333333334,0.1333333333333333,False,True,True,197,1,Lower-value
6e386f64c84e482f0b9abf960797ee1b,SP,sao paulo,30,12938.3,30,4.607142857142857,28,0.0666666666666666,-9.586206896551724,0.0333333333333333,False,True,True,144,1,High-value
83c465a786b06574376909b35ef6752a,SP,sao carlos,3,281.4,3,5.0,3,0.0,-21.666666666666668,0.0,False,True,True,51,1,Lower-value
d93b8458c6fe139d85cfa5eadbf55bd2,SP,sao paulo,1,19.9,1,5.0,1,0.0,-19.0,0.0,False,True,True,0,1,Lower-value
71592660bbcb6a4664e97b6f8b68babc,SP,sao jose do rio preto,7,2027.18,6,4.333333333333333,6,0.0,-10.333333333333334,0.0,False,True,True,165,4,Lower-value
6a53b90c3ad9e0b56d9fe5c69165fff5,PR,curitiba,4,139.78,2,3.5,2,0.0,-7.0,0.0,False,True,True,78,2,Lower-value
38f276ca6e7cc95a6d1bb55ac9e5550f,SP,marilia,1,24.99,1,5.0,1,0.0,-14.0,0.0,False,True,True,0,0,Lower-value
eae9af4811c294c56795d70e715b7337,SP,sao paulo,1,15.9,1,5.0,1,0.0,-8.0,0.0,False,True,True,0,0,Lower-value
039b29ff3b3473435d0cd59040575de9,SP,ribeirao pires,9,114.9,9,4.444444444444445,9,0.0,-10.77777777777778,0.0,False,True,True,119,2,Lower-value
ac51cac5e20d69ff485a54746488ef48,SP,ribeirao preto,4,759.9,4,3.5,4,0.0,-10.333333333333334,0.25,False,True,True,15,1,Lower-value
4221a7df464f1fe2955934e30ff3a5a1,BA,bahia,5,849.5,5,4.8,5,0.0,-16.6,0.0,False,True,True,46,1,Lower-value
48e954b2da4f6a750c844173b347ed40,RS,porto alegre,6,397.8,2,4.5,2,0.0,-28.0,0.0,False,True,True,27,1,Lower-value
fc4751cfe3b279c419615b9b00c1abb4,PR,londrina,1,453.7,1,5.0,1,0.0,-28.0,0.0,False,True,True,0,1,Lower-value
e1a210d482714ce337763a19aef94ba4,PR,cascavel,1,49.9,1,1.0,1,0.0,,1.0,True,True,False,0,1,Lower-value
085f6f7e049c996695fb2074fe38d45e,SP,taubate,8,305.4,6,4.0,6,0.0,-13.833333333333334,0.1666666666666666,False,True,True,65,4,Lower-value
34675b28b826facfde119785bf287dc1,PR,cascavael,1,21.99,1,4.0,1,0.0,-16.0,0.0,False,True,True,0,1,Lower-value
7d7866a99a8656a42c7ff6352a433410,SP,sao paulo,5,147.89,5,4.4,5,0.0,-8.2,0.0,False,True,True,56,3,Lower-value
5a93f3ab0ef4c84ed5e1b5dbf23978bc,SP,monteiro lobato,44,2338.25,39,4.6923076923076925,39,0.0256410256410256,-18.789473684210527,0.0512820512820512,False,True,True,298,2,Lower-value
64cc804291f90c81f02bfc2bb58ff55a,PR,curitiba,2,517.6,2,5.0,2,0.0,-8.5,0.0,False,True,True,94,1,Lower-value
5f57db27027655e6c6a391601daa0258,ES,viana,1,98.0,1,5.0,1,0.0,-8.0,0.0,False,True,True,0,1,Lower-value
e1b12447a7563944843191754aeb5562,SP,guarulhos,10,472.46,9,4.444444444444445,9,0.2222222222222222,-8.0,0.1111111111111111,False,True,True,114,4,Lower-value
2f3d8b4c9e2ee165075331fea3f3095a,SC,sao jose,1,130.0,1,5.0,1,0.0,-15.0,0.0,False,True,True,0,0,Lower-value
1fe5540d7c1c37a595fefbacd5570d9e,RJ,paraiba do sul,25,4537.6,20,4.3,20,0.05,-13.4,0.05,False,True,True,13,1,High-value
d3f39f05462b79a4562d35893a28f159,SP,mococa,38,2411.3,34,3.647058823529412,34,0.1176470588235294,-12.363636363636363,0.3235294117647059,False,True,True,360,2,Lower-value
528ce32f560edd11add4169f6a5b65be,SP,sao roque,2,59.8,2,5.0,2,0.0,-11.5,0.0,False,True,True,78,1,Lower-value
b86a47b3366e3b5424a7b225781f4908,MG,passos,1,86.5,1,3.0,1,0.0,-14.0,0.0,False,True,True,0,0,Lower-value
0176f73cc1195f367f7b32db1e5b3aa8,SP,ibitinga,39,4733.1,38,4.078947368421052,38,0.1052631578947368,-8.945945945945946,0.1578947368421052,False,True,True,270,1,High-value
01cf7e3d21494c41fb86034f2e714fa1,PR,francisco beltrao,67,9729.36,61,4.15,60,0.0491803278688524,-15.152542372881356,0.1147540983606557,False,True,True,507,8,High-value
ceaec5548eefc6e23e6607c5435102e7,SP,sao paulo,211,52917.18,203,4.1457286432160805,199,0.0492610837438423,-15.141414141414142,0.1231527093596059,False,True,True,208,7,High-value
c8771b1a10bb99bb34d3c459c5cffb53,SP,tocantins,1,64.9,1,5.0,1,0.0,-16.0,0.0,False,True,True,0,1,Lower-value
2d42ebcda99fd55f6f4bc2f1ca035d50,GO,uruacu,11,921.5,10,4.3,10,0.0,-13.9,0.1,False,True,True,44,2,Lower-value
e9bc59e7b60fc3063eb2290deda4cced,PR,maringa,269,34343.06,216,3.990740740740741,216,0.074074074074074,-14.44976076555024,0.1666666666666666,False,True,True,527,2,High-value
13d95f0f6f73943d4ceffad0fc2cd32c,GO,goiania,1,249.99,1,3.0,1,1.0,2.0,0.0,False,True,True,0,1,Lower-value
6f229cc508fc6915ed5c499efd93baa4,RJ,rio de janeiro,14,2654.8,13,4.384615384615385,13,0.1538461538461538,-8.923076923076923,0.1538461538461538,False,True,True,365,1,Lower-value
83f2b4881141ce3fcd4e985125d3279e,SP,ribeirao preto,3,60.7,3,5.0,3,0.0,-3.333333333333333,0.0,False,True,True,53,1,Lower-value
c8c1bea22194a4eefa2dc9a9fa89f536,SC,porto belo,13,1266.0,7,5.0,7,0.0,-25.571428571428573,0.0,False,True,True,59,1,Lower-value
b0b346d3a89f5eb4c2968af3f083cd43,SP,campinas,12,614.0,11,3.272727272727273,11,0.2727272727272727,2.4444444444444446,0.3636363636363636,False,True,True,261,2,Lower-value
a0415d9b25ede3c4b1e477e9916ffc03,RJ,nova iguacu,10,4044.1,10,3.9,10,0.0,-17.555555555555557,0.2,False,True,True,275,2,High-value
3dfd3dc96f7f8598eca74e9ac8a2fa31,SP,sao paulo,6,183.0,6,4.0,6,0.1666666666666666,-10.166666666666666,0.1666666666666666,False,True,True,215,4,Lower-value
e5545d4d4473876ea78c5bcebca365c3,SP,marilia,1,44.5,1,5.0,1,0.0,-16.0,0.0,False,True,True,0,1,Lower-value
fa1a9dec3a9940c072684a46728bf1fc,SC,icara,60,6674.0,55,4.111111111111111,54,0.0,-15.472727272727273,0.1272727272727272,False,True,True,685,1,High-value
6ddc28b61be28373b4503a1f61cf98a9,SP,sao paulo,11,1732.9,11,4.181818181818182,11,0.0909090909090909,-7.909090909090909,0.0909090909090909,False,True,True,62,2,Lower-value
c5ebe6598748b0aeaa61cfb820478b92,RS,lajeado,3,297.0,3,4.666666666666667,3,0.0,-19.0,0.0,False,True,True,54,1,Lower-value
5670f4db5b62c43d542e1b2d56b0cf7c,SP,sao paulo,22,6630.09,22,4.409090909090909,22,0.0454545454545454,-14.136363636363637,0.0909090909090909,False,True,True,115,1,High-value
e1c76f339ebd5460999f25a2aa8c92c5,SP,sao paulo,1,899.9,1,5.0,1,0.0,-15.0,0.0,False,True,True,0,1,Lower-value
cb8bcce248bb1fb274ba762d8b971456,MG,santa rita do sapucai,69,9402.2,68,4.25,68,0.0147058823529411,-11.969696969696969,0.0735294117647058,False,True,True,569,3,High-value
6524b847b982cd56bb5d4b02b776ee42,SP,campinas,2,779.8,1,4.0,1,1.0,16.0,0.0,False,True,True,0,1,Lower-value
610f72e407cdd7caaa2f8167b0163fd8,SP,sao paulo,17,13585.16,16,3.625,16,0.125,-9.5,0.3125,False,True,True,144,1,High-value
b6d44737c043328708f6749c2dbe50bd,SP,santo andre,80,5369.6,62,4.467741935483871,62,0.064516129032258,-13.9672131147541,0.0967741935483871,False,True,True,510,1,High-value
972d0f9cf61b499a4812cf0bfa3ad3c4,SC,brusque,88,8089.29,83,3.0253164556962027,79,0.108433734939759,-9.765432098765432,0.3975903614457831,False,True,True,303,1,High-value
8c91bfea4263b8fba54081460693e2a1,RS,horizontina,2,739.0,2,5.0,1,0.0,-18.0,0.0,False,True,True,14,1,Lower-value
38af8acfd46ac4a7bf754e8ca6736664,SP,sao paulo,5,345.0,5,4.8,5,0.0,-14.2,0.0,False,True,True,78,1,Lower-value
d90fe2229fee1a5da999ccd0c06c1667,SP,sao paulo,3,450.0,3,4.666666666666667,3,0.0,-15.333333333333334,0.0,False,True,True,17,1,Lower-value
75fdd0a732287f9497b179f6bd445d32,SP,maua,1,59.9,1,5.0,1,0.0,-18.0,0.0,False,True,True,0,0,Lower-value
5b2e94f2c22b39ccc24d34ad0f669672,SP,sao paulo,10,949.78,10,4.9,10,0.1,-12.8,0.0,False,True,True,97,1,Lower-value
9ac75591b69c3402684b6ce0310f22ee,SP,sao paulo,1,60.5,1,5.0,1,0.0,0.0,0.0,False,True,True,0,1,Lower-value
e5bd51692380fd8cabb19b756b95e714,SP,santo andre,3,119.7,3,2.333333333333333,3,0.6666666666666666,5.5,0.6666666666666666,False,True,True,135,0,Lower-value
cfb1a033743668a192316f3c6d1d2671,SP,votorantim,184,12803.64,147,3.9794520547945207,146,0.0952380952380952,-11.237762237762238,0.1768707482993197,False,True,True,555,1,High-value
adcf50477d6a1f5d91bb9d54c4903cb5,MG,claudio,38,1425.14,19,3.263157894736842,19,0.1578947368421052,-13.375,0.3157894736842105,False,True,True,505,4,Lower-value
8476243f92442881ddd5b578975cf115,RS,campo bom,12,7838.0,12,4.083333333333333,12,0.0833333333333333,-7.583333333333333,0.1666666666666666,False,True,True,153,3,High-value
f2336e113377dd21c744d9c4fc8293a9,SP,sao paulo,4,3563.0,4,4.25,4,0.0,-15.0,0.0,False,True,True,204,2,High-value
f25e239052084705e17a982bc600ab2a,SP,sao paulo,8,7380.0,8,4.25,8,0.0,-12.25,0.125,False,True,True,515,4,High-value
714b9a1332840f257b49f476bea4e341,SP,monte alto,6,1499.94,6,3.333333333333333,6,0.3333333333333333,4.166666666666667,0.5,False,True,True,75,1,Lower-value
89d9a386b0b6e5fc8403071b03f7206a,SP,sao paulo,5,167.0,2,4.0,2,0.0,-18.5,0.0,False,True,True,2,0,Lower-value
bd15ee794d5e640d9dd71b665b2ab15b,SP,ribeirao preto,12,374.8,12,4.0,12,0.1666666666666666,-14.25,0.1666666666666666,False,True,True,145,2,Lower-value
f326006815956455b2859abd58fe7e39,SP,fernandopolis,30,3147.16,9,4.666666666666667,9,0.0,-12.555555555555555,0.0,False,True,True,266,3,Lower-value
bac692d6c0ed08467878018e6cc9c26c,SC,blumenau,3,477.0,1,4.0,1,0.0,-17.0,0.0,False,True,True,0,1,Lower-value
6a51fc556dab5f766ced6fbc860bc613,SP,marilia,33,7577.67,26,3.769230769230769,26,0.0769230769230769,-12.458333333333334,0.2307692307692307,False,True,True,499,5,High-value
a90a5da8b09e44264a177c0374a5ac87,PR,ponta grossa,3,74.69999999999999,3,4.333333333333333,3,0.0,-17.0,0.0,False,True,True,15,1,Lower-value
ea6b12bf9ffe2bac34602ec631d97a47,SP,guarulhos,11,2625.8,11,4.090909090909091,11,0.0,-17.666666666666668,0.1818181818181818,False,True,True,236,3,Lower-value
dc64d75cc406bb0697be983831430e60,MG,belo horizonte,4,813.0,4,4.75,4,0.0,-13.5,0.0,False,True,True,85,1,Lower-value
fa7ad8ae9bcb2c4493fdf38e96b1d74f,SP,pedreira,2,88.0,1,1.0,1,0.0,,1.0,True,True,False,0,1,Lower-value
d1ef48b38baca7e831711c4a0aeb398f,PR,apucarana,35,1469.12,29,4.448275862068965,29,0.0689655172413793,-15.642857142857142,0.0344827586206896,False,True,True,152,6,Lower-value
67e43d802fde8cfd3f9580124f8167d1,SP,guarulhos,3,36.0,2,1.0,2,0.0,,1.0,True,True,False,17,1,Lower-value
f18112da765e0971ca5d510dec322bdd,SC,brusque,2,327.8,2,4.0,2,0.0,-7.5,0.0,False,True,True,0,0,Lower-value
259f7b5e6e482c230e5bfaa670b6bb8f,SP,poa,165,8526.04,138,4.299270072992701,137,0.0144927536231884,-13.455882352941176,0.1159420289855072,False,True,True,521,2,High-value
dd7ddc04e1b6c2c614352b383efe2d36,SP,sao paulo,143,9178.51,122,3.851239669421488,121,0.1229508196721311,-7.826446280991735,0.1885245901639344,False,True,True,455,1,High-value
f457c46070d02cadd8a68551231220dd,PR,maringa,234,19093.0,199,3.8375634517766497,197,0.0552763819095477,-12.184615384615384,0.2110552763819095,False,True,True,188,1,High-value
5962468f885ea01a1b6a97a218797b0a,PR,curitiba,9,791.0,8,4.142857142857143,7,0.0,-14.166666666666666,0.125,False,True,True,177,1,Lower-value
1f50f920176fa81dab994f9023523100,SP,sao jose do rio preto,1931,106939.21,1404,4.132952108649035,1399,0.0883190883190883,-10.366690493209436,0.141025641025641,False,True,True,508,3,High-value
2b1a40c1daabc6ca280c4b815c101841,MG,divinopolis,35,12732.6,23,3.695652173913044,23,0.0434782608695652,-14.227272727272728,0.217391304347826,False,True,True,615,1,High-value
26b482dccfa29bd2e40703ba45523702,SP,santa barbara d´oeste,4,344.78,3,5.0,3,0.0,-7.0,0.0,False,True,True,19,2,Lower-value
f356c348fbc8df6a882823e21f5ce8b7,RS,canoas,2,195.18,2,2.5,2,0.0,-24.0,0.5,False,True,True,2,1,Lower-value
2ba91c7ad80ff88b23b7db823b43c233,SP,itu,6,740.4,6,3.8333333333333335,6,0.1666666666666666,-3.0,0.1666666666666666,False,True,True,130,2,Lower-value
3d0cd21d41671c46f82cd11176bf7277,SC,joinville,11,447.8,9,4.666666666666667,9,0.0,-13.11111111111111,0.0,False,True,True,362,4,Lower-value
d93919c944be9cff128f6c9cb899eacb,SP,mombuca,33,2666.7000000000003,33,4.0,33,0.1515151515151515,-8.06060606060606,0.1818181818181818,False,True,True,236,2,Lower-value
f7ba60f8c3f99e7ee4042fdef03b70c4,SP,sao bernardo do campo,230,68395.0,219,4.205479452054795,219,0.136986301369863,-9.05045871559633,0.1095890410958904,False,True,True,391,2,High-value
0ee4fb99ac55ffbbc98795aa01b7f8fa,SP,santana de parnaiba,1,59.9,1,5.0,1,0.0,-15.0,0.0,False,True,True,0,1,Lower-value
c5f7e746b7e6d07def6c0dae9903279b,PR,curitiba,11,1429.0,10,4.4,10,0.0,-17.6,0.0,False,True,True,129,1,Lower-value
2d20f1cd18725c91147da0791d498022,PR,londrina,1,99.8,1,5.0,1,0.0,-8.0,0.0,False,True,True,0,1,Lower-value
002100f778ceb8431b7a1020ff7ab48f,SP,franca,55,1234.5,51,3.901960784313725,51,0.1764705882352941,-8.18,0.1568627450980392,False,True,True,210,1,Lower-value
70f84699be677ec988d1fa824aef7d90,MG,sete lagoas,5,1588.3,5,4.6,5,0.0,-10.4,0.0,False,True,True,463,1,Lower-value
5bc24d989e71e93c33e50a7782431b0e,MG,campo do meio,17,3148.0,17,4.352941176470588,17,0.0,-16.529411764705884,0.1176470588235294,False,True,True,111,1,Lower-value
36f98ad67cc981f50ce8aed093d5783c,PR,toledo,2,119.4,2,4.0,2,0.0,-13.5,0.0,False,True,True,7,1,Lower-value
70ee69419916dc13e3aed619061f996c,SP,mogi das cruzes,1,45.0,1,3.0,1,0.0,-4.0,0.0,False,True,True,0,1,Lower-value
6eb94e1466490d327a09abf8f3552a50,SP,jundiai,10,1511.95,10,4.444444444444445,9,0.0,-10.444444444444445,0.1,False,True,True,121,2,Lower-value
8ff1a9df749e454105c55cda13e79143,SP,marilia,14,1400.6,13,3.727272727272727,11,0.0,-10.076923076923077,0.2307692307692307,False,True,True,227,5,Lower-value
c4fabeea6e569d42d02993bb1f4f1cbc,CE,fortaleza,11,859.3000000000001,11,4.0,11,0.0909090909090909,-5.2727272727272725,0.1818181818181818,False,True,True,207,2,Lower-value
5236605f4d4b0b3e4df85b850393fca0,SP,sao paulo,5,265.3,5,4.8,5,0.2,-6.0,0.0,False,True,True,360,1,Lower-value
45c20d94d9171b0bcfab3c955e47d67b,SP,cordeiropolis,4,129.45999999999998,4,4.5,4,0.0,-10.5,0.0,False,True,True,117,3,Lower-value
5bc237df65098fe211bb4818f4d26d78,MG,uberlandia,2,126.8,2,4.5,2,0.0,-32.5,0.0,False,True,True,218,1,Lower-value
6a38087bc8ad4f89ff453561005f6dea,GO,anapolis,22,1833.43,15,4.6,15,0.0,-12.8,0.0,False,True,True,91,2,Lower-value
4e5725ba188db8252977a4f0227bd462,SP,ribeirao preto,25,1930.59,22,3.409090909090909,22,0.2272727272727272,-1.9523809523809523,0.3636363636363636,False,True,True,94,2,Lower-value
e4f121bf6ef8b9a1d4d3e65dd0473fab,SP,sao jose do rio preto,2,70.0,2,3.0,2,0.5,-2.5,0.5,False,True,True,35,2,Lower-value
eebb3372362aa9a46975164bed19a7e7,SP,sao paulo,8,591.92,7,2.5,6,0.2857142857142857,27.0,0.4285714285714285,False,True,True,56,1,Lower-value
2ec6e37d992a95eaddb3369dcbcc76d9,RS,porto alegre,2,159.8,2,1.5,2,0.0,-19.0,1.0,True,True,True,49,1,Lower-value
f84a00e60c73a49e7e851c9bdca3a5bb,RJ,rio de janeiro,99,5949.9400000000005,90,3.8333333333333335,90,0.1,-10.443181818181818,0.2111111111111111,False,True,True,519,2,High-value
e5a38146df062edaf55c38afa99e42dc,SP,sao paulo,125,15360.07,121,3.9583333333333335,120,0.0743801652892562,-10.591666666666669,0.1735537190082644,False,True,True,682,9,High-value
80cfd480be3eb6d6267139f5cb793555,SP,sao paulo,1,99.9,1,4.0,1,0.0,-27.0,0.0,False,True,True,0,1,Lower-value
62c50c1af4dfdc4149d25c5222043d39,SP,sao paulo,19,2785.7200000000003,14,3.7142857142857135,14,0.0,-17.833333333333332,0.2857142857142857,False,True,True,351,5,Lower-value
4de6e4ba574aa9dfdc824bc44dc47fdd,PR,colombo,14,451.1,14,4.071428571428571,14,0.0714285714285714,-18.357142857142858,0.2142857142857142,False,True,True,177,2,Lower-value
6548c2550b6e2d8f18053216e1c7b6f3,SP,diadema,5,217.7,3,5.0,3,0.0,-8.0,0.0,False,True,True,57,1,Lower-value
f45122a9ab94eb4f3f8953578bc0c560,SP,piracicaba,200,22078.29,187,3.957219251336898,187,0.0695187165775401,-10.331521739130435,0.1764705882352941,False,True,True,558,8,High-value
7901646fdd36a55f564ffaf2dbccaaf7,RJ,rio de janeiro,27,11857.08,22,4.5,22,0.0909090909090909,-11.545454545454543,0.0909090909090909,False,True,True,538,2,High-value
6481e96574816ead57975da2c0f6d80d,SP,sorocaba,43,3324.9,32,4.1875,32,0.03125,-11.25,0.09375,False,True,True,210,5,High-value
e8dba4d70f7f2b20e775d09cae01142d,SP,santa barbara d oeste,9,855.91,9,4.333333333333333,9,0.1111111111111111,-10.666666666666666,0.1111111111111111,False,True,True,83,2,Lower-value
13e85aac53340018b40c2af68001b7e0,SP,pedreira,1,17.8,1,5.0,1,0.0,-35.0,0.0,False,True,True,0,1,Lower-value
b6dc74ed30f124f95227bed4e43a3bed,PR,arapongas,13,518.9599999999999,11,4.0,11,0.0909090909090909,-10.88888888888889,0.1818181818181818,False,True,True,307,1,Lower-value
48436dade18ac8b2bce089ec2a041202,SP,volta redonda,151,12271.71,138,4.0144927536231885,138,0.072463768115942,-9.694029850746269,0.1521739130434782,False,True,True,521,2,High-value
f5f2ab9bdb6b30c14c61be68c5ed37da,SP,porto ferreira,18,2134.6800000000003,18,4.277777777777778,18,0.0555555555555555,-14.944444444444445,0.1111111111111111,False,True,True,424,3,Lower-value
8ed8ea9a57c862f2c18c2fe41f601d56,SC,blumenau,19,3831.9,19,4.473684210526316,19,0.0,-15.736842105263158,0.0526315789473684,False,True,True,60,2,High-value
c76d418370990614e89e956c7a7567d9,SP,taboao da serra,2,305.24,2,3.5,2,0.0,-15.5,0.0,False,True,True,31,1,Lower-value
ceb7b4fb9401cd378de7886317ad1b47,RJ,04482255,1,399.9,1,3.0,1,0.0,,0.0,False,True,False,0,1,Lower-value
ea846a0e7ad98a741783e886d89dfa44,SP,aracatuba,3,137.0,2,5.0,2,0.0,-9.5,0.0,False,True,True,10,1,Lower-value
2c54051840f19eca309a5423cf22df36,PR,curitiba,2,23.7,2,4.5,2,0.0,-14.5,0.0,False,True,True,121,1,Lower-value
ee27a8f15b1dded4d213a468ba4eb391,GO,goiania,1,6499.0,1,5.0,1,0.0,-23.0,0.0,False,True,True,0,1,High-value
69b5eaa096c3f9d1e5c398c597f567d6,SP,birigui,2,938.0,2,5.0,2,0.0,-6.0,0.0,False,True,True,9,1,Lower-value
5b92bfa4120daa27c574daa2e386c693,SP,sorocaba,1,14.0,1,3.0,1,0.0,-9.0,0.0,False,True,True,0,1,Lower-value
1554a68530182680ad5c8b042c3ab563,MG,monte siao,269,29052.53,247,4.318367346938776,245,0.0607287449392712,-13.861788617886178,0.1052631578947368,False,True,True,709,5,High-value
fc38b5dceee1a730fad8853453437fbd,SP,campinas,5,119.2,5,4.6,5,0.0,-14.2,0.0,False,True,True,254,2,Lower-value
152ee17e4c8aaf53dac99f3462e4999b,SC,garuva,6,308.96000000000004,6,4.333333333333333,6,0.0,-14.333333333333334,0.0,False,True,True,91,2,Lower-value
fac35d150712afb921ec59ac5f39bb11,MG,bonfinopolis de minas,6,696.0,5,4.4,5,0.0,-17.2,0.0,False,True,True,141,2,Lower-value
04aa0a1c5ce6b222003403a3e11c3cc0,SP,cosmopolis,17,5518.0,11,4.090909090909091,11,0.1818181818181818,-11.636363636363637,0.1818181818181818,False,True,True,307,2,High-value
ede0c03645598cdfc63ca8237acbe73d,SP,ribeirao preto,50,2518.37,46,3.522727272727273,44,0.3043478260869565,-4.116279069767442,0.2826086956521739,False,True,True,118,3,Lower-value
1e47defeeadeca0e9a18fa5a9311e735,SP,catanduva,3,234.12,3,5.0,3,0.0,-12.333333333333334,0.0,False,True,True,36,2,Lower-value
a7b7354cc588f7566a848bcbb1ce3d96,SP,sao paulo,2,79.8,2,4.0,2,0.0,-7.0,0.0,False,True,True,9,1,Lower-value
ef0ace09169ac090589d85746e3e036f,RJ,sao goncalo,140,16223.3,129,4.372093023255814,129,0.0775193798449612,-11.3046875,0.0852713178294573,False,True,True,282,2,High-value
a7dc4098e4da6e41b426269d12ae7e91,SP,sao paulo,3,518.0,2,3.0,2,0.0,-6.0,0.5,False,True,True,21,1,Lower-value
918717417d88a9f9ae9735567e6c7682,SP,sao paulo,4,345.70000000000005,4,5.0,4,0.0,-13.25,0.0,False,True,True,70,3,Lower-value
26f6b7ab07be3e9e69ce82a6552efc19,RJ,rio de janeiro,2,54.8,2,3.0,2,0.5,-3.0,0.5,False,True,True,1,2,Lower-value
cad9969167c09b48ae6f1d123f7fa68d,MG,pocos de caldas,2,43.2,2,3.0,2,0.0,-11.0,0.5,False,True,True,7,1,Lower-value
7c4adcc13272c0e26fa23aac642adb7b,RJ,sao goncalo,2,135.0,2,3.0,2,0.5,-6.5,0.5,False,True,True,29,1,Lower-value
f19516b9ff26bfeb091b30108db4ddbd,SP,artur nogueira,5,727.6,5,2.6,5,0.0,-18.33333333333333,0.6,False,True,True,89,2,Lower-value
ed8cb7b190ceb6067227478e48cf8dde,SP,santos,17,573.5,15,3.4,15,0.0666666666666666,-10.2,0.3333333333333333,False,True,True,38,4,Lower-value
97e50a621f8e801f4baf69e08687c192,SP,sao paulo,1,89.9,1,5.0,1,0.0,-5.0,0.0,False,True,True,0,1,Lower-value
562f8cfc51f265411f487d07e9c40e7f,MG,belo horizonte,13,766.9200000000001,13,4.538461538461538,13,0.0769230769230769,-7.846153846153846,0.0,False,True,True,201,2,Lower-value
a21c11ec5c3f03e7cc9f9203bff9e1c6,SP,santana de parnaiba,4,385.0,3,3.6666666666666665,3,0.0,-13.666666666666666,0.3333333333333333,False,True,True,3,2,Lower-value
97e4a63591ca439a2b8b7efd20e6e19e,RJ,rio de janeiro,5,349.95,5,4.4,5,0.0,-12.6,0.0,False,True,True,174,1,Lower-value
07017df32dc5f2f1d2801e579548d620,PB,joao pessoa,9,946.49,8,4.0,8,0.0,-24.5,0.25,False,True,True,508,1,Lower-value
52092ddbd3a58c450a4459bf051b2287,SP,dois corregos,6,351.7,6,4.333333333333333,6,0.0,-11.833333333333334,0.1666666666666666,False,True,True,136,1,Lower-value
1a8e2d9c38b84a9702ac7922924b0573,SC,araquari,1,80.0,1,5.0,1,0.0,-15.0,0.0,False,True,True,0,0,Lower-value
f1198c871e0171278b63f40d112caeec,SP,sao paulo,2,475.8,2,4.5,2,0.0,-7.5,0.0,False,True,True,86,1,Lower-value
87142160b41353c4e5fca2360caf6f92,RS,porto alegre,339,31095.98,305,4.404605263157895,304,0.0393442622950819,-14.99672131147541,0.0622950819672131,False,True,True,564,8,High-value
a0e19590a0923cdd0614ea9427713ced,PR,sao jose dos pinhais,7,258.3,2,1.0,2,0.0,,1.0,True,True,False,45,1,Lower-value
289cdb325fb7e7f891c38608bf9e0962,SP,belo horizonte,126,13544.95,110,4.572727272727272,110,0.0181818181818181,-10.376146788990823,0.0545454545454545,False,True,True,184,4,High-value
11305281b50fff20ae8bb473f8e11876,MG,uba,40,6528.7,35,4.314285714285714,35,0.1142857142857142,-12.82857142857143,0.0857142857142857,False,True,True,681,5,High-value
723a46b89fd5c3ed78ccdf039e33ac63,RS,"novo hamburgo, rio grande do sul, brasil",1,66.64,1,4.0,1,0.0,-30.0,0.0,False,True,True,0,1,Lower-value
d9b00a97818674c7f8d8b1ef0e689679,PR,ponta grossa,1,69.9,1,3.0,1,0.0,-5.0,0.0,False,True,True,0,1,Lower-value
9d681c7e12db302cb261e721040dde65,PR,curitiba,14,785.6,13,4.923076923076923,13,0.0,-14.538461538461538,0.0,False,True,True,86,1,Lower-value
c7bb64409aa480bb7d0335faaaf3d242,SC,joinville,4,97.6,4,2.25,4,0.0,-17.75,0.5,False,True,True,8,1,Lower-value
bb7ad8a45c027be8ab075b8e465f8ca0,SC,floranopolis,2,19.98,2,5.0,2,0.0,-14.0,0.0,False,True,True,5,1,Lower-value
8a207b6080964f3c1fc9d35bd6096ba4,SP,jaci,3,553.7,2,5.0,2,0.5,-5.0,0.0,False,True,True,43,2,Lower-value
fa1c13f2614d7b5c4749cbc52fecda94,SP,sumare,586,194042.03,585,4.339070567986231,581,0.0905982905982906,-10.314878892733564,0.1042735042735042,False,True,True,598,5,High-value
bf100ecb7997df312b285358fb32f92c,PR,sao jose dos pinhais,21,1991.9,20,4.444444444444445,18,0.0,-16.6,0.0,False,True,True,377,3,Lower-value
3504c0cb71d7fa48d967e0e4c94d59d9,SP,maua,53,2349.94,53,4.415094339622642,53,0.0,-10.79245283018868,0.0377358490566037,False,True,True,124,6,Lower-value
164a5a8794e6d42e14f55e447b12a3bc,PR,guaira,1,73.99,1,5.0,1,0.0,-19.0,0.0,False,True,True,0,1,Lower-value
de09d00cfc265b8804c7df34075a68fa,SP,sao paulo,3,784.0,3,3.333333333333333,3,0.0,-16.666666666666668,0.3333333333333333,False,True,True,204,1,Lower-value
638cba8be1fb599bbb76fd6948351eb3,SP,sao jose dos campos,26,598.1999999999999,17,4.647058823529412,17,0.0,-11.3125,0.0588235294117647,False,True,True,143,2,Lower-value
2f73e04d12cdf0c945ded66bb3fcf6c7,ES,cachoeiro de itapemirim,3,1359.0,3,3.333333333333333,3,0.0,-17.666666666666668,0.3333333333333333,False,True,True,550,1,Lower-value
fbc14c0cf93505ef89f64665ffa4a7b5,SP,serrana,18,12227.82,18,4.176470588235294,17,0.0555555555555555,-13.88888888888889,0.1111111111111111,False,True,True,356,5,High-value
c3ee2331a724e6fc02c4b698b57a73f3,SP,sao paulo,3,1347.0,2,3.0,2,0.0,-9.0,0.0,False,True,True,10,1,Lower-value
e9874ae10b2d60d43917b6bbfa13a599,PR,rolandia,1,199.0,1,5.0,1,0.0,-20.0,0.0,False,True,True,0,1,Lower-value
df47da4ae86fa4db890d05aaf24e21d8,SP,sao paulo,5,310.5,5,4.2,5,0.0,-18.2,0.2,False,True,True,30,2,Lower-value
ddd51ae8cda92f3995a51fc0f0f3eec7,RJ,rio de janeiro,25,842.6999999999999,8,4.625,8,0.0,-15.0,0.0,False,True,True,353,1,Lower-value
e644cbadf7eeb30d0d29f335ce7d52ec,SP,sao paulo,10,878.9,8,3.625,8,0.0,-8.571428571428571,0.125,False,True,True,49,3,Lower-value
2bdb95a56a36ebbc6640337ac5eac174,SP,sao paulo,1,89.9,1,5.0,1,0.0,-34.0,0.0,False,True,True,0,1,Lower-value
34d1ca11b242c0fee2c834ae8d788566,MG,congonhas,41,13422.24,40,4.333333333333333,39,0.0,-13.875,0.05,False,True,True,523,1,High-value
324583d68897f5ddbaf38f6248322176,SP,sao jose do rio preto,3,84.0,2,1.0,2,0.5,-1.0,1.0,True,True,True,4,1,Lower-value
96493fab2fbb13a14d0c0e8772eef5c3,SP,sao paulo,64,18969.0,63,4.064516129032258,62,0.0634920634920634,-10.126984126984128,0.1428571428571428,False,True,True,481,1,High-value
d4ffeb15b67e81ff9af2b4252d99fb7e,SP,atibaia,12,1400.4,11,4.3,10,0.0,-13.181818181818182,0.0,False,True,True,92,3,Lower-value
b5d034ac251546e25afe9067f05c1539,SP,itapecerica da serra,1,69.9,1,5.0,1,0.0,-19.0,0.0,False,True,True,0,1,Lower-value
8a1ff5c35f6595a73fef4c7b96e4908a,PR,sao  jose dos pinhais,2,1598.0,2,5.0,2,0.0,-19.5,0.0,False,True,True,53,1,Lower-value
a150c540f572d0fb53992264bc5c10b5,SP,sorocaba,1,119.9,1,4.0,1,0.0,-20.0,0.0,False,True,True,0,1,Lower-value
7c1fea10b5b006671d608b1d7c446ec4,SP,boituva,14,423.6,14,4.0,14,0.0714285714285714,-10.714285714285714,0.1428571428571428,False,True,True,251,3,Lower-value
b6e1504972665f739dec4facb9943775,SP,piracicaba,14,1484.48,14,4.357142857142857,14,0.0714285714285714,-9.0,0.1428571428571428,False,True,True,307,2,Lower-value
f76a3b1349b6df1ee875d1f3fa4340f0,SP,sao paulo,24,4160.79,24,3.458333333333333,24,0.2916666666666667,-5.541666666666667,0.2916666666666667,False,True,True,225,1,High-value
99eaacc9e6046db1c82b163c5f84869f,SP,franca,70,13139.17,66,3.878787878787879,66,0.106060606060606,-8.793650793650794,0.2121212121212121,False,True,True,502,3,High-value
8603f0038fe0e52fedd3382d266723de,SC,garopaba,10,2355.0,10,4.4,10,0.0,-11.8,0.1,False,True,True,274,4,Lower-value
d98eec89afa3380e14463da2aabaea72,RS,porto alegre,183,6968.53,168,4.335329341317365,167,0.0238095238095238,-18.261904761904763,0.0773809523809523,False,True,True,586,4,High-value
ab75b89cc49c9ab3160d0c91565a442a,SP,tupa,2,37.98,2,1.5,2,0.0,-24.0,1.0,True,True,True,65,1,Lower-value
08084d990eb3f53af056ccbc1730c8a7,SP,sao paulo,12,372.5,12,4.454545454545454,11,0.0,-15.75,0.0,False,True,True,187,1,Lower-value
d85efbc8eff2b7adf524e2820569adc8,SP,sao paulo,1,55.0,1,5.0,1,0.0,-9.0,0.0,False,True,True,0,1,Lower-value
23613d49c3ac2bd302259e55c06c050c,SP,porto ferreira,80,4293.0,70,3.8260869565217392,69,0.0857142857142857,-11.028985507246375,0.2428571428571428,False,True,True,680,1,High-value
87d3c3aeb3ead335511b3ce315eb341e,SP,sao paulo,15,749.3499999999999,15,3.5,14,0.0666666666666666,-8.466666666666667,0.2,False,True,True,64,2,Lower-value
93b9a99027bd8bd6af682aff18dd19bf,SP,mairipora,21,1953.0,20,4.052631578947368,19,0.0,-17.526315789473685,0.05,False,True,True,555,2,Lower-value
0bf0150d5b9d60d9cd2906003332f085,SP,sao paulo,62,5774.6,39,3.789473684210526,38,0.1538461538461538,-6.846153846153846,0.2051282051282051,False,True,True,512,2,High-value
7ecef8194babfec876ca720714327841,SP,campinas,8,990.5,7,4.285714285714286,7,0.0,-8.285714285714286,0.0,False,True,True,277,3,Lower-value
87b4428a334b8f676fd9a7f3bf544fb5,SP,guaimbe,1,29.99,1,5.0,1,0.0,-24.0,0.0,False,True,True,0,1,Lower-value
30829ded4523ab9224b93bc49a62c95f,RS,parai,31,6911.71,18,3.7777777777777777,18,0.0555555555555555,-17.61111111111111,0.2222222222222222,False,True,True,225,1,High-value
dcb7367a92f5ffb89f1e2152ed260285,SP,osvaldo cruz,1,79.9,1,5.0,1,0.0,-14.0,0.0,False,True,True,0,1,Lower-value
513a54369b6a8a6602fcb0e129c6d78d,SP,sao bernardo do campo,2,47.8,2,4.5,2,0.0,-5.5,0.0,False,True,True,8,1,Lower-value
5075aaa8404020ae6aa8bf4792099b41,MG,pocos de caldas,23,1822.8,13,3.583333333333333,12,0.0,-11.6,0.2307692307692307,False,True,True,303,2,Lower-value
d354c38a7182125a748cb10474fe963b,RJ,aperibe,20,1610.33,18,4.294117647058823,17,0.0555555555555555,-12.117647058823527,0.0,False,True,True,318,1,Lower-value
4be9ae93c4fc0f41713d71a4194ee1b3,MG,divinopolis,1,109.9,1,5.0,1,0.0,-7.0,0.0,False,True,True,0,1,Lower-value
e0487761face83d64fcada2408959a36,SP,sao paulo,2,49.25,2,4.5,2,0.0,-3.5,0.0,False,True,True,3,2,Lower-value
9996ae921c50e8dff411ac69c0b4bb8b,SP,tupa,3,29.700000000000003,2,2.0,2,0.0,-7.5,0.5,True,True,True,5,1,Lower-value
c3cfdc648177fdbbbb35635a37472c53,PR,curitiba,307,43048.18,278,4.469314079422382,277,0.014388489208633,-16.18345323741007,0.0755395683453237,False,True,True,577,2,High-value
c8cc60ffd415254af5d9b9f34f32c369,SP,sorocaba,9,722.2,8,4.75,8,0.0,-12.375,0.0,False,True,True,70,1,Lower-value
1ce3ae5a399804d1a87e706f8a813c3e,SC,jaguaruna,44,2563.0,40,3.75,40,0.075,-15.425,0.2,False,True,True,382,1,Lower-value
5f26c1408a65b42a7224cd463bdf3292,PR,arapongas,10,1139.8,10,4.8,10,0.0,-15.4,0.0,False,True,True,59,2,Lower-value
e59e575a175fadcadf8479e191770425,RJ,nova iguacu,1,199.9,1,5.0,1,0.0,-20.0,0.0,False,True,True,0,1,Lower-value
2138ccb85b11a4ec1e37afbd1c8eda1f,SP,sao paulo,429,12357.03,396,3.939240506329114,395,0.0454545454545454,-12.59020618556701,0.1691919191919192,False,True,True,692,7,High-value
83d458c0d6d4f94295d63f091460bd60,SP,vila velha,1,89.9,1,5.0,1,0.0,,0.0,False,True,False,0,1,Lower-value
ef30892870c278497523264be1be2241,SP,araraquara,9,783.2,9,4.555555555555555,9,0.0,-16.444444444444443,0.1111111111111111,False,True,True,56,1,Lower-value
d5b9a084373da994a6e37f732169a853,SP,santo andre,7,1769.0,7,3.571428571428572,7,0.1428571428571428,-6.0,0.2857142857142857,False,True,True,107,1,Lower-value
e9c2dc0dd4ac38448289be644ac94f42,SC,joinville,3,118.39,3,5.0,3,0.0,-11.333333333333334,0.0,False,True,True,48,2,Lower-value
fe87f472055fbcf1d7e691c00b1560dc,SP,campinas,6,1085.8,6,4.5,6,0.1666666666666666,-3.0,0.0,False,True,True,104,1,Lower-value
5a32c398a06c345440bf2a683b017ad3,RJ,rio de janeiro,2,79.8,2,3.0,2,0.0,-7.0,0.5,False,True,True,73,1,Lower-value
f46490624488d3ff7ce78613913a7711,SP,guarulhos,91,5802.85,83,3.6626506024096384,83,0.108433734939759,-8.825,0.2650602409638554,False,True,True,90,1,High-value
4d0041cdbe51b4617d95c70b19decc74,MG,juiz de fora,8,5235.200000000001,8,4.5,8,0.0,-10.5,0.0,False,True,True,81,1,High-value
db46ca7bce82b11f7e247539271fc390,RJ,rio de janeiro,16,933.97,16,4.5625,16,0.0,-13.4375,0.0625,False,True,True,105,1,Lower-value
ad420dd0c4f92f8af951ac24b86d0cf5,MG,fronteira,46,4705.29,42,4.125,40,0.0714285714285714,-10.976190476190476,0.1428571428571428,False,True,True,485,2,High-value
e8b4225284fbb02d16f200513f1f395d,SP,novo horizonte,31,5788.52,31,4.193548387096774,31,0.0967741935483871,-13.8,0.064516129032258,False,True,True,135,1,High-value
f61c63d13f7cd800549d5acdd390ae72,SP,pilar do sul,26,3072.3,26,4.0,26,0.0769230769230769,-11.23076923076923,0.1153846153846153,False,True,True,339,4,Lower-value
054694fa03fe82cec4b7551487331d74,SP,itajobi,22,9983.1,21,3.4761904761904763,21,0.2857142857142857,-0.9,0.2857142857142857,False,True,True,456,4,High-value
dc50afafdfa325eadc890c7fa42a8f4e,PR,maringa,4,424.2,4,4.75,4,0.0,-11.75,0.0,False,True,True,46,2,Lower-value
376d67b61dce0c990155286e7ae486a4,SP,sao paulo,1,94.0,1,4.0,1,0.0,-5.0,0.0,False,True,True,0,1,Lower-value
7994b065a7ffb14e71c6312cf87b9de2,ES,cariacica / es,7,453.0,5,5.0,5,0.0,-22.4,0.0,False,True,True,59,1,Lower-value
a9415cf907dfa12f9ed18693244f5329,MG,prados,2,210.0,1,5.0,1,0.0,-15.0,0.0,False,True,True,0,1,Lower-value
b7d5b4b87af9d42b601865d3f3810bff,SC,florianopolis,2,1049.0,2,2.0,2,0.0,-21.0,0.5,True,True,True,184,1,Lower-value
7315baebc0572ff220d226283dc66728,SP,sao carlos,2,49.85,2,4.0,2,0.0,-12.5,0.0,False,True,True,62,1,Lower-value
4125d9385a25e82d2f72d3a0fd55bc3f,SP,santos,1,42.9,1,5.0,1,0.0,-4.0,0.0,False,True,True,0,1,Lower-value
c8b0e2b0a7095e5d8219575d5e7e1181,SP,itaquaquecetuba,85,12170.21,84,4.084337349397591,83,0.0714285714285714,-10.821428571428571,0.1428571428571428,False,True,True,400,1,High-value
38102b031c2a15e54623d711bfc753d3,CE,mucambo,11,457.0,9,3.6666666666666665,9,0.0,-13.5,0.1111111111111111,False,True,True,369,3,Lower-value
160e4f13fd3a64b1b86807be88b5ffb0,PR,colombo,4,886.0,4,4.25,4,0.0,-15.0,0.25,False,True,True,89,2,Lower-value
8ccf3cf69651cc1d8a02c8bfaf3b8568,SP,rio claro,2,250.0,2,3.5,2,0.5,-3.5,0.0,False,True,True,18,1,Lower-value
391fc6631aebcf3004804e51b40bcf1e,SP,ibitinga,613,39951.95,526,4.034416826003824,523,0.085551330798479,-11.406909788867562,0.1482889733840304,False,True,True,688,2,High-value
33cbbec1e7e1044aaf11d152172c776f,RS,bento goncalves,16,730.67,15,4.733333333333333,15,0.0,-16.2,0.0,False,True,True,136,1,Lower-value
da03c298e3999e9d828591fc2179d109,SP,sao paulo,5,787.7,4,4.75,4,0.0,-8.0,0.0,False,True,True,85,1,Lower-value
49383af7ab774e4e8f3000f49c83dc4b,SP,taubate,12,660.0,8,4.375,8,0.0,-13.875,0.0,False,True,True,115,1,Lower-value
8a2d12a90e92f012ce5226fc6592b653,PR,curitiba,18,1594.65,18,4.588235294117647,17,0.0,-15.944444444444445,0.0555555555555555,False,True,True,243,2,Lower-value
52956b80ae65fda598f06f6b9943e7a9,PR,maringa,3,792.0,3,4.0,3,0.3333333333333333,-7.333333333333333,0.0,False,True,True,23,1,Lower-value
762ed976527cddf02787edba70fffa2a,PR,londrina,4,179.8,3,2.333333333333333,3,0.0,-21.33333333333333,0.6666666666666666,False,True,True,17,2,Lower-value
7994081388d55b9cf976c050653dd359,SP,sao paulo,6,1020.0,2,3.0,2,0.0,-20.0,0.5,False,True,True,273,1,Lower-value
585175ec331ea177fa47199e39a6170a,MG,montes claros,1,3549.0,1,5.0,1,0.0,-15.0,0.0,False,True,True,0,1,High-value
e59aa562b9f8076dd550fcddf0e73491,PR,curitiba,84,31574.3,70,4.214285714285714,70,0.0857142857142857,-11.826086956521738,0.1142857142857142,False,True,True,348,1,High-value
e84ad2127668df3aafc6b73531a0beb8,SP,sao paulo,23,987.0,19,4.368421052631579,19,0.0526315789473684,-7.2105263157894735,0.1052631578947368,False,True,True,239,2,Lower-value
1a6245add4353f18ed55138808906979,SP,sao bernardo do campo,1,30.0,1,1.0,1,0.0,,1.0,True,True,False,0,0,Lower-value
e9779976487b77c6d4ac45f75ec7afe9,SP,praia grande,750,43162.95,657,4.215926493108729,653,0.0593607305936073,-10.0031007751938,0.1171993911719939,False,True,True,544,8,High-value
6b90f847357d8981edd79a1eb1bf0acb,SP,guarulhos,47,3322.08,45,4.355555555555555,45,0.0,-9.4,0.0666666666666666,False,True,True,82,6,High-value
48328ec9a579151d9cc6a86d4a59336c,RS,canoas,1,1099.0,1,2.0,1,0.0,-7.0,1.0,True,True,True,0,1,Lower-value
73a63f72308aa20a46f4b1632018f196,PR,curitiba,41,9606.8,29,4.142857142857143,28,0.0,-15.148148148148149,0.1034482758620689,False,True,True,500,4,High-value
f62d7bb4a613ec758a03342d46b580b2,MG,vicosa,32,24665.0,32,4.375,32,0.09375,-9.6875,0.0625,False,True,True,210,2,High-value
252e76235acb79183cfca6e34f13337d,SP,campinas,4,261.2,3,3.333333333333333,3,0.0,-17.333333333333332,0.3333333333333333,False,True,True,468,2,Lower-value
7c5b05cbdb5542049f38d90d7815b97d,SP,sao paulo,24,1038.96,22,4.363636363636363,22,0.0454545454545454,-12.142857142857142,0.1363636363636363,False,True,True,77,1,Lower-value
db4350fd57ae30082dec7acbaacc17f9,SP,sao paulo,146,3331.31,137,4.139705882352941,136,0.0364963503649635,-15.808823529411764,0.1240875912408759,False,True,True,532,5,High-value
845e8036c3f7bf62099352f5ed910240,RJ,rio de janeiro,24,1584.6,21,3.952380952380953,21,0.0,-13.571428571428571,0.238095238095238,False,True,True,90,2,Lower-value
712efd3b68f9686dc856b84abd0f21ae,PR,curitiba,1,139.0,1,4.0,1,0.0,-2.0,0.0,False,True,True,0,1,Lower-value
3364a91ec4d56c98e44174de954b94f6,RO,porto velho,6,3579.94,6,3.8333333333333335,6,0.0,-26.0,0.3333333333333333,False,True,True,121,1,High-value
b00af24704019bd2e1b335e70ad11f7c,BA,salvador,1,189.0,1,5.0,1,0.0,-20.0,0.0,False,True,True,0,1,Lower-value
4324dd16853115efb0fd9d0d131ba6f4,SP,sao jose do rio pardo,18,1052.25,12,4.083333333333333,12,0.0833333333333333,-12.916666666666666,0.1666666666666666,False,True,True,279,1,Lower-value
0a198e95d32b1be2da9424c962a6ebfa,MG,contagem,1,69.99,1,5.0,1,0.0,-4.0,0.0,False,True,True,0,1,Lower-value
d1a1b40ec554c593a1a99366746289dd,PR,pato branco,1,49.7,1,2.0,1,0.0,,1.0,True,True,False,0,1,Lower-value
55a5b51f93f2b70ea513f5a047b0262a,MG,sao joao del rei,41,4002.3,39,4.461538461538462,39,0.0256410256410256,-12.41025641025641,0.0512820512820512,False,True,True,184,1,High-value
6426d21aca402a131fc0a5d0960a3c90,SP,ribeirao preto,23,1209.64,23,4.173913043478261,23,0.0,-13.521739130434783,0.0869565217391304,False,True,True,139,4,Lower-value
8a432f4e5b471f8da497d7dc517666e2,SP,presidente prudente,106,7555.0,95,4.191489361702128,94,0.0210526315789473,-12.43157894736842,0.1263157894736842,False,True,True,145,3,High-value
da3fede3469bf49b7293ce3fc45b294d,SP,mogi das cruzes,1,44.9,1,5.0,1,0.0,-8.0,0.0,False,True,True,0,1,Lower-value
c092292535a57dacd95a8765f5518f87,RJ,paracambi,1,125.0,1,5.0,1,0.0,-17.0,0.0,False,True,True,0,1,Lower-value
20a8b0dc55da94fe74d112082427c84f,SP,itu,7,407.4,7,4.285714285714286,7,0.1428571428571428,-4.571428571428571,0.1428571428571428,False,True,True,22,2,Lower-value
bfd27a966d91cfaafdb25d076585f0da,SP,serra negra,118,19921.0,117,4.278260869565218,115,0.0512820512820512,-15.473684210526317,0.1111111111111111,False,True,True,511,6,High-value
fadb07c842a2aef5d5a676b85f220e71,SP,sao jose do rio preto,7,398.75,7,4.714285714285714,7,0.0,-16.0,0.0,False,True,True,83,2,Lower-value
6b15924333bd1a741595fe981ea04822,SP,sao caetano do sul,21,614.3199999999999,21,4.666666666666667,21,0.0,-11.285714285714286,0.0,False,True,True,153,1,Lower-value
1c83418358f249c9d6affa52d579db0e,SP,sao paulo,1,24.9,1,5.0,1,0.0,-23.0,0.0,False,True,True,0,1,Lower-value
04e38a233f726ef161074ab1c9b0399a,SP,sao paulo,28,1352.2,23,3.652173913043478,23,0.0434782608695652,-5.578947368421052,0.217391304347826,False,True,True,232,3,Lower-value
1b4b28463457a256e9a784ebe2a8f630,SP,piracicaba,1,699.42,1,1.0,1,1.0,7.0,1.0,True,True,True,0,1,Lower-value
db7ed69a53aa9fb1c01930ba54a88bbe,SP,jaguariuna,1,109.0,1,5.0,1,0.0,-9.0,0.0,False,True,True,0,1,Lower-value
f664f98bfda2eaf266a23ff144e7a872,SP,sao paulo,2,153.99,2,3.0,2,0.0,-10.0,0.5,False,True,True,124,1,Lower-value
7ade73f1b9b4e965f9009a4c3a7e2c15,SP,bauru,28,1880.3,27,4.769230769230769,26,0.0,-13.076923076923077,0.0,False,True,True,119,6,Lower-value
a369d693961cb93b61ca2cc518872a85,SP,sao jose do rio preto,18,2597.0,11,3.909090909090909,11,0.0,-15.454545454545457,0.1818181818181818,False,True,True,247,2,Lower-value
fb8904a8ea99f8831b64ce27db2c1765,SP,sao caetano do sul,2,278.0,2,4.5,2,0.0,-3.0,0.0,False,True,True,12,1,Lower-value
2ef086a599b597572aca4433b7ed6b3d,SC,jaragua do sul,1,49.0,1,5.0,1,0.0,-15.0,0.0,False,True,True,0,1,Lower-value
134285d1f41da5c13a756ee8142c8a4e,SP,sao paulo,4,1572.6999999999998,3,3.333333333333333,3,0.0,-9.333333333333334,0.3333333333333333,False,True,True,67,1,Lower-value
9ed65337433adfbedefd23dd76eaa494,SP,sao paulo,6,1262.6,6,4.833333333333333,6,0.0,-10.333333333333334,0.0,False,True,True,225,1,Lower-value
aec99834ab5d38ead22766ada8497e87,PR,colombo,1,459.0,1,5.0,1,0.0,-13.0,0.0,False,True,True,0,1,Lower-value
b8578d2d823bd8e251f6fdd02b40902d,SC,blumenau,9,1255.6,9,4.444444444444445,9,0.0,-22.22222222222222,0.1111111111111111,False,True,True,97,1,Lower-value
d9d43faf741ceaa8da52fdbb81d9e0e3,SP,juiz de fora,8,210.0,6,3.6666666666666665,6,0.0,-14.0,0.3333333333333333,False,True,True,123,1,Lower-value
964ff64dc05b13811c6d0f41e0aa5f6b,SP,sao paulo,1,180.0,1,5.0,1,0.0,-14.0,0.0,False,True,True,0,1,Lower-value
96e5dc09087bad639b4ee193104ec2e5,RJ,bom jardim,2,101.9,2,4.5,2,0.0,-8.5,0.0,False,True,True,7,2,Lower-value
24c1de8d9551c0b4fbc53317d53efda8,PB,serra redonda,1,355.0,1,5.0,1,0.0,-23.0,0.0,False,True,True,0,1,Lower-value
0336182e1b3e92f029d5354832045fdf,SP,ibitinga,2,29.8,1,2.0,1,0.0,-42.0,1.0,True,True,True,0,1,Lower-value
c03121937e54a93fcc1825c3098bbb6e,PR,curitiba,7,1043.0,7,5.0,7,0.0,-16.428571428571427,0.0,False,True,True,401,1,Lower-value
b87a7ea0c30fad2dd6781b74a0064859,SP,sao paulo,9,515.4,9,3.4444444444444446,9,0.2222222222222222,-7.111111111111111,0.3333333333333333,False,True,True,172,1,Lower-value
84c945f15571830c1a91a33978e94009,SP,sao paulo,2,51.98,2,4.5,2,0.0,-15.5,0.0,False,True,True,54,1,Lower-value
2d378dbb39815785238c0139c7647fb7,SC,sao francisco do sul,2,1154.0,2,5.0,2,0.0,-18.0,0.0,False,True,True,33,1,Lower-value
0b0ddbc7b9d9584f442c7ac92b0ff6c9,SP,guarulhos,3,1416.76,3,4.666666666666667,3,0.0,-18.0,0.0,False,True,True,66,1,Lower-value
51209b446b2073894bdc0face6c73ffc,ES,vila velha,4,359.6,2,4.0,1,0.0,-17.0,0.0,False,True,True,35,1,Lower-value
5996cddab893a4652a15592fb58ab8db,SP,presidente prudente,1,810.0,1,5.0,1,0.0,-16.0,0.0,False,True,True,0,1,Lower-value
aa8af66c623d7d544dfe4bb85b5ebe3b,MG,betim,1,99.0,1,5.0,1,0.0,-18.0,0.0,False,True,True,0,1,Lower-value
1690cada046eb7e92c12f98b1f8a8167,SP,sao paulo,11,1959.0,11,4.545454545454546,11,0.0909090909090909,-14.2,0.0909090909090909,False,True,True,115,1,Lower-value
385799a1cddbd26dfeb9157356a42282,SP,sao paulo,7,633.93,5,4.0,5,0.0,-13.5,0.2,False,True,True,165,2,Lower-value
42b729f859728f5079499127a9c2ef37,SP,sao paulo,132,4118.86,104,4.466019417475728,103,0.0769230769230769,-7.951456310679611,0.0673076923076923,False,True,True,225,4,High-value
556a6409838156ea299c9d1f9e2dde43,PR,curitiba,4,1362.8,4,3.25,4,0.0,-13.25,0.5,False,True,True,53,1,Lower-value
179d859f51292aac5c10806a356f7af9,SP,ribeirao pires,19,404.47,18,4.388888888888889,18,0.0555555555555555,-8.88888888888889,0.0555555555555555,False,True,True,42,1,Lower-value
934ed5cd1b9c1c7382d0a94a94b9e639,PR,curitiba,1,125.85,1,5.0,1,0.0,-32.0,0.0,False,True,True,0,0,Lower-value
be3b4b0f050a6aa1b2d901c4b77e979f,PR,imbituva,8,578.1999999999999,3,4.0,3,0.0,-14.333333333333334,0.3333333333333333,False,True,True,43,2,Lower-value
6806dad1da97bfb5a9038eac6881f706,PR,guaratuba,14,1477.0,10,4.1,10,0.0,-13.3,0.1,False,True,True,236,4,Lower-value
94231344608e603693b0a8891143f65d,SP,porto alegre,3,722.0,3,4.0,3,0.0,-15.666666666666666,0.0,False,True,True,80,1,Lower-value
446cc09cdbb130904da114e807dbec40,SP,sao paulo,3,252.8,3,4.666666666666667,3,0.0,-24.666666666666668,0.0,False,True,True,89,1,Lower-value
47efca563408aae19bb7206c2d969ea9,PI,teresina,12,2522.0,12,4.083333333333333,12,0.0,-15.0,0.1666666666666666,False,True,True,230,1,Lower-value
00ab3eff1b5192e5f1a63bcecfee11c8,SP,sao paulo,1,98.0,1,5.0,1,0.0,-10.0,0.0,False,True,True,0,1,Lower-value
71271995e85f5b8530be99ed54a91b89,RS,porto alegre,8,776.0,8,2.5,8,0.125,-6.833333333333333,0.5,False,True,True,229,1,Lower-value
a435b009cd956ea60748b5cfbddf2e24,SP,franca,3,361.18,3,4.333333333333333,3,0.3333333333333333,2.6666666666666665,0.0,False,True,True,77,2,Lower-value
11938fcc75f6902fea1d0a6f72b54a57,SC,sao miguel d'oeste,2,594.98,2,3.0,2,0.0,-21.0,0.5,False,True,True,136,1,Lower-value
9b76ad3d04236f76bc71c59470305e13,SP,boituva,3,394.7000000000001,2,5.0,2,0.0,-10.5,0.0,False,True,True,36,1,Lower-value
d7ab82074b5f1dfba46db123df101bff,SP,atibaia,3,38.67,2,4.5,2,0.0,-22.5,0.0,False,True,True,0,0,Lower-value
9c0e69c7bf2619675bbadf47b43f655a,SP,sao jose dos campos,206,33702.78,157,4.102564102564102,156,0.0828025477707006,-8.23841059602649,0.1337579617834395,False,True,True,409,3,High-value
94d76e96eedd976258cd3278ce56d5f2,SP,sao roque,1,385.61,1,5.0,1,0.0,-7.0,0.0,False,True,True,0,1,Lower-value
52f976b17ea7f2f087f56dcc419328f6,PR,california,6,7630.0,6,3.6666666666666665,6,0.0,-16.666666666666668,0.3333333333333333,False,True,True,291,1,High-value
4e326052e5dbba8adcd512f3450a307e,SP,sao paulo,6,570.0,3,2.333333333333333,3,0.0,-11.0,0.6666666666666666,False,True,True,24,1,Lower-value
3586b8580d9c917874e053a1bb37b5ff,SP,araraquara,43,1524.7,36,4.416666666666667,36,0.0277777777777777,-17.88888888888889,0.0555555555555555,False,True,True,464,2,Lower-value
6edacfd9f9074789dad6d62ba7950b9c,SP,guarulhos,219,13147.1,208,4.352657004830918,207,0.0432692307692307,-11.55609756097561,0.0961538461538461,False,True,True,587,15,High-value
52831e5990d0771cb4951d6f12928167,SP,tupa,1,65.0,1,3.0,1,0.0,-10.0,0.0,False,True,True,0,1,Lower-value
9e7c5f4d7770eab65738cca38f9efccf,SP,sao paulo,2,184.8,2,3.5,2,0.0,-14.0,0.0,False,True,True,66,1,Lower-value
4677a5437afda5fa7140b927b07be1cc,PR,japira,11,3415.7,11,4.363636363636363,11,0.0909090909090909,-14.090909090909092,0.0,False,True,True,117,3,High-value
3e8bd881d92466e63ba9e3e809cd3c50,RJ,rio de janeiro,10,2242.28,9,4.125,8,0.2222222222222222,-8.625,0.1111111111111111,False,True,True,68,4,Lower-value
4a1917ef994878940e1fb03eeb787ad7,DF,brasilia,3,768.0,2,3.0,2,0.0,-9.5,0.5,False,True,True,36,1,Lower-value
334cab711dee080b079fa5779b584783,SP,santo andre,26,1069.7,11,4.909090909090909,11,0.0,-13.454545454545457,0.0,False,True,True,123,1,Lower-value
9dd59e43f0c9f0553244e8f9c2fb247e,PR,foz do iguacu,10,356.3,10,4.8,10,0.1,-13.7,0.0,False,True,True,99,1,Lower-value
ccf8813e5a7d6c84d865cd38bfc2b130,SP,taubate,26,2635.5,26,4.384615384615385,26,0.0384615384615384,-13.5,0.1153846153846153,False,True,True,357,2,Lower-value
8d956fec2e4337affcb520f56fd8cbfd,SP,sao bernardo do campo,228,11015.19,211,4.199052132701421,211,0.0616113744075829,-10.561904761904762,0.0995260663507109,False,True,True,318,13,High-value
e5a3438891c0bfdb9394643f95273d8e,SP,limeira,255,7738.349999999999,224,3.918918918918919,222,0.1517857142857142,-6.527777777777778,0.1919642857142857,False,True,True,330,1,High-value
f9f68daa2af419d38f745478bcb3da1a,SP,sumare,2,22.4,2,3.0,2,0.0,-27.0,0.5,False,True,True,86,1,Lower-value
138dbe45fc62f1e244378131a6801526,SP,sao paulo,58,1125.56,49,4.081632653061225,49,0.0204081632653061,-10.775510204081632,0.1632653061224489,False,True,True,109,7,Lower-value
5058e8c1e82653974541e83690655b4a,SP,itaquaquecetuba,78,10022.82,63,3.2419354838709675,62,0.1111111111111111,-16.370967741935484,0.3015873015873015,False,True,True,291,4,High-value
cd2169d9f31ff6fbb9ca3373b0c9e354,RJ,nova friburgo,1,569.0,1,4.0,1,0.0,-17.0,0.0,False,True,True,0,1,Lower-value
15aec03fe4cf30dfa574cf550f5ff5ff,RJ,rio de janeiro,1,28.9,1,1.0,1,0.0,,1.0,True,True,False,0,1,Lower-value
9674754b5a0cb32b638cec001178f799,SP,sao paulo,97,5069.92,86,4.046511627906977,86,0.0232558139534883,-11.13095238095238,0.1744186046511628,False,True,True,440,5,High-value
c161d1327ebc3a156c09582ab2f59f6c,SP,sao paulo,3,52.99,3,3.0,3,0.0,-11.0,0.3333333333333333,False,True,True,189,2,Lower-value
4d232b78ab7ef10393dc3807d827bc0d,MG,belo horizonte,5,1475.0,5,4.4,5,0.0,-12.6,0.0,False,True,True,24,2,Lower-value
23ff42c4bf1f8f16cddb19d8b972974a,MG,itau de minas,3,174.70000000000002,2,4.0,2,0.0,-16.0,0.0,False,True,True,51,1,Lower-value
d3dcf0604eabf0224fbd5948b5e02f69,SP,sao paulo,9,2902.3,9,3.888888888888889,9,0.3333333333333333,-5.0,0.2222222222222222,False,True,True,162,4,Lower-value
49067458c68f7701fd334ce326accbe0,MG,juiz de fora,37,1047.65,17,3.3529411764705883,17,0.0,-14.529411764705882,0.3529411764705882,False,True,True,324,1,Lower-value
dfa0c4c6229ab200a4a1336b4d7128ff,SC,florianopolis,86,4777.1,77,4.0,77,0.0129870129870129,-14.948051948051948,0.1818181818181818,False,True,True,112,11,High-value
35281d148dcf7134bae913c57db4e6da,SP,sao paulo,1,119.99,1,5.0,1,0.0,-22.0,0.0,False,True,True,0,1,Lower-value
76833248bbc0e65a0293ec62023e4396,SP,birigui,2,2399.98,2,5.0,2,0.0,-6.5,0.0,False,True,True,42,1,Lower-value
48e5ee06fb2dc74df1c711a9b6dfac2a,MG,oliveira,3,57.0,1,5.0,1,0.0,-20.0,0.0,False,True,True,0,1,Lower-value
2cb6eb1b7185064167657fa09f541105,MG,sabara,7,1217.9,6,4.333333333333333,6,0.0,-11.833333333333334,0.1666666666666666,False,True,True,163,4,Lower-value
0f7eea709efdf942b5f95c7516dbacd7,SP,pedrinhas paulista,3,195.74,3,4.0,3,0.0,-20.0,0.0,False,True,True,37,1,Lower-value
54583ab379489add547fe47b628db589,SP,sao bernardo do campo,10,2240.0,10,4.8,10,0.0,-6.2,0.0,False,True,True,35,2,Lower-value
51e0557bc7b86de13e946c60ee91ce39,MG,belo horizonte,1,45.8,1,5.0,1,0.0,-9.0,0.0,False,True,True,0,1,Lower-value
0bebbb2cea103a4a020c95d43fd7d754,SP,sao paulo,9,1367.2,9,4.888888888888889,9,0.0,-10.444444444444445,0.0,False,True,True,58,2,Lower-value
9da1ca0bef29ee170e541927a5aeabdc,SP,votuporanga,6,1484.4,6,3.0,6,0.1666666666666666,-6.5,0.3333333333333333,False,True,True,99,2,Lower-value
6c7d50c24b3ccd2fd83b44d8bb34e073,SP,presidente prudente,128,8699.34,114,4.389380530973451,113,0.0175438596491228,-11.991071428571429,0.0789473684210526,False,True,True,403,2,High-value
3faf68a3b0af94b10bac70d86077be49,SP,holambra,7,1322.93,7,4.571428571428571,7,0.0,-30.428571428571427,0.0,False,True,True,86,0,Lower-value
05feb94f19d094d4b0f9281f0b1d4c99,SP,mogi das cruzes,6,9353.0,6,4.5,6,0.0,-13.333333333333334,0.0,False,True,True,188,2,High-value
f650a9708fa1bab22bdd8d3a818cc415,SC,ararangua,5,507.75,5,3.4,5,0.0,-21.25,0.4,False,True,True,189,1,Lower-value
5cbbd5a299cab112b7bf23862255e43e,PR,pinhais,38,2726.06,36,4.277777777777778,36,0.0,-13.833333333333334,0.1111111111111111,False,True,True,335,5,Lower-value
07d75e33f2750d97d467fb57e4dfdd8a,SP,sao paulo,2,722.4,2,2.5,2,0.0,-11.5,0.5,False,True,True,62,2,Lower-value
8a8835a43bda99fd37310ad76c457510,SP,sao caetano do sul,3,224.34,2,4.5,2,0.0,-5.0,0.0,False,True,True,17,1,Lower-value
ca3bd7cd9f149df75950150d010fe4a2,SP,sao paulo,138,9731.85,71,3.95774647887324,71,0.0140845070422535,-16.5,0.1830985915492957,False,True,True,558,2,High-value
323ce52b5b81df2cd804b017b7f09aa7,SP,sao paulo,30,2554.2,30,4.310344827586207,29,0.1333333333333333,-5.655172413793103,0.1,False,True,True,187,1,Lower-value
ebd1417732defaf66c50b5a800eb293e,PR,londrina,1,309.0,1,5.0,1,0.0,-22.0,0.0,False,True,True,0,1,Lower-value
76ea5315acb3f5f7ade3cd261faf922a,SP,sao paulo,15,1087.06,15,4.266666666666667,15,0.0666666666666666,-11.2,0.0666666666666666,False,True,True,93,7,Lower-value
4b1eaadf791bdbbad8c4a35b65236d52,SP,ribeirao preto,8,1849.79,8,2.0,8,0.125,-15.8,0.75,True,True,True,165,1,Lower-value
4cc43a222a0f94910728b62b97a8c5f8,SP,ribeirao preto,1,108.5,1,3.0,1,0.0,-12.0,0.0,False,True,True,0,1,Lower-value
bc503e244f187939d10c92a5c8e378ce,SP,birigui,16,637.67,7,3.2857142857142856,7,0.0,-11.333333333333334,0.4285714285714285,False,True,True,328,1,Lower-value
b6f52e346160519c24a23af05410ad32,SP,sao paulo,1,129.9,1,4.0,1,0.0,-3.0,0.0,False,True,True,0,1,Lower-value
70125af26c2d6d4ef401a1d02ae7701f,GO,goiania,8,371.2,5,4.6,5,0.0,-3.4,0.0,False,True,True,46,1,Lower-value
c84592044b180dec206770c38603814b,SP,sao paulo,15,511.94000000000005,15,4.2,15,0.0,-13.285714285714286,0.1333333333333333,False,True,True,83,4,Lower-value
1caf283236cd69af44cbc09a0a1e7d32,RJ,nova iguacu,37,917.6,33,4.606060606060606,33,0.0909090909090909,-11.848484848484848,0.0606060606060606,False,True,True,475,4,Lower-value
ba90964cff9b9e0e6f32b23b82465f7b,SP,guarulhos,38,44212.5,38,4.421052631578948,38,0.0526315789473684,-12.0,0.0526315789473684,False,True,True,171,5,High-value
5e9f5bd34e0830569f05c9d4f56e04a8,RS,porto alegre,2,239.98,2,4.5,2,0.0,-10.5,0.0,False,True,True,2,1,Lower-value
15fa791d5e017f66402dc28c44480657,SP,sao paulo,8,1802.0,8,4.25,8,0.125,-8.625,0.125,False,True,True,116,1,Lower-value
20d83f3ef0e6925fd74bfd59170babf7,SP,sao paulo,54,2903.6,40,4.4,40,0.05,-11.75,0.075,False,True,True,517,1,Lower-value
59417c56835dd8e2e72f91f809cd4092,SP,limeira,18,36459.0,18,4.277777777777778,18,0.0,-21.22222222222222,0.1111111111111111,False,True,True,249,1,High-value
a13580f0e8f782b7a543885a0ef99f08,RJ,rio de janeiro,10,1304.9,10,4.4,10,0.2,-8.5,0.0,False,True,True,263,2,Lower-value
ccada0ef508e698917a6eab263375905,PR,pato bragado,3,172.8,3,3.6666666666666665,3,0.0,-22.666666666666668,0.3333333333333333,False,True,True,84,1,Lower-value
4bde6149c15cf7e177b36fa060dd6de8,RS,carazinho,2,159.8,2,5.0,2,0.0,-47.5,0.0,False,True,True,2,2,Lower-value
fe1bbc5feda5c8979a8a1b3b2512d5a6,MG,arinos,10,724.72,9,3.888888888888889,9,0.1111111111111111,-13.77777777777778,0.0,False,True,True,161,1,Lower-value
23a0ffca143a15b9b5bbdb7d552f626a,SP,sao pedro,24,3718.51,23,3.9130434782608696,23,0.1304347826086956,-11.304347826086955,0.217391304347826,False,True,True,152,2,High-value
32b8764b4ef628b53608fc34011fcc13,SC,lages,38,8884.0,36,4.194444444444445,36,0.0277777777777777,-14.61111111111111,0.0555555555555555,False,True,True,168,1,High-value
e7df4cd29ab5abab70fb0783ddb53987,SP,sao paulo,24,9608.7,23,4.304347826086956,23,0.0869565217391304,-10.782608695652174,0.0869565217391304,False,True,True,549,3,High-value
0432ead42b6c8a0bdf68154add917fdf,SP,maua,90,7792.1,85,4.458823529411765,85,0.0235294117647058,-13.182926829268292,0.0941176470588235,False,True,True,481,3,High-value
7e959205cebc10adefcb331f934238a4,SP,sao paulo,2,513.9000000000001,2,1.0,2,0.0,,1.0,True,True,False,15,1,Lower-value
2a261b5b644fa05f4f2700eb93544f2c,SP,porto ferreira,82,5355.0,51,3.843137254901961,51,0.1568627450980392,-9.666666666666666,0.2156862745098039,False,True,True,289,1,High-value
f680f85bee2d253556ac91be391d2c82,SP,carapicuiba,54,5183.92,45,4.333333333333333,45,0.0222222222222222,-12.77777777777778,0.0666666666666666,False,True,True,328,2,High-value
3785b653b1b82de85ab47dd139938091,PR,ampere,24,1552.0,21,4.714285714285714,21,0.0,-18.285714285714285,0.0,False,True,True,342,1,Lower-value
d379f449f2a3b271bc01c0782020f705,MG,divinopolis,29,4423.06,28,3.892857142857143,28,0.0357142857142857,-14.714285714285714,0.2142857142857142,False,True,True,570,3,High-value
7ea5bfa6c340f58f8e71fc1f0412b0d6,MG,belo horizonte,104,11002.89,98,4.123711340206185,97,0.0612244897959183,-10.09375,0.1122448979591836,False,True,True,263,3,High-value
dc120d932ddf9d4dfb6fd68beefda622,PR,sao jose dos pinhais,1,130.0,1,1.0,1,0.0,-6.0,1.0,True,True,True,0,1,Lower-value
6902157ee16728322d61a1321fa79e58,SP,sao paulo,2,159.8,2,3.0,2,0.0,-20.0,0.5,False,True,True,15,1,Lower-value
f3041c2e75ec683697a6a5ea82192210,MG,itauna,1,145.0,1,5.0,1,0.0,-21.0,0.0,False,True,True,0,1,Lower-value
c54679b132454625907c773d273d4126,SP,guaruja,8,1032.0,7,4.857142857142857,7,0.0,-13.0,0.0,False,True,True,123,1,Lower-value
d26aa40b90272d4843d63be7c1462c8d,SP,sao paulo,2,152.9,2,4.5,2,0.0,-12.0,0.0,False,True,True,20,1,Lower-value
a2fa0bdc798ee84cdb08281337cf4fb6,SC,florianopolis,13,392.75,10,4.0,10,0.0,-7.5,0.2,False,True,True,372,1,Lower-value
bd697db56ff8e7c9cd1abeb7f72029b2,SP,sao paulo,22,3069.78,22,4.181818181818182,22,0.0,-12.666666666666666,0.1363636363636363,False,True,True,543,1,Lower-value
2aafae69bf4c41fbd94053d9413e87ee,RS,porto alegre,2,94.0,2,4.5,2,0.0,-27.5,0.0,False,True,True,61,1,Lower-value
483ca627d131e18f988349b1655c0acd,SP,mogi mirim,1,264.0,1,5.0,1,0.0,-5.0,0.0,False,True,True,0,1,Lower-value
1a3df491d1c4f1589fc2b934ada68bf2,SC,joinville,178,23302.7,167,4.191616766467066,167,0.0359281437125748,-13.10625,0.1137724550898203,False,True,True,472,1,High-value
e81e1f9c3e762e620f3fb60a51499e16,SC,curitibanos,18,4465.99,17,4.0,16,0.0588235294117647,-18.176470588235293,0.1176470588235294,False,True,True,358,3,High-value
4170f6a9367e6b5d6401d03ce6d54569,DF,brasilia df,5,568.78,4,4.0,4,0.25,-0.5,0.25,False,True,True,60,2,Lower-value
4e480be820e37de1444325ff358c9296,MG,tres coracoes,2,430.3,1,5.0,1,0.0,-10.0,0.0,False,True,True,0,1,Lower-value
6560211a19b47992c3666cc44a7e94c0,SP,sao paulo,2033,123304.83,1854,3.9341675734494017,1838,0.0517799352750809,-11.490379329301817,0.1720604099244876,False,True,True,558,7,High-value
3da38366e7bd9baf6369071f782ecdf0,CE,fortaleza,1,59.47,1,1.0,1,1.0,6.0,1.0,True,True,True,0,1,Lower-value
e3e290b38963293022cdcd6db8328103,SP,sao paulo,3,135.7,3,3.333333333333333,3,0.0,-11.0,0.3333333333333333,False,True,True,8,1,Lower-value
70b52a4cfc823994561b00bad161b4ed,SP,sao paulo,10,585.0,8,4.375,8,0.0,-25.125,0.0,False,True,True,511,1,Lower-value
c1552b1dab6e6f760950368ae61fb600,SP,sao jose dos campos,2,53.8,2,2.5,2,0.0,-1.0,0.5,False,True,True,2,1,Lower-value
596849622429351f47b32e6cae1055ff,SP,mogi das cruses,14,1104.7,14,4.0,13,0.0,-9.923076923076923,0.1428571428571428,False,True,True,78,4,Lower-value
e6ffc9ac6a7adc9d16a1cfc2286dd546,SP,sao paulo,1,34.99,1,1.0,1,0.0,,1.0,True,True,False,0,1,Lower-value
bf0045791395e66460eb04749c68672a,SP,sao paulo,2,119.8,2,4.0,2,0.0,-21.5,0.0,False,True,True,36,1,Lower-value
718539d38d07dd351c76db862760e2e2,SP,campinas,45,1318.9,37,4.4324324324324325,37,0.0,-14.028571428571428,0.081081081081081,False,True,True,302,3,Lower-value
b76f4d90e85657a240495c876313adc5,SP,hortolandia,1,299.0,1,5.0,1,0.0,-6.0,0.0,False,True,True,0,1,Lower-value
979e9f8b5b39dd243a2550c8b05aecf0,SP,sao paulo,4,525.0,3,5.0,3,0.0,-13.0,0.0,False,True,True,69,1,Lower-value
22a23e5ac7061fc538cc2a019afaaf16,MG,belo horizonte,1,95.0,1,3.0,1,0.0,-16.0,0.0,False,True,True,0,1,Lower-value
0b90b6df587eb83608a64ea8b390cf07,PR,maringa,210,28592.32,164,4.012269938650307,163,0.0365853658536585,-18.404907975460123,0.1707317073170731,False,True,True,296,1,High-value
9200e6ce317b67196b6b0bad4d4bd567,RJ,rio de janeiro,1,36.9,1,3.0,1,0.0,-8.0,0.0,False,True,True,0,1,Lower-value
4c60877808f4318ef1107fbeb8f89afa,SP,atibaia,2,118.0,2,4.0,2,0.0,-9.0,0.0,False,True,True,45,1,Lower-value
3bb32fedaa74e4ad20f4ce067733bd31,SC,porto belo,3,103.7,2,4.5,2,0.0,-10.0,0.0,False,True,True,2,1,Lower-value
ae8bfdbf1c2a2a2dee92d799db0a31c6,PR,toledo,8,339.92,8,4.125,8,0.0,-15.625,0.0,False,True,True,89,4,Lower-value
1927cdb9fa74f5270097f6250e8e8f34,SP,marilia,1,120.0,1,5.0,1,0.0,-9.0,0.0,False,True,True,0,1,Lower-value
8a87611c08849ffeeccab52aa798b6c7,PR,curitiba,14,2369.8,13,2.769230769230769,13,0.0,-30.0,0.5384615384615384,False,True,True,36,4,Lower-value
679769a98cfcc6da877c8486ff1c13f3,MG,ipatinga,21,7029.0,21,4.571428571428571,21,0.0,-15.61904761904762,0.0476190476190476,False,True,True,544,1,High-value
acf974e4d5950ad143a247471b831eb9,RS,caxias do sul,12,423.8,5,4.75,4,0.0,-16.6,0.0,False,True,True,236,1,Lower-value
20a7efa9721046319bdde5d60b6b5365,SP,laguna,6,501.2000000000001,3,5.0,3,0.0,-13.666666666666666,0.0,False,True,True,31,1,Lower-value
febab0275244b9a49a623f0bd613ca2f,SP,pedreira,129,7272.42,109,4.376146788990826,109,0.036697247706422,-11.650943396226417,0.091743119266055,False,True,True,547,3,High-value
f3da5b2ff499efb8d4a6d371d175d7dd,SP,sao paulo,84,3702.29,79,3.8205128205128207,78,0.1139240506329113,-7.961038961038961,0.2025316455696202,False,True,True,248,11,High-value
436bf27f2f18474fc6047702e9f8a866,SP,campinas,1,29.9,1,5.0,1,0.0,-10.0,0.0,False,True,True,0,1,Lower-value
d2f3e277560ed4c6361284429b00f037,SP,atibaia,7,320.55,7,4.714285714285714,7,0.0,-16.0,0.0,False,True,True,92,1,Lower-value
cd843d4cf8ef32827de0396605163ba3,MG,juiz de fora,5,1915.0,5,3.8,5,0.0,-6.2,0.0,False,True,True,381,1,Lower-value
67883baaae6134ee81b271a542613728,SP,sao paulo,19,8167.9,19,4.105263157894737,19,0.0526315789473684,-6.105263157894737,0.1052631578947368,False,True,True,35,2,High-value
7dc9a3355bae96dd82008b313d3a456c,MG,dores de campos,1,899.0,1,5.0,1,0.0,-14.0,0.0,False,True,True,0,1,Lower-value
05e107217c7266362fd44b75b2cd4cc4,SP,sao paulo - sp,8,193.38,5,4.2,5,0.2,-5.8,0.0,False,True,True,52,1,Lower-value
1acde099eb406aa220b1169b188b42da,SP,sao paulo,10,311.1,9,4.222222222222222,9,0.0,-8.0,0.1111111111111111,False,True,True,56,1,Lower-value
d97df38225e5abadaff1e72cb72b823c,SP,sao caetano do sul,29,1846.0,29,3.925925925925926,27,0.1379310344827586,-9.321428571428571,0.2068965517241379,False,True,True,278,1,Lower-value
45213867cefbf2cd4c6177e10216a951,SP,araras,14,4955.42,14,3.857142857142857,14,0.0714285714285714,-13.285714285714286,0.2142857142857142,False,True,True,256,2,High-value
61b893c57e33626afb104d4112b1be76,MG,divisa nova,1,74.99,1,1.0,1,0.0,,1.0,True,True,False,0,1,Lower-value
a420f60ff1aa9acc80d0e42959f2b313,SP,sao paulo,69,7443.3,67,3.953846153846154,65,0.0746268656716417,-13.014925373134329,0.1492537313432835,False,True,True,362,9,High-value
ff4ea69c2a729e83e63c7579e4ef8170,SP,guarulhos,9,7017.0,9,4.5,8,0.0,-12.25,0.1111111111111111,False,True,True,142,1,High-value
fa5fdc4e4bb6bd1009ad0e4ac4096562,SP,santo andre,1,161.99,1,5.0,1,0.0,-58.0,0.0,False,True,True,0,1,Lower-value
916748bc99315c2d202898ae58b1617e,SP,sorocaba,32,369.4,25,4.28,25,0.0,-10.08,0.08,False,True,True,285,2,Lower-value
bc2ac6b95e1accce9858528ee566c17e,SP,campinas,22,2045.0,18,4.555555555555555,18,0.0,-10.055555555555555,0.1111111111111111,False,True,True,272,1,Lower-value
25debeafbce801fdd479539350185eee,SP,igaracu do tiete,7,302.84000000000003,6,2.6666666666666665,6,0.0,-8.8,0.5,False,True,True,344,2,Lower-value
02c988090b766852e088c69d7fb3b551,SP,americana,17,1618.65,13,4.583333333333333,12,0.0,-11.083333333333334,0.0769230769230769,False,True,True,394,2,Lower-value
e5f9e61ceb5f523cc966e0f34095032f,SC,brusque,4,2238.0,4,4.0,4,0.25,-6.5,0.25,False,True,True,232,2,Lower-value
ad97a199236354e53fcd91a5a913e9a2,SC,brusque,18,13205.9,17,4.529411764705882,17,0.1176470588235294,-10.4375,0.0588235294117647,False,True,True,249,3,High-value
3606774ec64634822d78dc2db6d37045,SP,sao caetano do sul,2,299.8,2,3.0,2,0.0,-35.0,0.5,False,True,True,112,1,Lower-value
94165aea8a35c3c21499cbcae239b16c,MG,uberlandia,1,180.0,1,2.0,1,0.0,-13.0,1.0,True,True,True,0,1,Lower-value
c8665a4dd081a2c436b1cd921079d0d9,SP,pitangueiras,1,79.39,1,5.0,1,0.0,-24.0,0.0,False,True,True,0,1,Lower-value
c7dcd301ecfe5ab7f778ac172cf74be7,MG,belo horizonte,4,457.69,4,2.5,4,0.0,-29.0,0.5,False,True,True,2,2,Lower-value
6c17baf138731a4aaacc3210adf2037b,SP,franca,5,538.8,4,5.0,4,0.0,-8.75,0.0,False,True,True,14,1,Lower-value
50c361bcf670d16f6df4d52de3dff924,SP,sao paulo,1,35.0,1,1.0,1,0.0,,1.0,True,True,False,0,1,Lower-value
32e5635e63cb374eb63afdd242fb6134,RJ,rio de janeiro,1,910.0,1,5.0,1,0.0,-5.0,0.0,False,True,True,0,1,Lower-value
c1f12f926d0ba950578b4fa41115cbb6,SP,sao paulo,4,479.6,2,4.0,2,0.5,15.5,0.0,False,True,True,158,2,Lower-value
8602a61d680a10a82cceeeda0d99ea3d,SP,sao paulo,19,826.99,17,4.411764705882353,17,0.0,-11.411764705882351,0.1176470588235294,False,True,True,362,1,Lower-value
c3acdfac4e3e97ff87529454fbc03642,SP,sao paulo,12,16788.0,12,4.25,12,0.0833333333333333,-9.5,0.0833333333333333,False,True,True,145,1,High-value
fde0cc9ea29c8ccfc0a2c22256a58c71,PR,curitiba,35,3922.0,35,4.485714285714286,35,0.0285714285714285,-16.34285714285714,0.0857142857142857,False,True,True,312,3,High-value
e63e8bfa530fb16910dd6956e592bb81,SP,guarulhos,43,1311.7,42,4.238095238095238,42,0.0476190476190476,-13.560975609756095,0.119047619047619,False,True,True,386,2,Lower-value
c4f7fee5b0db50e87766f5a4d1b1b758,SP,sorocaba,9,11961.829999999998,8,2.875,8,0.0,-15.6,0.5,False,True,True,87,4,High-value
d7485b33791774c36108f8c69602d48d,PR,curitiba,10,399.82,10,3.7,10,0.1,-12.3,0.1,False,True,True,109,1,Lower-value
515d781150feed28a6ac091bb0e3cb8c,MS,campo grande,6,1002.35,6,4.166666666666667,6,0.0,-24.166666666666668,0.0,False,True,True,215,2,Lower-value
e908c0f3646e8b60375734a350d95d71,SP,sao paulo,1,2951.0,1,4.0,1,0.0,-9.0,0.0,False,True,True,0,1,Lower-value
2646baaf662d4d92ac48f047e35db92d,SP,sao paulo,18,1263.05,15,4.466666666666667,15,0.0666666666666666,-10.8,0.1333333333333333,False,True,True,101,4,Lower-value
13fa2a6c6b9d0f43cb588d7c82117a12,SP,sao paulo,10,4528.0,9,4.111111111111111,9,0.3333333333333333,-5.777777777777778,0.1111111111111111,False,True,True,110,1,High-value
5343d0649eca2a983820bfe93fc4d17e,SP,santo andre,111,10000.64,71,3.8285714285714287,70,0.0985915492957746,-13.128571428571428,0.2394366197183098,False,True,True,223,1,High-value
7c9130f5f3729edd32aa059141d92484,SP,garca,4,126.0,3,3.333333333333333,3,0.0,-14.333333333333334,0.3333333333333333,False,True,True,63,1,Lower-value
e4ebd3f87bf70440014f07ddda7fbe03,SP,presidente epitacio,7,671.5,7,4.571428571428571,7,0.0,-8.285714285714286,0.0,False,True,True,87,2,Lower-value
33a17d60c64393351ebf1ef860f4e0f2,RS,porto alegre,47,8152.48,43,4.627906976744186,43,0.0232558139534883,-15.604651162790695,0.0232558139534883,False,True,True,402,1,High-value
640e21a7d01df7614a3b4923e990d40c,SP,ibitinga,137,7598.88,116,4.301724137931035,116,0.043103448275862,-10.37391304347826,0.0862068965517241,False,True,True,161,1,High-value
d57e18d5f73c7ccb7f7339b61166898d,SP,sao paulo,63,3187.7,61,4.426229508196721,61,0.0,-11.42622950819672,0.081967213114754,False,True,True,345,3,Lower-value
dd2bdf855a9172734fbc3744021ae9b9,MG,belo horizonte,113,10816.7,108,3.855769230769231,104,0.0555555555555555,-23.00952380952381,0.1759259259259259,False,True,True,454,8,High-value
9d213f303afae4983637247556438ede,SP,ibitinga,3,47.7,2,5.0,2,0.0,-11.5,0.0,False,True,True,10,1,Lower-value
aadfe0417e61315688b6bd7043361e25,GO,goiania,1,289.9,1,4.0,1,0.0,-16.0,0.0,False,True,True,0,1,Lower-value
079d295dcbf06ee8bb1b65ba964eb2b6,SP,sao paulo,10,349.3,5,4.6,5,0.0,-11.2,0.0,False,True,True,45,1,Lower-value
55c26bcb609f480eb7868594245febb5,SP,tabatinga,6,664.4000000000001,6,4.0,6,0.0,-10.166666666666666,0.1666666666666666,False,True,True,121,2,Lower-value
cbf09e831b0c11f6f23ffb51004db972,SP,sbc/sp,10,1535.2,10,4.4,10,0.0,-13.5,0.0,False,True,True,110,2,Lower-value
7fdb0720c8d7c9075538b365dc8c3a22,PR,toledo,10,1804.0,9,2.4444444444444446,9,0.1111111111111111,-14.77777777777778,0.5555555555555556,False,True,True,92,3,Lower-value
933446e9a59dece7ae9175103820ca8f,PR,curitiba,3,381.39,2,3.0,2,0.0,-66.0,0.5,False,True,True,28,1,Lower-value
3f8247d0f772ffa58560e5c682521ad5,SC,joinville,1,139.9,1,3.0,1,0.0,,0.0,False,True,False,0,1,Lower-value
e46bc031f2c5bae4ccb40bb90712e9b4,SP,sao paulo,1,277.3,1,1.0,1,0.0,,1.0,True,True,False,0,1,Lower-value
4aba391bc3b88717ce08eb11e44937b2,BA,arraial d'ajuda (porto seguro),30,7595.87,29,3.896551724137931,29,0.1379310344827586,-13.11111111111111,0.2068965517241379,False,True,True,548,2,High-value
fcba71d4d5db057f43249145e4eb1e27,SP,limeira,3,494.55,3,4.666666666666667,3,0.0,-7.666666666666667,0.0,False,True,True,118,1,Lower-value
c747d5b92c7648417faea95d36d763e8,CE,pacatuba,1,139.0,1,5.0,1,0.0,-15.0,0.0,False,True,True,0,1,Lower-value
715bbd5ba4e6b74cb0d2f29eb45058b0,SP,serra negra,64,4043.3,62,4.467741935483871,62,0.0806451612903225,-13.46774193548387,0.064516129032258,False,True,True,343,5,High-value
1430239a858e7682bbc43b20758af153,SP,sao paulo,23,660.79,18,4.111111111111111,18,0.0,-10.411764705882351,0.1111111111111111,False,True,True,364,3,Lower-value
bb7a14e229b1c95156719c3d9552eeee,RJ,rio de janeiro,11,3190.1,11,4.181818181818182,11,0.0909090909090909,-10.6,0.1818181818181818,False,True,True,193,3,Lower-value
d598f929fc44e1e38678e7f47250ec04,GO,formosa,1,69.9,1,5.0,1,0.0,-23.0,0.0,False,True,True,0,1,Lower-value
edc518ba25576a0188a0e8f2c3af186f,SP,guarulhos,8,1647.39,6,3.6666666666666665,6,0.0,-8.333333333333334,0.3333333333333333,False,True,True,50,4,Lower-value
4c18691b6037662be2df78a765d98ab5,SP,sao paulo,67,3195.52,63,3.873015873015873,63,0.0634920634920634,-11.253968253968257,0.1746031746031746,False,True,True,183,6,Lower-value
8f2b51a30523cdecddc2f179f351c7d6,SP,sao paulo,8,1027.9,7,4.142857142857143,7,0.0,-15.714285714285714,0.1428571428571428,False,True,True,79,1,Lower-value
6b536a23086fba0d58c08d68814397f6,RJ,niteroi,23,2068.8,19,3.947368421052632,19,0.0526315789473684,-12.055555555555555,0.2105263157894736,False,True,True,276,2,Lower-value
95f83f51203c626648c875dd41874c7f,MG,borda da mata,67,3217.46,52,3.673076923076923,52,0.0384615384615384,-13.76,0.2884615384615384,False,True,True,269,2,Lower-value
6b243f80ed07b10f0e8aa0f21a205f3c,PR,curitiba,89,6260.1,79,4.265822784810126,79,0.0379746835443038,-14.60759493670886,0.1012658227848101,False,True,True,400,1,High-value
e7f3bf1ecd8526eb7f3b18059e6716e5,SP,ubatuba,19,1471.54,18,4.555555555555555,18,0.0,-15.294117647058824,0.0555555555555555,False,True,True,209,3,Lower-value
4d600e08ecbe08258c79e536c5a42fee,PR,entre rios do oeste,8,4465.34,8,4.0,8,0.0,-27.857142857142858,0.25,False,True,True,160,2,High-value
2089a6d640999f9b9141ac719b2af596,SP,sao carlos,44,8830.82,44,3.727272727272727,44,0.1136363636363636,-11.439024390243905,0.2954545454545454,False,True,True,456,3,High-value
2a167ca73899c85001a837d8fb4962f6,SP,sao paulo,3,4097.0,2,4.5,2,0.0,-14.5,0.0,False,True,True,7,1,High-value
458c6fa920810ce2492da71bc26d9eec,SP,catanduva,2,756.76,2,2.5,2,0.0,-10.0,0.5,False,True,True,9,1,Lower-value
7494d0dcba8551df6cf37f1b905dc2f7,SP,santos,1,45.9,1,3.0,1,0.0,-15.0,0.0,False,True,True,0,1,Lower-value
698f5fa55a5f73d0740e9d9a773e8093,RJ,rio de janeiro,6,120.0,4,4.75,4,0.0,-16.5,0.0,False,True,True,7,1,Lower-value
4f0d637c1197fd65405ebd755ac9f86b,SP,taboao da serra,2,199.8,2,5.0,2,0.0,-17.0,0.0,False,True,True,20,1,Lower-value
3969863bb8af7f72580b3b1ffd3a17b3,SP,sao paulo,13,623.15,12,4.083333333333333,12,0.0,-12.0,0.0833333333333333,False,True,True,262,4,Lower-value
2a5b78b41cd05baeac8df54c6606b92c,MG,formiga,60,19025.36,49,4.326530612244898,49,0.0204081632653061,-19.369565217391305,0.1020408163265306,False,True,True,409,1,High-value
1f7dfad2cb384ea4d2d7e1ffbd78c407,SP,sao paulo,1,49.0,1,1.0,1,0.0,-4.0,1.0,True,True,True,0,1,Lower-value
08f5819815f3d06545011850bd70f0a8,SP,santos,3,452.0,3,4.666666666666667,3,0.0,-15.333333333333334,0.0,False,True,True,52,1,Lower-value
b32be1695eb7ec5f10f72d9610a12527,RS,caxias do sul,46,26874.0,45,4.068181818181818,44,0.0444444444444444,-13.613636363636363,0.1333333333333333,False,True,True,261,4,High-value
b94cc9f10ddc85e4ba73a6f7974e7101,RJ,macae,39,25346.1,39,4.297297297297297,37,0.0512820512820512,-12.717948717948715,0.1282051282051282,False,True,True,222,2,High-value
53243585a1d6dc2643021fd1853d8905,BA,lauro de freitas,410,222776.05,358,4.132022471910112,356,0.0335195530726257,-11.479885057471265,0.1201117318435754,False,True,True,357,2,High-value
6df688df543f90e9b38f4319e75a9d88,MG,belo horizonte,56,1949.96,40,4.575,40,0.0,-15.41025641025641,0.025,False,True,True,294,1,Lower-value
7f40d06aa0b5f1aa4f41af8c0480e2ef,SP,rio claro,6,1309.94,6,4.833333333333333,6,0.0,-10.166666666666666,0.0,False,True,True,18,2,Lower-value
dd88d13bea9e4c2bf47daf224f8141e5,RS,lajeado,1,458.0,1,5.0,1,0.0,-7.0,0.0,False,True,True,0,1,Lower-value
72c38a04bd6a1c3dbc5298425a0db86d,PR,cascavel,5,647.3,4,3.75,4,0.0,-22.0,0.25,False,True,True,52,3,Lower-value
9e17b9d64683aebcbb9ee362d06463b4,SP,ribeirao preto,3,98.7,2,1.0,2,0.0,,1.0,True,True,False,3,2,Lower-value
b5bb2b985208834bd5bd86c7a402bbad,RS,venancio aires,2,621.06,2,5.0,2,0.0,-19.0,0.0,False,True,True,80,1,Lower-value
b1fecf4da1fa2689bccffa0121953643,MS,campo grande,20,3669.64,19,4.947368421052632,19,0.0,-21.68421052631579,0.0,False,True,True,234,1,High-value
7b1222c3624aa89b9558b50a2594188c,SP,sao jose do rio preto,22,10103.52,22,4.454545454545454,22,0.1363636363636363,-13.045454545454543,0.0909090909090909,False,True,True,492,3,High-value
e595809a6c31ec4314fd06ef198c244d,SC,navegantes,1,39.0,1,5.0,1,0.0,-13.0,0.0,False,True,True,0,1,Lower-value
ba6b68b55fe8704377a7d43c8e5c0185,MG,belo horizonte,5,739.77,5,4.2,5,0.0,-13.4,0.2,False,True,True,32,2,Lower-value
b8114f2f589a6804810f04f99b36b498,SP,sao bernardo do campo,11,1399.62,8,4.75,8,0.0,-10.0,0.0,False,True,True,134,1,Lower-value
83d7070a0b9a8b4625fa8682b819fabb,SP,cotia,2,694.77,2,1.0,2,0.0,,1.0,True,True,False,10,1,Lower-value
570d4583587a5fe2d47c7be89b91ad27,SP,sao paulo,2,125.25,2,5.0,2,0.0,-10.5,0.0,False,True,True,5,1,Lower-value
9591fc341b1bfb7ef561e2968ec6e011,SP,sao paulo,1,79.9,1,1.0,1,0.0,,1.0,True,True,False,0,1,Lower-value
0af977692321d895349eded183341d28,SP,santos,2,257.75,2,4.5,2,0.0,-8.5,0.0,False,True,True,141,1,Lower-value
b33aaadd1a8891d2dfef0c4c3bdf0371,SP,limeira,17,1504.0,16,3.9375,16,0.125,-8.625,0.1875,False,True,True,160,1,Lower-value
5d9dc90a686a8fddacffab6bab5653a3,SP,santana de parnaiba,12,3761.94,12,4.166666666666667,12,0.0833333333333333,-9.583333333333334,0.0833333333333333,False,True,True,318,1,High-value
cc80e2f693fa6e2408f47ccf62413fc1,PR,curitiba,2,420.0,2,4.0,2,0.0,-17.0,0.0,False,True,True,3,1,Lower-value
dee656f0f566ed1aa85bd137c943f08f,SP,cruzeiro,95,6271.9800000000005,93,4.369565217391305,92,0.043010752688172,-14.08695652173913,0.075268817204301,False,True,True,315,12,High-value
ace601496e211a664100321f038f50af,SP,sao paulo,1,165.0,1,2.0,1,0.0,,1.0,True,True,False,0,1,Lower-value
d673a59aac7a70d8b01e6902bf090a11,SP,ibitinga,84,3908.94,79,3.911392405063291,79,0.0759493670886076,-12.025316455696204,0.1518987341772152,False,True,True,295,2,High-value
966cb4760537b1404caedd472cc610a5,SP,diadema,75,51286.05,75,3.864864864864865,74,0.0266666666666666,-15.537313432835822,0.1866666666666666,False,True,True,142,1,High-value
d4a5e99e0dd915df64ba55a7fbd583fd,SP,sao paulo,6,65.15,2,3.0,2,0.0,-11.0,0.5,False,True,True,0,1,Lower-value
6bcb2352a2a0c38b845f598298ab9d26,PR,maringa,2,31.8,2,3.0,2,0.0,-14.0,0.5,False,True,True,104,1,Lower-value
2c2c9832d1bb38c5b0034a3b47d313ee,RS,santa maria,1,49.9,1,3.0,1,0.0,-14.0,0.0,False,True,True,0,1,Lower-value
f3b80352b986ab4d1057a4b724be19d0,DF,brasilia,92,10505.1,87,4.172413793103448,87,0.0,-13.16279069767442,0.1264367816091954,False,True,True,527,2,High-value
b452cb0ae35044c4a53179c39f49fb06,SP,sorocaba,2,63.7,2,4.0,2,0.0,-9.0,0.0,False,True,True,0,2,Lower-value
0307f7565ff85b299b6e5ef162b1b1a9,SP,sao jose do rio preto,7,4728.8,7,3.142857142857143,7,0.0,-16.666666666666668,0.4285714285714285,False,True,True,226,3,High-value
ffeee66ac5d5a62fe688b9d26f83f534,SP,mirassol,14,1839.86,14,4.214285714285714,14,0.1428571428571428,-8.357142857142858,0.1428571428571428,False,True,True,225,1,Lower-value
3bfad056cf05c00dabe2f895925d83b1,SP,osasco,5,206.65,1,1.0,1,0.0,,1.0,True,True,False,0,0,Lower-value
9aa388272ee334b6ae07bc73706e254a,MG,muriae,7,678.0,6,4.333333333333333,6,0.0,-15.166666666666666,0.1666666666666666,False,True,True,139,1,Lower-value
74bafed391319577bce6f4d2acc0589a,SP,sao paulo,3,1847.0,3,2.6666666666666665,3,0.0,-12.666666666666666,0.6666666666666666,False,True,True,211,2,Lower-value
2b03ac196f5ed62ac483960fe0fa3b65,SP,sao paulo,7,843.1,7,4.142857142857143,7,0.1428571428571428,-9.571428571428571,0.1428571428571428,False,True,True,172,2,Lower-value
0b64bcdb0784abc139af04077d49a20e,RS,canoas,4,137.6,4,4.75,4,0.0,-18.0,0.0,False,True,True,97,1,Lower-value
0bfd0b434243adc5c2e1aa6baf19c6aa,RJ,rio de janeiro,6,371.2000000000001,6,3.6666666666666665,6,0.0,-20.5,0.1666666666666666,False,True,True,103,4,Lower-value
92d14edfb62ee5ae7fdff70b0f4e7233,SP,sao bernardo do campo,13,322.0,8,3.375,8,0.0,-13.125,0.25,False,True,True,205,3,Lower-value
5e105f5c9f63f5f1fd75d6cb942e55b1,SP,sao jose do rio preto,8,1471.9,8,4.5,8,0.0,-6.875,0.125,False,True,True,97,1,Lower-value
2fb25ab44bdbeae6a4d816e0d0c9d500,RJ,volta redonda,5,683.08,5,4.8,5,0.0,-19.0,0.0,False,True,True,308,2,Lower-value
ed4311e67debd72b8610a5347a743087,SP,guarulhos,26,3636.0,25,4.625,24,0.04,-8.64,0.04,False,True,True,257,1,High-value
5bf397d04035b5f45cc41e82ec106803,SP,sao paulo,4,1525.0,3,4.333333333333333,3,0.0,-19.33333333333333,0.0,False,True,True,54,2,Lower-value
f9bbdd976532d50b7816d285a22bd01e,SP,sao paulo,2,268.0,2,5.0,2,0.0,-18.0,0.0,False,True,True,111,1,Lower-value
e3e15e2c0b9700561efac21c6be48066,SP,sao paulo,4,97.24,3,2.0,3,0.0,,0.6666666666666666,True,True,False,159,1,Lower-value
a5bff0f43eb51f0cad7c37fac7244c8a,SP,sao paulo,5,445.0,4,4.75,4,0.0,-11.75,0.0,False,True,True,219,1,Lower-value
f52c2422904463fdd7741f99045fecb6,SP,santo andre/sao paulo,13,567.79,12,4.25,12,0.0,-10.083333333333334,0.0833333333333333,False,True,True,66,3,Lower-value
14f2b3587172b9db894c9bad8dab520b,RS,ipe,2,244.0,2,2.5,2,0.0,-12.5,0.5,False,True,True,115,1,Lower-value
1354d51653f645349064725ed204e85e,SP,sao paulo,20,2410.0,18,3.9444444444444446,18,0.0,-18.83333333333333,0.1666666666666666,False,True,True,441,3,Lower-value
eaaa46e98c9e61f6764dd1d7a2ab8b3e,RN,messias targino,1,98.0,1,5.0,1,0.0,-12.0,0.0,False,True,True,0,1,Lower-value
5b664594895aefb418afaee6d40a9a23,RJ,petropolis,22,1008.8,16,3.9375,16,0.0,-12.0,0.1875,False,True,True,567,3,Lower-value
bf00385a5f7fc1ef39a13c2e9ee50a5f,SP,sao paulo,29,870.3,29,4.310344827586207,29,0.0,-10.821428571428571,0.1034482758620689,False,True,True,55,6,Lower-value
391bbd13b6452244774beff1824006ed,SP,campinas,2,127.8,2,1.0,2,0.5,24.0,1.0,True,True,True,28,1,Lower-value
c714262700f93defc16bf17a51a4cb23,SP,sao paulo,4,421.8,4,3.75,4,0.0,-10.5,0.25,False,True,True,59,2,Lower-value
bcd2d7510d58e293f20fad6438c1b314,PR,curitiba,1,23.9,1,,0,1.0,4.0,0.0,False,False,True,0,1,Lower-value
ec4608a1f76453166bb312b2968aeaf4,SP,porto ferreira,35,1181.75,18,3.1666666666666665,18,0.1666666666666666,-6.588235294117647,0.3333333333333333,False,True,True,537,1,Lower-value
5c603ffb38cbbf25a0e0698941324143,MG,varginha,2,348.8,2,1.0,2,0.0,,1.0,True,True,False,2,1,Lower-value
2bd05d410a8fd26dc4184a15f4f2f588,MG,belo horizonte,7,1316.73,6,5.0,6,0.0,-19.0,0.0,False,True,True,267,2,Lower-value
4dab98ca6cd6d3df586203cefd28a042,RS,porto alegre,1,154.9,1,5.0,1,0.0,-1.0,0.0,False,True,True,0,1,Lower-value
293dee954235e4e4e43f129313625ebe,DF,brasilia,8,1778.92,8,5.0,8,0.0,-17.625,0.0,False,True,True,97,1,Lower-value
cd68562d3f44870c08922d380acae552,SP,ribeirao preto,132,18569.7,125,3.943548387096774,124,0.152,-8.19672131147541,0.184,False,True,True,425,9,High-value
082e0bf4cb865a6533b1e8e498cc0255,SP,botucatu,23,2073.3,11,3.272727272727273,11,0.1818181818181818,-14.636363636363637,0.3636363636363636,False,True,True,291,2,Lower-value
c286ec035ee04ba81c97508f0b5df544,PR,curitiba,2,493.0,2,2.5,2,0.0,-9.0,0.5,False,True,True,130,1,Lower-value
dd8a29ce82d5c705ba932d81494600a5,SP,sao paulo,2,205.75,2,3.5,2,0.0,-10.0,0.0,False,True,True,98,1,Lower-value
41da412d33e8da4f22baf55cb1bde82c,ES,domingos martins,21,862.9,15,4.666666666666667,15,0.0,-18.866666666666667,0.0,False,True,True,146,1,Lower-value
782f78b632a43875dd5b53e3e49c9564,SP,campinas,3,146.01,2,3.0,2,0.0,-14.0,0.5,False,True,True,46,1,Lower-value
28405831a29823802aa22c084cfd0649,SP,sao paulo,7,245.0,7,4.285714285714286,7,0.0,-6.0,0.0,False,True,True,53,1,Lower-value
fe19dce63ae80346207c6c55713d1023,MG,uberaba,1,49.9,1,5.0,1,0.0,-22.0,0.0,False,True,True,0,1,Lower-value
a67780aba9dd436e7ac0aa1f889e73ec,SP,presidente prudente,6,863.0,6,3.6666666666666665,6,0.1666666666666666,-4.333333333333333,0.1666666666666666,False,True,True,255,2,Lower-value
d594982fd877af63ace38ea1fca27c76,SP,sao paulo,7,217.04,7,4.428571428571429,7,0.0,-13.285714285714286,0.1428571428571428,False,True,True,52,2,Lower-value
dda37071807e404c5bb2a1590c66326f,SP,sao paulo,1,199.99,1,5.0,1,0.0,-4.0,0.0,False,True,True,0,1,Lower-value
5bc55dbe2f12b6af6d83ed46023e0dc8,MG,coronel fabriciano,21,2992.1,17,2.411764705882353,17,0.2352941176470588,-7.882352941176471,0.5882352941176471,False,True,True,173,2,Lower-value
b1b3948701c5c72445495bd161b83a4c,SP,sao paulo,18,24699.19,18,1.7222222222222223,18,0.5,4.071428571428571,0.7777777777777778,True,True,True,67,1,High-value
4e92348462c75b6c842b994ce84a0ed4,RS,cachoeirinha,1,69.9,1,5.0,1,0.0,-19.0,0.0,False,True,True,0,1,Lower-value
6e13dd869aa7185f601c941423abcc8f,SP,sao paulo,6,522.0,5,4.8,5,0.0,-12.4,0.0,False,True,True,100,1,Lower-value
723cd880edaacdb998898b67c8f9da30,SP,ibitinga,12,2136.53,11,4.090909090909091,11,0.0909090909090909,-11.272727272727272,0.1818181818181818,False,True,True,146,2,Lower-value
00ee68308b45bc5e2660cd833c3f81cc,SP,sao paulo,172,20260.0,135,4.298507462686567,134,0.074074074074074,-10.792592592592593,0.1111111111111111,False,True,True,324,2,High-value
1fbe10c70e30765ed1de86d9f7e98409,SP,maua,6,98.75,2,2.5,2,0.0,-4.5,0.5,False,True,True,27,1,Lower-value
001e6ad469a905060d959994f1b41e4f,RJ,sao goncalo,1,250.0,1,1.0,1,0.0,,1.0,True,True,False,0,1,Lower-value
685b870da5b52a710782c9c0fefbeb5b,SP,sao bernardo do campo,2,627.0,2,2.0,2,1.0,16.0,0.5,True,True,True,82,1,Lower-value
701938c450705b8ae65fc923b70f35c7,SP,s jose do rio preto,112,11983.28,75,4.013513513513513,74,0.04,-11.743243243243244,0.12,False,True,True,429,2,High-value
f3862c2188522d89860c38a3ea8b550d,SP,ribeirao preto,1,15.5,1,5.0,1,0.0,-8.0,0.0,False,True,True,0,1,Lower-value
f5f1f2c5f923f36ad79ea1d07185ddc9,SP,taruma,13,1912.15,12,3.25,12,0.0833333333333333,-7.9,0.3333333333333333,False,True,True,41,1,Lower-value
cf8ab1616079e2793aa29d524df01bb1,SP,sao paulo,9,14391.0,9,2.0,9,0.1111111111111111,-9.666666666666666,0.7777777777777778,True,True,True,97,1,High-value
160851d3ece7aa1a510f8d1a4bb8a8af,SP,garca,2,102.05,2,5.0,2,0.0,-13.0,0.0,False,True,True,22,1,Lower-value
61c36f0fc4a47f9532e5512b66668e62,SP,guarulhos,1,750.0,1,1.0,1,0.0,-7.0,1.0,True,True,True,0,1,Lower-value
59b22a78efb79a4797979612b885db36,MG,uberlandia,133,27184.5,125,3.983870967741936,124,0.112,-10.08,0.2,False,True,True,402,4,High-value
553a440137d6e0cf776aee0bb83ac9f5,SP,limeira,2,144.8,2,1.0,2,0.5,-6.5,1.0,True,True,True,17,2,Lower-value
ea8482cd71df3c1969d7b9473ff13abc,SP,sao paulo,1203,37177.52,1146,3.996491228070176,1140,0.0837696335078534,-9.96113074204947,0.1535776614310645,False,True,True,373,2,High-value
72bc2cce903c872fe376a8faaa81d237,SP,sao paulo,18,2149.2,17,4.647058823529412,17,0.0,-8.176470588235293,0.0588235294117647,False,True,True,335,2,Lower-value
65c255b299faf2d12050937cc219c46c,SP,sao paulo,2,88.2,2,4.5,2,0.0,-12.5,0.0,False,True,True,36,1,Lower-value
f09e26011d833ddab11593c1a097a92a,SP,pirassununga,1,79.9,1,1.0,1,0.0,,1.0,True,True,False,0,1,Lower-value
72c73be2b085b9d57650dd53eb2004c9,SP,sao paulo,1,29.4,1,5.0,1,0.0,-13.0,0.0,False,True,True,0,1,Lower-value
c2bda99904207edd1834f03e0022b007,SP,sao paulo,2,79.8,2,2.5,2,0.0,-7.0,0.5,False,True,True,46,1,Lower-value
3d4824f20035949c710eaf111f869d39,SP,sorocaba,10,1041.04,9,4.111111111111111,9,0.1111111111111111,-19.625,0.2222222222222222,False,True,True,79,7,Lower-value
042573af89b6d931f672efaf789d8358,SP,sorocaba,3,413.48,3,3.6666666666666665,3,0.3333333333333333,-1.0,0.3333333333333333,False,True,True,20,2,Lower-value
5b925e1d006e9476d738aa200751b73b,SP,sao paulo,63,7748.5,63,4.603174603174603,63,0.0634920634920634,-11.22222222222222,0.0476190476190476,False,True,True,318,1,High-value
06bb3a2fe5e7b7a845b13e8fb91bd944,MG,belo horizonte,18,1536.19,17,4.588235294117647,17,0.0,-13.823529411764708,0.0,False,True,True,296,1,Lower-value
5f5a58930c3c35f3b5af264f34fb8c85,SP,ribeirao preto,3,560.0,3,5.0,3,0.0,-22.0,0.0,False,True,True,24,2,Lower-value
fe2032dab1a61af8794248c8196565c9,SP,campinas,306,65959.61,294,4.375862068965517,290,0.0884353741496598,-10.9419795221843,0.0986394557823129,False,True,True,531,2,High-value
3092c0b297aacfb4bb6e056ebe13b9b8,SP,aruja,21,1623.9,19,3.631578947368421,19,0.0,-28.1875,0.2631578947368421,False,True,True,161,7,Lower-value
c004e5ea15737026cecaee0447e00b75,SP,sao paulo,2,4700.0,2,1.0,2,0.5,15.0,1.0,True,True,True,3,1,High-value
8629a7efec1aab257e58cda559f03ba7,GO,goiania,1,45.22,1,1.0,1,1.0,33.0,1.0,True,True,True,0,1,Lower-value
1c56ffe0e9dea2657fc6e95b53f40b13,SP,sao carlos,3,183.0,3,4.333333333333333,3,0.0,-9.333333333333334,0.0,False,True,True,30,1,Lower-value
74a9b9bddf14ece02beb81f52c41a88d,SP,sao paulo,2,95.0,2,3.5,2,0.0,-13.0,0.5,False,True,True,72,2,Lower-value
1cbd32d00d01bb8087a5eb088612fd9c,SP,sp / sp,12,1045.47,11,4.181818181818182,11,0.0909090909090909,-11.090909090909092,0.0909090909090909,False,True,True,100,5,Lower-value
850857dfac77488c307e2b1cbd84ab5a,PR,cascavel,1,1599.0,1,5.0,1,0.0,-26.0,0.0,False,True,True,0,1,Lower-value
e0a366315b1b726b6c7832d664c0f530,SP,sao paulo,51,7400.09,43,4.3023255813953485,43,0.0232558139534883,-11.651162790697674,0.1395348837209302,False,True,True,432,4,High-value
4049512728d969bec69f84088b012416,MG,belo horizonte,9,389.84,7,5.0,7,0.0,-18.428571428571427,0.0,False,True,True,283,2,Lower-value
120476eb7a04c149d14772edaf5d9bf2,RJ,angra dos reis,6,2368.8,4,4.25,4,0.0,-13.25,0.0,False,True,True,27,3,Lower-value
cd6efc47efaabf134f8bdb654e10b4f1,RJ,rio de janeiro,32,4158.55,31,4.483870967741935,31,0.064516129032258,-14.064516129032258,0.064516129032258,False,True,True,275,6,High-value
2a7c6c0b0d5efde2bf75ec1e1cec2d41,PR,maringa,3,147.6,3,3.333333333333333,3,0.0,-15.333333333333334,0.3333333333333333,False,True,True,27,1,Lower-value
4e17c65a516f69d023a2ae78b84f28d6,SP,suzano,74,7639.26,61,4.229508196721311,61,0.0491803278688524,-22.114754098360656,0.180327868852459,False,True,True,530,5,High-value
a8739afb32aaa45e01815ca76f76f54b,SP,sao bernardo do campo,15,298.83,13,3.769230769230769,13,0.0,-10.384615384615383,0.2307692307692307,False,True,True,59,1,Lower-value
d4828feed4cda2cd9d6b37899a95a71e,CE,juzeiro do norte,1,39.9,1,2.0,1,0.0,-23.0,1.0,True,True,True,0,1,Lower-value
e3d3b3efac954a60d61be70b7e05b49b,SP,sao paulo,3,1282.05,3,4.333333333333333,3,0.0,-17.666666666666668,0.0,False,True,True,18,1,Lower-value
d558ebe531605a1285ab2b1bc3256dfb,MG,divinopolis,3,709.0,3,4.666666666666667,3,0.0,-13.0,0.0,False,True,True,85,1,Lower-value
c7a0a13cbcf29d5ce51c8f80afdc0b89,SC,laurentino,9,483.08,8,4.125,8,0.0,-14.125,0.125,False,True,True,307,2,Lower-value
33ac3e28642ab8bda860a2f693000e78,SP,cotia,35,3661.03,34,4.205882352941177,34,0.0,-13.029411764705882,0.1176470588235294,False,True,True,528,2,High-value
8936ba0de1073ee888cb3185ae5dc661,SP,sao paulo,1,389.99,1,5.0,1,0.0,-10.0,0.0,False,True,True,0,1,Lower-value
18a349e75d307f4b4cc646a691ed4216,SP,sao paulo,148,8711.53,121,3.441666666666667,120,0.0495867768595041,-14.568807339449542,0.3140495867768595,False,True,True,370,17,High-value
a72c2f59332659e361d647515c698798,RS,flores da cunha,6,802.9,5,4.8,5,0.0,-17.4,0.0,False,True,True,183,2,Lower-value
b55638ad525e906c698fa2ce742c1742,SC,imbituba,12,1094.8,11,4.181818181818182,11,0.1818181818181818,-9.636363636363637,0.0,False,True,True,274,1,Lower-value
be9a160a9011f627c3e121d076c1ec7b,SC,jaragua do sul,7,2934.0,7,3.571428571428572,7,0.0,-17.4,0.2857142857142857,False,True,True,257,2,Lower-value
ed859002ad59dbf8cf3602696a6c3000,PR,londrina,13,2421.7,7,3.7142857142857135,7,0.0,-31.166666666666668,0.2857142857142857,False,True,True,110,3,Lower-value
12b9676b00f60f3b700e83af21824c0e,RS,montenegro,135,26774.0,135,4.537313432835821,134,0.0074074074074074,-21.2406015037594,0.0444444444444444,False,True,True,536,3,High-value
ef2fbc2b607d8492bcffe657a4645434,RJ,rio de janeiro,22,970.8,20,3.85,20,0.1,-10.263157894736842,0.25,False,True,True,54,5,Lower-value
a080fc8a850289b27500f6b49cca2553,SP,sao paulo,4,383.0,4,4.75,4,0.0,-9.5,0.0,False,True,True,103,2,Lower-value
9c57bc60cfad5ee62d35d3f1ce4593a1,PR,curitiba,1,180.0,1,1.0,1,1.0,14.0,1.0,True,True,True,0,1,Lower-value
9539213aa8e023c01937bef95dc006da,SP,sao paulo,9,229.1,9,4.555555555555555,9,0.1111111111111111,-4.333333333333333,0.0,False,True,True,102,1,Lower-value
69a43819c758c65a5befb0b471c954d7,PR,apucarana,3,299.85,2,4.0,2,0.0,-25.0,0.0,False,True,True,93,1,Lower-value
8fdca8e349553f99bc738833a62c8802,SP,sao paulo,29,989.34,22,4.190476190476191,21,0.0454545454545454,-12.454545454545457,0.0909090909090909,False,True,True,306,3,Lower-value
0bb27263628258b8111a0262769fa9db,SP,sao paulo,1,22.2,1,5.0,1,0.0,-17.0,0.0,False,True,True,0,1,Lower-value
08061dc0fc165ed41288cc7acde738ee,SP,osasco,4,123.8,4,4.5,4,0.25,-1.0,0.0,False,True,True,236,1,Lower-value
4ebdc7e6cd6102a022dadc49156d4ea8,SP,sao paulo,32,928.7,29,3.793103448275862,29,0.0344827586206896,-11.0,0.2068965517241379,False,True,True,512,4,Lower-value
f918546be4bec7104d117789ba758b2b,SP,sao paulo,23,1483.0,20,3.85,20,0.15,-8.55,0.2,False,True,True,203,1,Lower-value
eb4a59a06b3948e851a7d7a830bcbc42,BA,salvador,2,64.0,2,3.0,2,0.0,-10.0,0.5,False,True,True,79,1,Lower-value
80146bc52c4f6af5239b23de2a20262b,SP,taboao da serra,2,27.1,1,3.0,1,0.0,,0.0,False,True,False,0,1,Lower-value
4091f77d8c768fc3e81c20761471761d,SP,sao paulo,8,1079.0,8,2.75,8,0.25,-5.375,0.375,False,True,True,212,1,Lower-value
0dfbed20065e425d2eaefb101f9816c0,SP,porto ferreira,3,84.35,3,2.6666666666666665,3,0.3333333333333333,-2.0,0.6666666666666666,False,True,True,22,2,Lower-value
26bad72add1f86e08a776ce4ffdaf1ca,SP,pedregulho,7,622.0,7,4.428571428571429,7,0.0,-13.571428571428571,0.0,False,True,True,249,1,Lower-value
e174dc2de86d60fee178170a154c05e7,SP,santo andre,1,19.8,1,1.0,1,0.0,,1.0,True,True,False,0,1,Lower-value
612170e34b97004b3ba37eae81836b4c,RS,novo hamburgo,110,23065.02,107,4.429906542056075,107,0.0093457943925233,-18.373831775700936,0.0747663551401869,False,True,True,71,12,High-value
2a84855fd20af891be03bc5924d2b453,MG,belo horizonte,168,15819.1,164,4.253086419753086,162,0.024390243902439,-12.419354838709678,0.1097560975609756,False,True,True,244,8,High-value
cf2384dd2f1dddea3f838efed0945e65,SP,serra negra,16,2101.5,16,3.9375,16,0.0,-8.6875,0.125,False,True,True,510,2,Lower-value
377bc18334c78dd2f1535ef22a3ad225,PR,sao jose dos pinhais,1,135.98,1,5.0,1,0.0,-13.0,0.0,False,True,True,0,1,Lower-value
439a47cc365d6e3bd526812ea9de3c29,SP,mogi das cruzes,13,1186.5,8,4.25,8,0.0,-11.25,0.125,False,True,True,317,1,Lower-value
6ba4733aa33f6386e9fb0c0fd3993b38,RS,torres,3,149.79,3,4.666666666666667,3,0.0,-11.333333333333334,0.0,False,True,True,122,1,Lower-value
4b39558c138930b9e5489c93b6df5fe3,SE,aracaju,5,1096.7,4,4.5,4,0.0,-13.75,0.0,False,True,True,60,2,Lower-value
4b9750c8ad28220fe6702d4ecb7c898f,SP,limeira,222,15915.3,218,4.362385321100917,218,0.0596330275229357,-9.36405529953917,0.0688073394495412,False,True,True,318,2,High-value
278b6e0b20c4f61fefaa0577943d7a35,SC,itajai,2,1078.0,1,1.0,1,0.0,,1.0,True,True,False,0,1,Lower-value
ba8e85df286308fe68a2ce83a8f8b2d6,SC,santa catarina,1,80.9,1,5.0,1,0.0,-21.0,0.0,False,True,True,0,1,Lower-value
2059c39f76271d4ca3f15b5ffaccc8b8,PR,curitiba,12,604.9,12,4.5,12,0.0,-13.333333333333334,0.0,False,True,True,218,1,Lower-value
5a05a16bb50629ee31afab8a6d4c2674,RS,caxias do sul,15,794.3,14,4.214285714285714,14,0.0,-11.857142857142858,0.0714285714285714,False,True,True,118,1,Lower-value
edb65fe661681b1c0de8bd47c8655855,SP,sao paulo,1,69.0,1,3.0,1,0.0,-7.0,0.0,False,True,True,0,1,Lower-value
8cbac7e12637ed9cffa18c7875207478,SC,jaragua do sul,82,2990.98,67,4.119402985074627,67,0.0597014925373134,-13.62121212121212,0.1194029850746268,False,True,True,578,4,Lower-value
fdb9095204a334cd8872252ffec6f2db,SP,sao paulo,61,8156.0,46,4.173913043478261,46,0.0652173913043478,-11.130434782608695,0.1304347826086956,False,True,True,334,1,High-value
0cab2da43793a6f3c5ed8514c5f54627,PR,curitiba,3,309.70000000000005,3,5.0,3,0.0,-21.33333333333333,0.0,False,True,True,77,2,Lower-value
5b97c06a046398e7005b2b7c0d707a92,MG,joao pinheiro,4,1519.96,4,3.25,4,0.25,-2.6666666666666665,0.25,False,True,True,61,1,Lower-value
aae3bfea055532c57fb453ed3ec80b30,SP,santo andre,50,3057.92,48,3.595744680851064,47,0.0,-13.770833333333334,0.2083333333333333,False,True,True,481,1,Lower-value
866558b3bccef2dbc6d29a2b5995016f,PR,arapongas,6,1519.4,5,4.8,5,0.0,-13.0,0.0,False,True,True,271,2,Lower-value
cb5df0dcb9e280b1780e9d589889f2c7,SP,bady bassitt,19,2934.7200000000003,16,2.6,15,0.125,-15.454545454545457,0.5,False,True,True,136,5,Lower-value
9bcdfa7b615b3abb9461d9e3ad9886ae,SC,blumenau,20,2126.07,14,4.428571428571429,14,0.0714285714285714,-14.571428571428571,0.0714285714285714,False,True,True,439,1,Lower-value
271c58a1d139c45eaf3316107c6d3a3b,SP,sao paulo,29,3897.52,29,4.068965517241379,29,0.0689655172413793,-11.22222222222222,0.1724137931034483,False,True,True,104,1,High-value
2dee2ce60de9709b1a24083217181a1f,MT,sinop,55,7784.5,54,4.425925925925926,54,0.0185185185185185,-17.537037037037038,0.0555555555555555,False,True,True,344,1,High-value
a154d7316f158bb42e6fa18bbe3afd3a,SP,sao paulo,2,139.8,2,3.0,2,0.5,16.5,0.5,False,True,True,4,0,Lower-value
f84fa566034f5e8e880a07ec624c56af,SP,indaiatuba,102,5093.79,91,4.211111111111111,90,0.0989010989010989,-7.573033707865169,0.1208791208791208,False,True,True,389,3,High-value
4c1c7281388a33dd06daac44f9fadbd1,SP,marilia,5,188.32,5,4.8,5,0.0,-16.4,0.0,False,True,True,77,3,Lower-value
2063dd1b9f568df1c16741ea7d3e6adb,PR,guarapuava,3,763.1,3,5.0,3,0.0,-26.33333333333333,0.0,False,True,True,255,1,Lower-value
9cea4682e16655f7da87f406902e989e,PR,araucaria,9,87.75999999999999,4,4.0,4,0.0,-17.75,0.25,False,True,True,316,1,Lower-value
b1ac6ea7895bc3dd6f0f6f4abbdd2821,RS,canoas,41,3139.0,40,4.35,40,0.0,-16.81578947368421,0.075,False,True,True,309,1,Lower-value
851773c885feb5e2da3b4f82bc2b17ce,SP,lencois paulista,10,585.3,10,4.2,10,0.2,-8.5,0.1,False,True,True,198,1,Lower-value
0ff83046c3fa22efee8ecf291888b191,RS,caxias do sul,11,768.9000000000001,10,4.8,10,0.0,-17.7,0.0,False,True,True,365,1,Lower-value
2b2fed75b8e5ea3a052fc4c0825da485,MG,juiz de fora,4,510.9,3,5.0,3,0.0,-20.33333333333333,0.0,False,True,True,97,1,Lower-value
9f50216bfd01913736a55a11b55ea842,SP,taubate,19,1354.0,17,4.411764705882353,17,0.1176470588235294,-8.176470588235293,0.0588235294117647,False,True,True,57,8,Lower-value
2d518637f53161b973e01f56ea4bb88e,SP,sao paulo,13,1219.89,13,4.923076923076923,13,0.0,-21.615384615384617,0.0,False,True,True,108,1,Lower-value
aafe36600ce604f205b86b5084d3d767,SC,sao jose,131,9251.4,129,4.403100775193798,129,0.0387596899224806,-13.131782945736434,0.0930232558139534,False,True,True,543,4,High-value
efff9341f3f8f5237b44ff67ed36a7bf,ES,vitoria,5,872.99,5,4.4,5,0.0,-9.4,0.0,False,True,True,105,3,Lower-value
a7d0f8dd44f57ef6de7f7f02e3d82630,SP,sao paulo,2,73.78999999999999,2,4.5,2,0.0,-11.0,0.0,False,True,True,55,2,Lower-value
5b07547f10dd980738a1a27f685af669,SP,guarulhos,14,1134.6,13,4.461538461538462,13,0.1538461538461538,-5.846153846153846,0.0769230769230769,False,True,True,23,2,Lower-value
a99504ac23ed125aaf5302af6cc30af9,SP,batatais,1,978.0,1,5.0,1,0.0,-8.0,0.0,False,True,True,0,1,Lower-value
5882820ef11c4c068eea0677a7a879b4,RS,caxias do sul,14,9925.5,14,4.153846153846154,13,0.0,-17.357142857142858,0.0,False,True,True,472,2,High-value
7357b52d27cbaa90f81a96cbc1279396,MG,lagoa santa,12,1328.02,12,4.333333333333333,12,0.0833333333333333,-9.083333333333334,0.0833333333333333,False,True,True,99,2,Lower-value
180c3376aff0e43dd5788709df48a843,SP,sao paulo,10,4513.0,5,4.4,5,0.2,-4.8,0.2,False,True,True,145,2,High-value
b4b447d715f9ab302a188fb43d3e96b3,SP,sao paulo,5,685.9300000000001,5,4.8,5,0.0,-6.4,0.0,False,True,True,54,1,Lower-value
5e25c632f9db6cfb8bc100421c2737b6,SC,chapeco,1,259.0,1,5.0,1,0.0,-24.0,0.0,False,True,True,0,1,Lower-value
f4c4daa86e30c7e5a553a8d518ac03a5,PR,cascavel,20,6301.91,20,3.7,20,0.05,-13.555555555555555,0.25,False,True,True,250,2,High-value
398cb257329ef7af7f1943a8974a3cbc,BA,salvador,1,145.9,1,5.0,1,0.0,-18.0,0.0,False,True,True,0,1,Lower-value
4003520d80d0bad1d5623f7aa3c63cda,RJ,rio de janeiro,1,70.0,1,1.0,1,0.0,-5.0,1.0,True,True,True,0,1,Lower-value
3289d8c3eef4873f91ce0b1343c0dd58,SP,praia grande,1,199.99,1,5.0,1,0.0,-20.0,0.0,False,True,True,0,1,Lower-value
b0f2a6122a90a93eb03e68653dd960e3,PR,curitiba,7,1620.3,6,4.833333333333333,6,0.0,-17.333333333333332,0.0,False,True,True,101,1,Lower-value
6c1b6d0c604b776f844125f911eb7377,SP,sao paulo,5,443.06,5,3.4,5,0.0,-15.0,0.2,False,True,True,39,3,Lower-value
c4af86330efa7a2620772227d2d670c9,SP,mogi das cruzes,4,5396.0,4,4.333333333333333,3,0.0,-18.75,0.0,False,True,True,164,1,High-value
a888faf2d1baececa6baf9c3d603ee1f,PR,umuarama,55,17765.8,54,4.037037037037037,54,0.0925925925925925,-10.679245283018869,0.1666666666666666,False,True,True,458,1,High-value
681fce914360217db47784ae28905a96,PR,araucaria,24,4127.33,23,4.0,22,0.1304347826086956,-13.08695652173913,0.217391304347826,False,True,True,283,3,High-value
31be790e64fc99f8ff48ec2bd18a3104,SP,sao bernardo do campo,6,241.4,6,4.333333333333333,6,0.3333333333333333,-2.833333333333333,0.0,False,True,True,18,1,Lower-value
7b3447b497e55af8c15fc7bd89d7b81a,SP,sao paulo,1,49.9,1,5.0,1,0.0,-13.0,0.0,False,True,True,0,1,Lower-value
e560e4022d8f7aebf155db95946c5c0f,MG,belo horizonte,2,780.0,2,5.0,2,0.0,-11.5,0.0,False,True,True,29,1,Lower-value
2f9b7ce230a057a98a9f5df5893ee36c,SP,barueri,2,141.82,2,4.5,2,0.0,-6.5,0.0,False,True,True,32,1,Lower-value
41b39e28db005d9731d9d485a83b4c38,SP,santo andre,231,17112.55,195,4.035897435897436,195,0.0461538461538461,-17.983957219251337,0.1692307692307692,False,True,True,577,5,High-value
809413606dbfe5deefd2db646693ef67,SP,sao paulo,5,196.68,3,4.333333333333333,3,0.0,-8.0,0.0,False,True,True,181,1,Lower-value
609e1a9a6c2539919b8205cf7c4e6ff0,SC,brusque,130,6595.23,87,3.8117647058823527,85,0.0114942528735632,-16.862068965517242,0.2068965517241379,False,True,True,208,3,High-value
c3e2398fcc7e581cda2e546557bf6968,SP,sao paulo,1,14.9,1,5.0,1,0.0,-14.0,0.0,False,True,True,0,1,Lower-value
740205fedfe4e90ca6857bc77db0f2b4,SP,caxias do sul,1,229.9,1,5.0,1,0.0,-31.0,0.0,False,True,True,0,1,Lower-value
c79151301b9d90985d1fa52879213105,PR,maringa,8,322.3,4,3.75,4,0.0,-17.666666666666668,0.25,False,True,True,149,1,Lower-value
3e46a38ee171c503c3b4a3f23fe3bf0c,SP,sorocaba,1,59.9,1,5.0,1,0.0,-9.0,0.0,False,True,True,0,1,Lower-value
3d4b1ae7539303b5704493798893e82c,SP,sao paulo,9,1076.0,6,4.833333333333333,6,0.0,-11.0,0.0,False,True,True,83,2,Lower-value
bdf0d02d36a1d839d0c39c4a887cdd49,SP,birigui,7,120.0,5,5.0,5,0.0,-23.6,0.0,False,True,True,28,1,Lower-value
65a7c0788e4d632ccb5e1b594b87f0bb,SP,sao paulo,9,266.7,3,4.333333333333333,3,0.0,-14.0,0.0,False,True,True,128,1,Lower-value
d7f1cfc638473be93baedbfd02208016,RJ,belford roxo,1,30.0,1,5.0,1,0.0,-10.0,0.0,False,True,True,0,1,Lower-value
001cca7ae9ae17fb1caed9dfb1094831,ES,cariacica,239,25080.03,200,3.984771573604061,197,0.06,-12.882051282051282,0.16,False,True,True,523,2,High-value
7f35f9daf223da737b78738fbae4d977,SP,valinhos,5,252.0,5,4.0,5,0.0,-19.8,0.2,False,True,True,16,2,Lower-value
2eb70248d66e0e3ef83659f71b244378,SP,campinas,212,42628.61,202,2.696969696969697,198,0.1039603960396039,-10.053475935828876,0.4900990099009901,False,True,True,162,11,High-value
6061155addc1e54b4cfb51c1c2a32ad8,SP,campinas,33,15633.4,28,4.642857142857143,28,0.0357142857142857,-9.428571428571429,0.0357142857142857,False,True,True,86,2,High-value
8b87cd0d43d49b9bdf40f56229364d59,SP,sao paulo,5,1552.9,5,2.6,5,0.0,-7.5,0.6,False,True,True,55,2,Lower-value
52a50b42accf164f9f019941e5759d9b,SP,monte alegre do sul,4,139.96,4,4.75,4,0.0,-3.5,0.0,False,True,True,19,1,Lower-value
c6bda72e4dbf5c5866b13cb1810c6d03,SP,sao paulo,59,14059.38,59,4.389830508474576,59,0.0338983050847457,-12.271186440677964,0.0847457627118644,False,True,True,406,4,High-value
270572bb714b00531be85e16e1550f26,SP,maua,1,96.99,1,5.0,1,0.0,-16.0,0.0,False,True,True,0,1,Lower-value
16bdc8cefd0e32a6f0824d296c5ad14a,SP,sp,1,41.76,1,5.0,1,0.0,-12.0,0.0,False,True,True,0,1,Lower-value
4a82c4af97ffc0fb2dc26bfdc03b1842,MG,lagoa da prata,3,143.7,3,5.0,3,0.0,-15.0,0.0,False,True,True,76,1,Lower-value
3985a3c45be355a4c57fde108bfabd1c,RS,rolante,8,344.2,7,4.0,7,0.0,-17.714285714285715,0.1428571428571428,False,True,True,143,1,Lower-value
07e8e8fc5222bb358e6f259da3197074,SP,sao paulo,2,51.8,2,4.0,2,0.0,-6.5,0.0,False,True,True,168,0,Lower-value
cd06602b43d8800bd0afad514919d35c,SP,sao paulo,53,2588.07,44,3.6818181818181817,44,0.0454545454545454,-11.372093023255816,0.2727272727272727,False,True,True,555,3,Lower-value
8f0fbe2cd4d472157dc1cdef6edecaa9,SP,sao paulo,2,71.88,2,3.0,2,0.0,-11.5,0.5,False,True,True,59,2,Lower-value
f44b6f775a2b390380e0e30b5c9d3eee,SP,sao paulo,10,2930.0,10,4.9,10,0.0,-12.3,0.0,False,True,True,421,2,Lower-value
365e4bce19bda0082c3d15d83fdb8bcd,SP,sao caetano do sul,7,796.4,6,4.666666666666667,6,0.0,-12.666666666666666,0.0,False,True,True,158,2,Lower-value
2e0dba2da448400b1c11d7b4b22f32a4,SP,santo andre,13,235.87,7,3.142857142857143,7,0.0,-16.0,0.4285714285714285,False,True,True,100,1,Lower-value
e882b2a25a10b9c057cc49695f222c19,RJ,teresopolis,58,51057.54,57,4.578947368421052,57,0.0,-19.105263157894736,0.0526315789473684,False,True,True,225,8,High-value
734def04b237117a09321dd6d8f3f2a2,SP,araras,2,1252.43,2,5.0,2,0.0,-16.5,0.0,False,True,True,73,2,Lower-value
28c7d8743fbc8679f484868cc0fcaefb,SP,itaporanga,3,201.5,3,5.0,3,0.0,-11.0,0.0,False,True,True,96,1,Lower-value
9baf5cb77970f539089d09a38bcec5c3,SP,indaiatuba,33,6129.67,32,4.3125,32,0.0,-18.06451612903226,0.09375,False,True,True,561,7,High-value
e3dd723429d1b23614b7fa85e2c7a853,SP,sao bernardo do campo,8,471.05,7,3.7142857142857135,7,0.1428571428571428,-6.285714285714286,0.1428571428571428,False,True,True,75,2,Lower-value
f4a04f7be452aa3bb31760bf00055dd0,SP,santo andre,18,1312.1,18,4.666666666666667,18,0.0,-19.88888888888889,0.0,False,True,True,289,1,Lower-value
dbc22125167c298ef99da25668e1011f,MG,borda da mata,429,33776.78,406,4.269135802469136,405,0.0246305418719211,-13.692893401015228,0.0911330049261083,False,True,True,501,4,High-value
bc302730ea8cf49b5c74f579febb5bbf,SP,campinas,11,2640.9,11,3.8181818181818175,11,0.0909090909090909,-10.090909090909092,0.1818181818181818,False,True,True,360,3,Lower-value
e64ddbe1cbcf4f2fc3092b7c481f3f9d,SP,sao paulo,1,20.9,1,5.0,1,0.0,-7.0,0.0,False,True,True,0,1,Lower-value
56e361f411e38dcef17cdc2a3d99628b,SP,guarulhos,10,1298.0,5,4.0,5,0.2,-7.8,0.2,False,True,True,51,2,Lower-value
048c2757535328e0d7dac690ad3c0aae,SP,franca,51,9264.78,51,4.18,50,0.1176470588235294,-10.0,0.1568627450980392,False,True,True,535,1,High-value
bdb3edbaee43a761e2d4f258dc08f348,SP,lencois paulista,5,259.5,5,3.8,5,0.2,-10.8,0.2,False,True,True,26,2,Lower-value
b127efdabeffb5d559349c7b172eb75d,SP,sao paulo,10,308.5,10,4.8,10,0.1,-19.8,0.0,False,True,True,111,1,Lower-value
951e8cef368f09bb3f3d03c00ca4702c,SP,ibitinga,71,4092.29,64,4.081967213114754,61,0.0625,-10.35483870967742,0.140625,False,True,True,127,2,High-value
33d677f27a69b84051204ee4ae76eaca,SC,joinville,10,165.0,9,4.555555555555555,9,0.0,-20.11111111111111,0.1111111111111111,False,True,True,125,3,Lower-value
b88e7c57cb2d8b973b7dd4a2bfa14b36,PR,curitiba,4,353.9,4,4.25,4,0.0,-15.5,0.0,False,True,True,193,1,Lower-value
1967a9e2ad6f51802b093147d861df58,SP,sao paulo,2,380.0,2,1.0,2,0.0,,1.0,True,True,False,8,1,Lower-value
9da15f4a4ea758d9eeb49000dbe57e22,SP,osasco,1,196.9,1,2.0,1,1.0,6.0,1.0,True,True,True,0,1,Lower-value
d91fb3b7d041e83b64a00a3edfb37e4f,SP,praia grande,536,40889.74,535,4.099811676082863,531,0.0373831775700934,-12.6793893129771,0.1457943925233644,False,True,True,562,6,High-value
749e7cdabbaf72f16677859e27874ba5,SP,guarulhos,1,41.9,1,1.0,1,0.0,-7.0,1.0,True,True,True,0,0,Lower-value
3d5d0dc7073a299e31fa718ce1bc00b6,RJ,rio de janeiro,24,790.7,23,4.304347826086956,23,0.0434782608695652,-13.761904761904765,0.1739130434782608,False,True,True,54,6,Lower-value
688756f717c462a206ad854c5027a64a,SP,guarulhos,101,5966.54,83,3.865853658536585,82,0.036144578313253,-8.45679012345679,0.180722891566265,False,True,True,133,5,High-value
56a8b450e802502ba53a9885ee38e29f,SP,sao bernardo do campo,1,62.45,1,1.0,1,0.0,,1.0,True,True,False,0,1,Lower-value
9b00ed88b7fdb95d6ff76e27c1b52d16,SP,sao paulo,51,1627.88,47,4.468085106382978,47,0.0638297872340425,-10.521739130434783,0.0851063829787234,False,True,True,342,2,Lower-value
4be6b962d83299498bae2190f95d6566,SP,sao carlos,12,508.8,11,4.1,10,0.0909090909090909,-12.090909090909092,0.0909090909090909,False,True,True,157,2,Lower-value
c13fb473e7cb8b83ccd543c094df0608,SP,sao paulo,2,54.8,2,3.5,2,0.0,-20.5,0.0,False,True,True,48,2,Lower-value
17998cf586426bf0f2c3726cb0a4b211,MG,belo horizonte,2,69.8,2,4.0,2,0.0,-22.5,0.0,False,True,True,157,2,Lower-value
c88f62b4c386a59281014d677864d016,PR,arapongas,1,1099.0,1,1.0,1,0.0,,1.0,True,True,False,0,1,Lower-value
c864036feaab8c1659f65ea4faebe1da,PR,campo largo,58,10454.2,58,4.568965517241379,58,0.0344827586206896,-13.362068965517242,0.0517241379310344,False,True,True,386,1,High-value
8d899e15a5925f097cca50faa49b15e3,SP,sao roque,10,645.0,4,3.75,4,0.25,-12.0,0.25,False,True,True,81,2,Lower-value
79565f7d5603b24ddf07ade262547f2f,SP,araraquara,8,385.0,8,4.0,8,0.25,-11.0,0.25,False,True,True,106,2,Lower-value
ba143b05f0110f0dc71ad71b4466ce92,SP,sao paulo,86,6110.58,85,4.416666666666667,84,0.1176470588235294,-8.481927710843374,0.0941176470588235,False,True,True,116,3,High-value
4e0d109ccfba9a1151c103049880c857,RJ,sao joao de meriti,2,279.89,2,3.0,2,0.0,-15.5,0.5,False,True,True,188,1,Lower-value
89dda63a3c907c468ec88c310ed91213,SP,maua/sao paulo,2,734.99,2,3.0,2,0.0,-6.0,0.5,False,True,True,3,1,Lower-value
c522be04e020c1e7b79f3acff36513d5,SP,santana de parnaiba,7,739.9300000000001,7,3.571428571428572,7,0.2857142857142857,-6.333333333333333,0.2857142857142857,False,True,True,122,4,Lower-value
5f5b43b2bffa8656e4bc6efeb13cc649,SP,sao paulo,29,3677.2,27,4.407407407407407,27,0.037037037037037,-13.74074074074074,0.074074074074074,False,True,True,204,4,High-value
87f3e35268860433e13d577825aada95,SP,bom jesus dos perdoes,3,161.7,3,1.0,2,0.0,-3.0,0.6666666666666666,True,True,True,253,1,Lower-value
c5e60e39c0f42b8e827daa13cff74afa,SP,sao paulo,8,134.0,6,4.5,6,0.0,-5.5,0.0,False,True,True,10,1,Lower-value
bca9230d3bbb4efa51872bf605a2f1ad,SP,sao paulo,5,117.57,5,4.0,5,0.2,-5.0,0.2,False,True,True,81,1,Lower-value
4bc3d93e4a5f88a598d3d8ce4ae510b3,SP,sao paulo,1,169.0,1,1.0,1,0.0,,1.0,True,True,False,0,1,Lower-value
6e864f5c4669eff3d98140a07cc50202,SP,sao paulo,13,740.59,13,4.461538461538462,13,0.0769230769230769,-11.461538461538462,0.0769230769230769,False,True,True,301,3,Lower-value
7bcd7c5f8631701474db233ccf1c094b,SP,sao paulo,11,666.0,11,3.636363636363636,11,0.0,-12.5,0.1818181818181818,False,True,True,135,2,Lower-value
8b2d4ab22f42c5cfc338b846decfda60,PR,fazenda rio grande,9,458.0,6,4.833333333333333,6,0.0,-12.833333333333334,0.0,False,True,True,144,2,Lower-value
d9bd94811c3338dceb4181f3dbc0c73e,SP,sao paulo,61,6911.02,54,4.796296296296297,54,0.0555555555555555,-7.944444444444445,0.037037037037037,False,True,True,112,5,High-value
e70053bf73d1b5863932e53a9fa47496,SP,sao paulo,7,4025.0,7,4.285714285714286,7,0.0,-9.857142857142858,0.0,False,True,True,171,2,High-value
dbd66278cbfe1aa1000f90a217ca4695,SP,sao paulo,99,4928.9,85,4.505882352941176,85,0.0352941176470588,-12.24705882352941,0.0235294117647058,False,True,True,270,5,High-value
e7d5b006eb624f13074497221eb37807,SP,santo andre,63,3478.93,28,3.928571428571429,28,0.0714285714285714,-10.0,0.2142857142857142,False,True,True,341,2,High-value
6c9875b2f94ba781186f0c1aed8d1687,SP,brotas,4,25.0,2,5.0,2,0.0,-17.0,0.0,False,True,True,83,1,Lower-value
d63f306de130e0391d38a792541723b8,SP,sao paulo,1,49.0,1,5.0,1,0.0,-4.0,0.0,False,True,True,0,1,Lower-value
2f74af7a0ee5636f12c2336f9fffed47,SP,sao paulo,13,560.6999999999999,13,4.307692307692308,13,0.0,-8.76923076923077,0.0769230769230769,False,True,True,169,3,Lower-value
c7fdb77fdbff3c41981bc52f787e959e,SP,santo andre,12,696.32,10,3.3,10,0.1,-6.333333333333333,0.4,False,True,True,192,1,Lower-value
04fdea0c111866e6cf812f1570d6b5bd,SP,sao paulo,10,1055.0,10,3.2,10,0.1,-10.25,0.3,False,True,True,109,2,Lower-value
63b464dbf392c7b80d12d932fa7cafed,SP,sao paulo,39,6781.0,37,3.783783783783784,37,0.054054054054054,-14.805555555555555,0.1891891891891892,False,True,True,361,1,High-value
747c1cdcd1737dcfbd1547f6eb6f2cf3,SP,ibitinga,2,193.1,2,2.5,2,0.0,-15.0,0.5,False,True,True,131,1,Lower-value
2b402d5dc42554061f8ea98d1916f148,BA,irece,1,299.89,1,5.0,1,0.0,-25.0,0.0,False,True,True,0,1,Lower-value
9c068d10aca38e85c50202e17b4a7e88,MS,coxim,17,2658.9,17,4.125,16,0.1764705882352941,-13.411764705882351,0.1764705882352941,False,True,True,291,1,Lower-value
7c67e1448b00f6e969d365cea6b010ab,SP,itaquaquecetuba,1364,187923.89,982,3.487704918032787,976,0.0906313645621181,-11.383350462487153,0.2556008146639511,False,True,True,557,6,High-value
9ef932e837d8b7f392c0bfee9d359dc2,SP,ibitinga,1,59.9,1,3.0,1,1.0,9.0,0.0,False,True,True,0,0,Lower-value
d8bf0fc082fd4a77fc2e5679b6c00133,SP,sao paulo,1,139.9,1,5.0,1,0.0,-5.0,0.0,False,True,True,0,1,Lower-value
66dc1b1632bd6a3e508510c5b3492107,SP,jau,42,3721.39,37,3.5675675675675675,37,0.027027027027027,-14.75,0.2702702702702703,False,True,True,388,7,High-value
a7ecf689b40a44361e259b28939023e4,ES,vila velha,1,389.0,1,5.0,1,0.0,-9.0,0.0,False,True,True,0,1,Lower-value
939e6227d6964a11a70aa91243e418f2,MG,conselheiro lafaiete,4,425.0,4,4.25,4,0.0,-7.0,0.0,False,True,True,10,1,Lower-value
db1f0f7c7e5e87f40b62226f020bb297,PR,pinhais,3,59.01,3,4.666666666666667,3,0.0,-33.0,0.0,False,True,True,35,1,Lower-value
91f0eec23d4a61d7d7caeefa3f0ad1ca,SC,tubarao,11,2190.8,11,3.5454545454545454,11,0.2727272727272727,-5.727272727272728,0.2727272727272727,False,True,True,534,1,Lower-value
edf3fabebcc20f7463cc9c53da932ea8,SP,sao paulo,1,219.9,1,4.0,1,1.0,4.0,0.0,False,True,True,0,1,Lower-value
b335c59ab742f751a85db9c411a86739,MG,araguari,35,2873.34,33,3.8484848484848486,33,0.0303030303030303,-11.733333333333333,0.1212121212121212,False,True,True,434,2,Lower-value
c24173065483e421f9e5e7f599de101d,SP,sao paulo,9,373.91,9,3.555555555555556,9,0.1111111111111111,-6.0,0.2222222222222222,False,True,True,136,1,Lower-value
01fdefa7697d26ad920e9e0346d4bd1b,PR,londrina,131,14921.43,129,4.3515625,128,0.0542635658914728,-13.7421875,0.0620155038759689,False,True,True,481,1,High-value
d9e8c084b68fe958861d8f2c21202e6b,SP,sao paulo,12,3050.0,9,4.333333333333333,9,0.0,-9.0,0.1111111111111111,False,True,True,288,2,Lower-value
466222e777149751370e7e98fb623b0c,RJ,rio de janeiro,1,87.9,1,5.0,1,0.0,-9.0,0.0,False,True,True,0,1,Lower-value
43f8c9950d11ecd03a0304a49e010da6,SP,carapicuiba,41,4249.59,41,4.560975609756097,41,0.048780487804878,-12.292682926829269,0.024390243902439,False,True,True,306,1,High-value
4450bd8327d471c4a11a83d1445b1b62,SP,cotia,1,199.0,1,5.0,1,0.0,-21.0,0.0,False,True,True,0,1,Lower-value
257e61d3251fb5efb9daadddbc2cf7ca,PR,apucarana,12,7729.0,12,4.75,12,0.0,-17.666666666666668,0.0,False,True,True,130,2,High-value
5d76d80a2f5f39c891b996a1bf4c9853,SP,sao paulo,6,1238.5,6,4.833333333333333,6,0.0,-10.5,0.0,False,True,True,24,3,Lower-value
e5def42655b7490edac5a56fe8e9e603,SP,amparo,1,129.9,1,5.0,1,0.0,-14.0,0.0,False,True,True,0,1,Lower-value
091065b789659bc3cd9af9cb3a6253ff,RS,canoas,2,1359.0,2,3.5,2,0.0,-11.0,0.5,False,True,True,95,1,Lower-value
c74f14c1e26cf1bd5bd34b6a1e274426,SC,sao miguel do oeste,1,39.0,1,5.0,1,0.0,-26.0,0.0,False,True,True,0,1,Lower-value
c26a2be5b53b7db6b276280da212a779,RJ,nova friburgo,18,7482.0,13,3.3846153846153846,13,0.0,-11.384615384615383,0.3846153846153846,False,True,True,360,1,High-value
cfa5ab0e4d3fc212fd0b3410e7081c62,MG,uba,21,6180.8,16,3.6875,16,0.0,-16.6,0.25,False,True,True,309,6,High-value
19d62d484cba71963c93f0f00ab42013,SC,gaspar,1,139.9,1,4.0,1,0.0,-8.0,0.0,False,True,True,0,1,Lower-value
6750d71153f00fc58829af2a8ef1bcf1,RJ,rio bonito,6,3514.0,6,4.166666666666667,6,0.0,-16.833333333333332,0.1666666666666666,False,True,True,133,1,High-value
c60b801f2d52c7f7f91de00870882a75,SP,guarulhos,41,12913.5,41,3.317073170731707,41,0.1463414634146341,-10.666666666666666,0.3170731707317073,False,True,True,205,5,High-value
b57e8460909fa137df7951b4a3b5ea84,RS,porto alegre,2,198.0,1,2.0,1,0.0,,1.0,True,True,False,0,1,Lower-value
eeb6de78f79159600292e314a77cbd18,SC,lages,84,43739.84,83,4.445783132530121,83,0.036144578313253,-16.878048780487806,0.0602409638554216,False,True,True,538,3,High-value
abe021b01ba992245271b9aa422032df,PR,curitiba,2,6720.0,2,3.5,2,0.0,-31.0,0.5,False,True,True,93,0,High-value
5305693ffae2d3463377b1f6fe67b15a,SP,penapolis,1,93.56,1,5.0,1,0.0,-9.0,0.0,False,True,True,0,0,Lower-value
f049a72cf58fd31b11f8919cade515e7,SP,sao paulo,4,138.75,3,3.333333333333333,3,0.0,-17.0,0.3333333333333333,False,True,True,12,3,Lower-value
e51f22821f0c12a16ad5c020cdcd55e9,SP,carapicuiba,4,898.71,4,4.75,4,0.0,-16.25,0.0,False,True,True,70,1,Lower-value
a2a41aedb70551d4a85aa04dc2fced48,SP,sao paulo,2,52.79,2,4.0,2,0.0,-14.5,0.0,False,True,True,16,1,Lower-value
4bf2f4ee540798a61f9636d12cd9cc80,SP,assis,30,4995.56,29,4.137931034482759,29,0.0,-12.551724137931034,0.1034482758620689,False,True,True,497,3,High-value
c0e0b73d039eb9a99b6ce4cb7a429cd3,SC,laurentino,1,29.88,1,5.0,1,0.0,-13.0,0.0,False,True,True,0,1,Lower-value
19484c79cef6c062cb177aa4ef2fcc3c,SP,valinhos,1,201.9,1,1.0,1,1.0,3.0,1.0,True,True,True,0,1,Lower-value
25e6ffe976bd75618accfe16cefcbd0d,SP,sao paulo,117,11691.61,108,4.407407407407407,108,0.0277777777777777,-13.58490566037736,0.0833333333333333,False,True,True,629,6,High-value
9dda5bbacd45e18d6485fee649205d09,MG,santa rita do sapucai,22,1912.6,19,4.105263157894737,19,0.0526315789473684,-8.473684210526315,0.1578947368421052,False,True,True,497,2,Lower-value
2528744c5ef5d955adc318720a94d2e7,SP,jundiai,5,6245.0,5,2.4,5,0.0,-9.4,0.6,False,True,True,242,1,High-value
b8d890108a7a80e4f5d59eea9f362438,PR,curitiba,3,89.69999999999999,2,3.5,2,0.0,-2.5,0.0,False,True,True,44,1,Lower-value
2c9005d8043aff18b8557ffb7b13cda4,ES,cachoeiro de itapemirim,1,109.9,1,5.0,1,0.0,-8.0,0.0,False,True,True,0,1,Lower-value
062c325cd6a2b87845fab56b4ec2eeae,SP,sao paulo,2,133.22,2,5.0,2,0.0,-9.5,0.0,False,True,True,86,2,Lower-value
1d8dbc4f32378d715c717c1c1fc57bae,PR,arapongas,98,11315.89,92,4.022222222222222,90,0.0869565217391304,-11.54945054945055,0.1521739130434782,False,True,True,461,1,High-value
fc906263ca5083d09dce42fe02247800,MG,belo horizonte,119,4497.7,114,4.350877192982456,114,0.0,-14.830357142857142,0.1052631578947368,False,True,True,256,3,High-value
1d2732ef8321502ee8488e8bed1ab8cd,RJ,rio de janeiro,5,1148.0,4,3.0,4,0.25,-5.25,0.25,False,True,True,379,1,Lower-value
626ab1cd96932367f0eeec2e47046c12,SP,sao paulo,3,1310.0,3,4.666666666666667,3,0.0,-14.0,0.0,False,True,True,193,2,Lower-value
a70e9066dbfd10b6b97a3f54a1356762,PR,mandaguari,4,1716.0,2,5.0,2,0.0,-8.5,0.0,False,True,True,209,1,Lower-value
ce69a8021d18961dd2a40269b7c2c293,PR,curitiba,19,4818.0,19,4.473684210526316,19,0.0526315789473684,-11.473684210526317,0.1052631578947368,False,True,True,145,4,High-value
9596c870880d900012f2e8e6e30d06d7,MG,varginha,24,8606.25,22,4.136363636363637,22,0.0454545454545454,-12.38095238095238,0.0909090909090909,False,True,True,472,4,High-value
4b98b0428fc1932cc2514ef9ce2505e6,SP,taboao da serra,2,327.63,2,1.0,2,0.5,-4.5,1.0,True,True,True,66,0,Lower-value
1da366cade6d8276e7d8beea7af5d4bf,MG,uba,49,6917.589999999999,43,3.928571428571429,42,0.0697674418604651,-8.428571428571429,0.1860465116279069,False,True,True,320,3,High-value
a3082f442524a1be452e3189e003b361,SP,curitiba,4,301.6,3,4.333333333333333,3,0.0,-12.333333333333334,0.0,False,True,True,395,1,Lower-value
a56a8043ebf66e42119618fb8cf232c6,SC,joinville,1,83.0,1,5.0,1,0.0,-9.0,0.0,False,True,True,0,1,Lower-value
184725737946a1a938bbbd1a9e978103,SP,maua,3,359.70000000000005,3,4.666666666666667,3,0.0,-2.6666666666666665,0.0,False,True,True,8,2,Lower-value
3820c6537b3853be1a0687d5a60807ec,SP,cotia,1,25.0,1,,0,0.0,,0.0,False,False,False,0,1,Lower-value
244b04680fdbded0acf5aebd9c92b44a,SP,jundiai,3,3477.7000000000003,3,1.0,2,0.3333333333333333,4.5,0.6666666666666666,True,True,True,106,1,High-value
e96498ed8daaa3e9c23f7a62da76591c,SP,sao paulo,34,9619.09,34,3.941176470588236,34,0.1470588235294117,-10.235294117647058,0.2058823529411764,False,True,True,282,1,High-value
5741dc2bf5044c34d0698681c5081bed,SP,sao jose dos campos,3,89.69999999999999,3,5.0,3,0.0,-8.333333333333334,0.0,False,True,True,49,1,Lower-value
ad781527c93d00d89a11eecd9dcad7c1,SP,sao jose do rio preto,44,6899.570000000001,44,3.0681818181818183,44,0.2727272727272727,-9.078947368421051,0.4090909090909091,False,True,True,302,1,High-value
b5e3e38609125694d2ea2417522a60b7,SC,florianopolis,17,995.04,16,4.3125,16,0.125,-7.1875,0.0625,False,True,True,155,1,Lower-value
bacb1f0ed56ad24198f5810d2b3fe9a5,SP,jacarei,42,6940.45,42,4.075,40,0.0238095238095238,-13.342105263157896,0.1428571428571428,False,True,True,262,3,High-value
980640c45d7a4635885491d077167e4d,SP,rio claro,14,1004.29,14,4.642857142857143,14,0.0714285714285714,-10.357142857142858,0.0,False,True,True,52,3,Lower-value
ae45ad30c2d2e5913094769690a239d2,SP,franca,2,251.8,1,5.0,1,0.0,-15.0,0.0,False,True,True,0,1,Lower-value
2cb98e27ce1c18abdb42209b34c382a7,SP,ribeirao preto,1,62.49,1,4.0,1,0.0,-16.0,0.0,False,True,True,0,1,Lower-value
2156f2671501a81034d7d07f217609d0,SP,sp,22,2981.5,22,3.863636363636364,22,0.1363636363636363,-6.476190476190476,0.1818181818181818,False,True,True,331,4,Lower-value
de0c78824586e9a5f5f04fd84e25df39,SP,vargem grande paulista,16,2489.3,14,4.642857142857143,14,0.0,-20.071428571428573,0.0714285714285714,False,True,True,117,1,Lower-value
128639473a139ac0f3e5f5ade55873a5,PR,maringa,560,11908.85,533,4.185958254269449,527,0.0412757973733583,-12.246679316888043,0.1106941838649155,False,True,True,462,6,High-value
0791d9fc1e30678ecf03d3e55fa108d3,MG,belo horizonte,11,842.0,5,4.0,5,0.0,-16.4,0.2,False,True,True,70,1,Lower-value
7a241947449cc45dbfda4f9d0798d9d0,MG,jacutinga,72,8027.63,62,3.868852459016393,61,0.064516129032258,-13.589285714285714,0.1774193548387097,False,True,True,517,3,High-value
cfd7ddab722b902f7ac5b5f3ba6d723d,MG,contagem,13,3385.03,12,4.75,12,0.0,-13.166666666666666,0.0833333333333333,False,True,True,56,5,High-value
0e72c1a751b496722a6cb1f10653b62a,SP,sao paulo,3,140.8,3,4.666666666666667,3,0.0,-12.333333333333334,0.0,False,True,True,80,2,Lower-value
7e1fb0a3ebfb01ffb3a7dae98bf3238d,SP,franca,174,27349.53,159,4.159235668789809,157,0.1132075471698113,-10.63225806451613,0.1132075471698113,False,True,True,564,2,High-value
376a891762bbdecbc02b4b6adec3fdda,GO,goiania,58,6406.23,57,4.666666666666667,57,0.0350877192982456,-15.175438596491228,0.0175438596491228,False,True,True,347,5,High-value
90b36c5aeb728d5504a39f435bef0c5f,SP,conchal,7,207.86,5,4.2,5,0.0,-10.25,0.2,False,True,True,22,3,Lower-value
e76ecc7e9a1a1e3c6df9d2a8261c423d,MG,belo horizonte,1,20.0,1,5.0,1,0.0,-11.0,0.0,False,True,True,0,1,Lower-value
1dfe5347016252a7884b694d4f10f5c4,SP,ibitinga,27,1693.5,21,3.4,20,0.238095238095238,-7.5,0.2857142857142857,False,True,True,162,1,Lower-value
528bcf6680c36dddf07620bd35b33a6f,SP,sao paulo,2,969.98,2,4.5,2,0.5,-4.5,0.0,False,True,True,127,1,Lower-value
f114dca2828bf718548db175ebe2cfcd,PR,cambe,1,139.0,1,1.0,1,0.0,-22.0,1.0,True,True,True,0,1,Lower-value
33dd941c27854f7625b968cc6195a552,ES,vila velha,5,6787.5,5,4.4,5,0.0,-19.8,0.2,False,True,True,67,1,High-value
579891617139df7d8671d373f0669622,RJ,rio de janeiro,8,280.3,8,4.5,8,0.25,-10.75,0.125,False,True,True,389,2,Lower-value
48985c61529077fa4f1e38bcff0f2ed3,RS,porto alegre,7,879.3000000000001,7,4.428571428571429,7,0.0,-21.428571428571427,0.0,False,True,True,182,1,Lower-value
25c5c91f63607446a97b143d2d535d31,MG,itauna,269,54679.22,158,3.834394904458599,157,0.0696202531645569,-11.852564102564102,0.1962025316455696,False,True,True,385,1,High-value
f205b1a3ca9a34e0f8a228bae6e4c7b3,RS,cachoeirinha,8,1088.0,8,4.875,8,0.0,-10.375,0.0,False,True,True,44,1,Lower-value
d2374cbcbb3ca4ab1086534108cc3ab7,SP,ibitinga,631,21223.92,524,3.764478764478764,518,0.0515267175572519,-14.80544747081712,0.2022900763358778,False,True,True,556,4,High-value
ef728fa1f17436c91ed1ccd03dcf9631,SP,jau,4,128.7,3,4.333333333333333,3,0.0,-9.666666666666666,0.0,False,True,True,30,1,Lower-value
1eade46fba20122dc4aefb379f8c636b,SP,sao paulo,75,3635.37,58,4.431034482758621,58,0.1206896551724138,-7.637931034482759,0.0862068965517241,False,True,True,524,1,High-value
b9de031b671cd48b28fae9d828cbf2b4,SP,sao paulo,1,155.32,1,5.0,1,0.0,-13.0,0.0,False,True,True,0,1,Lower-value
6f835fd4be26989b1b064399da346143,PR,curitiba,2,197.8,2,5.0,2,0.0,-21.0,0.0,False,True,True,23,1,Lower-value
c9a06ece156bb057372c68718ec8909b,DF,brasilia,14,4688.9,14,3.0,14,0.0,-32.90909090909091,0.3571428571428571,False,True,True,145,3,High-value
6b2612338467c08c9b25f0cc55b1578d,PR,marialva,1,92.9,1,4.0,1,0.0,-22.0,0.0,False,True,True,0,1,Lower-value
40d54b51e962dbe09cabbcfd33298dee,SP,santo andre,31,6785.56,30,4.0,30,0.0,-12.4,0.2,False,True,True,412,3,High-value
70c27847eca8195c983ed7e798c56743,RJ,rio de janeiro,98,12077.52,77,4.233766233766234,77,0.0649350649350649,-11.753246753246753,0.1818181818181818,False,True,True,141,1,High-value
b98b715fe9e276204e2a3464f48cd796,SP,sao paulo,6,450.58,6,3.333333333333333,6,0.0,-22.75,0.3333333333333333,False,True,True,444,3,Lower-value
0b1ca3ef18a63d7eb0c8897fa0849c08,SP,sao roque,1,55.0,1,5.0,1,0.0,-6.0,0.0,False,True,True,0,1,Lower-value
37ceb404da208418c9032f0674e57804,SP,sao paulo,3,204.93,1,1.0,1,0.0,,1.0,True,True,False,0,1,Lower-value
05d2173d43ea568aa0540eba70d2ca76,MG,alfenas,66,5759.66,62,4.183333333333334,60,0.0483870967741935,-11.64516129032258,0.1129032258064516,False,True,True,319,3,High-value
661ad5fcc28cdfb8bcadb12bb2272475,SC,balneario camboriu,7,209.93,4,5.0,4,0.0,-19.75,0.0,False,True,True,183,1,Lower-value
999f6d9a1c7c81f43be44c6b7d076210,SP,sao paulo,2,28.0,2,4.5,2,0.0,-23.5,0.0,False,True,True,38,1,Lower-value
101a3a003516bc11253298b2fad3cb65,SP,rio claro,6,450.0,5,4.8,5,0.0,-8.6,0.0,False,True,True,34,2,Lower-value
b839e41795b7f3ad94cc2014a52f6796,SP,sao caetano do sul,36,42829.0,33,4.090909090909091,33,0.0303030303030303,-12.787878787878787,0.1818181818181818,False,True,True,177,3,High-value
a20d8058c866dbaeca014d2cd20ac62e,SP,sao jose dos campos,2,1194.0,2,5.0,2,0.0,-3.5,0.0,False,True,True,146,1,Lower-value
6824a69c9ea0313eba299dd4a2dba09a,MG,formiga,7,666.9,6,4.666666666666667,6,0.0,-13.166666666666666,0.0,False,True,True,27,3,Lower-value
058cb5aeb36d7c0fcae20fc85d5e0a59,RJ,rio de janeiro,13,1328.0,12,3.583333333333333,12,0.0833333333333333,-11.090909090909092,0.25,False,True,True,323,1,Lower-value
48efc9d94a9834137efd9ea76b065a38,PR,curitiba,34,345.6,33,5.0,33,0.0,-24.454545454545453,0.0,False,True,True,33,8,Lower-value
218f991754f360af9c2daa5e0b8e990c,SP,sao paulo,17,3554.32,14,3.642857142857143,14,0.1428571428571428,-6.714285714285714,0.2142857142857142,False,True,True,244,1,High-value
5dc4bdaf869e8c77c648078cbe8d59c2,SC,florianopolis,1,292.99,1,1.0,1,0.0,,1.0,True,True,False,0,1,Lower-value
9261d76c62caaf0b24677c2ceb7f8f20,SC,palhoca,7,968.7,6,3.8333333333333335,6,0.0,-16.5,0.0,False,True,True,46,1,Lower-value
a3b0df0065e264a91b7bbf5f844af5cd,SP,sao bernardo do capo,2,186.69,2,5.0,2,0.0,-6.5,0.0,False,True,True,3,1,Lower-value
37dd29b36c458d82f74a953c40c43645,SP,limeira,8,4536.99,7,3.857142857142857,7,0.1428571428571428,-10.285714285714286,0.2857142857142857,False,True,True,231,1,High-value
077c5fae4bea9500e3737b16f71b9d3a,SP,sorocaba,6,106.8,4,4.5,4,0.0,-7.75,0.0,False,True,True,276,1,Lower-value
0dd184061fb0eaa7ca37932c68ab91c5,SP,guarulhos,193,18446.92,161,4.03125,160,0.1055900621118012,-10.490683229813664,0.1366459627329192,False,True,True,254,3,High-value
5b35136197710e16ac5e7b7c2bd4ea85,RJ,rio de janeiro,9,3104.2000000000003,7,2.571428571428572,7,0.2857142857142857,-6.0,0.5714285714285714,False,True,True,227,1,Lower-value
60562ab00b8054280520d390c8c0045c,SP,sao paulo,17,2943.0,17,4.764705882352941,17,0.0,-14.294117647058824,0.0,False,True,True,289,1,Lower-value
1d29dfba02015238dfbe2449a5eaa361,MG,vicosa,12,612.8,12,4.5,12,0.0833333333333333,-9.5,0.0833333333333333,False,True,True,463,1,Lower-value
ad273c9eb54ecb4532de4bf75bae9e4e,PR,curitiba,11,645.0,10,4.1,10,0.0,-11.7,0.1,False,True,True,525,2,Lower-value
7813ea3ebd9411dc600b4dd01f7a97b9,SP,osasco,9,1599.4,9,3.888888888888889,9,0.1111111111111111,-9.88888888888889,0.2222222222222222,False,True,True,307,2,Lower-value
559d56f3b8f0bc2e5a9a62fe2ce2a39f,SC,joinville,2,385.0,2,2.5,2,0.5,-2.0,0.5,False,True,True,0,1,Lower-value
57df9869a600bd6b7c405f2a862eccfb,MG,santa rita do sapucai,5,125.0,5,4.4,5,0.0,-19.4,0.0,False,True,True,123,1,Lower-value
777a0c55737f34ffeb78010f7542ab41,SP,sao paulo,6,452.5,6,4.333333333333333,6,0.0,-9.833333333333334,0.1666666666666666,False,True,True,54,2,Lower-value
2aa3443d7bf9d9bb11133f420d75e083,RJ,rio de janeiro,10,647.0,10,3.0,10,0.2,-8.9,0.4,False,True,True,271,3,Lower-value
c3867b4666c7d76867627c2f7fb22e21,SP,guara,259,37153.4,245,3.905349794238683,243,0.1020408163265306,-9.758771929824562,0.2040816326530612,False,True,True,465,1,High-value
0bae85eb84b9fb3bd773911e89288d54,SP,itajai,146,7482.21,137,4.2700729927007295,137,0.0072992700729927,-15.139705882352942,0.072992700729927,False,True,True,514,13,High-value
35fb511489d9ee3ee27a76debce9df06,PR,londrina,7,414.5,7,3.571428571428572,7,0.1428571428571428,-10.571428571428571,0.1428571428571428,False,True,True,410,1,Lower-value
df91910b6a03bb2e3358fa6a35e32f6f,SP,sao paulo,14,2312.1,14,4.357142857142857,14,0.0,-13.307692307692308,0.0714285714285714,False,True,True,51,1,Lower-value
7e3dde9ffba72d5340f9aaf09b4424be,PR,cambe,1,220.0,1,1.0,1,0.0,,1.0,True,True,False,0,1,Lower-value
dbdd0ec73a4817971d962698f2fea022,CE,fortaleza,16,6384.0,16,4.375,16,0.0625,-17.25,0.125,False,True,True,111,1,High-value
8ff38bc3969e67c36c48343a07090f66,SP,sao paulo,8,3472.0,2,2.5,2,0.0,-11.0,0.5,False,True,True,59,1,High-value
6e1862e15f33d9994bc25922a85e1efc,SP,rio claro,14,732.49,8,4.428571428571429,7,0.0,-16.571428571428573,0.125,False,True,True,74,2,Lower-value
058fd0aa2bfdb2274e05e1ae971dabb6,SP,santo andre,64,7667.9,61,4.377049180327869,61,0.0655737704918032,-11.933333333333334,0.0983606557377049,False,True,True,308,2,High-value
f615fe7efbef0f4f08fd3086bc7a3e60,SP,atibaia,24,2359.27,23,4.3478260869565215,23,0.0869565217391304,-12.954545454545457,0.1739130434782608,False,True,True,100,4,Lower-value
aa1eb17b9fdf6dfd546e25c45c7b9235,SP,sao paulo,4,117.99,3,4.666666666666667,3,0.0,-9.0,0.0,False,True,True,145,1,Lower-value
07bf9669d84d1f11be443a9dd938f698,SP,sao paulo,24,1776.0,18,3.7222222222222223,18,0.0,-18.166666666666668,0.2777777777777778,False,True,True,475,2,Lower-value
08633c14ef2db992c11f840f04fad4cd,SP,ribeirao pires,97,7644.3,74,4.364864864864865,74,0.054054054054054,-10.891891891891891,0.0675675675675675,False,True,True,254,5,High-value
b0398568231ba5e6734af1881671a317,ES,colatina,4,656.77,4,4.0,4,0.0,-12.75,0.25,False,True,True,18,3,Lower-value
f419677537694f0462a91990df6ca44f,SP,sao bernardo do campo,6,220.5,6,4.0,6,0.1666666666666666,-6.333333333333333,0.1666666666666666,False,True,True,77,0,Lower-value
e88c9b79e592e370d6bd852eeefbf057,PR,pato branco,9,251.87,8,4.75,8,0.0,-17.375,0.0,False,True,True,52,1,Lower-value
70bf57d811208f8923b41bbd499a67a4,SP,franco da rocha,7,780.8000000000001,7,4.142857142857143,7,0.0,-6.714285714285714,0.1428571428571428,False,True,True,61,2,Lower-value
8c0de775f52fe41590b376a3b7c50f68,SP,sumare,9,672.7,9,3.888888888888889,9,0.0,-11.5,0.1111111111111111,False,True,True,109,1,Lower-value
7a91bf945c6fae0779f1c61ce97fe45c,RJ,mesquita,5,799.5,5,3.8,5,0.2,16.0,0.2,False,True,True,126,1,Lower-value
6dc9bec584588412a6a338830946a3e4,SP,sao paulo,2,560.0,2,1.5,2,0.0,-44.0,1.0,True,True,True,13,1,Lower-value
b19c48688808720822399ffa9f2dbe2f,SP,sao paulo,1,959.99,1,5.0,1,0.0,-17.0,0.0,False,True,True,0,1,Lower-value
5b8154610ebb21fb90eb587365e673df,SP,sao jose dos campos,41,9397.54,38,4.184210526315789,38,0.1052631578947368,-9.972972972972974,0.131578947368421,False,True,True,383,5,High-value
bb2afe2061d53c6968aa0cffa233a8ec,SP,sao paulo,6,549.4,5,4.8,5,0.0,-10.8,0.0,False,True,True,73,1,Lower-value
1cbdc7cf130a41fd13a3c2a7d2fcfda7,MG,lambari,2,165.8,2,5.0,2,0.0,-13.5,0.0,False,True,True,57,1,Lower-value
fb89df7f89fd1b8f03fa2acca1ba7364,PR,foz do iguacu,25,2220.0,22,3.863636363636364,22,0.0909090909090909,-9.227272727272728,0.1818181818181818,False,True,True,312,1,Lower-value
b18871c324516afa228a13e8f1ef0ae9,SP,sao paulo,23,1064.6,9,3.4444444444444446,9,0.1111111111111111,-8.11111111111111,0.4444444444444444,False,True,True,109,1,Lower-value
17ca9b9e9b9ef8fdb529001b49ebb50f,MG,betim,129,9754.83,116,4.043103448275862,116,0.0086206896551724,-14.121739130434785,0.146551724137931,False,True,True,406,4,High-value
3f0e48d209018b466fcd3bb4ccfeb520,PR,curitiba,10,5399.0,9,3.888888888888889,9,0.0,-16.555555555555557,0.2222222222222222,False,True,True,172,1,High-value
9add47bf45ce8e8c7db6b9cf670b1e09,PR,fazenda rio grande,45,4829.24,43,4.166666666666667,42,0.0232558139534883,-13.731707317073171,0.0930232558139534,False,True,True,558,6,High-value
acce39e832338debb07b02385cde5967,MG,contagem,44,4748.1,44,4.477272727272728,44,0.0,-10.295454545454543,0.0681818181818181,False,True,True,105,2,High-value
397c4d0c005b6f41f90098ac724e28cb,SP,santo andre,5,8177.0,5,4.4,5,0.4,-5.8,0.0,False,True,True,116,4,High-value
b2c97074649f92197d9387d9033dda5f,SP,botucatu,11,684.71,10,4.7,10,0.1,-9.2,0.0,False,True,True,113,2,Lower-value
f262cbc1c910c83959f849465454ddd3,SP,sao paulo,207,10482.83,192,4.141361256544503,191,0.0729166666666666,-9.724867724867725,0.1510416666666666,False,True,True,295,9,High-value
c113b8df1fc375bc3d73d29c1b1144d1,SP,sao paulo,5,333.0,3,4.333333333333333,3,0.0,-21.666666666666668,0.0,False,True,True,48,0,Lower-value
bd65d163ded559eb90a10cd09fec178f,SP,sao paulo,2,19.8,1,4.0,1,0.0,-17.0,0.0,False,True,True,0,1,Lower-value
720e6cf846ea7572cbb66b743fb91e6c,SP,mogi das cruzes / sp,1,54.0,1,5.0,1,0.0,-7.0,0.0,False,True,True,0,1,Lower-value
8f580d36c1e9d6fbce95283403c7d447,SP,ribeirao preto,8,4813.25,8,4.375,8,0.125,-10.375,0.125,False,True,True,239,1,High-value
be7a093e5b4d147b36b72bb1f9e415e5,PR,toledo,1,60.9,1,5.0,1,0.0,-22.0,0.0,False,True,True,0,1,Lower-value
cb4a705d00e100b9732d0ca34817d441,SC,florianopolis,2,998.0,1,1.0,1,0.0,-2.0,1.0,True,True,True,0,1,Lower-value
f266295f49a28eee21f413e0cbb0521d,PR,ponta grossa,2,149.8,2,4.5,2,0.0,-9.0,0.0,False,True,True,0,2,Lower-value
31eec405c9bb71dec8e2629a92e764fa,ES,cachoeiro de itapemirim,5,256.89,5,4.6,5,0.0,-14.4,0.0,False,True,True,44,5,Lower-value
6235903333ba7de1928c869e268e5964,SC,treze tilias,1,94.06,1,5.0,1,0.0,-17.0,0.0,False,True,True,0,1,Lower-value
c360e4787614ed31ac7a2f95d3b22dc6,SP,lencois paulista,1,188.9,1,2.0,1,0.0,-17.0,1.0,True,True,True,0,1,Lower-value
1e47d8b6546eb3a77b1acddcc9406242,SP,campinas,1,149.9,1,1.0,1,0.0,-11.0,1.0,True,True,True,0,1,Lower-value
cf1313c6e2c01c2f4b014f97db4bcd2b,RJ,rio de janeiro \rio de janeiro,5,315.70000000000005,5,5.0,5,0.0,-11.2,0.0,False,True,True,52,2,Lower-value
14ee35374a7876217954b5fa08e50463,SP,sao jose do rio preto,6,809.0,6,4.333333333333333,6,0.1666666666666666,-7.833333333333333,0.0,False,True,True,104,1,Lower-value
8fe8786ee000001ab51d030dfd4a7bf1,SC,paulo lopes,5,2255.0,5,4.6,5,0.0,-21.6,0.0,False,True,True,214,1,Lower-value
e72b4feb7abe210c52aa667abc25a3a2,SP,sao paulo,2,38.2,1,5.0,1,0.0,-13.0,0.0,False,True,True,0,1,Lower-value
373ee4a3a775a733770ca3f790b8b9ac,RJ,rio de janeiro,22,2141.49,13,3.923076923076923,13,0.0769230769230769,-11.461538461538462,0.2307692307692307,False,True,True,455,5,Lower-value
432c37c9dfba871172ec162e20118b8c,DF,brasilia,57,2968.87,46,4.108695652173913,46,0.0869565217391304,-11.613636363636363,0.1521739130434782,False,True,True,406,6,Lower-value
daf565f087a52def0fd5c5825b3661bc,SC,brusque,9,813.9000000000001,9,3.625,8,0.0,-17.666666666666668,0.3333333333333333,False,True,True,66,1,Lower-value
ea3ebea5317b0efbc663ecc8ce5e9bc2,SC,florianopolis,3,299.70000000000005,3,4.0,3,0.0,-16.333333333333332,0.0,False,True,True,17,1,Lower-value
1fe61aa5494bd3ae92a2c13e067c810f,SC,santa cecilia,2,537.76,1,4.0,1,0.0,-17.0,0.0,False,True,True,0,1,Lower-value
e9511df20ccd82658a30c37b7fb343af,SP,bauru,30,2096.6,22,4.318181818181818,22,0.0,-14.045454545454543,0.0909090909090909,False,True,True,257,2,Lower-value
4c8545742faaf58fafd5fd14d25d75cf,SP,fernandopolis,4,3020.0,4,4.5,4,0.0,-14.25,0.0,False,True,True,64,2,Lower-value
27a56ff04b34c2ba34ce6ba4d3b9d616,SP,campinas,8,349.29,8,4.125,8,0.125,-10.0,0.125,False,True,True,190,2,Lower-value
888faa8bfb0b159c37de6d898b961c31,SC,braco do norte,23,2418.3,19,4.2105263157894735,19,0.0,-15.736842105263158,0.1052631578947368,False,True,True,379,8,Lower-value
0aa2205ca24f113f4658a5c536667426,SP,sao paulo,11,815.62,4,4.0,4,0.0,-11.25,0.25,False,True,True,118,1,Lower-value
432c67955c0acd1fd6b0b5d678766a71,SP,sao paulo,3,1151.0,3,2.333333333333333,3,0.0,-48.0,0.6666666666666666,False,True,True,119,1,Lower-value
d8c7ba53e7e38711eaef8c2849d6d2e1,PR,floresta,22,1190.87,22,4.5,22,0.0,-18.545454545454547,0.0,False,True,True,104,3,Lower-value
8a43128d7f9a3db592b866e6861a6cce,SP,sao paulo,4,990.6,3,2.333333333333333,3,0.0,-19.666666666666668,0.6666666666666666,False,True,True,58,3,Lower-value
7cb946b1ad19faebe28c3e86c2794ec3,MG,sete lagoas,1,25.0,1,5.0,1,0.0,-3.0,0.0,False,True,True,0,1,Lower-value
6338ea67c41078a46ad99cc009654956,RS,farroupilha,44,2286.09,37,4.6,35,0.0,-16.0,0.054054054054054,False,True,True,560,1,Lower-value
6c12e40690c335dbc2f68a4134d30dc1,PR,castro,18,9139.2,16,4.071428571428571,14,0.0,-13.6875,0.125,False,True,True,531,3,High-value
65febd49fd28ec955651299159b1f527,SP,sao paulo,40,4319.7,35,4.314285714285714,35,0.0,-12.969696969696969,0.1142857142857142,False,True,True,127,1,High-value
9a84ba99f5367fdbd4598363496f1ea2,GO,luziania,16,2284.98,16,3.625,16,0.0,-22.266666666666666,0.1875,False,True,True,472,1,Lower-value
954e95f20808d7e5d11f0de292d078e0,MG,joao monlevade,4,158.78,3,4.666666666666667,3,0.0,-14.0,0.0,False,True,True,78,0,Lower-value
fb503a924a0b9db19d83dd0ac6dbef8c,RS,pelotas,1,13.9,1,5.0,1,0.0,-18.0,0.0,False,True,True,0,1,Lower-value
4ba52dfeba874da5b9ee7b17c7494f04,SP,mogi das cruzes,11,1463.0,11,4.363636363636363,11,0.0909090909090909,-11.727272727272728,0.0909090909090909,False,True,True,84,1,Lower-value
5b581417df4480f632484ba681e53944,SC,florianopolis,13,1790.6,12,3.5,12,0.1666666666666666,-6.2727272727272725,0.25,False,True,True,198,2,Lower-value
d0d70d21e2234dd7cd3cf63fe414148a,PB,sao bento,9,598.4,8,4.25,8,0.0,-18.125,0.125,False,True,True,48,1,Lower-value
c7c7b2682c648339a0e9846bb1023a39,SP,braganca paulista,3,168.0,2,4.5,2,0.0,-11.5,0.0,False,True,True,61,0,Lower-value
06e5eefc71ec47ae763c5c6f8db7064f,RS,porto alegre,95,22188.56,92,3.922222222222222,90,0.0,-16.733333333333334,0.1521739130434782,False,True,True,484,6,High-value
28ea411b354f14b1a494be4e79f0ce02,SP,sao paulo,6,820.0,6,4.666666666666667,6,0.0,-11.333333333333334,0.0,False,True,True,336,2,Lower-value
2a6fbeaa7ab9e5d59a35841a8da71ce4,SC,jaragua do sul,30,1632.79,30,3.931034482758621,29,0.0666666666666666,-12.8,0.1666666666666666,False,True,True,479,4,Lower-value
77fccaae319668a8ab6cd0fd16aec48c,RJ,campos dos goytacazes,12,1667.0,11,4.454545454545454,11,0.0,-11.545454545454543,0.0909090909090909,False,True,True,77,3,Lower-value
3fadb4cba4c35bce6a7eaf9872d5623a,RS,caxias do sul,5,209.5,3,3.333333333333333,3,0.0,-22.33333333333333,0.3333333333333333,False,True,True,54,1,Lower-value
1987cd4be10fe09ee50454f9c354d1c6,MG,ouro fino,16,2877.7,14,4.357142857142857,14,0.0714285714285714,-13.714285714285714,0.0714285714285714,False,True,True,145,1,Lower-value
aae5e7b457a3c72ee230a47d98fceda5,PR,sao jose dos pinhas,7,604.8,5,4.2,5,0.0,-19.4,0.0,False,True,True,134,1,Lower-value
2d22fc3089eb907b29ebff50581fb472,RJ,macae,3,317.70000000000005,3,3.6666666666666665,3,0.0,-10.666666666666666,0.0,False,True,True,16,1,Lower-value
ff1fb4c404b2efe68b03350a8dc24122,SP,mogi das cruzes,49,6771.0,46,4.0,46,0.1304347826086956,-8.73913043478261,0.1739130434782608,False,True,True,212,6,High-value
817f85dbb65aa3e70831d90fe75cdf89,SP,tiete,11,1552.27,11,4.545454545454546,11,0.0,-25.545454545454547,0.0,False,True,True,162,2,Lower-value
2b5ed0c9139dae8883a200dfcb272ece,SP,sao paulo,4,85.41,4,4.25,4,0.25,-5.25,0.0,False,True,True,216,1,Lower-value
86bf77bdb52e615674772d5817c6212f,RS,viamao,5,281.8,4,4.75,4,0.0,-13.75,0.0,False,True,True,98,2,Lower-value
9b1585752613ec342d03bbab9997ec48,RJ,rio de janeiro,3,4248.98,3,3.6666666666666665,3,0.0,-6.333333333333333,0.3333333333333333,False,True,True,11,2,High-value
9b00cad94ef3078faf6fba2e792c158f,MG,janauba,1,354.9,1,5.0,1,0.0,-16.0,0.0,False,True,True,0,1,Lower-value
6860153b69cc696d5dcfe1cdaaafcf62,SP,capivari,84,3827.63,74,4.095890410958904,73,0.081081081081081,-9.445945945945946,0.1486486486486486,False,True,True,275,3,High-value
903037660cf848a717166eb7a06d616e,SP,sao paulo,60,7991.51,45,3.888888888888889,45,0.1111111111111111,-16.318181818181817,0.2,False,True,True,566,4,High-value
f08c008c8a8d31417763738a1788a2a8,PR,santa terezinha de itaipu,23,1291.72,22,3.1904761904761907,21,0.1363636363636363,-6.1,0.3181818181818182,False,True,True,103,1,Lower-value
bf3c6d2a28b2b5501e6c15448982dcc9,SP,sao paulo,43,3956.5,35,4.6,35,0.0285714285714285,-11.942857142857145,0.0285714285714285,False,True,True,344,2,High-value
e99e927c81e3f51739c94fcdfca9f10f,MG,uberlandia,25,2702.83,22,3.636363636363636,22,0.0454545454545454,-9.142857142857142,0.2272727272727272,False,True,True,420,3,Lower-value
49cdc90518a4f82676b38b3c1aa43ff6,SP,sao paulo,5,1539.5,5,3.8,5,0.0,-11.0,0.2,False,True,True,78,3,Lower-value
066a6914e1ebf3ea95a216c73a986b91,PR,foz do iguacu,74,9410.38,68,4.08955223880597,67,0.0294117647058823,-17.136363636363637,0.1176470588235294,False,True,True,672,7,High-value
3cfa1358a6caa965278721344c8d76f2,SP,sao bernardo do campo,5,3140.28,5,4.8,5,0.0,-16.0,0.0,False,True,True,56,2,Lower-value
6d66611d7c44cc30ce351abc49a68421,SP,sao paulo,176,13593.4,166,3.951219512195122,164,0.0542168674698795,-11.097560975609756,0.1566265060240964,False,True,True,569,6,High-value
e48cc16ab70bfa09e1401740dce0b3d7,SP,aracatuba,17,1084.83,14,3.571428571428572,14,0.0,-10.357142857142858,0.2857142857142857,False,True,True,383,1,Lower-value
da20530872245d6cd9d2f5725613c430,RS,igrejinha,3,314.96000000000004,2,4.5,2,0.0,-14.0,0.0,False,True,True,8,1,Lower-value
3d8fa2f5b647373c8620330c4e077a9f,SP,sao paulo,48,3571.73,43,4.166666666666667,42,0.0232558139534883,-11.5,0.1395348837209302,False,True,True,107,6,High-value
57d2ba47f7a3209aa347532ae75c1165,SC,sao bento do sul,2,318.0,2,4.0,2,0.0,-14.0,0.0,False,True,True,26,1,Lower-value
76d5af76d0271110f9af36c92573f765,SP,sao paulo,159,33461.6,131,4.115384615384615,130,0.0916030534351145,-12.3359375,0.1450381679389313,False,True,True,665,7,High-value
729f06993dac8e860d4f02d7088ca48a,SP,limeira,115,20485.08,96,4.168421052631579,95,0.09375,-10.808510638297872,0.1145833333333333,False,True,True,521,2,High-value
9e9b539eb2806acee3f5c28085c1db9f,MG,contagem,3,967.0,3,3.6666666666666665,3,0.3333333333333333,-3.0,0.3333333333333333,False,True,True,15,2,Lower-value
fa18c782a4866d313cadab567097f8f1,MG,belo horizonte,1,58.99,1,1.0,1,0.0,,1.0,True,True,False,0,1,Lower-value
b77a27b1864483e721dc831d5ba4afa0,RJ,duque de caxias,2,41.8,2,3.5,2,0.0,-21.0,0.5,False,True,True,41,1,Lower-value
41c9d3997dd3c072c31139dc5bb5761f,MG,araxa,3,998.8,3,4.333333333333333,3,0.0,-10.333333333333334,0.0,False,True,True,37,1,Lower-value
700f03c207639c22d933381ff60b35c2,SP,barretos,4,1189.86,4,4.0,4,0.5,0.5,0.25,False,True,True,417,1,Lower-value
762fafdaa57a532ee0119731697579dd,SP,itu,5,206.7,5,5.0,5,0.0,-13.2,0.0,False,True,True,64,2,Lower-value
50770d25768b0486d89be26afca3108f,SP,santo andre,6,171.76999999999998,6,4.0,6,0.1666666666666666,-6.833333333333333,0.1666666666666666,False,True,True,217,1,Lower-value
b3b17aab11f273023a5f22ca52e1eb70,PR,londrina,13,6850.0,7,4.857142857142857,7,0.1428571428571428,-9.857142857142858,0.0,False,True,True,134,1,High-value
b19f3ca2ea475913750f25a5c37c8d8f,MG,divinopolis,24,6202.91,24,2.7916666666666665,24,0.25,-7.052631578947368,0.5,False,True,True,305,2,High-value
6179a28a13a726c29b3bf54c070dccab,MG,varginha,2,600.0,2,3.0,2,0.0,-10.0,0.5,False,True,True,53,1,Lower-value
cc419e0650a3c5ba77189a1882b7556a,SP,santo andre,1775,104288.42,1706,4.071849234393404,1698,0.0509964830011723,-12.993337371290128,0.1488862837045721,False,True,True,572,4,High-value
0df3984f9dfb3d49ac6366acbd3bbb85,MG,betim,89,10021.49,87,4.344827586206897,87,0.0114942528735632,-14.80232558139535,0.1034482758620689,False,True,True,462,2,High-value
7008613ea464bad5cb9b83456e1e6a8f,SC,canoinhas,156,7777.0,127,4.261904761904762,126,0.0472440944881889,-13.902439024390244,0.0787401574803149,False,True,True,680,1,High-value
7f152321c60a266edc53af1925ef96c1,SC,criciuma,20,3919.8,20,3.8,20,0.3,-6.4,0.25,False,True,True,338,1,High-value
c4fb51fb1c5b7c07bc5e67be6e7e8f6e,PR,curitiba,16,1567.9,15,3.533333333333333,15,0.1333333333333333,-10.8,0.2,False,True,True,384,5,Lower-value
52ac6f920b7280e4c6d30dd94de6259b,PR,pinhais,7,5657.3,6,3.6666666666666665,6,0.0,-11.166666666666666,0.1666666666666666,False,True,True,448,1,High-value
7d7d2b7a51328016102d4528c411d630,SP,ibitinga,7,918.8,7,4.142857142857143,7,0.1428571428571428,-9.142857142857142,0.1428571428571428,False,True,True,132,2,Lower-value
9e94fa26a70ede4d26226e918e8706a2,SP,sao carlos,1,62.8,1,5.0,1,0.0,-8.0,0.0,False,True,True,0,1,Lower-value
eddd1991bd6d9309995a480c39b95137,PR,ponta grossa,3,866.0,3,2.6666666666666665,3,0.0,-7.5,0.3333333333333333,False,True,True,30,0,Lower-value
994f04b3718c2bab35c2adfa8afecd2a,SP,jaguariuna,57,3445.7,49,4.244897959183674,49,0.0612244897959183,-8.148936170212766,0.0612244897959183,False,True,True,270,3,High-value
3f3486b61f45078d4f31ee5e43d8c5bb,SP,sao paulo,40,3829.73,40,4.325,40,0.1,-10.333333333333334,0.075,False,True,True,255,3,High-value
5db42a6cd9bf1bf0d3aab9582767f168,ES,vitoria,1,200.0,1,5.0,1,0.0,-6.0,0.0,False,True,True,0,1,Lower-value
a06c8ff043abea0528ee44171e2140a2,MG,divinopolis,8,514.5,8,4.75,8,0.0,-10.875,0.0,False,True,True,168,3,Lower-value
6b3bd31ad8fcda4b2635ec9f3ff2ecdf,RJ,rio de janeiro,43,4198.9,36,4.0,36,0.0833333333333333,-9.057142857142855,0.1944444444444444,False,True,True,139,2,High-value
977f9f63dd360c2a32ece2f93ad6d306,SP,tabatinga,25,2858.8700000000003,24,3.75,24,0.0833333333333333,-11.130434782608695,0.2083333333333333,False,True,True,328,1,Lower-value
2c43fb513632d29b3b58df74816f1b06,MG,belo horizonte,3,858.0,3,3.6666666666666665,3,0.0,-16.666666666666668,0.3333333333333333,False,True,True,32,2,Lower-value
910a922b426b7ff95eaee129ad6c0e1f,SP,sao jose do rio preto,2,119.8,2,5.0,2,0.0,-6.0,0.0,False,True,True,7,1,Lower-value
d9442042130b7fe579d1295f9f4a248f,SP,sao paulo,22,772.16,19,4.368421052631579,19,0.0526315789473684,-7.947368421052632,0.1052631578947368,False,True,True,141,4,Lower-value
da2782c804606d2a5d8e1760dbb3e7ec,SP,sao paulo,1,89.0,1,1.0,1,1.0,13.0,1.0,True,True,True,0,1,Lower-value
ce248b21cb2adc36282ede306b7660e5,SC,jaragua do sul,66,15230.06,65,4.184615384615385,65,0.0769230769230769,-10.46875,0.1384615384615384,False,True,True,381,8,High-value
5b0cc932433fa5184b5b94bfe6bcc256,SP,ibitinga,17,1437.8,12,3.583333333333333,12,0.25,-8.0,0.3333333333333333,False,True,True,46,2,Lower-value
7ff588a03c2aeae4fbd23f9ae64b760d,SP,guarulhos,16,1182.2,14,4.642857142857143,14,0.0,-9.714285714285714,0.0714285714285714,False,True,True,81,1,Lower-value
08cdbae123ff67ca4e36d9d641ce0119,MG,uba,6,3098.99,4,3.25,4,0.5,1.25,0.5,False,True,True,159,1,Lower-value
77dcbb67ccb3659bd58eaf5661560a30,RS,lajeado,2,984.0,2,1.0,2,0.0,,1.0,True,True,False,12,2,Lower-value
7ad32824caee82087b3e2e5f33b1bf32,SP,ibitinga,184,22505.1,151,3.8378378378378377,148,0.1258278145695364,-10.06122448979592,0.1986754966887417,False,True,True,213,1,High-value
de722cd6dad950a92b7d4f82673f8833,PE,recife,379,55426.1,339,4.293768545994065,337,0.0353982300884955,-15.504451038575668,0.0943952802359882,False,True,True,225,2,High-value
70849ca4f400aaabb62cb7462a6f1428,MG,belo horizonte,12,909.58,12,4.416666666666667,12,0.1666666666666666,-11.0,0.0833333333333333,False,True,True,247,5,Lower-value
b16d3dadc47d4eb18be3d88bad0775ce,RS,estancia velha,11,722.1,10,4.3,10,0.0,-21.2,0.1,False,True,True,78,3,Lower-value
5c3460cd3e8a984382ae254e7dd20d9f,SP,sao jose do rio preto,10,775.76,9,4.666666666666667,9,0.0,-14.333333333333334,0.0,False,True,True,173,1,Lower-value
22c32ec35d0116ef02c281798a25bf8b,PR,maringa,6,119.58,4,3.75,4,0.0,-15.0,0.0,False,True,True,23,1,Lower-value
8d46553a36e68f95350a200c12f8f2e2,SP,campinas,16,746.6,13,3.230769230769231,13,0.0,-11.666666666666666,0.3076923076923077,False,True,True,208,2,Lower-value
45ba18c210d42734ec52c0c1c574e9ee,SP,sao roque,41,5589.13,38,3.8684210526315774,38,0.0526315789473684,-11.742857142857142,0.2105263157894736,False,True,True,142,9,High-value
10cdd491d1dbea8fb4ead97b19c334ce,MG,santa rita do sapucai,3,208.9,3,5.0,3,0.0,-18.0,0.0,False,True,True,28,1,Lower-value
dc317f341ab0e22f39acbd9dbf9b4a1f,RS,cachoeirinha,58,18988.4,55,4.1454545454545455,55,0.0545454545454545,-14.981818181818182,0.1636363636363636,False,True,True,531,3,High-value
fe9d9cf8631285d5982c6e2cf27fb114,MG,barbacena/ minas gerais,1,69.9,1,4.0,1,0.0,-14.0,0.0,False,True,True,0,1,Lower-value
d93844a9c55ba7ce353388bcf849ea56,PR,curitiba,14,2708.5,12,4.25,12,0.0,-9.75,0.0833333333333333,False,True,True,410,1,Lower-value
52b53f7061969fe471d119b6195da864,SP,itajai,1,90.0,1,5.0,1,0.0,-8.0,0.0,False,True,True,0,1,Lower-value
1b8356dabde1d35e17cef975c3f82730,SP,sao paulo,61,3426.39,56,4.160714285714286,56,0.0178571428571428,-13.872727272727271,0.1071428571428571,False,True,True,283,4,High-value
43402bdf22aa2310e8f99e2f94f78628,SP,ribeirao pires,5,649.95,4,2.5,4,0.0,-34.5,0.5,False,True,True,44,2,Lower-value
c4b911d06343b21dd906651f8101cb49,SP,vera cruz,2,90.98,2,1.0,2,0.0,,1.0,True,True,False,0,1,Lower-value
f44bdc12aa39f5271f0b95f66cd4c289,SP,braganca paulista,7,357.5,5,3.2,5,0.2,-5.0,0.4,False,True,True,260,1,Lower-value
9bf11dfc0bec77e5a23028043c3c5a8f,MG,contagem,1,115.0,1,1.0,1,1.0,12.0,1.0,True,True,True,0,1,Lower-value
13f57c12a00ed4610db646b913a7f5c6,SP,santos,13,645.2,7,4.857142857142857,7,0.1428571428571428,-7.857142857142857,0.0,False,True,True,220,1,Lower-value
54c04bdb5ec46762f8f08c7e8f86ed4a,SC,florianopolis,19,3281.66,18,4.333333333333333,18,0.1111111111111111,-10.27777777777778,0.1111111111111111,False,True,True,183,1,High-value
b5dd7151a92ccaaa282cbe9681a05f44,SP,ribeirao preto,1,85.0,1,5.0,1,0.0,-6.0,0.0,False,True,True,0,1,Lower-value
447d377bdb757058acb569025ee18a93,RS,carazinho,1,64.99,1,5.0,1,0.0,-14.0,0.0,False,True,True,0,1,Lower-value
52562a9f449c3dc3d53f5f5b9ed74903,RN,parnamirim,14,3266.6,14,4.785714285714286,14,0.0,-18.428571428571427,0.0,False,True,True,351,4,Lower-value
2a73cba571d90c694b7caca072ccf6ce,SP,sao caetano do sul,2,342.78,1,5.0,1,0.0,0.0,0.0,False,True,True,0,1,Lower-value
3d2400ac620cffa23ac81bd192f7f555,SP,sao bernardo do campo,1,105.0,1,5.0,1,0.0,-1.0,0.0,False,True,True,0,1,Lower-value
968268a686aa05d1f529fb07dff08130,SP,sao paulo,12,4677.29,12,3.5,12,0.0,-11.833333333333334,0.3333333333333333,False,True,True,195,2,High-value
7c462184585ae80bd6e5774c62ce50f2,SP,campinas,2,60.0,1,3.0,1,1.0,8.0,0.0,False,True,True,0,1,Lower-value
3ea00e1dea2b0659dbaf654735929220,PR,curitiba,7,505.0,7,4.857142857142857,7,0.0,-20.285714285714285,0.0,False,True,True,385,1,Lower-value
54965bbe3e4f07ae045b90b0b8541f52,PR,foz do iguacu,86,10961.3,78,3.0,74,0.282051282051282,-3.5753424657534247,0.4230769230769231,False,True,True,257,1,High-value
4965a7002cca77301c82d3f91b82e1a9,SP,sorocaba,1,8.49,1,5.0,1,0.0,-13.0,0.0,False,True,True,0,1,Lower-value
2d8cfba3fcd3170555941605edaa196a,SP,osasco,1,45.0,1,5.0,1,0.0,-14.0,0.0,False,True,True,0,1,Lower-value
6039e27294dc75811c0d8a39069f52c0,SP,osasco,75,13670.7,64,3.6875,64,0.171875,-7.333333333333333,0.203125,False,True,True,541,3,High-value
b45d7ebfb7378630f1bcd74b6ff86ff7,MG,belo horizonte,5,1007.5,5,3.8,5,0.0,-12.333333333333334,0.2,False,True,True,175,1,Lower-value
e2a1ac9bf33e5549a2a4f834e70df2f8,SP,sao paulo,5,14999.45,5,4.8,5,0.0,-9.8,0.0,False,True,True,119,1,High-value
bc07d855eac23aab5ac8a120f21d16b2,SP,mogi das cruzes,13,1283.11,12,4.166666666666667,12,0.1666666666666666,-10.363636363636363,0.1666666666666666,False,True,True,156,4,Lower-value
3492e68f37fd1df87f4f2f2ea247f445,SP,salto,9,787.86,8,3.875,8,0.0,-8.625,0.25,False,True,True,90,3,Lower-value
93bef6edaa84956e8e575016449b6351,SP,sao paulo,1,115.0,1,5.0,1,0.0,-21.0,0.0,False,True,True,0,1,Lower-value
05ff92fedb5be47920fea08e501238b9,RS,santo angelo,62,21992.78,59,4.237288135593221,59,0.0338983050847457,-17.736842105263158,0.0677966101694915,False,True,True,672,3,High-value
68f86ba270525243e68ae74044f992b9,RJ,rio de janeiro,12,876.5,11,4.363636363636363,11,0.0,-13.7,0.0,False,True,True,353,1,Lower-value
aeb36d67f1414f234d42a29e27cf1f17,SP,santo andre,4,3263.8,4,4.5,4,0.25,-2.75,0.0,False,True,True,83,1,Lower-value
916c9de0b5ad957346eeeb12f332687e,PR,curitiba,28,5480.25,23,4.565217391304348,23,0.0,-17.954545454545453,0.0434782608695652,False,True,True,396,1,High-value
c68fb906c8f4b4b946d8386bfa6e5467,SP,jaboticabal,48,4541.16,45,4.5227272727272725,44,0.0222222222222222,-13.22222222222222,0.0666666666666666,False,True,True,499,8,High-value
53d00c40e32aeb924a84ce72b1af869d,SP,ibitinga,17,2165.85,17,4.352941176470588,17,0.1176470588235294,-7.470588235294118,0.0588235294117647,False,True,True,211,1,Lower-value
93dc87703c046b603023e75222018b45,MG,belo horizonte,36,8517.35,35,3.9696969696969697,33,0.0857142857142857,-10.969696969696969,0.1428571428571428,False,True,True,261,3,High-value
10076e5788b8ee532724bcd460baf762,SP,batatais,26,821.48,23,4.565217391304348,23,0.0434782608695652,-12.347826086956522,0.0434782608695652,False,True,True,438,2,Lower-value
804287717b9156fb7a787acd9af4fac1,PR,maringa,1,18.8,1,5.0,1,0.0,-27.0,0.0,False,True,True,0,1,Lower-value
4dc646b9b9e8e411ef48ba000ea3ac6f,SP,valinhos,5,289.7,4,2.75,4,0.25,-7.0,0.5,False,True,True,193,1,Lower-value
e9c6969d40e6a3d2d0f90013165c2b98,SP,sao paulo,10,5239.98,10,4.4,10,0.0,-18.3,0.1,False,True,True,209,1,High-value
bd0a1b0aadca9a83d9304f7e8ff5fbd5,SP,sao paulo,4,150.6,4,4.5,4,0.0,-7.25,0.0,False,True,True,13,1,Lower-value
340636a908b13bbe0f4fb63fbe1d0c03,SP,sao jose dos campos,6,823.2,5,3.4,5,0.0,-10.0,0.4,False,True,True,69,1,Lower-value
cf654707ed6a99f112c7ec3d6f314b8b,SP,sao paulo,4,756.0,3,4.666666666666667,3,0.0,-6.666666666666667,0.0,False,True,True,92,1,Lower-value
01c97ebb5cdac52891c0ed1c37ba0012,SP,catanduva,12,577.5,9,4.222222222222222,9,0.0,-8.222222222222221,0.1111111111111111,False,True,True,473,1,Lower-value
f0b47fbbc6dee9aafe415a6e33051b3f,SP,maua,86,3795.91,68,4.220588235294118,68,0.1029411764705882,-12.238805970149254,0.1323529411764706,False,True,True,399,4,High-value
bd149ed516d4c5d418d5781f8e18919f,SP,guarulhos,9,414.0,8,4.875,8,0.0,-7.0,0.0,False,True,True,296,1,Lower-value
3dbbce181edfaa4a597ec858c382d2ec,PR,curitiba,20,848.3,17,4.235294117647059,17,0.0588235294117647,-9.823529411764708,0.1176470588235294,False,True,True,238,2,Lower-value
06532f10282704ef4c69168b914b77be,PR,paincandu,9,10220.5,8,4.25,8,0.0,-12.714285714285714,0.125,False,True,True,168,2,High-value
1127b7f2594683f2510f1c2c834a486b,SP,campinas,132,6851.33,114,4.087719298245614,114,0.0175438596491228,-11.245454545454546,0.175438596491228,False,True,True,543,4,High-value
cd52a8efd71af3336b14b5039b951cc1,SP,palhoca,3,170.8,3,2.333333333333333,3,0.0,-8.5,0.3333333333333333,False,True,True,74,1,Lower-value
79ed755314cfe6df0daef2c6cd3022cd,SP,rio claro,25,3907.5,23,4.727272727272728,22,0.0,-13.695652173913045,0.0,False,True,True,530,3,High-value
2c9e548be18521d1c43cde1c582c6de8,SP,mogi das cruzes,174,6109.44,126,4.112903225806452,124,0.1507936507936507,-6.604838709677419,0.1349206349206349,False,True,True,324,5,High-value
bc47d5d1490df2b36add65d733eafaba,SP,santo andre,25,1004.8,24,3.25,24,0.0833333333333333,-12.238095238095235,0.375,False,True,True,208,1,Lower-value
7caa63f175b1cecbfaadd8b5ab9998c7,SP,sao paulo,2,39.8,2,2.0,2,0.0,-22.0,0.5,True,True,True,158,1,Lower-value
de66a66f2dd06bb9ec37aa96987466a3,RJ,rio de janeiro,8,353.32,7,4.142857142857143,7,0.0,-26.142857142857142,0.1428571428571428,False,True,True,117,2,Lower-value
fec6275253471ace26d209bbaa64cd0f,RJ,nova friburgo,10,2840.0,9,4.555555555555555,9,0.0,-17.333333333333332,0.1111111111111111,False,True,True,165,1,Lower-value
c31eff8334d6b3047ed34bebd4d62c36,SP,salto,123,13191.5,122,3.851239669421488,121,0.1147540983606557,-10.25,0.180327868852459,False,True,True,264,2,High-value
c87abc38c8ed3240861729e1aeadf221,SP,sao paulo,1,133.0,1,1.0,1,0.0,-31.0,1.0,True,True,True,0,1,Lower-value
07a9bc7f61396b658ddf3ac534efe44c,SP,sao paulo,1,119.9,1,3.0,1,0.0,-5.0,0.0,False,True,True,0,1,Lower-value
822166ed1e47908f7cfb49946d03c726,RJ,tres rios,108,3714.83,69,3.985294117647059,68,0.0144927536231884,-13.246376811594205,0.1884057971014492,False,True,True,423,3,High-value
a45314082d50d578a4721c9787ce09ab,SP,mirassol,2,424.9,2,5.0,2,0.0,-6.0,0.0,False,True,True,15,2,Lower-value
98e164d549402270247f3c96a1a158ef,SP,sao paulo,2,162.7,2,2.5,2,0.0,-11.0,0.5,False,True,True,73,1,Lower-value
59bbc819b99a733f02f0d6b49d1c253d,SP,campinas,2,139.8,2,5.0,2,0.0,-12.5,0.0,False,True,True,49,1,Lower-value
2e3be8a987a30d7544dbbda6861cc14e,MG,belo horizonte,19,4430.84,18,3.1666666666666665,18,0.0555555555555555,-11.214285714285714,0.3333333333333333,False,True,True,526,1,High-value
b6c6854d4d92a5f6f46be8869da3fa1a,SP,sao paulo,1,69.9,1,1.0,1,0.0,,1.0,True,True,False,0,1,Lower-value
f1b93673502375d491780bb49d615dbc,SP,sao jose dos campos,10,2638.9300000000003,8,3.125,8,0.125,-6.125,0.375,False,True,True,159,3,Lower-value
bbd3acfe6de99892e73940d3fdceaf68,SP,santo andre,2,69.0,2,3.0,2,0.0,-8.0,0.5,False,True,True,2,1,Lower-value
b3f19518fcec265b2e97af287725f981,SP,tanabi,9,486.91,9,4.222222222222222,9,0.0,-13.0,0.0,False,True,True,158,1,Lower-value
b2ba3715d723d245138f291a6fe42594,SP,sao paulo,363,51676.88,337,4.098802395209581,334,0.0652818991097922,-9.842592592592592,0.14540059347181,False,True,True,686,27,High-value
b410bdd36d5db7a65dcd42b7ead933b8,GO,goiania,44,7726.9,44,4.659090909090909,44,0.0,-15.452380952380953,0.0454545454545454,False,True,True,208,1,High-value
31344c16881c08a8a72c6d2eb29918c1,MG,uba,43,9615.7,43,4.348837209302325,43,0.0465116279069767,-10.333333333333334,0.1162790697674418,False,True,True,570,1,High-value
4e42581f08e8cfc7c090f930bac4552a,SP,portoferreira,4,336.0,3,1.0,3,0.3333333333333333,12.0,1.0,True,True,True,12,3,Lower-value
9a208dee8f95cfdf00760c4d627828ec,RJ,belford roxo,1,269.9,1,1.0,1,0.0,,1.0,True,True,False,0,1,Lower-value
d58d521f3789def2e7a22715e0badd93,SP,sao paulo,2,65.98,2,3.5,2,0.0,-9.0,0.0,False,True,True,130,1,Lower-value
0aea4c6ae1505b3228ddf3dd7822ee5b,SP,sorocaba,8,1427.91,8,3.875,8,0.25,-6.5,0.125,False,True,True,202,1,Lower-value
b3809b8d4394588a47c8470ea331e135,SP,sao paulo,1,89.0,1,4.0,1,0.0,-8.0,0.0,False,True,True,0,1,Lower-value
fcb5ace8bcc92f75707dc0f01a27d269,SP,guarulhos,73,8318.63,62,3.852459016393442,61,0.032258064516129,-9.33898305084746,0.1774193548387097,False,True,True,262,11,High-value
6a0cbc8af2e8abd1bdfb777943d174c6,SP,batatais,35,3894.05,35,4.0588235294117645,34,0.0857142857142857,-8.941176470588236,0.1142857142857142,False,True,True,421,2,High-value
1b0b0f4f95e962d6f32fe90c759d0479,SP,sao paulo,2,139.8,2,5.0,2,0.0,-9.5,0.0,False,True,True,258,1,Lower-value
70126eecc6aa1274392a1743866e9678,SP,barueri,3,97.4,3,5.0,3,0.0,-12.0,0.0,False,True,True,29,2,Lower-value
cb0b3bcf14e0a709df412a99424a59d7,SP,sao paulo,2,460.0,2,4.5,2,0.0,-10.0,0.0,False,True,True,10,1,Lower-value
8931a84a914b3fe9b1ddaa4d704947ca,SP,sao paulo,32,4668.3,29,4.071428571428571,28,0.0689655172413793,-10.79310344827586,0.1724137931034483,False,True,True,477,1,High-value
7681ef142fd2c19048da7430856b5588,SP,guarulhos,77,31941.81,59,4.172413793103448,58,0.0847457627118644,-9.379310344827584,0.135593220338983,False,True,True,193,7,High-value
3771c85bac139d2344864ede5d9341e3,SP,sorocaba,30,1433.3,26,3.8461538461538463,26,0.1153846153846153,-7.6923076923076925,0.2307692307692307,False,True,True,201,1,Lower-value
7ddcbb64b5bc1ef36ca8c151f6ec77df,SP,sao paulo,343,55578.57,334,3.9546827794561934,331,0.0808383233532934,-10.083076923076923,0.1706586826347305,False,True,True,333,9,High-value
02b72cdeb9cfcc429f1af6f4e3f3b737,SP,ibitinga,4,522.65,4,4.75,4,0.0,-9.0,0.0,False,True,True,27,1,Lower-value
3481aa57cd91f9f9d3fa1fa12d9a3bf7,SP,capivari,25,1773.03,25,3.88,25,0.0,-16.88,0.2,False,True,True,322,2,Lower-value
a218df5c097b0ca409cfaac1488cc7f6,SP,araraquara,4,130.69,4,2.75,4,0.0,-18.25,0.25,False,True,True,53,3,Lower-value
bd0389da23d89b726abf911cccc54596,DF,brasilia,90,7472.16,87,4.172413793103448,87,0.0689655172413793,-12.505747126436782,0.1149425287356321,False,True,True,518,5,High-value
af3ef48d0e13835e529c29ac573c63e5,SP,araraquara,21,1405.63,21,3.761904761904762,21,0.0476190476190476,-11.38095238095238,0.238095238095238,False,True,True,98,2,Lower-value
855668e0971d4dfd7bef1b6a4133b41b,SP,itatiba,327,32208.16,312,3.771986970684039,307,0.1217948717948717,-9.03,0.2243589743589743,False,True,True,480,3,High-value
77e4abfd739aed9c46480f90f81c0eb4,DF,brasilia,18,3736.99,18,4.777777777777778,18,0.0,-15.5,0.0,False,True,True,195,4,High-value
bac44fa8e13424950488659b5f765c41,SP,sao paulo,1,19.9,1,5.0,1,0.0,-46.0,0.0,False,True,True,0,1,Lower-value
863d2ebcd347ce4922de7a0f9a5581d6,RJ,rio de janeiro,19,1382.36,18,3.888888888888889,18,0.1111111111111111,-10.411764705882351,0.1666666666666666,False,True,True,404,1,Lower-value
1c68394e931a64f90ea236c5ea590300,PR,sarandi,171,24832.75,142,3.9014084507042255,142,0.0352112676056338,-15.309859154929578,0.1690140845070422,False,True,True,393,2,High-value
95b293867b5862941c9cd74f756a3c68,SP,sao paulo,9,648.1,9,3.555555555555556,9,0.4444444444444444,2.6666666666666665,0.3333333333333333,False,True,True,86,2,Lower-value
e62b2d6ac10570a035a30bafcf01d263,SP,sao paulo,71,5340.39,62,3.9661016949152543,59,0.1129032258064516,-9.419354838709678,0.1451612903225806,False,True,True,337,12,High-value
f63d8f293af3a6454377546bd9dd19ff,SP,votorantim,28,1751.82,17,4.470588235294118,17,0.0588235294117647,-12.941176470588236,0.1176470588235294,False,True,True,275,2,Lower-value
7a425d299613df3e613bcf9d2eaf5c49,RJ,rio de janeiro,18,1218.8,18,4.111111111111111,18,0.0555555555555555,-12.11111111111111,0.1666666666666666,False,True,True,265,1,Lower-value
6bb0724edf0b62fb91ac404873a97241,SP,cotia,18,3653.0,17,4.466666666666667,15,0.0588235294117647,-10.352941176470589,0.0588235294117647,False,True,True,405,1,High-value
112453736dbe3889cfb74e1aaa0ba0c1,SP,sao paulo,14,1890.0,7,4.142857142857143,7,0.0,-7.0,0.1428571428571428,False,True,True,66,2,Lower-value
f593898ec748b7a8cb81fc04edafd98a,SP,pedreira,23,2813.04,20,3.7,20,0.15,-13.894736842105264,0.25,False,True,True,142,4,Lower-value
96f7c797de9ca20efbe14545bed63eec,SP,cravinhos,3,138.60000000000002,1,1.0,1,0.0,-14.0,1.0,True,True,True,0,1,Lower-value
77530e9772f57a62c906e1c21538ab82,PR,curitiba,389,46610.4,320,4.1069182389937104,318,0.090625,-10.948717948717947,0.15625,False,True,True,690,2,High-value
297d5eccd19fa9a83b2630071ff105e4,PR,curitiba,8,834.97,8,5.0,8,0.0,-12.625,0.0,False,True,True,34,1,Lower-value
191d55f7edb8524d525ed01b20fe32e8,DF,brasilia,3,747.0,3,2.333333333333333,3,0.3333333333333333,-3.0,0.6666666666666666,False,True,True,51,1,Lower-value
ff69aa92bb6b1bf9b8b7a51c2ed9cf8b,SP,sao paulo,20,21940.8,20,3.65,20,0.2,-9.1,0.3,False,True,True,198,2,High-value
5733d806668f8712c24b9abaefbfa642,SP,chapeco,2,243.8,2,5.0,2,0.0,-17.0,0.0,False,True,True,89,2,Lower-value
65b081a070633e057c462abdd6fb9dd8,GO,morrinhos,20,1885.09,19,4.315789473684211,19,0.0,-17.473684210526315,0.1052631578947368,False,True,True,193,1,Lower-value
edf96ef93ed595084bbcbd9224bd2894,SP,sao paulo,28,3757.0,25,3.88,25,0.08,-8.76,0.12,False,True,True,554,2,High-value
6a8b085f816a1f75f92dbac6eb545f8f,SP,bebedouro,135,6018.97,127,4.110236220472441,127,0.0787401574803149,-10.048,0.1181102362204724,False,True,True,389,1,High-value
f3295428338a40977a03f555246a70f4,ES,vitoria,7,644.98,7,3.571428571428572,7,0.1428571428571428,-10.285714285714286,0.2857142857142857,False,True,True,105,1,Lower-value
75fbb52eda0cbc24f479d3b2fbfa8d3e,GO,goiania,43,1130.99,40,4.358974358974359,39,0.05,-14.157894736842104,0.1,False,True,True,501,1,Lower-value
e5d4b2b0c3bca22085f7a19a28de0c42,SC,joinville,4,205.8,4,4.5,4,0.0,-11.5,0.0,False,True,True,91,2,Lower-value
6187a137b2af59dfdbad8d9f8c373c14,SP,osasco,2,74.8,2,3.0,2,0.0,-11.5,0.5,False,True,True,38,1,Lower-value
062ce95fa2ad4dfaedfc79260130565f,RS,lajeado,60,7521.0,55,4.036363636363636,55,0.0363636363636363,-13.166666666666666,0.109090909090909,False,True,True,226,5,High-value
c200c73f9d7e5a08ca439d6a0803da7c,PR,almirante tamandare,2,40.0,1,1.0,1,0.0,,1.0,True,True,False,0,1,Lower-value
2ee0a0689f2f6a72f35a7cb6033f6e7e,SP,presidente prudente,4,272.0,4,4.0,4,0.0,-11.75,0.0,False,True,True,11,1,Lower-value
a08692680c77d30a0b4280da5df01c5a,SP,sao paulo,17,2433.0,6,5.0,6,0.0,-9.833333333333334,0.0,False,True,True,293,1,Lower-value
dd533b429f380718b70ad9922c294bae,SP,barretos,45,2819.77,41,3.7804878048780486,41,0.0975609756097561,-9.307692307692308,0.1951219512195122,False,True,True,340,2,Lower-value
582d4f8675b945722eda7c0cb61ba4c7,SP,bertioga,71,4702.96,59,4.152542372881356,59,0.0169491525423728,-13.610169491525424,0.1525423728813559,False,True,True,560,5,High-value
74636e24f01da9268b0ed88dacd8513e,SP,sao paulo,4,776.0,4,4.0,4,0.25,-4.75,0.25,False,True,True,110,2,Lower-value
09bad886111255c5b5030314fc7f1a4a,SP,sao paulo,5,487.5,5,5.0,5,0.0,-4.4,0.0,False,True,True,19,1,Lower-value
94144541854e298c2d976cb893b81343,RS,viamao,76,17286.28,68,4.253731343283582,67,0.0441176470588235,-14.279411764705882,0.1176470588235294,False,True,True,347,3,High-value
bf84056e679dbe9c69929847a40e338f,SP,sao paulo,40,2024.04,36,3.75,36,0.0555555555555555,-6.6571428571428575,0.1666666666666666,False,True,True,69,2,Lower-value
21c62b998a043ebe31161d38f84929fc,CE,fortaleza,4,750.49,4,4.5,4,0.0,-16.0,0.0,False,True,True,23,1,Lower-value
02d35243ea2e497335cd0f076b45675d,RN,natal,16,5794.0,14,2.642857142857143,14,0.2857142857142857,-6.142857142857143,0.4285714285714285,False,True,True,459,1,High-value
1c129092bf23f28a5930387c980c0dfc,SP,sao paulo,220,9553.62,201,4.235,200,0.044776119402985,-10.055,0.1194029850746268,False,True,True,312,2,High-value
a1040efe9ff4a6f93c28b0499eada8f5,SP,jundiai,1,1658.83,1,5.0,1,0.0,-15.0,0.0,False,True,True,0,1,Lower-value
2d9e8987a2ea5cf88dce330249043ff1,SP,jaci,2,239.8,2,4.5,2,0.0,-5.5,0.0,False,True,True,15,1,Lower-value
fdf736c18c589ed030e058312203e1b2,MG,pocos de caldas,1,30.0,1,5.0,1,0.0,-3.0,0.0,False,True,True,0,1,Lower-value
e433f5fd4050e3352b5d83522b7fe24b,PR,arapongas,1,548.06,1,4.0,1,0.0,-7.0,0.0,False,True,True,0,1,Lower-value
b01c2b7b8599b325103ebcddc67413e1,RS,venancio aires,4,169.45,4,4.75,4,0.0,-10.25,0.0,False,True,True,36,1,Lower-value
bb5d956dece964a06c12bceb66b923ae,RJ,rio de janeiro,2,1278.36,2,5.0,2,0.0,-13.5,0.0,False,True,True,28,1,Lower-value
3afc536624bc2e65bddfb5db33cc01f3,MG,belo horizonte,6,312.0,6,3.5,6,0.0,-9.5,0.3333333333333333,False,True,True,139,1,Lower-value
8090490573c6c0aa343a7231ebcb8c86,SP,sao paulo - sp,26,3871.12,26,4.1923076923076925,26,0.0769230769230769,-11.5,0.1153846153846153,False,True,True,348,4,High-value
26d6bbee02420494d471c9f6436929c0,PR,curitiba,13,434.51,12,4.666666666666667,12,0.0,-10.833333333333334,0.0,False,True,True,142,4,Lower-value
602044f2c16190c2c6e45eb35c2e21cb,SP,ibitinga,57,3739.16,50,3.142857142857143,49,0.16,-8.8125,0.38,False,True,True,307,1,High-value
b347677812ea483b0f528eaf8cbc09b7,PR,curitiba,21,7288.99,21,4.523809523809524,21,0.0,-17.0,0.0476190476190476,False,True,True,210,1,High-value
d94ba08b99bedd6a5f6c875ecc4a6fac,PR,apucarana,10,599.0,9,4.777777777777778,9,0.0,-12.0,0.0,False,True,True,105,1,Lower-value
880ce4951cf857ab1d9e0b75c1d856f4,MG,belo horizont,1,178.9,1,5.0,1,0.0,-19.0,0.0,False,True,True,0,1,Lower-value
b499c00f28f4b7069ff6550af8c1348a,SP,limeira,187,10327.13,152,4.118421052631579,152,0.125,-11.408163265306122,0.131578947368421,False,True,True,689,12,High-value
7a2d2949aea47fab95fd98d6c9f618b1,PR,curitiba,12,1638.99,11,4.2727272727272725,11,0.0,-17.545454545454547,0.0909090909090909,False,True,True,505,2,Lower-value
fad44952713764836814be105382aee5,RJ,rio de janeiro,32,5129.0,32,4.28125,32,0.0,-11.96875,0.0625,False,True,True,221,1,High-value
f1ed6bd0a9b11b581f16c851c6a5a527,RS,porto alegre,18,1622.77,17,4.470588235294118,17,0.0588235294117647,-9.352941176470589,0.0588235294117647,False,True,True,440,3,Lower-value
624f4ece8da4aafb77699233d480f8ef,SP,sao paulo,55,9205.0,53,4.25,52,0.0754716981132075,-10.596153846153848,0.1132075471698113,False,True,True,684,2,High-value
95e03ca3d4146e4011985981aeb959b9,RJ,rio de janeiro,193,11009.96,175,4.005780346820809,173,0.0342857142857142,-15.151162790697674,0.1428571428571428,False,True,True,457,13,High-value
1771297ac436903d1dd6b0e9279aa505,SP,guarulhos,36,2881.27,28,4.62962962962963,27,0.0357142857142857,-15.25,0.0,False,True,True,574,3,Lower-value
1d503743d2526f03f0c2c89540ee008c,SP,sao paulo,17,516.04,12,3.9166666666666665,12,0.0833333333333333,-9.416666666666666,0.1666666666666666,False,True,True,170,5,Lower-value
fc5a0d7a310a7a41abf86a458585ff2b,SP,sao paulo,2,162.8,2,2.5,2,0.0,-19.0,0.5,False,True,True,347,1,Lower-value
e1bed63d68ac36fe1f3061befe196af5,SP,mogi guacu,1,199.0,1,5.0,1,0.0,-26.0,0.0,False,True,True,0,1,Lower-value
73da1880b39c71de2b262bc7720c1494,SP,sao carlos,2,398.0,2,5.0,2,0.0,-14.0,0.0,False,True,True,167,1,Lower-value
df560393f3a51e74553ab94004ba5c87,PR,loanda,29,3661.18,28,3.678571428571429,28,0.0714285714285714,-13.615384615384617,0.1428571428571428,False,True,True,522,2,High-value
253f95b3a0e6983ae18aed49fbc2b845,SP,sao paulo,5,799.5,5,4.4,5,0.0,-14.0,0.0,False,True,True,82,1,Lower-value
834f3294fba9f932f56edc879193f925,SP,araraquara,66,39907.5,66,4.545454545454546,66,0.0606060606060606,-9.56060606060606,0.0454545454545454,False,True,True,461,2,High-value
6c177e38df6d3f34182b1f1d427231bf,PR,curitiba,56,8341.89,55,4.036363636363636,55,0.0181818181818181,-14.49056603773585,0.1636363636363636,False,True,True,560,6,High-value
08d0949a9a17c027262db1f3c450c26c,PR,cascavel,12,324.8,12,3.75,12,0.0,-11.75,0.25,False,True,True,366,1,Lower-value
11fb6f6d341adbe19e81733701704635,SP,sao paulo,3,1197.0,3,5.0,3,0.0,-7.333333333333333,0.0,False,True,True,18,1,Lower-value
04843805947f0fc584fc1969b6e50fe7,RS,ivoti,2,1400.0,1,5.0,1,0.0,0.0,0.0,False,True,True,0,1,Lower-value
e3b4998c7a498169dc7bce44e6bb6277,SP,sao paulo,3,6897.9,3,2.6666666666666665,3,0.0,-6.0,0.6666666666666666,False,True,True,27,3,High-value
a37c340b91cb0169e8b029db6440fba2,SP,sao paulo,5,345.0,5,4.8,5,0.0,-12.4,0.0,False,True,True,80,0,Lower-value
e628d4a53c109f09ca88098338b3a3f5,MG,belo horizonte,1,285.0,1,1.0,1,0.0,,1.0,True,True,False,0,1,Lower-value
381c83fdca332ea6afd896da20bf6e4a,PR,curitiba,46,7355.8,46,4.391304347826087,46,0.0217391304347826,-15.847826086956522,0.0869565217391304,False,True,True,361,2,High-value
6fd52c528dcb38be2eea044946b811f8,SP,sao paulo,84,7743.019999999999,67,3.393939393939394,66,0.1343283582089552,-10.791044776119405,0.3582089552238806,False,True,True,358,1,High-value
189ca3538ce9f920cacf0f982cbe223b,SP,sao paulo,5,419.0,4,4.25,4,0.0,-9.75,0.25,False,True,True,46,1,Lower-value
20cb7c2fde3e5bf10f0bbe7394e1c6a9,PR,andira-pr,51,861.9,32,4.0,32,0.09375,-12.161290322580646,0.15625,False,True,True,524,1,Lower-value
7e79d65b5c6f1f544b7daea036acf720,SP,sao caetano do sul,4,517.8,4,4.5,4,0.0,-14.75,0.0,False,True,True,131,1,Lower-value
fd435faa3c0422b60440ea3480d0e77c,PB,joao pessoa,1,749.0,1,5.0,1,0.0,-14.0,0.0,False,True,True,0,1,Lower-value
6bef34c5be6f2bbd70aa5165f6df94b1,SC,timbo,2,1198.0,2,2.0,2,0.0,-10.0,0.5,True,True,True,17,1,Lower-value
ae9690c6e8fee182c28c9ff8e11ca52c,SP,sao paulo,1,47.4,1,5.0,1,0.0,-47.0,0.0,False,True,True,0,1,Lower-value
f7720c4fa8e3aba4546301ab80ea1f1b,PR,curitiba,78,2083.45,60,4.2,60,0.05,-14.05084745762712,0.0833333333333333,False,True,True,506,3,Lower-value
5bba18b40e8c973b0f32e748004775b0,SP,itajobi,1,739.98,1,5.0,1,0.0,-46.0,0.0,False,True,True,0,1,Lower-value
7b7f91e98f8c6def45a1407923304402,SP,osasco,14,417.47,11,4.181818181818182,11,0.0909090909090909,-10.0,0.1818181818181818,False,True,True,97,3,Lower-value
4c2b230173bb36f9b240f2b8ac11786e,SP,sao paulo,346,14592.27,261,3.972762645914397,257,0.0919540229885057,-8.062015503875969,0.1800766283524904,False,True,True,552,2,High-value
a23266650e7c84bb93fbbba502137478,RS,porto alegre,16,1512.4,11,3.8181818181818175,11,0.0,-16.818181818181817,0.1818181818181818,False,True,True,147,5,Lower-value
d2df77822373f19934e87694d8640767,PR,arapongas,2,155.9,2,3.0,2,0.0,-16.5,0.5,False,True,True,7,2,Lower-value
8fbd63429be6d3e5e6d1a709b6464802,SP,santo andre,8,1061.4,6,4.833333333333333,6,0.0,-18.166666666666668,0.0,False,True,True,71,1,Lower-value
ac6417315ae5da8f9a38ee11de6f7780,SP,aruja,8,788.9,8,3.75,8,0.125,-13.571428571428571,0.25,False,True,True,365,4,Lower-value
81336a0f57a33776419727a300249e90,SP,sao carlos,19,1374.85,16,3.875,16,0.125,-8.4,0.1875,False,True,True,277,2,Lower-value
02f623a8eb246f3c5f7c2f96462654e6,SP,botucatu,44,6378.0,44,4.558139534883721,43,0.0681818181818181,-10.704545454545457,0.0454545454545454,False,True,True,119,2,High-value
56db5c0782e8f7ddc9343f9576ff6d16,SC,palhoca,2,734.8,2,3.0,2,0.0,-21.5,0.5,False,True,True,556,1,Lower-value
29fe9f200d3fa0c668d2aa1ec7e08dfb,SC,balneario camboriu,5,400.0,5,4.0,5,0.0,-16.0,0.2,False,True,True,79,1,Lower-value
271b8923c6a549e02d3c9fd1f8c0422b,SP,praia grande,1,105.19,1,4.0,1,1.0,4.0,0.0,False,True,True,0,1,Lower-value
4e06067cc08b3f41d837768d392c3ee3,MG,betim,46,941.72,31,4.129032258064516,31,0.032258064516129,-13.0,0.1935483870967742,False,True,True,384,1,Lower-value
ec933281fb017b5020d06df29c3f77e8,SP,sao paulo,8,1432.0,8,5.0,8,0.0,-13.25,0.0,False,True,True,287,1,Lower-value
49e7217cfe4e427191c378ec626d8737,MG,formiga,14,3002.7,13,3.8461538461538463,13,0.0,-11.5,0.1538461538461538,False,True,True,372,2,Lower-value
34f563c82a85b99ae9e6d60db5fc2e28,RS,campo bom,8,2332.3,8,4.625,8,0.0,-12.625,0.0,False,True,True,115,3,Lower-value
4ddeb3e828550cddc8d45c8bc36ab2d1,SP,sao paulo,1,152.0,1,5.0,1,0.0,-11.0,0.0,False,True,True,0,1,Lower-value
90d4125885ab6c86e8820a722be71974,SP,taboao da serra,5,1299.5500000000002,3,1.0,3,0.0,,1.0,True,True,False,0,1,Lower-value
3a734b715d333a2588a3d54a0c9b8746,SP,osasco,24,2463.52,18,3.9444444444444446,18,0.0555555555555555,-11.6,0.1666666666666666,False,True,True,163,6,Lower-value
f5b84683a9bf9e1df748cf40f601b39c,SP,sao paulo,1,83.9,1,5.0,1,0.0,-46.0,0.0,False,True,True,0,1,Lower-value
392e0502231ae2f8b29994ef6398cd77,SP,cerqueira cesar,20,1871.7,20,4.157894736842105,19,0.1,-7.9411764705882355,0.1,False,True,True,554,1,Lower-value
5d0363b33554b373851fc1622e4d5f3c,SP,atibaia,95,6610.79,94,4.042553191489362,94,0.0851063829787234,-8.96774193548387,0.1276595744680851,False,True,True,287,4,High-value
6e85dc5ecd97a61094b89b046a509d8e,SP,marapoama,1,169.9,1,1.0,1,0.0,,1.0,True,True,False,0,1,Lower-value
417a1e6c7321084d2a0ae0d023cfad93,RS,imigrante,1,48.9,1,5.0,1,0.0,-17.0,0.0,False,True,True,0,1,Lower-value
013900e863eace745d3ec7614cab5b1a,PR,curitiba,26,1619.7,23,4.695652173913044,23,0.0,-15.478260869565217,0.0434782608695652,False,True,True,405,3,Lower-value
c157bdeedcbc9a8e3c8bf0d87ff24428,SP,mairinque,10,514.27,7,4.428571428571429,7,0.0,-13.285714285714286,0.0,False,True,True,106,1,Lower-value
fa3a0b5aabb344b9a92e3524b0202123,SP,sao jose dos pinhais,7,1789.0,7,4.142857142857143,7,0.1428571428571428,-14.571428571428571,0.1428571428571428,False,True,True,141,1,Lower-value
88cf19ec1fc2c58f161aee259d57142c,SP,sao carlos,14,1372.97,14,4.5,14,0.0,-13.285714285714286,0.0,False,True,True,92,3,Lower-value
c13ef0cfbe42f190780f621ce81f2234,SP,sao paulo sp,1,390.0,1,3.0,1,1.0,6.0,0.0,False,True,True,0,1,Lower-value
fc908879b9ca1bd65419e54e50432d38,SP,sao paulo,4,119.2,4,5.0,4,0.0,-11.25,0.0,False,True,True,219,1,Lower-value
c679fb69a36e1d8349e8c50a217b4d58,RS,caxias do sul,17,1825.68,14,3.8461538461538463,13,0.0714285714285714,-9.642857142857142,0.2142857142857142,False,True,True,28,2,Lower-value
17a053fcb14bd219540cbde0df490be0,SP,mogi guacu,149,40703.14,125,4.227642276422764,123,0.056,-10.096774193548388,0.104,False,True,True,403,1,High-value
2d34636518ba88f5349b732fcf8ba2e4,SP,sao paulo,1,150.0,1,5.0,1,0.0,-28.0,0.0,False,True,True,0,1,Lower-value
d79e8478eed9999493990b44955fb22e,RJ,rio de janeiro / rio de janeiro,5,721.89,5,4.0,4,0.2,-10.0,0.2,False,True,True,52,2,Lower-value
458d868c9642f55f18f04e951a3fdde6,RS,porto alegre,2,2718.0,2,5.0,2,0.0,-19.0,0.0,False,True,True,61,1,Lower-value
41b14765bd56c8ad10971074380f9c0c,SP,santo andre,10,395.5,8,4.625,8,0.0,-11.625,0.125,False,True,True,130,1,Lower-value
e439f7176d763f92de325271111b2fd5,SC,joinville,7,1348.4,7,5.0,7,0.0,-9.166666666666666,0.0,False,True,True,91,1,Lower-value
7f2617c58d5d06806987308b45654351,SP,sao paulo,23,3656.8,22,3.8181818181818175,22,0.0909090909090909,-9.272727272727272,0.1363636363636363,False,True,True,434,1,High-value
cac63f48c38cd7d002a7e846dcd99a23,SP,sumare,10,874.0,10,4.8,10,0.0,-12.7,0.0,False,True,True,263,1,Lower-value
04ee0ec01589969663ba5967c0e0bdc0,RS,lajeado,1,289.49,1,5.0,1,0.0,-13.0,0.0,False,True,True,0,1,Lower-value
f00e21b1e91a79653163b7fd8f293ff1,SP,andradas,31,3900.09,31,4.1,30,0.032258064516129,-16.225806451612904,0.1290322580645161,False,True,True,251,5,High-value
9140ef75cc8211c4035935e80e567204,PR,maringa,1,49.9,1,5.0,1,0.0,-14.0,0.0,False,True,True,0,1,Lower-value
79a679c36c08d606b3fd47ead9de109b,SP,sao paulo,7,935.0,3,2.0,3,0.3333333333333333,-4.333333333333333,0.6666666666666666,True,True,True,62,1,Lower-value
cc5a78bbad32776dc4e3af205218368c,MG,divinopolis,38,4269.18,33,4.454545454545454,33,0.0303030303030303,-16.87878787878788,0.0909090909090909,False,True,True,107,5,High-value
6eeed17989b0ae47c9f11ece6f38ea90,SP,sao paulo,3,557.0,3,3.6666666666666665,3,0.0,-13.333333333333334,0.3333333333333333,False,True,True,55,1,Lower-value
b5f0712d22a873b6797ab6cc65c3fcba,SP,sao paulo,1,12.99,1,4.0,1,0.0,-4.0,0.0,False,True,True,0,1,Lower-value
3f9c56764fabca627406093dcb3ef0b4,RJ,rio de janeiro,7,909.3,7,4.714285714285714,7,0.0,-11.142857142857142,0.0,False,True,True,92,1,Lower-value
efb628aa07c8ca93d7db0d85b91a4f5a,RJ,nova iguacu,1,204.0,1,4.0,1,1.0,1.0,0.0,False,True,True,0,1,Lower-value
4e922959ae960d389249c378d1c939f5,SP,jacarei,454,46030.37,420,3.95421686746988,415,0.0880952380952381,-12.849514563106796,0.1809523809523809,False,True,True,687,23,High-value
47648caee88ccfe951fbb27fbf7b4cbe,SP,diadema,3,1564.99,3,3.6666666666666665,3,0.3333333333333333,-6.0,0.3333333333333333,False,True,True,48,1,Lower-value
ca4b77513ac2040591b0d8fae6958380,SP,sando andre,15,1772.45,14,4.5,14,0.1428571428571428,-3.2142857142857144,0.0714285714285714,False,True,True,37,1,Lower-value
7957cac1a02f45d0a4a7e45626382ec2,PR,curitiba,1,343.0,1,4.0,1,0.0,-2.0,0.0,False,True,True,0,1,Lower-value
4cc4fd4fdd406a85bbdc1f824b731bd7,PR,toledo,2,539.98,1,5.0,1,0.0,-14.0,0.0,False,True,True,0,1,Lower-value
b8630e1121437d41cb08e3c749c2c2e2,RJ,duque de caxias,12,6988.0,12,4.333333333333333,12,0.0833333333333333,-9.583333333333334,0.1666666666666666,False,True,True,254,2,High-value
cfe94489ddd337d1e29e12f2a7205d10,SP,sao paulo,24,2376.0,20,4.3,20,0.05,-8.1,0.05,False,True,True,176,1,Lower-value
9cf787a239c1aa29dbd76f153dc13f9a,SP,franca,4,316.0,4,4.75,4,0.0,-17.5,0.0,False,True,True,71,1,Lower-value
2a50b7ee5aebecc6fd0ff9784a4747d6,DF,brasilia,2,199.8,1,1.0,1,1.0,17.0,1.0,True,True,True,0,1,Lower-value
d297f1055de2956aedfd3b04113dce3e,SP,nova odessa,1,54.3,1,4.0,1,0.0,-4.0,0.0,False,True,True,0,1,Lower-value
2c3d56f92f360fb89d849b84e8f50eae,SP,barueri,8,465.6,8,3.125,8,0.125,-5.285714285714286,0.5,False,True,True,168,3,Lower-value
3442033154be05bac582e173ef54fd12,SP,sao paulo,1,161.0,1,5.0,1,0.0,-3.0,0.0,False,True,True,0,1,Lower-value
78744a20ee2f80ba64f6804c25def2b8,PE,recife,6,2715.0,6,4.166666666666667,6,0.1666666666666666,-7.666666666666667,0.1666666666666666,False,True,True,342,1,Lower-value
c990d6cf976a5718aaedc539f383ab88,SP,paulinia,11,200.9,10,3.3,10,0.3,-1.5,0.3,False,True,True,107,3,Lower-value
94e93ce877be27a515118dbfd2c2be41,SP,votuporanga,35,5674.57,30,3.931034482758621,29,0.0,-11.137931034482758,0.1666666666666666,False,True,True,149,9,High-value
b566ab0ef88016e00422755e305103c6,MG,extrema,5,1208.0,5,3.2,5,0.2,-8.8,0.4,False,True,True,134,3,Lower-value
d9cb0052a666de5308b32f32ad5f1b1c,SP,olimpia,3,231.9,3,3.6666666666666665,3,0.0,-10.666666666666666,0.3333333333333333,False,True,True,116,1,Lower-value
a89e143d5211473ae18db9577ee34b64,SP,limeira,2,140.0,2,3.0,2,0.0,-7.0,0.5,False,True,True,124,1,Lower-value
1f2eebc0e970fd3c463e4f5d9652687a,SP,sao paulo,1,44.99,1,5.0,1,1.0,5.0,0.0,False,True,True,0,1,Lower-value
941554c5757b73ba0e50aa7732310afc,SP,sao paulo,4,107.69,3,4.666666666666667,3,0.0,-22.33333333333333,0.0,False,True,True,86,1,Lower-value
8581055ce74af1daba164fdbd55a40de,SP,guarulhos,435,64925.3,387,4.261658031088083,386,0.0801033591731266,-8.96042216358839,0.1085271317829457,False,True,True,455,1,High-value
a9ae440659f48b7849df83e82734150b,SP,santo andre,1,285.0,1,5.0,1,0.0,-32.0,0.0,False,True,True,0,1,Lower-value
c963a25b8671419c6ce9eebe8fd03218,RJ,angra dos reis rj,1,49.0,1,5.0,1,0.0,-15.0,0.0,False,True,True,0,1,Lower-value
9485a23c0430ba1d58d359391606fce6,SP,santo andre,5,1129.9,5,3.2,5,0.2,-7.75,0.2,False,True,True,281,1,Lower-value
0951a6e282947e09cd47969f4ed0b47f,SP,taboao da serra,7,492.3,7,4.857142857142857,7,0.0,-7.571428571428571,0.0,False,True,True,32,2,Lower-value
52f0fe436a347ddad7ed5f9aa4e27eaa,SP,sao paulo,23,1484.37,21,3.523809523809524,21,0.0952380952380952,-6.7368421052631575,0.2857142857142857,False,True,True,131,6,Lower-value
9c7fd21e0aa159b20da593371f08ff7c,SP,osasco,8,798.3,7,3.2857142857142856,7,0.1428571428571428,-11.285714285714286,0.4285714285714285,False,True,True,160,4,Lower-value
c33847515fa6305ce6feb1e818569f13,SC,brusque,128,15519.85,114,3.850877192982456,114,0.0350877192982456,-15.535087719298245,0.2105263157894736,False,True,True,104,2,High-value
8b8cfc8305aa441e4239358c9f6f2485,PR,londrina,15,11892.0,15,4.2,15,0.1333333333333333,-16.066666666666666,0.1333333333333333,False,True,True,436,2,High-value
2c00c85d30361cd2ced2969cffbbffa3,MG,belo horizonte,1,49.8,1,5.0,1,0.0,-8.0,0.0,False,True,True,0,1,Lower-value
d4e4b5192cba4e0e66eb12a9d347239d,PR,toledo,12,441.8,12,4.166666666666667,12,0.0,-16.09090909090909,0.1666666666666666,False,True,True,237,1,Lower-value
ade45994b717ccee333492330fbf037b,PR,umuarama,10,7196.0,10,4.5,10,0.0,-25.2,0.0,False,True,True,66,1,High-value
bb5bd94c8f59cc050072d2930c869cac,SP,sao paulo,17,2543.87,16,4.1875,16,0.0,-10.875,0.0625,False,True,True,480,2,Lower-value
b05b432bf68945d4d9783f9e3ca29ee8,SP,birigui,2,224.8,2,4.5,2,0.0,-16.5,0.0,False,True,True,0,1,Lower-value
2a7dc43cecabf23403078e2188437d1d,SP,sao paulo,54,4795.91,52,4.096153846153846,52,0.0576923076923076,-10.01923076923077,0.1153846153846153,False,True,True,212,5,High-value
578fa3a9cb6b6dceab39231ad59cdaca,CE,fortaleza,3,150.0,3,3.6666666666666665,3,0.3333333333333333,1.3333333333333333,0.3333333333333333,False,True,True,226,1,Lower-value
615c3462099ffa940d37b17dfda19594,RJ,rio de janeiro,2,229.0,2,5.0,2,0.0,-15.5,0.0,False,True,True,40,1,Lower-value
a3f0b55de503387383c7b1de3ad7f678,PR,curitiba,26,4348.400000000001,24,4.416666666666667,24,0.0416666666666666,-14.333333333333334,0.0416666666666666,False,True,True,236,2,High-value
6d7f8d9d594e28796b6b3205b00f459c,PR,curitiba,3,417.9,3,3.6666666666666665,3,0.0,-5.0,0.3333333333333333,False,True,True,63,1,Lower-value
7b7ed56ae755e2880f2b69632e839c1e,GO,goiania,5,321.5,5,4.2,5,0.0,-5.0,0.0,False,True,True,8,1,Lower-value
4fae87d32467e18eb46e4a76a0a0b9ce,RS,ronda alta,1,100.9,1,5.0,1,0.0,-12.0,0.0,False,True,True,0,1,Lower-value
ea566164622c6b439516ab18062c42cd,SP,sao  paulo,52,10309.42,50,3.78,50,0.18,-8.1,0.24,False,True,True,279,9,High-value
821fb029fc6e495ca4f08a35d51e53a5,SP,sao paulo,29,19187.42,28,3.4074074074074074,27,0.2857142857142857,-4.333333333333333,0.3214285714285714,False,True,True,205,4,High-value
d6ab728cf30867cf3f1a2e216ae2f9b7,SP,sao paulo,14,2002.0,12,4.416666666666667,12,0.0,-10.0,0.0833333333333333,False,True,True,162,2,Lower-value
1a932caad4f9d804097d7f8e615baed1,SP,sao paulo,30,4661.0,20,3.9,20,0.15,-8.6,0.2,False,True,True,112,1,High-value
173d56ffbd4c56cb80fc3615487d712b,SP,sao vicente,2,358.0,2,5.0,2,0.0,-17.0,0.0,False,True,True,2,1,Lower-value
2be17df1c49978426251562096c3cc09,SC,tubarao,16,2165.0,16,4.1875,16,0.0625,-16.125,0.0625,False,True,True,529,3,Lower-value
f7c31656c19db6275a8acadca289f426,SP,ibitinga,1,61.56,1,3.0,1,0.0,-9.0,0.0,False,True,True,0,0,Lower-value
6025c79c035c3d772133b8b8238463b2,PR,pinhais/pr,4,989.74,2,5.0,2,0.0,-11.5,0.0,False,True,True,19,1,Lower-value
c6381d2d013342748761e906d45aff76,RS,portao,28,2042.98,15,3.866666666666666,15,0.0,-16.466666666666665,0.2666666666666666,False,True,True,266,2,Lower-value
c500367424994318b9e779ff1ae9a330,SP,paulinia,9,4346.4,9,3.7777777777777777,9,0.1111111111111111,-12.22222222222222,0.2222222222222222,False,True,True,91,3,High-value
19e0f40a907ec568c34bfac15de4f4a1,SP,americana,4,178.0,4,5.0,4,0.0,-13.0,0.0,False,True,True,258,1,Lower-value
ecccfa2bb93b34a3bf033cc5d1dcdc69,PR,curitiba,19,1338.64,15,2.571428571428572,14,0.1333333333333333,-20.25,0.4666666666666667,False,True,True,24,1,Lower-value
c66dccfb3f109511246da627dd5a2498,SP,registro,45,12708.55,45,4.488888888888889,45,0.0444444444444444,-14.977272727272728,0.0888888888888888,False,True,True,221,2,High-value
d921b68bf747894be13a97ae52b0f386,MG,formiga,77,15645.8,77,4.558441558441558,77,0.0129870129870129,-16.09090909090909,0.0519480519480519,False,True,True,127,6,High-value
929f342384a6607afe143d789ade1316,PR,londrina,4,209.4,4,5.0,4,0.0,-15.25,0.0,False,True,True,46,3,Lower-value
e256a62e0ac58c0edfba09966142d561,PR,curitiba,14,1474.11,12,4.416666666666667,12,0.0,-17.0,0.0833333333333333,False,True,True,105,2,Lower-value
b5b800c4065bebf4d3442311c9857344,SP,sao paulo,1,79.9,1,5.0,1,0.0,-3.0,0.0,False,True,True,0,1,Lower-value
c8417879a15366a17c30af34c798c332,SP,sao paulo,36,1767.9,26,4.28,25,0.0384615384615384,-11.44,0.0769230769230769,False,True,True,218,4,Lower-value
8dfbc5ff27df12f6cef751d3b9554222,PR,curitiba,4,226.0,4,4.5,4,0.0,-12.75,0.0,False,True,True,92,1,Lower-value
e732329483fd5f27367dd997b47f598a,SC,blumenau,1,109.9,1,5.0,1,0.0,-14.0,0.0,False,True,True,0,1,Lower-value
989becdce12ebc39863c2bceab6f3ca1,PR,curitiba,18,7840.88,18,4.555555555555555,18,0.0555555555555555,-15.533333333333331,0.0555555555555555,False,True,True,656,3,High-value
9f56a7a649097b166d8ed286ad86a15c,RJ,rio de janeiro,2,27.98,2,1.0,2,0.0,,1.0,True,True,False,1,1,Lower-value
c4d51195486dc781531876a7d00453d8,SP,presidente prudente,17,11468.98,17,3.941176470588236,17,0.2941176470588235,-12.823529411764708,0.1176470588235294,False,True,True,65,2,High-value
98115075dd26cb8835946fc6086f5d30,SP,ao bernardo do campo,4,434.96,4,4.75,4,0.0,-7.0,0.0,False,True,True,122,1,Lower-value
2305ab43e846518f58dd9d59f3f54e96,SP,sao paulo,3,788.89,3,3.6666666666666665,3,0.0,-11.333333333333334,0.3333333333333333,False,True,True,55,1,Lower-value
2528513dd95219a6013d4d05176e391a,SP,osasco,167,32689.1,161,3.949367088607595,158,0.0372670807453416,-12.3,0.1739130434782608,False,True,True,519,3,High-value
64c9a1db4e73e19aaafd3286dc448c96,PR,curitiba,1,439.0,1,5.0,1,0.0,-9.0,0.0,False,True,True,0,1,Lower-value
44ed138eca6214d572ce1d813fb0049b,RS,canoas,3,129.79,2,4.5,2,0.0,-9.0,0.0,False,True,True,13,2,Lower-value
ce4755084bc097113867e6454f8f5e52,SP,ribeirao preto,1,18.9,1,5.0,1,0.0,-11.0,0.0,False,True,True,0,1,Lower-value
3e51f9cbe317bc3a88f2c76583811ee4,SP,sao paulo,1,76.09,1,5.0,1,0.0,-6.0,0.0,False,True,True,0,1,Lower-value
204b4e07bddef3c9b317f70189135b22,MG,borda da mata,1,73.4,1,5.0,1,0.0,-11.0,0.0,False,True,True,0,1,Lower-value
921323538c9f1c4e816f2720eac02bea,SP,sao paulo,17,1401.84,15,3.933333333333333,15,0.2,-9.266666666666667,0.1333333333333333,False,True,True,255,3,Lower-value
1464afc72f696af775557a821c2e253f,RJ,nova friburgo,30,1059.36,29,4.241379310344827,29,0.0344827586206896,-12.517241379310343,0.1034482758620689,False,True,True,493,2,Lower-value
77a515caa36327151d1cc6c32a9f00e1,SP,diadema,26,2217.39,26,4.423076923076923,26,0.1153846153846153,-10.73076923076923,0.0769230769230769,False,True,True,175,1,Lower-value
32fdd5d44ecb43dfd6a24b9369eca144,MG,carmo do cajuru,8,479.2,8,4.375,8,0.0,-16.75,0.0,False,True,True,54,1,Lower-value
4b0fdb526525f9890eb145bf1534640e,SP,ibitinga,20,2419.0,18,4.055555555555555,18,0.0,-9.944444444444445,0.1666666666666666,False,True,True,178,2,Lower-value
1cd9e0cc1839d55516843def5600816d,SP,sao paulo,5,825.0,5,5.0,5,0.0,-10.2,0.0,False,True,True,62,1,Lower-value
7fc87cc3e89b3d1d5cabdca32f8485aa,SP,guarulhos,14,2153.9,14,3.571428571428572,14,0.2142857142857142,-9.0,0.2857142857142857,False,True,True,91,3,Lower-value
0c7f30ae9b147eca07affbef92832a6a,PR,ponta grossa,5,479.5,5,5.0,5,0.0,-16.8,0.0,False,True,True,45,3,Lower-value
e09887ca8c7bf8a4621ce481820414ef,SP,sao paulo,4,119.96,3,2.333333333333333,3,0.3333333333333333,41.0,0.6666666666666666,False,True,True,77,1,Lower-value
318f287a62ab7ac10b703ac37435a231,SP,sao paulo,62,2517.48,52,3.865384615384616,52,0.0961538461538461,-9.862745098039216,0.2115384615384615,False,True,True,562,2,Lower-value
52bb00821bcdd358a5a5a27e1f6be5a1,SP,osasco,2,349.8,2,4.5,2,0.0,-9.0,0.0,False,True,True,83,1,Lower-value
acb6c2ca5c82411c1fdb88d5fd5eb95e,SP,sao paulo,11,413.88,10,3.9,10,0.0,-14.2,0.2,False,True,True,531,4,Lower-value
26e2e5033827d2ba53929f43e03d8ffe,SP,sao paulo,1,139.49,1,5.0,1,0.0,-14.0,0.0,False,True,True,0,1,Lower-value
55dedd83e501d8248880557d9073cbfd,RJ,rio de janeiro,9,1055.3,8,4.875,8,0.0,-9.25,0.0,False,True,True,17,1,Lower-value
5b179e9e8cc7ab6fd113a46ca584da81,SP,sao paulo,36,5173.5,34,3.6666666666666665,33,0.0588235294117647,-11.676470588235292,0.2058823529411764,False,True,True,344,4,High-value
ffdd9f82b9a447f6f8d4b91554cc7dd3,PR,curitiba,20,2101.2,18,4.333333333333333,18,0.0,-12.38888888888889,0.1111111111111111,False,True,True,531,2,Lower-value
4eeb99008a0f59d2c7759c59f9a346eb,SP,embu das artes,2,1282.0,2,4.5,2,0.0,-12.5,0.0,False,True,True,56,1,Lower-value
f3511c85f59f8dec53d140501ee8e7a8,PR,curitiba,1,69.9,1,5.0,1,0.0,-10.0,0.0,False,True,True,0,1,Lower-value
60da8bfa7eebe230b7d66ac4082d79b3,SP,fernando prestes,3,86.6,3,4.333333333333333,3,0.3333333333333333,-8.333333333333334,0.0,False,True,True,15,1,Lower-value
2c538755f1ca9540af144f266e70df6c,MG,castro pires,1,334.99,1,5.0,1,0.0,-17.0,0.0,False,True,True,0,1,Lower-value
cb41bfbcbda0aea354a834ab222f9a59,SP,sao paulo,12,4002.0,12,3.333333333333333,12,0.3333333333333333,9.545454545454543,0.3333333333333333,False,True,True,220,1,High-value
2379bdc3888025689a9deb7b141507d5,SP,mogi mirim,9,999.5,9,4.333333333333333,9,0.2222222222222222,-5.777777777777778,0.1111111111111111,False,True,True,183,2,Lower-value
5ee7fd217d08dfe5d3e2f51f96a12c9a,SP,vargem grande do sul,9,1165.5,9,3.4444444444444446,9,0.2222222222222222,-8.333333333333334,0.3333333333333333,False,True,True,429,2,Lower-value
a414555ce331b8c8aea4a9cb8395194d,SP,sao paulo,8,1450.95,7,3.333333333333333,6,0.0,-12.714285714285714,0.2857142857142857,False,True,True,54,3,Lower-value
92992bec39dde5766f590d3b1f46d465,SP,sao paulo,1,109.0,1,1.0,1,0.0,,1.0,True,True,False,0,1,Lower-value
834f8533b2ecb6598dd004ff3de7203a,SP,sao paulo,47,4538.29,43,3.813953488372093,43,0.1395348837209302,-7.317073170731708,0.2093023255813953,False,True,True,579,4,High-value
b5f49fe968dff6b112861e6cd8e192ef,PR,curitiba,2,194.7,1,5.0,1,0.0,-14.0,0.0,False,True,True,0,1,Lower-value
b26741d31a563d769b4af0465ab20c56,SC,florianopolis,2,648.0,2,4.0,2,0.0,-18.0,0.0,False,True,True,33,2,Lower-value
f7315bb81aea4ddca2d39e249a801c98,SP,guarulhos,2,379.8,2,4.5,2,0.0,-6.5,0.0,False,True,True,48,1,Lower-value
8e2b3afb420011ef0c88c9d5f11ea526,SP,campinas,11,1384.5,11,4.2727272727272725,11,0.0909090909090909,-10.727272727272728,0.0909090909090909,False,True,True,76,2,Lower-value
8fff28c4263ddec387f28d237fb42773,SP,sao paulo,6,339.4,4,3.0,4,0.0,-5.5,0.5,False,True,True,541,2,Lower-value
0ddefe3c7a032b91f4e25b9c3a08fca1,SP,sao bernardo do campo,10,402.9,9,4.555555555555555,9,0.0,-9.22222222222222,0.0,False,True,True,133,4,Lower-value
730937bf88cb151eb2eb849f642fc213,SP,rio claro,26,2821.2,22,4.409090909090909,22,0.0454545454545454,-10.727272727272728,0.0909090909090909,False,True,True,135,1,Lower-value
cc3d14116804f7209f3884f6367f1152,PR,curitiba,30,5477.8,27,4.62962962962963,27,0.0,-17.22222222222222,0.037037037037037,False,True,True,474,3,High-value
5dc203c7b84a0e71e878a179de05fb9a,SP,pompeia,5,421.9,5,4.0,5,0.0,-12.2,0.2,False,True,True,70,3,Lower-value
440dd6ab244315c632130ecfb63827b1,SP,votuporanga,95,13696.9,94,3.849462365591398,93,0.1276595744680851,-11.285714285714286,0.1595744680851064,False,True,True,669,2,High-value
66fd84ee7528c0c0de85d0f44a73d5ab,RS,campina das missoes,21,1438.11,11,3.363636363636364,11,0.0909090909090909,-15.181818181818182,0.2727272727272727,False,True,True,127,1,Lower-value
fec6912baad85d41729669edd6b4d3b8,SP,ribeirao preto,1,210.0,1,1.0,1,0.0,,1.0,True,True,False,0,1,Lower-value
666658b8da8370f30e1f89893b1de5e6,SP,sao paulo,2,298.0,1,5.0,1,0.0,,0.0,False,True,False,0,1,Lower-value
f3c38ab652836d21de61fb8314b69182,SP,sao paulo,15,1581.0,15,4.266666666666667,15,0.0,-11.133333333333333,0.0666666666666666,False,True,True,117,4,Lower-value
90b57083da5d803237da74daec6dcb2b,PR,curitiba,2,206.9,2,5.0,2,0.0,-19.0,0.0,False,True,True,78,2,Lower-value
45d33f715e24d15a6ccf5c17b3a23e3c,SP,sorocaba,61,4838.2300000000005,59,4.016949152542373,59,0.0508474576271186,-11.696428571428571,0.135593220338983,False,True,True,682,13,High-value
1bb3812d5f0747a3ab7348f199001a10,SP,sao paulo,9,834.4000000000001,9,4.888888888888889,9,0.0,-20.11111111111111,0.0,False,True,True,280,1,Lower-value
c33a5c3c983090c8b78a28e65052a20d,SC,criciuma,9,629.1,9,4.222222222222222,9,0.0,-14.75,0.2222222222222222,False,True,True,160,1,Lower-value
003554e2dce176b5555353e4f3555ac8,GO,goiania,1,120.0,1,5.0,1,0.0,-27.0,0.0,False,True,True,0,0,Lower-value
16090f2ca825584b5a147ab24aa30c86,SP,atibaia,410,25716.44,402,4.06,400,0.0796019900497512,-9.698492462311558,0.1393034825870646,False,True,True,573,7,High-value
5659d77e8d90378e39b960ad5956f64e,SP,taubate,2,182.48,2,2.5,2,0.5,-5.0,0.5,False,True,True,192,2,Lower-value
b561927807645834b59ef0d16ba55a24,SP,sao paulo,95,4501.99,85,4.341176470588235,85,0.1411764705882353,-8.623529411764705,0.0941176470588235,False,True,True,219,4,High-value
28d162ab86bb49d719c32f0ee6186eaa,SP,ribeirao preto,1,109.99,1,4.0,1,0.0,-12.0,0.0,False,True,True,0,1,Lower-value
e06f09ec0a4aca210779cf1cfc63cf19,SP,sao paulo,31,5279.49,29,3.965517241379312,29,0.0689655172413793,-16.96551724137931,0.1724137931034483,False,True,True,175,11,High-value
8c9348f33ae3dada25c99c99ade2af78,SP,carapicuiba,2,312.99,2,5.0,2,0.0,-20.0,0.0,False,True,True,37,2,Lower-value
da6a60cc8cc724fe51be021ff8be779c,RJ,sao pedro da aldeia,13,728.79,12,4.75,12,0.0,-13.416666666666666,0.0,False,True,True,87,2,Lower-value
461ff5303b6c9c1a4a07f40c5aece516,PR,pinhais,3,102.7,3,3.6666666666666665,3,0.0,-16.0,0.3333333333333333,False,True,True,141,1,Lower-value
e82de6494d91d3c4c54450f59b227a94,SP,ibitinga,3,118.9,3,5.0,2,0.3333333333333333,-2.6666666666666665,0.0,False,True,True,144,2,Lower-value
213b25e6f54661939f11710a6fddb871,SP,salto,194,15379.5,155,3.7857142857142856,154,0.064516129032258,-11.532894736842104,0.2129032258064516,False,True,True,265,3,High-value
78c99c6dff4eeae5be99bf635ed21e3f,SP,marilia,39,2030.88,31,4.419354838709677,31,0.064516129032258,-10.483870967741936,0.0967741935483871,False,True,True,191,1,Lower-value
a36ac007a4d18f865c8d32c3b2402c2d,SP,barueri,9,1359.7800000000002,9,2.555555555555556,9,0.0,-23.125,0.5555555555555556,False,True,True,226,2,Lower-value
a2e85714b56b1cb6bb24a9a6e6cad36f,SP,miguelopolis,3,339.70000000000005,2,1.0,2,0.0,,1.0,True,True,False,0,1,Lower-value
6b333a05bf188ef3e1f1662a86bd9855,DF,brasilia,13,3990.91,12,4.333333333333333,12,0.0833333333333333,-8.666666666666666,0.0833333333333333,False,True,True,194,6,High-value
56642bcb79900e777d68e91915cb4267,SP,sao paulo,56,3657.64,48,4.0625,48,0.0833333333333333,-13.604166666666666,0.1458333333333333,False,True,True,653,3,High-value
41b86b552e54e3a7009596125aa8b167,SP,sao paulo,11,1595.3,10,4.3,10,0.0,-18.8,0.1,False,True,True,20,1,Lower-value
1d0997ff06b524ce9289ffd75114ecd3,PE,recife,3,3747.0,3,3.6666666666666665,3,0.3333333333333333,-19.33333333333333,0.3333333333333333,False,True,True,300,2,High-value
73b8eb4a9a729d4019b24ed1be748cbf,SP,campinas,8,692.41,8,4.375,8,0.0,-7.285714285714286,0.125,False,True,True,50,2,Lower-value
a69aa24cec11168e7e39a3fbc727e925,SP,carapicuiba,3,105.97,3,5.0,3,0.0,-9.666666666666666,0.0,False,True,True,34,1,Lower-value
8ea394aed8138685abe1eb9f25e1021d,SP,sorocaba,2,1340.0,2,4.0,2,0.0,-9.5,0.0,False,True,True,159,1,Lower-value
8a130737016f838139d31878787a39c9,SP,sao paulo,62,4222.03,56,4.446428571428571,56,0.0714285714285714,-10.714285714285714,0.0535714285714285,False,True,True,225,2,High-value
f682e0f848abafc6f41e0d4e868c66ef,SP,mairipora,2,269.98,2,3.5,2,0.5,-2.0,0.0,False,True,True,219,1,Lower-value
11742f81550ac064cc9a40f67151d9ad,SP,catanduva,2,781.9,2,5.0,2,0.0,-5.0,0.0,False,True,True,15,1,Lower-value
8a40ae794fa3f9892cee24bd5af0488b,PR,curitiba,6,739.85,6,3.1666666666666665,6,0.3333333333333333,-6.5,0.3333333333333333,False,True,True,371,3,Lower-value
0936e1837d0c79253456bbb2ffaaef10,SP,sao paulo,2,38.9,1,5.0,1,0.0,-12.0,0.0,False,True,True,0,1,Lower-value
850f4f8af5ea87287ac68de36e29107f,SP,sao paulo,192,45355.36,187,4.293478260869565,184,0.0481283422459893,-14.758064516129032,0.0909090909090909,False,True,True,442,4,High-value
4dc2e811a1760953cb7c6a590b498943,SP,itapui,1,175.0,1,5.0,1,0.0,-9.0,0.0,False,True,True,0,1,Lower-value
343e716476e3748b069f980efbaa294e,SP,campinas,24,922.6,17,4.3125,16,0.0588235294117647,-12.375,0.1176470588235294,False,True,True,477,1,Lower-value
e9729944ba65dc3ce425e0c5a22ae7b2,RJ,petropolis,4,916.7,4,3.75,4,0.25,-23.75,0.0,False,True,True,37,1,Lower-value
e0eabded302882513ced4ea3eb0c7059,SP,campinas,8,978.4,8,4.625,8,0.0,-17.125,0.0,False,True,True,62,2,Lower-value
643214e62b870443ccbe55ab29a4dccf,SP,sao paulo,68,3270.13,66,4.409090909090909,66,0.106060606060606,-10.923076923076923,0.0454545454545454,False,True,True,325,2,Lower-value
0aa124728afc1131dff5655f4c6f487b,MG,alfenas,2,850.92,2,1.0,2,0.0,,1.0,True,True,False,28,2,Lower-value
ce27a3cc3c8cc1ea79d11e561e9bebb6,SP,sao paulo,164,10682.65,135,3.9,130,0.0148148148148148,-12.40983606557377,0.1851851851851851,False,True,True,690,11,High-value
da4d149c0ddbac90557103ac0a0ec356,SP,sbc,1,730.0,1,3.0,1,0.0,,0.0,False,True,False,0,1,Lower-value
0241d4d5d36f10f80c644447315af0bd,PR,curitiba,246,31397.7,238,4.354430379746836,237,0.0462184873949579,-12.995798319327733,0.1050420168067226,False,True,True,323,1,High-value
272f092de69afedd4d2969440b37f18f,SP,sao paulo,40,1935.33,26,3.84,25,0.0,-16.56,0.2307692307692307,False,True,True,278,4,Lower-value
d1aa1ec0839dcab73a6161130eb1f94a,PR,curitiba,1,119.9,1,4.0,1,1.0,2.0,0.0,False,True,True,0,1,Lower-value
8e8a7ce9f2f970dc00e2acf6f6e199f6,RJ,sao goncalo,66,9101.0,65,4.0,64,0.0615384615384615,-10.984126984126984,0.123076923076923,False,True,True,263,1,High-value
d7827b2af99326a03b0ed9c7a24db0d3,SP,londrina,1,1455.0,1,5.0,1,0.0,-13.0,0.0,False,True,True,0,1,Lower-value
3935fe5fe0f82787a9dcb8deb62be09d,SP,sao paulo,17,1681.69,16,4.0,16,0.125,-10.75,0.0625,False,True,True,129,3,Lower-value
119d1aef1b4144adba89163f6cd9f5d4,SP,pedreira,4,1094.0,4,4.75,4,0.0,-12.0,0.0,False,True,True,174,2,Lower-value
9a1aea68d3efa00862ec88c0768037d0,SP,catanduva,8,1309.2,7,4.428571428571429,7,0.0,-11.714285714285714,0.0,False,True,True,160,2,Lower-value
a9b533a26e898b12e8b8d4c07279bf4d,RJ,rio de janeiro,4,119.6,4,5.0,4,0.0,-10.5,0.0,False,True,True,130,1,Lower-value
5b51032eddd242adc84c38acab88f23d,MG,borda da mata,14,3280.0,12,4.0,12,0.0,-15.583333333333334,0.0833333333333333,False,True,True,229,2,Lower-value
8cc6a0e5738e61a87b03c78b2ba9db4b,MG,andradas,26,13312.4,24,4.333333333333333,24,0.0833333333333333,-10.608695652173912,0.0833333333333333,False,True,True,85,6,High-value
c53bcd3be457a342a97e39e5a9f0be22,SE,neopolis,5,509.5,5,3.2,5,0.0,-20.6,0.4,False,True,True,537,1,Lower-value
f4db9b37944bcb8873e6b456ee190bbf,SP,itaquaquecetuba,22,3409.78,21,4.571428571428571,21,0.0952380952380952,-11.333333333333334,0.0,False,True,True,493,2,High-value
729b2d09b2a0bdab221076327f13d050,SP,mineiros do tiete,61,1822.11,49,4.489795918367347,49,0.0408163265306122,-12.291666666666666,0.0612244897959183,False,True,True,279,2,Lower-value
18e694e0e48ed6f7aa3f24aade5fd697,SP,varzea paulista,34,701.54,31,4.67741935483871,31,0.032258064516129,-12.774193548387096,0.0,False,True,True,81,3,Lower-value
30a81d8cf85fb2ada1b1b094c9583a95,SP,sao paulo,20,1245.42,17,4.823529411764706,17,0.0,-8.176470588235293,0.0,False,True,True,174,1,Lower-value
6561d6bf844e464b4019442692b40e02,SP,franco da rocha,1,41.9,1,5.0,1,0.0,-7.0,0.0,False,True,True,0,1,Lower-value
e64d65bc8dbec2accda90c58de5d1246,SP,rio claro,12,1678.8000000000002,12,3.083333333333333,12,0.25,-7.333333333333333,0.4166666666666667,False,True,True,115,1,Lower-value
3903c788ded8dc03b5ebab37a2f3e9a1,SP,carapicuiba,5,119.98,5,4.0,5,0.2,-5.6,0.0,False,True,True,72,2,Lower-value
63191ead8d3b2f937cd1996fdcbbad20,SP,jundiai,1,367.0,1,5.0,1,0.0,-26.0,0.0,False,True,True,0,1,Lower-value
67bf6941ba2f1fa1d02c375766bc3e53,PR,curitiba,22,5610.0,16,4.125,16,0.0625,-9.933333333333334,0.125,False,True,True,345,3,High-value
897060da8b9a21f655304d50fd935913,SP,ribeirao preto,430,23023.92,317,3.6305732484076434,314,0.1009463722397476,-9.769736842105264,0.2555205047318612,False,True,True,618,3,High-value
76c47a299e4a8fe992316a85865acbe9,SP,ribeirao preto,10,1024.46,6,4.666666666666667,6,0.3333333333333333,-2.833333333333333,0.0,False,True,True,360,1,Lower-value
d1b9d4be4b6f9ebd85f8acd6745ba612,MG,nova lima,11,1154.35,11,4.181818181818182,11,0.0,-17.818181818181817,0.0909090909090909,False,True,True,314,1,Lower-value
3ea08c48e851106d2f584349daba335f,MG,barbacena,1,170.0,1,4.0,1,0.0,-16.0,0.0,False,True,True,0,1,Lower-value
389e45560e33d2d0747f949dcddbc08e,SP,sao jose dos campos,1,39.0,1,5.0,1,0.0,-7.0,0.0,False,True,True,0,1,Lower-value
b81e3a6c866a764974fe849821abeebd,SP,maua,11,836.1500000000001,8,4.625,8,0.0,-7.0,0.0,False,True,True,32,2,Lower-value
40536e7ca18e1bce252828e5876466cc,SP,caieiras,4,463.96,2,1.0,2,0.0,,1.0,True,True,False,5,1,Lower-value
b494891378bd8f4560abe576c52deacd,SP,sao paulo,22,2958.9,20,4.65,20,0.0,-7.842105263157895,0.05,False,True,True,52,4,Lower-value
09f952a5f58d2285b0372551ae8f9b01,SP,sao bernardo do campo,56,11821.5,50,3.84,50,0.06,-11.8,0.18,False,True,True,343,2,High-value
14d7985702e72162bbf13b6beb74ab2b,SP,santo andre,38,3887.0,37,4.324324324324325,37,0.1081081081081081,-8.72972972972973,0.081081081081081,False,True,True,504,1,High-value
2c4c47cb51acd5ea5db5e0ae0e26542a,SP,buritama,15,2575.9,12,4.666666666666667,12,0.0,-13.916666666666666,0.0,False,True,True,328,1,Lower-value
b416191c9813d821a295cfabafff4161,SP,franca,2,117.8,2,2.5,2,0.0,-8.5,0.5,False,True,True,18,0,Lower-value
9616352088dcf83a7c06637f4ebf1c80,PR,umuarama,98,5703.0,92,4.315217391304348,92,0.0,-15.45054945054945,0.0869565217391304,False,True,True,540,1,High-value
557f22c76691849db52d2abccf0015d0,GO,morrinhos,14,865.8599999999999,13,3.083333333333333,12,0.0,-15.5,0.3076923076923077,False,True,True,127,2,Lower-value
968ee78631915a63fef426d6733d7422,RS,erechim,2,450.0,2,3.0,2,0.0,-16.5,0.5,False,True,True,172,1,Lower-value
533d46c1b06970e99f09523a61df4972,SP,itapetininga,2,159.98,2,4.5,2,0.0,-10.0,0.0,False,True,True,2,1,Lower-value
1dd33b8119b3cb1056ed5dc88cd0aaf4,SP,sao paulo,8,1513.0,8,3.75,8,0.125,-15.625,0.125,False,True,True,96,1,Lower-value
ac137bac82ffa8548e62bd9d01d2a14f,SP,sao paulo,1,49.6,1,1.0,1,0.0,,1.0,True,True,False,0,0,Lower-value
2dcf93836ae3ce0d7c93e2f10876467a,SP,sao jose dos campos,12,1443.8,9,4.111111111111111,9,0.2222222222222222,-8.555555555555555,0.1111111111111111,False,True,True,45,2,Lower-value
51702dc2a3e106c76dbff722b5bf0726,SP,conchal,14,2705.1,13,4.307692307692308,13,0.0,-14.461538461538462,0.0769230769230769,False,True,True,429,2,Lower-value
97512d3fc193b2d1dfcdba0f9d1f0f8a,SP,sao paulo,13,1458.87,12,4.25,12,0.0833333333333333,-8.666666666666666,0.0833333333333333,False,True,True,151,1,Lower-value
f3975e8a41157005d4bcbb358678cd9b,SC,pinhalzinho,2,178.8,2,5.0,2,0.0,-5.5,0.0,False,True,True,138,2,Lower-value
76d336555bb25f3165d2f0d6da719c40,SP,sorocaba,2,330.0,2,2.0,2,0.0,-30.0,0.5,True,True,True,12,1,Lower-value
f08a5b9dd6767129688d001acafc21e5,RS,porto alegre,18,14069.63,11,4.2727272727272725,11,0.0,-9.727272727272728,0.0909090909090909,False,True,True,100,3,High-value
ae45df84722b1d15c5f32b23a095746c,SP,sao paulo,12,901.83,9,4.777777777777778,9,0.0,-16.444444444444443,0.0,False,True,True,179,1,Lower-value
d197aa8fbc64087f61984deef05f6227,SP,sao jose dos campos,7,519.09,6,4.833333333333333,6,0.0,-11.5,0.0,False,True,True,96,2,Lower-value
afa6714acee029b2dfdf357e5579cc03,SP,descalvado,17,3220.76,16,4.25,16,0.125,-14.125,0.125,False,True,True,680,4,Lower-value
520b493b57809f446cb0a233bb3e25c7,SP,santos,73,3698.9,63,4.301587301587301,63,0.0158730158730158,-11.666666666666666,0.0952380952380952,False,True,True,283,3,High-value
9b1ab052f5fca308ba743ac789ebb2e1,PR,pitanga,2,294.09000000000003,2,4.0,2,0.0,-16.5,0.0,False,True,True,31,2,Lower-value
bab0a8cd684e41ba6e2637dca0979d3b,RJ,rio de janeiro,1,269.9,1,5.0,1,0.0,-10.0,0.0,False,True,True,0,1,Lower-value
b83cedfb587e7911540e3f576d6917ce,SP,sao paulo,25,2224.95,24,4.208333333333333,24,0.0416666666666666,-9.666666666666666,0.125,False,True,True,324,2,Lower-value
0ef83d7d83ed97cd2a0049ac8be5f88a,PR,curitiba,55,4421.01,48,4.148936170212766,47,0.0208333333333333,-14.083333333333334,0.1875,False,True,True,277,2,High-value
d13e50eaa47b4cbe9eb81465865d8cfc,SP,santo andre,69,7155.05,67,4.82089552238806,67,0.0895522388059701,-4.484848484848484,0.0298507462686567,False,True,True,24,2,High-value
37303482a42fb700d8d127e70a9cd6c8,SP,campinas,2,148.89,2,3.0,2,0.0,-15.0,0.5,False,True,True,2,1,Lower-value
b2bdc5e7940a7d7ca8c4a37953b27a42,SP,vargem grande do sul,1,250.0,1,5.0,1,0.0,,0.0,False,True,False,0,1,Lower-value
5c6d4016c2a288f074fa0848a2b653d2,SP,sao paulo,35,3159.0,32,4.0625,32,0.09375,-10.258064516129032,0.15625,False,True,True,326,4,Lower-value
88cd3681e0a2ba85e190f7d817629c4c,SC,brusque,1,180.0,1,4.0,1,0.0,-9.0,0.0,False,True,True,0,1,Lower-value
da8622b14eb17ae2831f4ac5b9dab84a,SP,piracicaba,1551,160236.57,1314,4.175840978593272,1308,0.0662100456621004,-10.984744469870328,0.1179604261796042,False,True,True,569,4,High-value
fe26f3ecb51a15e6d8335cd92da42562,SP,sao paulo,7,2708.96,7,4.428571428571429,7,0.1428571428571428,-10.428571428571429,0.0,False,True,True,93,1,Lower-value
5151aea44289d6c6b090ee31c2132508,SP,marilia,7,1315.3,7,1.8333333333333333,6,0.0,-27.142857142857142,0.5714285714285714,True,True,True,2,1,Lower-value
9c351405b754cc5ce3e2ecf277bb034a,SP,sao paulo,1,45.0,1,1.0,1,0.0,,1.0,True,True,False,0,1,Lower-value
13511db12ac61e2f89c53b72a944a60b,RS,caxias do sul,6,798.0,6,3.5,6,0.0,-12.833333333333334,0.3333333333333333,False,True,True,117,2,Lower-value
4b90495391ac0bd181a80a459df1e718,RS,bage,1,248.0,1,4.0,1,0.0,-39.0,0.0,False,True,True,0,1,Lower-value
b37c4c02bda3161a7546a4e6d222d5b2,SP,sao paulo,15,24075.0,4,2.25,4,0.0,-5.5,0.75,False,True,True,448,2,High-value
5f1dc28029d2c244352a68107ec2b542,SP,sao paulo,78,2807.3,62,4.426229508196721,61,0.0161290322580645,-15.951612903225806,0.064516129032258,False,True,True,514,10,Lower-value
710e3548e02bc1d2831dfc4f1b5b14d4,PR,rolandia,142,23979.11,136,3.362962962962963,135,0.0367647058823529,-21.78625954198473,0.3235294117647059,False,True,True,677,9,High-value
485452467ff670447e84a8370c3fc898,SC,taio,3,175.7,3,4.666666666666667,3,0.0,-15.333333333333334,0.0,False,True,True,27,1,Lower-value
4d8809767a5bafe22909c77951fb6b41,SP,embu das artes,1,50.0,1,5.0,1,0.0,,0.0,False,True,False,0,1,Lower-value
3ab971ce71839580d2ae5b4e40fe8044,SP,sao paulo,38,5002.900000000001,36,3.911764705882353,34,0.0555555555555555,-12.085714285714284,0.1944444444444444,False,True,True,77,2,High-value
9d4db00d65d7760644ac0c14edb5fd86,SP,sorocaba,100,9979.7,98,4.515463917525773,97,0.0408163265306122,-11.463917525773196,0.0510204081632653,False,True,True,236,7,High-value
1dcfa3835714681d4ba4a93bc1e0fd41,SP,birigui,15,1278.5,13,4.0,12,0.0,-15.666666666666666,0.1538461538461538,False,True,True,249,1,Lower-value
6da1992f915d77be95d7fa48b36904af,SP,sao paulo,9,261.0,7,4.0,7,0.0,-22.857142857142858,0.1428571428571428,False,True,True,97,0,Lower-value
d4f117125b59ce73c3302f88ee40c458,SP,sao paulo,17,783.29,17,4.823529411764706,17,0.0,-11.705882352941176,0.0,False,True,True,249,1,Lower-value
1de62b6f2fd96227629786db492433db,SP,sp,2,208.8,2,5.0,2,0.0,-15.5,0.0,False,True,True,69,1,Lower-value
30a2f535bb48308f991d0b9ad4a8c4bb,SP,santa barbara d'oeste,87,4731.3,71,4.28169014084507,71,0.028169014084507,-13.169014084507042,0.1267605633802817,False,True,True,537,1,High-value
a36b125ac6d5fdbc7f50de85c9157bdc,SP,ribeirao preto,26,1843.64,24,3.9583333333333335,24,0.0833333333333333,-10.826086956521738,0.125,False,True,True,663,3,Lower-value
1336efc61c316ddf92c899eb817f7cae,SP,assis,85,4837.31,74,4.0,74,0.081081081081081,-11.58108108108108,0.1486486486486486,False,True,True,570,8,High-value
620c87c171fb2a6dd6e8bb4dec959fc6,RJ,petropolis,798,114774.5,740,4.251023192360163,733,0.0851351351351351,-13.798342541436464,0.1243243243243243,False,True,True,688,2,High-value
ab91571efab27993ff2f6b36e38055c3,SP,sao paulo,4,102.24,3,4.666666666666667,3,0.3333333333333333,-4.666666666666667,0.0,False,True,True,124,1,Lower-value
63a79f5a7eb5cb48a7e5787b141c7993,MG,patos de minas,11,815.1,11,4.545454545454546,11,0.0,-14.090909090909092,0.0,False,True,True,96,2,Lower-value
070d165398b553f3b4b851c216b8a358,SP,sao paulo,39,3393.16,32,3.3225806451612905,31,0.125,-8.419354838709678,0.34375,False,True,True,357,1,High-value
b64d51f0435e884e8de603b1655155ae,SP,garulhos,23,416.18,17,4.294117647058823,17,0.1176470588235294,-10.647058823529411,0.1176470588235294,False,True,True,138,2,Lower-value
9fc70243fb26800cba56e8f014797004,MG,belo horizonte,7,466.6,6,4.5,6,0.0,-11.0,0.0,False,True,True,257,2,Lower-value
1cbcd2ee0afb3fc09963b87eb65e7e4f,PR,curitiba,3,90.0,1,5.0,1,0.0,-13.0,0.0,False,True,True,0,1,Lower-value
344223b2a90784f64136a8a5da012e7f,SC,gaspar,1,10.9,1,2.0,1,0.0,0.0,1.0,True,True,True,0,1,Lower-value
4c8b8048e33af2bf94f2eb547746a916,SP,ibitinga,27,2020.73,23,2.9565217391304346,23,0.0869565217391304,-5.157894736842105,0.4347826086956521,False,True,True,367,5,Lower-value
7a704e63bb29c446869efde5d57524c8,PR,francisco beltrao,1,94.49,1,5.0,1,0.0,-19.0,0.0,False,True,True,0,1,Lower-value
88460e8ebdecbfecb5f9601833981930,PR,maringa,302,31546.550000000003,248,3.4129554655870447,247,0.1693548387096774,-11.182926829268292,0.3104838709677419,False,True,True,268,1,High-value
7d76b645482be4a332374e8223836592,SP,sao paulo,187,3843.93,176,3.9597701149425286,174,0.0909090909090909,-9.05813953488372,0.1477272727272727,False,True,True,383,2,High-value
296729ffb9b684050dd24836dac4494a,SP,curitiba,2,114.0,2,5.0,2,0.0,-13.0,0.0,False,True,True,84,2,Lower-value
5f06030071324cc52bf0304014ac7234,SP,marilia,4,783.96,4,4.0,4,0.0,-14.25,0.25,False,True,True,5,1,Lower-value
c542f5a8c64d973f30e9df8d06f70b4a,SP,sao paulo,1,81.0,1,1.0,1,0.0,,1.0,True,True,False,0,1,Lower-value
d36b07fd3c5088e477a72d1fccfe29d4,SP,itapetininga,1,328.9,1,5.0,1,0.0,-11.0,0.0,False,True,True,0,1,Lower-value
46ef1a25845fc051c2998d878354810c,MG,claudio,5,250.41,5,4.4,5,0.0,-4.8,0.0,False,True,True,337,2,Lower-value
a61cc04793308395a840807104365121,SP,jarinu,1,14.63,1,5.0,1,0.0,-10.0,0.0,False,True,True,0,1,Lower-value
cac4c8e7b1ca6252d8f20b2fc1a2e4af,SP,indaiatuba,83,4168.18,75,3.527027027027027,74,0.1733333333333333,-6.756756756756757,0.2933333333333333,False,True,True,676,7,High-value
cc63f0dd2acba93ffed4fe9f8e0321fa,SP,sao jose do rio preto,63,7096.71,55,4.090909090909091,55,0.0,-11.872727272727271,0.0909090909090909,False,True,True,105,2,High-value
b29d3380981c51df13fc6fbe87e1763d,SP,ribeirao preto,7,435.3,6,3.8333333333333335,6,0.0,-9.666666666666666,0.1666666666666666,False,True,True,96,1,Lower-value
a53f60f05f822b5c621a50ff6a5cb362,MG,uberlandia,6,415.4,4,3.6666666666666665,3,0.0,-19.25,0.25,False,True,True,53,2,Lower-value
dbec9a0a7efeff029d4d9dce7dc4cc95,MG,belo horizonte,3,1170.0,3,4.0,3,0.0,-12.0,0.3333333333333333,False,True,True,59,1,Lower-value
8de8fe3af4449ed695d2434c933ed73e,SP,sao paulo,1,2090.0,1,5.0,1,0.0,-20.0,0.0,False,True,True,0,1,Lower-value
aa762680c40618316a896838866140ea,PR,curitiba,3,261.0,3,3.333333333333333,3,0.3333333333333333,-9.333333333333334,0.3333333333333333,False,True,True,34,1,Lower-value
577719699805dd125d5b6fdde5943bba,RS,nova petropolis,8,1077.8000000000002,8,4.375,8,0.125,-16.25,0.125,False,True,True,124,3,Lower-value
13dd308f81fea30cc670c656b2b46cc3,SP,santa barbara d'oeste,3,117.7,3,5.0,3,0.0,-6.333333333333333,0.0,False,True,True,27,1,Lower-value
01fd077212124329bac32490e8ef80d9,SP,ribeirao preto / sao paulo,39,1208.0,31,4.161290322580645,31,0.032258064516129,-11.258064516129032,0.1612903225806451,False,True,True,130,7,Lower-value
7a188843479798ca813108fa7b959286,SP,sao paulo,3,149.7,1,1.0,1,0.0,,1.0,True,True,False,0,1,Lower-value
cb32766839f443db85c82a43c4a6c19e,SP,rio claro,2,234.0,2,3.0,2,0.0,-9.0,0.5,False,True,True,16,1,Lower-value
7aa538dd6e114e503a2e6154ea352253,SP,catanduva,5,1016.68,5,4.4,5,0.0,-11.6,0.0,False,True,True,115,2,Lower-value
e0a3c37054ade6478d923a6efc10f308,SC,camboriu,2,219.8,2,5.0,2,0.0,-16.0,0.0,False,True,True,14,1,Lower-value
0d4c8269e7f0401201794deef160edd6,SP,ribeirao preto,4,792.64,3,3.6666666666666665,3,0.0,-6.0,0.3333333333333333,False,True,True,20,1,Lower-value
3d68c634a99a1ba46dbca3967a69c623,SC,nova trento,2,594.0,2,5.0,2,0.0,-7.5,0.0,False,True,True,10,1,Lower-value
8fbe2ee446b97e128471be4ce983dc0d,SP,sorocaba,3,148.5,3,3.0,3,0.3333333333333333,-4.666666666666667,0.6666666666666666,False,True,True,42,1,Lower-value
e0b162a693bc7f9eab00f783a31d60ea,RS,pelotas,1,20.0,1,5.0,1,0.0,-13.0,0.0,False,True,True,0,1,Lower-value
1f867308a0ce13133a4e639ff4de0c02,PR,curitiba,13,875.1,7,4.142857142857143,7,0.0,-15.857142857142858,0.1428571428571428,False,True,True,249,1,Lower-value
06a2c3af7b3aee5d69171b0e14f0ee87,MA,sao luis,405,36408.95,392,3.989690721649485,388,0.1887755102040816,-11.367609254498715,0.1658163265306122,False,True,True,215,1,High-value
2e90cb1677d35cfe24eef47d441b7c87,SP,sao paulo,137,13894.71,127,4.118110236220472,127,0.1259842519685039,-10.385826771653544,0.1417322834645669,False,True,True,535,3,High-value
9315e491484b1b0081ca166fc164108d,PR,londrina,1,29.99,1,3.0,1,0.0,-24.0,0.0,False,True,True,0,1,Lower-value
adbc26658d6c7b4b6219f9d934598091,PR,curitiba,92,11806.4,88,4.125,88,0.1363636363636363,-8.261363636363637,0.1590909090909091,False,True,True,358,2,High-value
0ffa40d54288e4f3499b8780dd0f144f,SP,presidente prudente,35,2162.8,33,4.484848484848484,33,0.1212121212121212,-12.0,0.0909090909090909,False,True,True,121,2,Lower-value
d05ae8f7a5bd1d2a690a44cd079e4e27,RJ,rio de janeiro,81,13436.0,78,3.857142857142857,77,0.0641025641025641,-11.25974025974026,0.2179487179487179,False,True,True,482,1,High-value
508808d438fe2ff972ed13bb8f4a82e2,SP,sao paulo,11,294.83,10,4.3,10,0.0,-9.666666666666666,0.1,False,True,True,23,7,Lower-value
28fb0829fd777877cdc350d25cb5bd5b,SP,sao jose do rio pret,4,499.6,4,3.75,4,0.0,-11.0,0.25,False,True,True,72,1,Lower-value
c794dab4928dd97beb41d05514441e86,SP,artur nogueira,16,1312.4,16,4.375,16,0.125,-7.4375,0.0625,False,True,True,197,1,Lower-value
1976a05ecf2996d6ffb7b5430e635fe7,SP,assis,9,1796.2,8,3.875,8,0.25,-8.125,0.25,False,True,True,199,4,Lower-value
c70a353f02429c00775a46a75fb787da,SP,sao paulo,6,242.0,6,4.666666666666667,6,0.0,-11.166666666666666,0.0,False,True,True,23,1,Lower-value
39d61be7a92eb77b7da367bd4845bc0e,SP,sao paulo,14,700.59,7,4.0,7,0.0,-11.571428571428571,0.1428571428571428,False,True,True,138,1,Lower-value
c510bc1718f0f2961eaa42a23330681a,SP,indaiatuba,13,12251.0,13,4.0,13,0.0,-9.916666666666666,0.2307692307692307,False,True,True,118,1,High-value
8cf21434553b02cbd37c0bbd07e041b0,SC,sao jose,2,94.98,2,2.5,2,0.0,-15.0,0.5,False,True,True,110,1,Lower-value
edd066cd02126d7800f9b66e980e9931,DF,brasilia,6,987.7,6,5.0,6,0.1666666666666666,-13.333333333333334,0.0,False,True,True,360,1,Lower-value
cf281cf8b7affbdfe751b29cc85580e1,CE,eusebio,1,64.9,1,1.0,1,0.0,,1.0,True,True,False,0,1,Lower-value
392353362d22cc2c236e1ee81ff19890,SC,blumenau,10,288.7,5,4.6,5,0.0,-15.6,0.0,False,True,True,130,2,Lower-value
1f7fd2a6fcd5a6fa5d8a4dabc72aaae0,RS,venancio aires,3,531.8,3,5.0,3,0.0,-16.666666666666668,0.0,False,True,True,396,1,Lower-value
c878515173c84a492ebe50d6b493230b,PR,itaipulandia,10,1118.84,9,4.111111111111111,9,0.2222222222222222,-12.11111111111111,0.2222222222222222,False,True,True,247,4,Lower-value
77714512e8d4dda9c234da8e3faf16e4,SP,guarulhos,6,243.4,4,4.25,4,0.0,-8.25,0.0,False,True,True,19,2,Lower-value
0eaa7e33d73809f1f925f7d07c506cbd,SP,santo andre,15,1552.0,15,4.714285714285714,14,0.0,-14.8,0.0666666666666666,False,True,True,504,2,Lower-value
bcf5566870987da7bc811fbc8c5b9fd9,SP,sao paulo,4,96.0,1,1.0,1,0.0,,1.0,True,True,False,0,1,Lower-value
3d01d1c414c44b5943a09619ff3853cb,SP,campinas,5,402.6,5,3.8,5,0.0,-14.0,0.2,False,True,True,280,1,Lower-value
2e1c9f22be269ef4643f826c9e650a52,SP,sao paulo,173,12687.68,167,4.164634146341464,164,0.059880239520958,-10.4472049689441,0.1317365269461078,False,True,True,401,3,High-value
00fc707aaaad2d31347cf883cd2dfe10,PR,maringa,135,12684.9,103,4.078431372549019,102,0.0388349514563106,-15.533980582524272,0.1553398058252427,False,True,True,133,1,High-value
52f6f9f13ba19504c02781132a049e75,PR,curitiba,1,199.0,1,3.0,1,0.0,-14.0,0.0,False,True,True,0,1,Lower-value
83c8aafbefb034674a70de0eac5b8954,PR,francisco beltrao,2,134.9,2,5.0,2,0.0,-16.0,0.0,False,True,True,103,1,Lower-value
58e4b302b54937e55a678c4d15111da4,PR,colombo,3,279.79,3,2.333333333333333,3,0.0,-48.0,0.6666666666666666,False,True,True,151,1,Lower-value
d1c281d3ae149232351cd8c8cc885f0d,SP,ibitinga,240,26942.6,215,3.7981220657277,213,0.0651162790697674,-11.457943925233645,0.2186046511627907,False,True,True,547,2,High-value
33c51922b6e3c16b24a8f28e5833c99d,PR,londrina,20,6657.87,18,4.235294117647059,17,0.0555555555555555,-13.666666666666666,0.1111111111111111,False,True,True,241,4,High-value
f80edd2c5aaa505cc4b0a3b219abf4b8,SP,sao paulo,128,9108.2,119,4.084745762711864,118,0.0504201680672268,-12.327586206896552,0.1596638655462184,False,True,True,507,6,High-value
0761743cbffb25d7148189e9f1a5f03a,SP,ribeirao preto,7,241.2,3,4.666666666666667,3,0.0,-9.666666666666666,0.0,False,True,True,64,2,Lower-value
0b46f784306be7200ca1700aa55d819f,MG,belo horizonte,1,19.9,1,5.0,1,0.0,-15.0,0.0,False,True,True,0,1,Lower-value
7a9c12e235c36247c3c81f50d6ea9cea,SP,sao caetano do sul,5,983.9,5,4.6,5,0.0,-28.4,0.0,False,True,True,33,1,Lower-value
8629c241b3622ac12cd4118afdc8d394,SP,ribeirao preto,13,1167.66,13,4.076923076923077,13,0.0769230769230769,-14.076923076923077,0.1538461538461538,False,True,True,113,3,Lower-value
3ade81dab5a172b88e1871c28ae05260,SP,sao jose do rio preto,32,5751.6,30,4.0,29,0.1,-10.214285714285714,0.2,False,True,True,323,2,High-value
562fc2f2c2863ab7e79a9e4388a58a14,SP,campinas,270,8814.199999999999,260,4.217054263565892,258,0.0307692307692307,-13.129411764705882,0.1,False,True,True,217,1,High-value
7dc8c42cc750eeafea6c85712ffee9bf,SP,sao paulo,50,6409.68,41,4.195121951219512,41,0.048780487804878,-13.878048780487806,0.1219512195121951,False,True,True,690,8,High-value
247587846358bb1d2e4c6522020b36fe,SP,sao jose do rio preto,1,99.0,1,5.0,1,0.0,-13.0,0.0,False,True,True,0,1,Lower-value
a35ef466c6fd6d052f5d241240d3c5e2,RS,novo hamburgo,3,569.9,3,4.666666666666667,3,0.0,-20.666666666666668,0.0,False,True,True,46,1,Lower-value
651530bf5c607240ccdd89a30c9c9712,BA,ipira,1,199.9,1,4.0,1,0.0,-15.0,0.0,False,True,True,0,1,Lower-value
f1c1ac3f3efc07e659c035008e615e66,SP,sao paulo,14,2561.96,4,3.75,4,0.0,-13.333333333333334,0.25,False,True,True,181,1,Lower-value
df0f42bc4c2142eacf0eaf2cffd0cfbb,SC,itajai,16,1654.0,14,4.142857142857143,14,0.0,-9.785714285714286,0.1428571428571428,False,True,True,237,1,Lower-value
40db9e9aa57f7bb151bcda6b0f9bdbb7,PE,recife,12,23168.0,12,2.363636363636364,11,0.0833333333333333,-15.5,0.5833333333333334,False,True,True,189,1,High-value
68ca56ce86830f3d31b1b7ec6a54da3e,PR,guaratuba,6,719.59,6,3.8333333333333335,6,0.0,-16.8,0.1666666666666666,False,True,True,29,4,Lower-value
960945e1a9535cbc0cd6ddd35fbe7ae8,SP,sao paulo,29,3381.73,28,4.642857142857143,28,0.0,-10.285714285714286,0.0,False,True,True,110,3,High-value
c00396cbdd2e088fe4281baa5920aef1,PR,campo magro,3,832.4100000000001,1,5.0,1,0.0,-10.0,0.0,False,True,True,0,1,Lower-value
8d92f3ea807b89465643c219455e7369,SP,sao paulo,8,121.2,3,1.0,3,0.6666666666666666,11.333333333333334,1.0,True,True,True,31,1,Lower-value
c52c644cc0dc85121207a27013efc6af,MG,tiradentes,2,397.8,1,5.0,1,0.0,-5.0,0.0,False,True,True,0,1,Lower-value
7e26c750b4cb9f6766f58265ff9ebe95,MG,belo horizonte,27,1344.3,23,4.434782608695652,23,0.0,-13.73913043478261,0.0434782608695652,False,True,True,251,1,Lower-value
5a8e7d5003a1f221f9e1d6e411de7c23,SP,campinas,181,11171.9,139,4.144927536231884,138,0.0359712230215827,-12.072992700729928,0.1294964028776978,False,True,True,688,3,High-value
6d1b9c9579132c87d2703ec38c30f2c5,PR,curitiba,4,299.69,4,4.5,4,0.0,-15.5,0.0,False,True,True,129,2,Lower-value
20f0aeea30bc3b8c4420be8ced4226c0,SP,santa barbara d'oeste,1,14.9,1,,0,1.0,13.0,0.0,False,False,True,0,1,Lower-value
575df70bde3f9f2b30bf8d2e9910d725,SP,sao jose do rio preto,34,5410.05,27,4.074074074074074,27,0.037037037037037,-16.14814814814815,0.1481481481481481,False,True,True,677,4,High-value
5d3bb11474a06bdc23fb9e89f1164ee0,SP,assis,32,3654.6,31,3.903225806451613,31,0.032258064516129,-13.419354838709678,0.1612903225806451,False,True,True,403,6,High-value
c35affa65afd250151285c5917fc1c8a,SP,sao paluo,9,5279.91,9,4.0,9,0.1111111111111111,-7.125,0.2222222222222222,False,True,True,232,1,High-value
e59e489e2ea74bd409b798b5daf49de3,PR,maringa,5,495.0,3,1.6666666666666667,3,0.0,-11.0,0.6666666666666666,True,True,True,237,1,Lower-value
7d948535954aaf8c5d39db007f74372e,SP,guaruja,4,194.0,4,3.75,4,0.0,-9.25,0.25,False,True,True,279,2,Lower-value
c7b7db6c8f3c64a7cc1afa634db21d50,SP,sao paulo,1,1489.0,1,1.0,1,1.0,16.0,1.0,True,True,True,0,1,Lower-value
1352e06ae67b410cdae0b2a22361167b,RJ,rio de janeiro,4,696.0,4,2.333333333333333,3,0.5,2.5,0.5,False,True,True,76,1,Lower-value
3bb548e3cb7f70f28e3f11ee9dce0e59,PR,maringa,53,7690.02,46,4.195652173913044,46,0.0,-17.58695652173913,0.1304347826086956,False,True,True,521,1,High-value
ee2fbacc2fc3794e656cc4d933d59ce7,SP,sao paulo,3,464.97,2,4.0,2,0.0,-13.5,0.0,False,True,True,14,1,Lower-value
522620dcb18a6b31cd7bdf73665113a9,PR,cascavel,180,57168.49,174,3.888235294117647,170,0.0862068965517241,-13.75,0.1896551724137931,False,True,True,670,11,High-value
d32e3909cfb714fb2a6cb092c85b9c5f,SP,jundiai,11,2827.9,10,3.5,10,0.2,-11.1,0.3,False,True,True,257,2,Lower-value
e5c84227854980f1db19a58958c551d9,PR,fazenda rio grande,4,72.81,4,4.75,4,0.0,-10.25,0.0,False,True,True,19,2,Lower-value
ce7d1888639e6fb06b2749cbfdac1ff7,MG,baependi,84,11793.89,78,4.166666666666667,78,0.0897435897435897,-12.192307692307692,0.1666666666666666,False,True,True,370,4,High-value
693660429f9dc4ff704eb3d88dad54d7,SP,santo andre,2,124.0,2,4.0,2,0.0,-17.0,0.0,False,True,True,0,1,Lower-value
2cb4700db635baa1c0d4f90ed27b6669,PR,curitiba,2,199.8,2,2.0,2,0.0,-29.0,0.5,True,True,True,2,1,Lower-value
a4b6b9b992b46e9ef863637af96e04bc,SC,florianopolis,14,7147.0,7,3.2857142857142856,7,0.1428571428571428,-10.5,0.2857142857142857,False,True,True,133,3,High-value
ff1e15b778c700abdd4d239b81ac466d,PR,curitiba,7,414.3,7,4.571428571428571,7,0.0,-8.0,0.0,False,True,True,19,2,Lower-value
820c7c9eaf76d2b226b6c242bcf3f34d,SP,sao paulo,1,559.0,1,4.0,1,0.0,-21.0,0.0,False,True,True,0,1,Lower-value
85d9eb9ddc5d00ca9336a2219c97bb13,MG,belo horizonte,522,15415.24,509,4.179841897233201,506,0.0216110019646365,-15.691382765531062,0.1041257367387033,False,True,True,682,6,High-value
a673821011d0cec28146ea42f5ab767f,SP,sao paulo,146,13863.69,129,3.983870967741936,124,0.1007751937984496,-9.136,0.1782945736434108,False,True,True,540,7,High-value
ebe3dabc4955c9b0d695e7bda38bf5c3,SP,ribeirao preto,1,55.0,1,3.0,1,1.0,4.0,0.0,False,True,True,0,1,Lower-value
ca7c6bd577e559472af1c699de9e764e,SP,sao bernardo do campo,8,148.0,6,4.333333333333333,6,0.0,-8.333333333333334,0.1666666666666666,False,True,True,13,1,Lower-value
c8b3445d737de6befde0c88ede534a5e,SP,sao paulo,36,3149.04,30,4.433333333333334,30,0.0333333333333333,-11.833333333333334,0.0666666666666666,False,True,True,221,2,Lower-value
eb5b6204dde3a6e03b5f1bb8479f055b,SP,embu guacu,21,452.2,19,3.947368421052632,19,0.0526315789473684,-13.263157894736842,0.1052631578947368,False,True,True,177,5,Lower-value
4a5b36211b1f51bf7eaa5c10a57fa483,RJ,sao goncalo,1,139.19,1,5.0,1,0.0,-8.0,0.0,False,True,True,0,1,Lower-value
2e1a7d075abe038c1b2743005fe42ff1,SP,sao paulo,23,1396.7,19,4.052631578947368,19,0.1578947368421052,-7.388888888888889,0.2105263157894736,False,True,True,340,2,Lower-value
973f21788dfab357250f69a8dcb7ddee,MG,claudio,21,909.0,10,2.0,10,0.5,-2.555555555555556,0.7,True,True,True,516,1,Lower-value
ba89796db68db180bd389de96b2ff3b6,SP,sao paulo,2,309.8,2,5.0,2,0.0,-11.5,0.0,False,True,True,15,2,Lower-value
b9ec22de23f18567de0e09d776ca0309,DF,brasilia,2,341.98,2,5.0,2,0.0,-27.5,0.0,False,True,True,53,1,Lower-value
79ee721b6f766066a80264402548d359,SP,bauru,2,538.0,2,1.0,2,0.0,,1.0,True,True,False,12,1,Lower-value
11bfa66332777660bd0640ee84d47006,SP,ribeirao preto,102,3925.87,76,3.9210526315789473,76,0.1447368421052631,-9.052631578947368,0.2236842105263158,False,True,True,350,2,High-value
7d484ca289afaac6bf5fc6a1e96d2226,MS,campo grande,2,183.2,2,4.0,2,0.0,-2.5,0.0,False,True,True,12,1,Lower-value
5160d23075764e18e07c1f4a87fad743,SP,sao bernardo do campo,39,2429.0,34,4.382352941176471,34,0.0,-9.969696969696969,0.088235294117647,False,True,True,112,1,Lower-value
3a1a1fec38dd360f15fc912e821e169d,SP,sao paulo,15,2007.38,15,3.866666666666666,15,0.2666666666666666,-5.2,0.2,False,True,True,189,1,Lower-value
141440cad9341e553f8401c574a2aa38,PR,pitanga,12,1288.2,11,4.454545454545454,11,0.0,-21.818181818181817,0.0909090909090909,False,True,True,104,2,Lower-value
05aebce0b5c8f0d41b29b686f2d05fd3,SP,sao paulo,2,74.99000000000001,2,5.0,2,0.0,-2.5,0.0,False,True,True,157,2,Lower-value
dd39ad39b5d3df33037e141c72497ba6,SP,sao paulo,2,135.8,2,5.0,2,0.0,-19.0,0.0,False,True,True,38,2,Lower-value
695051e2981c8b19e77cafe450d5bdf3,SP,osasco,1,169.76,1,5.0,1,0.0,-8.0,0.0,False,True,True,0,0,Lower-value
dd55f1bb788714a40e7954c3be6df745,SP,sao paulo,37,7041.759999999999,35,3.742857142857143,35,0.1714285714285714,-9.342857142857143,0.2,False,True,True,248,7,High-value
ae7ab174effdead6c241e547e4ca13f0,PR,arapongas,7,2778.6,6,4.333333333333333,6,0.0,-11.166666666666666,0.1666666666666666,False,True,True,61,1,Lower-value
9d7a1d34a5052409006425275ba1c2b4,SP,franca,16,1054.82,13,4.384615384615385,13,0.0769230769230769,-12.076923076923077,0.0769230769230769,False,True,True,399,4,Lower-value
8c351ed7c326c62123318f4f3246e906,SP,praia grande,2,114.9,2,5.0,2,0.0,-14.5,0.0,False,True,True,234,1,Lower-value
dc4a0fc896dc34b0d5bfec8438291c80,SP,ibitinga,249,24180.77,231,3.779220779220779,231,0.0649350649350649,-11.422222222222222,0.2164502164502164,False,True,True,561,4,High-value
3a4127e1ba7208ea37044c5092aae170,SP,sao paulo,6,2219.6,6,3.5,6,0.0,-13.8,0.3333333333333333,False,True,True,119,2,Lower-value
7c4402417d51474d4d0cda9557340e40,SP,sao caetano do sul,1,119.9,1,5.0,1,0.0,-28.0,0.0,False,True,True,0,1,Lower-value
b9ca8e8baa5d4aa038394a700f63e69f,SP,sao paulo,14,1289.77,14,4.214285714285714,14,0.0714285714285714,-9.071428571428571,0.0714285714285714,False,True,True,126,3,Lower-value
3968920b9aa752ab98f7d5888c9252f2,SP,bauru,10,523.3,8,3.875,8,0.125,-12.25,0.25,False,True,True,94,4,Lower-value
9b522ba7eae9e1d04082f267144583cc,SP,sao paulo,6,1507.6,4,4.25,4,0.25,23.666666666666668,0.0,False,True,True,328,2,Lower-value
539ed9e19811677513447759be5eccfc,MG,belo horizonte,2,32.83,2,3.0,2,0.0,-16.0,0.5,False,True,True,70,1,Lower-value
e26901d5ab434ce92fd9b5c256820a4e,SP,maua,221,11990.9,202,4.123762376237623,202,0.0148514851485148,-13.47715736040609,0.1237623762376237,False,True,True,225,6,High-value
9d5604a1f112324ad6b2aa552122e0fb,SP,florianopolis,17,421.5,13,3.5384615384615383,13,0.0,-14.23076923076923,0.3076923076923077,False,True,True,277,1,Lower-value
a6fe7de3d16f6149ffe280349a8535a0,SP,franca,52,2904.8,51,3.98,50,0.1176470588235294,-9.34,0.1764705882352941,False,True,True,390,1,Lower-value
aac29b1b99776be73c3049939652091d,MG,uberlandia,138,6755.91,98,4.09375,96,0.0918367346938775,-10.76595744680851,0.1122448979591836,False,True,True,560,7,High-value
54a1852d1b8f10312c55e906355666ee,SP,santa barbara d'oeste,204,17226.44,200,4.326633165829146,199,0.075,-10.974747474747474,0.09,False,True,True,586,7,High-value
88ae906ea2acf6971f26c3e8b7cb4357,SP,sao paulo,3,246.0,3,3.333333333333333,3,0.3333333333333333,-2.0,0.0,False,True,True,13,1,Lower-value
bba8d0c234a52b87b3957037a215d1a4,GO,goiania,1,120.0,1,5.0,1,0.0,-10.0,0.0,False,True,True,0,1,Lower-value
c826c40d7b19f62a09e2d7c5e7295ee2,SP,guarulhos,373,45643.74,354,4.079545454545454,352,0.0734463276836158,-9.852601156069364,0.1553672316384181,False,True,True,365,1,High-value
a425f92c199eb576938df686728acd20,PR,curitiba,19,1165.8,17,4.294117647058823,17,0.0,-15.25,0.1764705882352941,False,True,True,693,5,Lower-value
3c3017960b2dbd72711a61f0400aab8f,SC,jaragua do sul,10,968.8,10,4.0,10,0.0,-21.33333333333333,0.2,False,True,True,74,2,Lower-value
ab9db4cf53b08b828b64dccaafc2d9f0,RS,paraiso do sul,5,277.67,5,4.2,5,0.0,-19.5,0.2,False,True,True,426,3,Lower-value
113e3a788b935f48aad63e1c41dac1bd,SP,aparecida,48,847.35,39,4.315789473684211,38,0.0512820512820512,-15.0,0.0512820512820512,False,True,True,390,1,Lower-value
94c49f20a123aeb9360dbf80ff912bf6,SP,sorocaba,3,277.75,3,3.6666666666666665,3,0.0,-13.666666666666666,0.3333333333333333,False,True,True,14,2,Lower-value
1ca4bdb0cd7fc48e949bac066188ed26,MG,cataguases,4,1520.0,4,4.5,4,0.25,-10.666666666666666,0.0,False,True,True,129,1,Lower-value
d12c926d74ceff0a90a21184466ce161,SP,sao paulo,99,3944.18,78,4.346153846153846,78,0.0128205128205128,-14.63157894736842,0.0769230769230769,False,True,True,583,8,High-value
71dc18fd8cbf5fd77f45dd8b427abb34,PR,curitiba,9,1080.0,4,5.0,4,0.0,-19.0,0.0,False,True,True,302,1,Lower-value
b43d8b707f887a30f4675391098354a0,SP,ipira,4,1342.0,3,3.0,3,0.3333333333333333,-5.333333333333333,0.3333333333333333,False,True,True,105,2,Lower-value
f235413f677777a0738ff215d0184901,SP,bariri,3,1696.7,3,3.6666666666666665,3,0.0,-33.0,0.3333333333333333,False,True,True,36,1,Lower-value
985c92cc412091f8529c12d7f23d3fef,MG,sao joao del rei,12,1368.5,12,4.75,12,0.0,-14.0,0.0,False,True,True,108,1,Lower-value
038b75b729c8a9a04b0d07cba7eabe86,SP,sao jose dos campos,2,467.0,2,3.5,2,0.5,-1.5,0.0,False,True,True,2,1,Lower-value
a4b8d97cd5d3674eeff96abc99d8ed67,SP,sumare,1,214.08,1,1.0,1,0.0,-16.0,1.0,True,True,True,0,1,Lower-value
ffad1e7127fb622cb64a900751590acd,SP,americana,15,884.3,10,4.8,10,0.0,-11.8,0.0,False,True,True,123,2,Lower-value
594f9aaa48e5bf431f011ddc5669b0d5,MG,contagem,38,3248.8,37,4.594594594594595,37,0.027027027027027,-13.72972972972973,0.027027027027027,False,True,True,123,5,Lower-value
eba88037e1dca898cd02881f67ced679,SP,sao paulo,6,838.1,6,4.333333333333333,6,0.1666666666666666,-10.166666666666666,0.1666666666666666,False,True,True,318,1,Lower-value
01ed254b9ff8407dfb9d99ba1e17d923,SP,mogi das cruzes,5,1465.99,5,5.0,5,0.0,-17.0,0.0,False,True,True,96,1,Lower-value
f7ccf836d21b2fb1de37564105216cc1,SP,ibitinga,74,2787.4,70,3.808823529411765,68,0.0714285714285714,-9.0,0.2,False,True,True,254,2,Lower-value
7e3f87d16fb353f408d467e74fbd8014,SP,sao paulo,94,4754.99,92,4.130434782608695,92,0.0652173913043478,-10.373626373626374,0.1195652173913043,False,True,True,423,6,High-value
9140bd1d9de28b197dce077bdd687438,SP,amparo,8,1258.87,6,4.166666666666667,6,0.0,-8.5,0.0,False,True,True,80,1,Lower-value
a2b911e9ad40dc7d61c142a4683e2d85,RJ,barra mansa,1,85.9,1,5.0,1,0.0,-16.0,0.0,False,True,True,0,1,Lower-value
a56e351445e5863fc8960640ba9190c7,SC,itajai,4,760.9200000000001,3,4.333333333333333,3,0.0,-7.666666666666667,0.0,False,True,True,20,2,Lower-value
bb135baca94c82fcb731335ad5b04a03,SP,sao paulo,38,1049.8,18,3.055555555555556,18,0.0,-19.444444444444443,0.3888888888888889,False,True,True,567,4,Lower-value
a353b1083c9863d756d9404695016d64,ES,cariacica,1,120.0,1,5.0,1,0.0,-8.0,0.0,False,True,True,0,1,Lower-value
b56828a9f9027f3c918c04ca720d9e3c,SP,praia grande,3,360.0,3,2.6666666666666665,3,0.3333333333333333,-9.333333333333334,0.3333333333333333,False,True,True,210,1,Lower-value
6e0908ef4d4efadbc3cc2b74ea477cb0,RJ,rio de janeiro,11,589.4499999999999,8,3.75,8,0.125,-12.375,0.25,False,True,True,207,1,Lower-value
5d9f3746e112e696f98ea22c56b3e912,SP,sao paulo,1,1322.64,1,5.0,1,0.0,-17.0,0.0,False,True,True,0,1,Lower-value
c8143b3069f6746a77421b5ce30a450c,GO,abadia de goias,1,142.47,1,5.0,1,0.0,-7.0,0.0,False,True,True,0,1,Lower-value
f5f46307a4d15880ca14fab4ad9dfc9b,SC,rio do sul,10,1422.94,9,4.111111111111111,9,0.1111111111111111,-11.11111111111111,0.1111111111111111,False,True,True,140,3,Lower-value
58c851d1a3c7cd3da329eb59453fed44,SP,rio claro,2,268.99,2,5.0,2,0.0,-11.5,0.0,False,True,True,11,1,Lower-value
4830e40640734fc1c52cd21127c341d4,SP,sao paulo,219,9843.47,210,4.148325358851674,209,0.0476190476190476,-11.142156862745098,0.1238095238095238,False,True,True,398,9,High-value
dbb9b48c841a0e39e21f98e1a6b2ec3e,SP,sao paulo,118,7186.85,108,4.268518518518518,108,0.037037037037037,-11.87962962962963,0.1111111111111111,False,True,True,531,10,High-value
8fb67a334bacec338885b4e9e1708073,PR,toledo,1,59.9,1,5.0,1,0.0,-11.0,0.0,False,True,True,0,1,Lower-value
c6a7539d424a8402232c2228d7a03c5e,SP,sao paulo,15,607.5,10,3.1,10,0.1,-10.2,0.4,False,True,True,259,1,Lower-value
72c5da29406b4234927b81855e7b64f6,SP,guarulhos,31,11798.69,31,4.129032258064516,31,0.032258064516129,-16.580645161290324,0.1290322580645161,False,True,True,141,2,High-value
e83c76265fc54bf41eac728805e4da77,SP,aracatuba,8,237.3,8,3.625,8,0.125,10.25,0.125,False,True,True,86,1,Lower-value
a72f15980dc3e9bfd1a49ac9b2f3af65,SP,marilia,1,89.9,1,4.0,1,0.0,-14.0,0.0,False,True,True,0,1,Lower-value
ad738d3fcf42655ed15c4960b7b6c601,RS,novo hamburgo,1,65.0,1,1.0,1,0.0,,1.0,True,True,False,0,1,Lower-value
0ed6ce5d87fd9c69eaacaeb778d67235,SP,americana,43,2141.42,43,4.404761904761905,42,0.1395348837209302,-12.785714285714286,0.0465116279069767,False,True,True,319,4,Lower-value
00d8b143d12632bad99c0ad66ad52825,MG,belo horizonte,1,86.0,1,5.0,1,0.0,-22.0,0.0,False,True,True,0,1,Lower-value
fedf2c1386e137f296b3bbf3b635e69d,SP,sao paulo,5,131.74,2,3.5,2,0.0,-18.5,0.5,False,True,True,84,2,Lower-value
8bdd8e3fd58bafa48af76b2c5fd71974,SP,sao paulo,11,2324.82,11,4.545454545454546,11,0.0909090909090909,-12.11111111111111,0.0909090909090909,False,True,True,204,1,Lower-value
4391ea5c5990502176a1dcda44a2373d,RS,porto alegre,5,2349.0,3,4.666666666666667,3,0.0,-17.0,0.0,False,True,True,212,2,Lower-value
38e6dada03429a47197d5d584d793b41,SP,sao paulo,12,596.14,7,4.428571428571429,7,0.0,-11.142857142857142,0.1428571428571428,False,True,True,52,1,Lower-value
6973a06f484aacf400ece213dbf3d946,SP,sao jose dos campos,115,11011.05,95,3.5638297872340425,94,0.1368421052631579,-7.617977528089888,0.2631578947368421,False,True,True,162,1,High-value
e83e93b71371817b11d78a63ff156aee,SP,barueri,3,286.0,2,4.5,2,0.0,-10.0,0.0,False,True,True,60,1,Lower-value
9bade61a92bed55a25d2b67b9f4ed739,PR,sao jose dos pinhais,3,117.68,2,3.0,2,0.0,-18.5,0.5,False,True,True,21,1,Lower-value
6c6cc59a5c00cacc5054ca06d65cc282,RS,santa maria,1,1107.0,1,5.0,1,0.0,-17.0,0.0,False,True,True,0,1,Lower-value
c6381b1321d7d97717a5bb4ed5b77882,SP,sao paulo,3,66.0,2,3.0,2,0.0,-6.5,0.5,False,True,True,31,2,Lower-value
d29ba1220fb8634fa3a107e54497b8a4,SP,sao carlos,9,724.94,9,3.2222222222222223,9,0.0,-13.11111111111111,0.3333333333333333,False,True,True,122,1,Lower-value
226b05fe067266c59c15dae208213d06,PR,curitiba,11,1056.9,10,4.5,10,0.0,-13.5,0.1,False,True,True,34,1,Lower-value
578460d8319c51dab351cd9db95eadfe,GO,goiania,1,235.0,1,3.0,1,0.0,,0.0,False,True,False,0,0,Lower-value
328acb143b4a73aad6bee8e734f5d20d,PR,foz do iguacu,2,699.98,2,4.0,2,0.0,-17.0,0.0,False,True,True,4,2,Lower-value
788f22bafdd7ab0e1e79f19db72f16a4,SP,sao paulo,2,125.8,2,4.5,2,0.0,-6.0,0.0,False,True,True,5,2,Lower-value
86ff3eaef0267069cc891a2ed9d10a17,SC,palhoca,7,409.75,7,4.714285714285714,7,0.0,-17.285714285714285,0.0,False,True,True,82,2,Lower-value
5f7300535881cef3b625fd683cf7d145,RS,canoas,11,665.98,10,4.4,10,0.0,-13.8,0.1,False,True,True,279,1,Lower-value
0cbcee27c791afa0cdcb08587a2013a8,MG,tres coracoes,41,5324.15,39,3.8461538461538463,39,0.1025641025641025,-15.342105263157896,0.1794871794871795,False,True,True,643,3,High-value
20611af7866c6068fd5ae1f9dbe15c92,SP,porto ferreira,2,219.8,2,4.5,2,0.0,-13.5,0.0,False,True,True,1,2,Lower-value
1fa2d3def6adfa70e58c276bb64fe5bb,SP,sao paulo,1,6.9,1,1.0,1,0.0,-36.0,1.0,True,True,True,0,1,Lower-value
3d2531eccfbde1d7c8db7a3a12fb267a,MG,contagem,10,1999.54,10,4.222222222222222,9,0.0,-14.0,0.1,False,True,True,117,1,Lower-value
fcdd820084f17e9982427971e4e9d47f,SP,ribeirao preto,27,4783.99,16,3.9375,16,0.125,-15.875,0.1875,False,True,True,162,2,High-value
d8dd176509baa37f359644d082bf7f7b,SP,sao caetano do sul,2,198.0,2,1.5,2,1.0,10.0,1.0,True,True,True,8,1,Lower-value
cb5ff1b9715e99589f3e0c7a6afab9e3,PR,maringa,4,85.0,4,4.0,4,0.0,-12.25,0.0,False,True,True,19,1,Lower-value
9b1f656ca3060f8af17a50d8a024b533,SP,santos,2,41.0,2,5.0,2,0.5,-6.5,0.0,False,True,True,28,2,Lower-value
43a5d4a57af536fddc96d08be3afdfcb,MG,varginha,1,75.0,1,1.0,1,0.0,-18.0,1.0,True,True,True,0,1,Lower-value
b1a81260566c1bac3114a6d124413f27,RS,carazinho,54,8684.69,51,4.2745098039215685,51,0.0,-16.235294117647058,0.1372549019607843,False,True,True,159,4,High-value
080199a181c46c657dc5aa235411be3b,SP,osasco,83,14504.2,79,4.615384615384615,78,0.0126582278481012,-9.632911392405065,0.0126582278481012,False,True,True,338,1,High-value
cca3071e3e9bb7d12640c9fbe2301306,SP,ibitinga,830,64009.89,712,3.841428571428572,700,0.047752808988764,-14.852646638054363,0.199438202247191,False,True,True,688,6,High-value
788e857f317e53de488d393e65a80f45,SP,sao paulo,11,1210.0,11,4.909090909090909,11,0.0,-13.818181818181818,0.0,False,True,True,85,1,Lower-value
d51e0a403fe2e689ece6c73359d96e12,SP,pompeia,26,7790.0,19,4.105263157894737,19,0.1052631578947368,-14.833333333333334,0.1052631578947368,False,True,True,337,1,High-value
b080809eaacb49e5ca07290981472431,MG,belo horizonte,11,424.0,11,4.818181818181818,11,0.0,-10.363636363636363,0.0,False,True,True,444,1,Lower-value
7f7b8245c336066a1f9933c359f11d77,SP,mogi mirim,43,2094.36,38,4.552631578947368,38,0.0263157894736842,-12.052631578947368,0.0789473684210526,False,True,True,127,8,Lower-value
8648b1e89e9b349e32d3741b30ec737e,SP,jacarei,103,7442.55,95,4.094736842105263,95,0.0947368421052631,-11.935483870967742,0.1578947368421052,False,True,True,332,3,High-value
d50d79cb34e38265a8649c383dcffd48,SP,sao paulo,70,13012.42,70,4.246376811594203,69,0.0428571428571428,-13.285714285714286,0.0857142857142857,False,True,True,670,5,High-value
f214d28e8d8e3ef068748498ccc2f813,SP,sao paulo,59,2212.41,54,4.150943396226415,53,0.074074074074074,-12.692307692307692,0.1296296296296296,False,True,True,371,4,Lower-value
717b78b0950b51ed00b1471d858b0edc,SP,alambari,5,138.6,5,4.0,5,0.2,-3.2,0.2,False,True,True,161,1,Lower-value
aa2640d851ec322526f1295bbeb20092,SP,sao paulo,2,159.98,1,3.0,1,0.0,-5.0,0.0,False,True,True,0,1,Lower-value
ebd2d60905fb58271facef5596b620d3,SP,lencois paulista,88,7941.72,84,4.154761904761905,84,0.0357142857142857,-11.475609756097562,0.119047619047619,False,True,True,550,1,High-value
efcd8d2104f1a05d028af7bad20d974b,SP,aracatuba,51,2424.78,47,4.170212765957447,47,0.0212765957446808,-14.434782608695652,0.0851063829787234,False,True,True,482,1,Lower-value
6562efe88ce0826a4ca4f189f03b4b84,PR,maringa,21,1135.9,9,3.7777777777777777,9,0.1111111111111111,-9.5,0.1111111111111111,False,True,True,300,1,Lower-value
400f221ab83037c0ea78f1267da9624d,SP,osvaldo cruz,1,865.0,1,,0,0.0,,0.0,False,False,False,0,1,Lower-value
530ec6109d11eaaf87999465c6afee01,PR,cascavel,104,12983.81,97,4.237113402061856,97,0.0103092783505154,-17.414893617021278,0.1134020618556701,False,True,True,456,6,High-value
a5259c149128e82c9d6d46e0c1c812bb,RO,ji parana,8,1182.26,8,3.875,8,0.0,-23.375,0.25,False,True,True,220,1,Lower-value
f543ba3c973276f519d89d59bd46cead,SP,sao jose do rio preto,2,258.0,2,1.0,2,0.0,,1.0,True,True,False,134,1,Lower-value
89f69225956f951295ca4c7fb1266553,RJ,vassouras,12,1041.3,11,4.2727272727272725,11,0.0,-16.727272727272727,0.0909090909090909,False,True,True,92,5,Lower-value
8b11118053756a9a2932f447e11fc1b5,SP,igaracu do tiete,1,79.99,1,3.0,1,0.0,-41.0,0.0,False,True,True,0,1,Lower-value
6bb62a4912377c7bfe7cb17b406bc7e6,SP,jundiai,6,739.52,4,4.25,4,0.0,-8.75,0.25,False,True,True,14,3,Lower-value
f9d010e39375d9c91dce3f40b73a2f84,SP,lorena,5,1212.0,4,3.5,4,0.25,-7.5,0.25,False,True,True,155,1,Lower-value
052577151711aec5c744fe12e66db3e1,SC,rodeio,4,2748.0,4,2.25,4,0.0,-12.0,0.75,False,True,True,54,1,Lower-value
0adac9fbd9a2b63cccaac4f8756c1ca8,SP,louveira,142,15960.95,110,4.045871559633028,109,0.0545454545454545,-10.91509433962264,0.1363636363636363,False,True,True,571,5,High-value
269cff2d3c8d205c11f37a52402ea93b,SP,catanduva,5,1281.59,4,4.5,4,0.0,-9.25,0.0,False,True,True,43,2,Lower-value
402916f742e5c740cc751493d9cf5053,MG,guanhaes,10,1252.0,9,4.666666666666667,9,0.0,-18.88888888888889,0.0,False,True,True,18,3,Lower-value
443d880f15cbd3572885e1d44bf2c478,SP,marilia,2,94.8,1,2.0,1,0.0,-14.0,1.0,True,True,True,0,1,Lower-value
6d22a1fcebb6dd08c9cd90b92a93e8d0,SC,joinville,13,723.7,12,4.25,12,0.0,-10.666666666666666,0.0833333333333333,False,True,True,151,2,Lower-value
04aba03279157f6d4e0fe8ccaf21963c,RJ,santo antonio de padua,16,2575.9,16,4.3125,16,0.0625,-13.933333333333334,0.125,False,True,True,473,1,Lower-value
b39d7fe263ef469605dbb32608aee0af,SP,ibitinga,49,5193.1,44,3.883720930232558,43,0.0454545454545454,-15.27906976744186,0.1590909090909091,False,True,True,340,1,High-value
ca77545ca4d2dfd1431bf61334e2fa3c,PR,maringa,10,760.0,6,4.666666666666667,6,0.0,-13.666666666666666,0.0,False,True,True,112,2,Lower-value
36890be00bbfc1cdb9a4a38a6af05a69,SP,osasco,13,1361.3,13,4.230769230769231,13,0.1538461538461538,-11.615384615384617,0.1538461538461538,False,True,True,75,3,Lower-value
7b0df942f46435babab05d49b744b2c4,SP,braganca paulista,32,22600.63,32,4.387096774193548,31,0.09375,-10.875,0.0625,False,True,True,506,2,High-value
f26d70155c2b6326fcfa1780c8c684e4,SC,presidente getulio,1,202.89,1,5.0,1,0.0,-13.0,0.0,False,True,True,0,1,Lower-value
42fb44130ac3134cde8e35cf8ec7df25,SP,pinhalzinho,3,62.7,3,3.6666666666666665,3,0.0,-14.0,0.3333333333333333,False,True,True,47,1,Lower-value
dd9661d3cda1e6feb237f0c4d8b26f2e,SC,campos novos,1,174.0,1,5.0,1,0.0,-11.0,0.0,False,True,True,0,1,Lower-value
f27e33c6d29b5138fa9967bcd445b6d5,SP,sao paulo,98,8888.3,93,4.096774193548387,93,0.086021505376344,-10.333333333333334,0.1612903225806451,False,True,True,396,11,High-value
55d3daac7c404d59e51c2aa2f4dc5a23,SP,sao paulo,28,4480.6,21,4.095238095238095,21,0.0,-11.285714285714286,0.0952380952380952,False,True,True,443,3,High-value
659e8466eb3ff1b0e8740d74fb7bbedd,BA,eunapolis,14,1486.8,11,4.363636363636363,11,0.0,-19.545454545454547,0.0909090909090909,False,True,True,353,1,Lower-value
1c40343cc5d18c2d8248ac2f3366de34,SP,limeira,22,2461.41,21,4.619047619047619,21,0.0952380952380952,-11.714285714285714,0.0,False,True,True,84,7,Lower-value
e3a386fc36e22064434e1fa256f6a9fa,SP,engenheiro coelho,17,793.9,16,4.1875,16,0.125,-10.3125,0.125,False,True,True,204,1,Lower-value
c9aafcd0621b2207c10e32c649cada4d,SP,sao paulo,52,2997.25,44,4.0227272727272725,44,0.0681818181818181,-10.15,0.1818181818181818,False,True,True,28,1,Lower-value
72431a818f97fe6ab9c81eee3e297e54,SP,rio das pedras,1,229.9,1,5.0,1,0.0,-15.0,0.0,False,True,True,0,1,Lower-value
184a67a8f9f63234d3a92340bbdb727f,SC,joinville,11,268.66,8,3.875,8,0.0,-16.571428571428573,0.25,False,True,True,399,1,Lower-value
9fe7c6641c79970ab48185498f547c09,SP,sao paulo,1,130.0,1,5.0,1,0.0,-17.0,0.0,False,True,True,0,1,Lower-value
08ad4ac1388e4420ca531c3edfc46198,SP,itapevi,7,221.62,6,2.833333333333333,6,0.0,-10.666666666666666,0.5,False,True,True,67,1,Lower-value
6fc26fe110feebd80a433e1f012a84f9,SP,fernandopolis,72,4150.87,35,3.911764705882353,34,0.1142857142857142,-11.885714285714286,0.1428571428571428,False,True,True,565,1,High-value
2f4b9d112bfa44a214bc6cef085d17c8,ES,afonso claudio,6,293.99,5,4.4,5,0.0,-25.2,0.0,False,True,True,191,3,Lower-value
ab27bbbad5239bc31a34709275a70db4,SP,tatui,11,382.9,3,5.0,3,0.0,-11.333333333333334,0.0,False,True,True,244,2,Lower-value
c37b2059d4f90d4feead554e5246565e,SP,sao paulo,16,839.3,12,3.333333333333333,12,0.25,-6.166666666666667,0.4166666666666667,False,True,True,241,1,Lower-value
f43827dd686be3a4a80e00aa299990fb,SP,sao jose do rio preto,2,95.54,1,2.0,1,0.0,-14.0,1.0,True,True,True,0,1,Lower-value
e601b04acf48b4576e73ddca9481f0dc,SP,sao paulo,16,491.94,15,4.066666666666666,15,0.0,-15.666666666666666,0.2,False,True,True,136,7,Lower-value
98dac6635aee4995d501a3972e047414,SP,sao paulo,195,4235.85,91,4.144444444444445,90,0.0439560439560439,-11.02247191011236,0.1758241758241758,False,True,True,489,1,High-value
3d39fbf22a665714baf62fae36029e23,SP,campinas,8,2504.2,8,4.75,8,0.0,-13.375,0.0,False,True,True,314,2,Lower-value
a49928bcdf77c55c6d6e05e09a9b4ca5,SP,sao paulo,106,8816.7,98,3.010204081632653,98,0.2142857142857142,-4.447916666666667,0.4081632653061224,False,True,True,353,3,High-value
b12cfd255810394b60caef18ae163547,PR,cascavel,2,560.0,2,4.5,2,0.0,-16.0,0.0,False,True,True,3,1,Lower-value
a1bea7061f61f6fdd9a85a6325ba1033,SP,carapicuiba / sao paulo,9,810.95,9,4.444444444444445,9,0.1111111111111111,-6.111111111111111,0.0,False,True,True,60,8,Lower-value
3c88ed2e76a2247933a15daa7161eb1c,SP,cosmopolis,1,155.0,1,5.0,1,0.0,-9.0,0.0,False,True,True,0,1,Lower-value
51ed72984a04e5dd35c2b27e77179038,SP,sao jose do rio preto,7,1294.3,7,3.571428571428572,7,0.1428571428571428,-9.714285714285714,0.2857142857142857,False,True,True,160,2,Lower-value
3ac588cd562971392504a9e17130c40b,SP,limeira,1,11.9,1,5.0,1,0.0,-6.0,0.0,False,True,True,0,1,Lower-value
606ce7768feac12c5e8bd58db8b08f0f,SP,campinas,5,2916.6,5,4.8,5,0.0,-10.0,0.0,False,True,True,105,1,Lower-value
6879c4d287a8dd06b11f54ea8f78e4da,SP,osasco,6,527.67,6,4.333333333333333,6,0.0,-12.0,0.1666666666666666,False,True,True,61,3,Lower-value
ccbd753e6863fe7314dc6c0ca5a074e7,SC,blumenau,1,495.0,1,4.0,1,0.0,-19.0,0.0,False,True,True,0,1,Lower-value
0d85bbda9889ce1f7e63778d24f346eb,MG,uberlandia,58,4845.2,51,4.2,50,0.1176470588235294,-11.666666666666666,0.1176470588235294,False,True,True,369,3,High-value
4c61e37f664c3c88aff092aa5ac779d7,RJ,niteroi,8,788.3100000000001,7,4.0,6,0.1428571428571428,-4.0,0.1428571428571428,False,True,True,37,2,Lower-value
b44dbfbf62e52125f3c15d230569ea91,SP,sao paulo,8,609.37,4,4.75,4,0.0,-9.0,0.0,False,True,True,112,2,Lower-value
d624126b9206f595fb3fbb6ba03b28a8,PR,curitiba,28,7198.8,23,4.318181818181818,22,0.0434782608695652,-14.521739130434783,0.0,False,True,True,458,2,High-value
26d8a1c7c75d513045798992ead43aa2,PR,apucarana,38,8244.12,36,4.305555555555555,36,0.0833333333333333,-12.147058823529411,0.1111111111111111,False,True,True,360,3,High-value
e6a69c4a27dfdd98ffe5aa757ad744bc,SP,sao paulo,29,2076.2,24,3.875,24,0.0,-16.19047619047619,0.2083333333333333,False,True,True,494,4,Lower-value
6bd69102ab48df500790a8cecfc285c2,SP,sao paulo,5,8070.0,5,3.0,5,0.2,-3.6,0.6,False,True,True,318,1,High-value
f181738b150df1f37cb0bd72e705b193,SP,carapicuiba,37,5529.7,36,4.472222222222222,36,0.0833333333333333,-9.97222222222222,0.0555555555555555,False,True,True,463,3,High-value
4305fe92735c8a43d154ff6dd2b8d927,MG,coronel fabriciano,21,2885.9,19,3.947368421052632,19,0.0,-10.588235294117649,0.1578947368421052,False,True,True,395,3,Lower-value
4f1f1c8666cdb6442f775c4e8caed465,MG,belo horizonte,2,944.98,2,5.0,2,0.0,-14.0,0.0,False,True,True,6,1,Lower-value
7dea6f73af847b42cc3985bd620f994d,PR,cascavel,2,324.0,2,4.0,2,0.0,-11.5,0.0,False,True,True,20,1,Lower-value
a0a14e50070f3225b3eabba5b85da517,PR,curitiba,4,176.2,4,4.5,4,0.0,-12.75,0.0,False,True,True,15,1,Lower-value
bd4889b5e9133b35b66e42a8665cea5c,SP,sao paulo,42,6271.9,36,4.4,35,0.0,-13.694444444444445,0.0833333333333333,False,True,True,471,1,High-value
0b3f27369a4d8df98f7eb91077e438ac,SP,aruja,2,146.51,2,4.0,2,0.0,-10.0,0.0,False,True,True,9,1,Lower-value
d5c530f4884a75ae0dba9c148718d278,MG,centro,9,280.88,6,3.5,6,0.1666666666666666,-10.6,0.3333333333333333,False,True,True,74,1,Lower-value
5ab05b6d86d417796c69ffd6774ec832,SP,assis,12,1886.1,10,3.8,10,0.1,-11.7,0.2,False,True,True,582,1,Lower-value
d4d99b60c4c94cd35acd502cec65dc8d,SP,sao paulo,1,72.9,1,3.0,1,0.0,-35.0,0.0,False,True,True,0,1,Lower-value
9de4643a8dbde634fe55621059d92273,SC,joinville,81,17560.34,72,4.527777777777778,72,0.0277777777777777,-11.75,0.0555555555555555,False,True,True,404,2,High-value
3be634553519fb6536a03e1358e9fdc7,SP,sao paulo,99,5370.95,83,3.9397590361445785,83,0.072289156626506,-10.675,0.180722891566265,False,True,True,414,6,High-value
b906dd0e57f282c7089171b6ed07982e,PR,parana,2,175.0,2,4.0,2,0.0,-19.0,0.0,False,True,True,68,1,Lower-value
ed46f1eb4a638113deb2a1137b5f22e9,SC,indaial,4,3470.0,4,4.0,4,0.0,-13.0,0.25,False,True,True,28,1,High-value
c8025364abeecb115431bf95c11a747f,RS,porto alegre,2,928.0,2,4.5,2,0.0,-1.5,0.0,False,True,True,85,1,Lower-value
04308b1ee57b6625f47df1d56f00eedf,SC,bombinhas,94,60130.6,94,3.882978723404255,94,0.0744680851063829,-11.576086956521738,0.2127659574468085,False,True,True,270,1,High-value
457fe919b032a3f7dadba6fb92cf7855,SP,paulinia,12,1104.89,9,4.777777777777778,9,0.0,-8.222222222222221,0.0,False,True,True,95,1,Lower-value
f3055483058c84d75ca2a3314fb4deef,BA,salvador,1,67.5,1,1.0,1,0.0,,1.0,True,True,False,0,1,Lower-value
0ac4201fda2c68ebc0e47cb9423cf3c9,SP,sao paulo,14,1676.88,13,4.230769230769231,13,0.0769230769230769,-12.307692307692308,0.1538461538461538,False,True,True,363,3,Lower-value
a2b5b6105ea5942300631d2e76f4ffe0,SP,osasco,16,3286.69,16,4.75,16,0.0625,-8.0625,0.0,False,True,True,87,2,High-value
23d7c96d4a1160db1c726b248601b25a,SP,capivari,55,11766.94,53,3.8,50,0.0943396226415094,-10.98,0.1886792452830188,False,True,True,391,11,High-value
e883aa812c37a7413226856f4579fe91,SP,itapevi,29,4097.1,26,4.153846153846154,26,0.0384615384615384,-12.153846153846152,0.1153846153846153,False,True,True,193,5,High-value
86bb7c4b535e49a541baf3266b1c95b1,SP,franca,16,8162.4,16,3.2,15,0.1875,-11.875,0.375,False,True,True,488,1,High-value
cb810bd318f51b3dc3c753944d61a1fa,RJ,niteroi,1,1750.0,1,4.0,1,0.0,-27.0,0.0,False,True,True,0,1,Lower-value
c0563dd588b775f2e37747ef6ad6c92c,SP,santo andre,28,3697.2,28,4.357142857142857,28,0.1071428571428571,-9.107142857142858,0.1428571428571428,False,True,True,538,1,High-value
820cc752a266cdc6c1a1e61dd4583330,PR,maringa,15,2802.8,15,4.133333333333334,15,0.0666666666666666,-11.666666666666666,0.0666666666666666,False,True,True,450,3,Lower-value
e5475dcab1e07b63d7f6e902d8f5eda8,SP,diadema,19,2192.0,19,4.105263157894737,19,0.0526315789473684,-10.421052631578949,0.1578947368421052,False,True,True,330,2,Lower-value
333c4210e76a1aa2ab817b99437e3ff1,SP,vargem grande do sul,2,335.0,2,5.0,2,0.0,-23.5,0.0,False,True,True,23,1,Lower-value
aded58c8142dedc5494a81f948431fab,RJ,rio de janeiro,5,289.5,4,3.75,4,0.0,-13.25,0.25,False,True,True,21,2,Lower-value
33a6f4b1e7cdc205511e76ba1b6e0186,SP,guarulhos,126,10295.01,105,4.40952380952381,105,0.019047619047619,-13.066666666666666,0.0857142857142857,False,True,True,214,2,High-value
91f848e9f4be368f4318775aac733370,SP,sao paulo,73,5932.599999999999,63,4.278688524590164,61,0.0158730158730158,-11.766666666666667,0.0793650793650793,False,True,True,160,1,High-value
7a67c85e85bb2ce8582c35f2203ad736,SP,sao paulo,1171,141745.53,1160,4.245004344048653,1151,0.0517241379310344,-11.8235807860262,0.1051724137931034,False,True,True,570,2,High-value
55029529919c0123526150bd26ca8f20,MG,contagem,7,453.95,7,4.714285714285714,7,0.0,-14.428571428571429,0.0,False,True,True,61,3,Lower-value
b372ee768ed69e46ca8cdbd267aa7a38,SP,sao jose do rio preto,69,12630.0,63,4.428571428571429,63,0.0,-19.19047619047619,0.0952380952380952,False,True,True,523,1,High-value
d20b021d3efdf267a402c402a48ea64b,SP,ibitinga,106,4140.17,90,3.6853932584269664,89,0.1555555555555555,-5.651162790697675,0.2222222222222222,False,True,True,518,3,High-value
cf6f6bc4df3999b9c6440f124fb2f687,SP,sao paulo,1,3.5,1,5.0,1,0.0,,0.0,False,True,False,0,1,Lower-value
a3b42d266fa8afc874b909422ce88582,SP,orlandia,6,839.4000000000001,1,5.0,1,0.0,-4.0,0.0,False,True,True,0,1,Lower-value
d63c73efd41eb002280e7ec831424edb,SP,piracicaba,2,5598.0,2,4.0,2,0.0,-20.5,0.0,False,True,True,190,1,High-value
dc7192adf8ba09569261f4a8d576afe0,SP,itapeva,8,917.0,7,3.857142857142857,7,0.0,-14.571428571428571,0.2857142857142857,False,True,True,30,3,Lower-value
0ea22c1cfbdc755f86b9b54b39c16043,MG,sete lagoas,269,10711.7,237,4.3931623931623935,234,0.0084388185654008,-16.88034188034188,0.0632911392405063,False,True,True,684,9,High-value
be8e909810184b9b19e886129149d8e5,SP,piracicaba,15,629.85,15,3.733333333333333,15,0.1333333333333333,-7.4,0.2,False,True,True,221,3,Lower-value
269c5fc9fcadee614364c3620c30a1f9,SP,guarulhos,6,209.6,3,5.0,3,0.0,-2.6666666666666665,0.0,False,True,True,8,1,Lower-value
bbaff50f3b708fda865918715276cd87,SP,atibaia,16,449.7,12,4.75,12,0.1666666666666666,-9.166666666666666,0.0,False,True,True,509,1,Lower-value
3b18f9856c6eb2413eafedb58e9eecd9,SP,santo andre,1,315.0,1,5.0,1,0.0,-17.0,0.0,False,True,True,0,1,Lower-value
db2956745b3a8e9f3785c99f34b5d25e,SP,sao sebastiao,48,8599.0,47,3.765957446808511,47,0.0851063829787234,-11.977777777777778,0.2127659574468085,False,True,True,118,1,High-value
8fb791022c1fc8909664f48ab7dc636d,SP,sao paulo,5,8119.95,5,4.2,5,0.0,-18.0,0.2,False,True,True,18,1,High-value
232a6014e7b10cba61c6c2b2ea6bb4b0,SP,cafelandia,36,3919.87,33,4.15625,32,0.0303030303030303,-13.875,0.1212121212121212,False,True,True,530,1,High-value
6614814a00d344b846ae209f95ee7e3f,SP,macatuba,1,13.0,1,1.0,1,0.0,-16.0,1.0,True,True,True,0,1,Lower-value
59cd88080b93f3c18508673122d26169,SP,praia grande,12,392.33,10,4.7,10,0.1,-9.4,0.0,False,True,True,135,1,Lower-value
fffd5413c0700ac820c7069d66d98c89,SP,amparo,61,9062.3,60,3.847457627118644,59,0.1166666666666666,-11.228070175438596,0.2166666666666666,False,True,True,397,3,High-value
712e6ed8aa4aa1fa65dab41fed5737e4,SC,videira,87,39815.0,79,3.3846153846153846,78,0.2025316455696202,-9.116883116883116,0.3417721518987341,False,True,True,464,1,High-value
b5abf4f36adc043117b4fca82c22984c,DF,brasilia,12,1247.8,11,2.5454545454545454,11,0.1818181818181818,-3.25,0.5454545454545454,False,True,True,487,5,Lower-value
6dd7dce75cd55c1ce255dc38d9f0cd46,SC,palhoca,1,75.0,1,4.0,1,0.0,-20.0,0.0,False,True,True,0,1,Lower-value
bbe87dce25ba8b38bb61cc7210a3f10b,SP,sao joao da boa vista,2,287.0,2,5.0,2,0.0,-17.0,0.0,False,True,True,104,1,Lower-value
99a25c39b28a74d1151c35c18d178292,SP,sao paulo,6,173.94,1,5.0,1,0.0,-10.0,0.0,False,True,True,0,1,Lower-value
05730013efda596306417c3b09302475,SC,criciuma,4,952.0,4,5.0,4,0.0,-11.5,0.0,False,True,True,47,2,Lower-value
0b35c634521043bf4b47e21547b99ab5,PR,teixeira soares,78,13533.65,51,3.36,50,0.1568627450980392,-12.66,0.3529411764705882,False,True,True,247,1,High-value
c35672b10ad50968f567ea3f4b91e877,RJ,mesquita,22,1150.57,18,4.5,18,0.0555555555555555,-12.11111111111111,0.0555555555555555,False,True,True,347,2,Lower-value
f5403d3f50089112c4eed37928b7f622,SP,fernandopolis,2,190.8,2,1.0,2,0.0,,1.0,True,True,False,19,2,Lower-value
f435898e493ba0356019a0b1cb8b55b1,PR,curitiba,12,649.76,10,4.4,10,0.0,-20.7,0.1,False,True,True,474,1,Lower-value
7adbd3210a7b3cc2235e225eef33574d,SP,sao paulo,3,131.9,3,4.666666666666667,3,0.0,-16.0,0.0,False,True,True,44,1,Lower-value
d8cf3b6a2151949f930d0252b180ec42,PR,mandaguacu,19,623.7,6,3.5,6,0.0,-15.333333333333334,0.3333333333333333,False,True,True,69,1,Lower-value
4ce8b55b4bfa4659184e7becc1fba3f2,PR,fazenda rio grande,2,199.0,2,3.0,2,0.0,-12.0,0.5,False,True,True,6,1,Lower-value
5d043cd5512d4bd2f88e5ccdd5736c38,SP,sao paulo,1,650.0,1,2.0,1,0.0,-9.0,1.0,True,True,True,0,1,Lower-value
7a073a40a9d3f1fee8bc45670ea1e909,PR,londrina,1,95.0,1,1.0,1,0.0,,1.0,True,True,False,0,1,Lower-value
edb1ef5e36e0c8cd84eb3c9b003e486d,RJ,teresopolis,175,79284.55,166,4.421686746987952,166,0.072289156626506,-13.503030303030304,0.0783132530120482,False,True,True,326,1,High-value
761681a821d8275bc79f552116d06869,SP,sao paulo,3,354.92,3,5.0,3,0.0,-18.0,0.0,False,True,True,92,2,Lower-value
3361277dc30b7cccdb0c286b24219756,PR,maringa,42,3905.05,29,4.344827586206897,29,0.0689655172413793,-15.93103448275862,0.0689655172413793,False,True,True,553,3,High-value
519a7aa428f18d125a283cf8c014fdd6,SC,rio do oeste,3,79.69999999999999,3,4.0,3,0.0,-15.666666666666666,0.0,False,True,True,23,1,Lower-value
3c7c4a49ec3c6550809089c6a2ca9370,SP,sao paulo,160,4033.64,141,3.6595744680851054,141,0.0567375886524822,-9.453237410071942,0.2836879432624113,False,True,True,348,1,High-value
53b0300ca793f9834cd69c0678d35ee8,SP,indaiatuba,10,1662.15,5,5.0,5,0.0,-14.4,0.0,False,True,True,253,1,Lower-value
822bad9bc42b51213ba522fe87b7ab5d,SC,balneario camboriu,18,5160.0,18,4.111111111111111,18,0.2777777777777778,-4.444444444444445,0.1111111111111111,False,True,True,302,4,High-value
48162d548f5b1b11b9d29d1e01f75a61,SP,piracicaba,91,20510.14,68,3.897058823529412,68,0.0147058823529411,-13.303030303030305,0.1911764705882352,False,True,True,568,7,High-value
88ef59b51bdaa941d10a853429f2b6ce,PR,guaratuba,2,252.9,2,2.0,2,0.0,-18.0,0.5,True,True,True,45,1,Lower-value
1992f8fb6b19fcccd97ca819811e7267,SP,sao paulo,1,28.8,1,1.0,1,0.0,,1.0,True,True,False,0,1,Lower-value
3fd1e727ba94cfe122d165e176ce7967,SP,araraquara,38,2805.2000000000003,37,3.783783783783784,37,0.1891891891891892,-8.628571428571428,0.2162162162162162,False,True,True,123,1,Lower-value
ea4e9ce63a2134743b4a92777437fcdd,SC,palhoca,4,316.6,3,4.666666666666667,3,0.0,-24.666666666666668,0.0,False,True,True,127,1,Lower-value
45a3d05fb00435e52a28859dd03703b3,SP,guarulhos,1,1299.0,1,5.0,1,0.0,-5.0,0.0,False,True,True,0,1,Lower-value
c3fe93ba3085f92855c97e57f38c8c05,PR,curitiba,7,245.0,7,5.0,7,0.0,-11.166666666666666,0.0,False,True,True,411,1,Lower-value
9646c3513289980f17226a2fc4720dbd,SP,sao jose dos campos,78,3039.3,71,4.352112676056338,71,0.028169014084507,-13.942028985507246,0.0845070422535211,False,True,True,555,4,Lower-value
52a52b9f656520e99716f5bc40f661c8,SP,sao carlos,8,783.1,7,4.0,7,0.0,-12.285714285714286,0.2857142857142857,False,True,True,89,1,Lower-value
36a968b544695394e4e9d7572688598f,SP,santos,162,9482.87,154,3.649350649350649,154,0.0324675324675324,-12.39864864864865,0.2402597402597402,False,True,True,550,10,High-value
4b5f66b7adcf57f1ecc0d3c07dd6b177,PR,vendas@creditparts.com.br,38,6381.78,23,4.090909090909091,22,0.0434782608695652,-14.782608695652174,0.1304347826086956,False,True,True,491,1,High-value
ec21206b7894c503788a684a7bc822a6,RJ,armacao dos buzios,3,247.8,3,2.6666666666666665,3,0.0,-20.0,0.3333333333333333,False,True,True,105,2,Lower-value
b1aaae6b66ad3c40f54b389d7ea4bee0,SP,sao paulo,17,1176.5,15,4.4,15,0.0,-19.33333333333333,0.0666666666666666,False,True,True,122,3,Lower-value
89ad3263c0931c47f976d7c5778e60f6,SP,sao paulo,6,568.2,6,4.166666666666667,6,0.0,-12.5,0.1666666666666666,False,True,True,33,1,Lower-value
af4a0e4cfe1d9c26b6712b1be25a72e5,MG,mateus leme,26,8757.98,21,3.4285714285714284,21,0.0476190476190476,-12.666666666666666,0.3809523809523809,False,True,True,226,2,High-value
6f1a1263039c76e68f40a8e536b1da6a,SP,sao paulop,7,256.39,4,1.5,4,0.25,31.0,0.75,True,True,True,119,1,Lower-value
5f67c6082caacb26e431a7b17940cece,PR,maringa,14,1662.6,13,3.5384615384615383,13,0.2307692307692307,-1.5384615384615383,0.2307692307692307,False,True,True,173,1,Lower-value
5721089ba9214e80074f27d5a03fc0eb,SP,sao paulo,7,245.93,5,5.0,5,0.0,-11.6,0.0,False,True,True,89,2,Lower-value
1782ce2db72c3dda627d5e7c898104e1,SP,taboao da serra,10,2010.8,9,4.333333333333333,9,0.1111111111111111,-0.2222222222222222,0.0,False,True,True,453,2,Lower-value
8160255418d5aaa7dbdc9f4c64ebda44,SP,ibitinga,431,47017.69,385,3.934383202099738,381,0.135064935064935,-8.142105263157895,0.1714285714285714,False,True,True,314,4,High-value
cee48807215b30a12ca2ca10ffb5f250,SP,guaruja,40,7212.23,39,3.769230769230769,39,0.1282051282051282,-12.82051282051282,0.2307692307692307,False,True,True,381,2,High-value
8e670472e453ba34a379331513d6aab1,MG,juiz de fora,1,975.0,1,1.0,1,1.0,35.0,1.0,True,True,True,0,1,Lower-value
633ecdf879b94b5337cca303328e4a25,SP,sao paulo,6,1037.6,6,1.8,5,0.6666666666666666,6.5,0.6666666666666666,True,True,True,7,1,Lower-value
05a940b4ecae36cadfd8e93bd9c43257,GO,goiania,10,952.0,10,3.9,10,0.0,-14.88888888888889,0.2,False,True,True,217,3,Lower-value
da7039f29f90ce5b4846ffc0fcc93beb,SP,santo andre,18,1259.1,17,4.529411764705882,17,0.0588235294117647,-11.764705882352942,0.0588235294117647,False,True,True,120,1,Lower-value
4c03b9dd4c11ee2cb35c96c49efc9420,SP,campo limpo paulista,48,6458.6,48,4.1063829787234045,47,0.0208333333333333,-14.145833333333334,0.1458333333333333,False,True,True,155,1,High-value
a5a1bfcf728ab0e19182959cf0771ee4,SP,socorro,24,1812.96,21,4.333333333333333,21,0.0476190476190476,-10.238095238095235,0.0476190476190476,False,True,True,225,3,Lower-value
431050a06a317f2b38168dec3dcd2b46,SP,sao paulo,12,1487.8,12,4.25,12,0.0,-14.1,0.0833333333333333,False,True,True,99,2,Lower-value
40ec8ab6cdafbcc4f544da38c67da39a,PR,francisco beltrao,2,117.8,2,5.0,2,0.0,-13.5,0.0,False,True,True,8,1,Lower-value
ffff564a4f9085cd26170f4732393726,SP,campinas,20,1426.3,20,2.1,20,0.0,-48.0,0.65,False,True,True,178,6,Lower-value
bede56095ba33c42038fb85f707b8a42,SP,valinhos,2,3973.9,2,4.5,2,0.0,-18.0,0.0,False,True,True,118,1,High-value
bbad7e518d7af88a0897397ffdca1979,SP,sao paulo,85,4462.22,69,3.161764705882353,68,0.1594202898550724,-9.382352941176473,0.4057971014492754,False,True,True,426,8,High-value
a806a4bb063ea7ca6d374eafa50a6058,ES,serra,6,294.4,5,4.0,5,0.0,-23.0,0.0,False,True,True,40,1,Lower-value
1b1ae47a313a825a7ccceb8e2e30fa9d,PR,bocaiuva do sul,11,2243.9,11,3.9,10,0.0,-14.2,0.2727272727272727,False,True,True,214,4,Lower-value
d9e7e7778b32987280a6f2cb9a39c57d,SP,sao paulo,13,722.5,11,3.5454545454545454,11,0.1818181818181818,-10.090909090909092,0.2727272727272727,False,True,True,149,1,Lower-value
99a54764c341d5dc80b4a8fac4eba3fb,SP,sao paulo,67,3708.76,45,3.613636363636364,44,0.1111111111111111,-9.931818181818182,0.2222222222222222,False,True,True,122,5,High-value
939f6e231201f26803cb5c3a3d2940b3,SP,bauru,4,130.6,3,4.666666666666667,3,0.0,-45.333333333333336,0.0,False,True,True,2,1,Lower-value
282f23a9769b2690c5dda22e316f9941,MG,belo horizonte,110,6505.08,99,4.333333333333333,99,0.0404040404040404,-11.13265306122449,0.0505050505050505,False,True,True,405,6,High-value
427165bf50f8ca07efc7bdc2bfcf1688,SP,americana,5,1603.5,5,3.2,5,0.6,17.8,0.4,False,True,True,20,1,Lower-value
d03698c2efd04a549382afa6623e27fb,BA,ilheus,21,8865.47,18,4.5,18,0.0555555555555555,-15.27777777777778,0.0555555555555555,False,True,True,661,2,High-value
e21a1e8be4715b0fcfd5385643bc49c4,SC,jaguaruna,24,703.5999999999999,21,3.6666666666666665,21,0.0,-11.45,0.238095238095238,False,True,True,303,3,Lower-value
1e26c56af8d48424e1df0140a2401f83,SP,jaguariuna,2,258.9,2,5.0,2,0.0,-16.0,0.0,False,True,True,55,2,Lower-value
8f119a0aee85c0c8fc534629734e94fd,SP,barueri,83,3733.68,77,4.246753246753247,77,0.0389610389610389,-10.946666666666667,0.0909090909090909,False,True,True,582,8,High-value
fdaaf5bfda82b7b80535610c831b8d09,SP,sao jose do rio preto,15,2588.9,10,4.2,10,0.1,-12.5,0.2,False,True,True,242,2,Lower-value
b274baf5bbd142410eb2958cf685d684,RS,montenegro,7,585.9,7,4.285714285714286,7,0.0,-22.714285714285715,0.1428571428571428,False,True,True,64,2,Lower-value
bcc9dd23e2a8bd8267cf92b19304a1b9,SP,ibitinga,3,202.79,3,2.333333333333333,3,0.6666666666666666,0.0,0.6666666666666666,False,True,True,32,1,Lower-value
751e274377499a8503fd6243ad9c56f6,SP,campinas,2,218.0,1,5.0,1,0.0,-6.0,0.0,False,True,True,0,1,Lower-value
1fddcb7b326905d3ad5efe82187db347,SP,sao paulo,1,92.0,1,1.0,1,0.0,,1.0,True,True,False,0,1,Lower-value
b1fc4f64df5a0e8b6913ab38803c57a9,RJ,sao goncalo,121,7994.74,107,3.857142857142857,105,0.1214953271028037,-9.841121495327103,0.205607476635514,False,True,True,457,1,High-value
4eb61f060e7dcc1d5a80d806c35cc541,SP,sao paulo,8,1313.0,8,3.875,8,0.0,-13.0,0.125,False,True,True,152,2,Lower-value
1d0646a72178a6fb37ee8082140e06ec,SC,joinville,2,61.0,2,5.0,2,0.0,-7.5,0.0,False,True,True,37,2,Lower-value
0ebd97a106433a45a4aebe57c1799778,MG,contagem,32,3046.8,31,4.483870967741935,31,0.0,-17.032258064516128,0.064516129032258,False,True,True,423,1,Lower-value
63bc58679c44e8a998792119fd7ad23e,SP,sao paulo,1,19.9,1,1.0,1,0.0,,1.0,True,True,False,0,1,Lower-value
101921376b577a4540dc30e9009133ca,SP,rio claro,1,373.0,1,2.0,1,0.0,,1.0,True,True,False,0,1,Lower-value
f0ec78809fe0bc3edb11c9fe5b97b059,SP,sao paulo,2,62.6,2,4.0,2,0.0,-10.0,0.0,False,True,True,39,1,Lower-value
6219ba2359cfb97f2e38fd4c321eb309,SP,sao paulo,6,487.5,6,3.4,5,0.5,2.2,0.3333333333333333,False,True,True,282,1,Lower-value
a7f13822ceb966b076af67121f87b063,SP,itaquaquecetuba,86,12477.64,75,3.3378378378378377,74,0.04,-16.410958904109588,0.2933333333333333,False,True,True,212,5,High-value
4e8dacf3d38f281ae26c3e0321d92d88,SP,sao paulo,15,2644.95,10,2.8,10,0.1,-14.375,0.5,False,True,True,128,1,Lower-value
78a4d36f65a019172c6154468831a69f,SP,bauru,7,1545.5,7,4.285714285714286,7,0.1428571428571428,-11.428571428571429,0.1428571428571428,False,True,True,49,1,Lower-value
c64a2aec32cc408a8a4c6d7c46017f91,RS,imbe,9,3221.5,9,3.888888888888889,9,0.0,-12.22222222222222,0.1111111111111111,False,True,True,82,1,Lower-value
cb162c8eef257253782d245c08d9097c,SP,barueri,1,34.99,1,5.0,1,0.0,-8.0,0.0,False,True,True,0,1,Lower-value
fc6295add6f51a0936407ead70c1001d,SP,sao paulo,4,160.0,1,1.0,1,0.0,-9.0,1.0,True,True,True,0,1,Lower-value
f0e103c63864d5405b958d984b6e94c9,SP,osasco,11,951.7,11,4.727272727272728,11,0.0,-12.0,0.0,False,True,True,143,2,Lower-value
5def4c3732941a971cba8fdee992ede1,SP,sao paulo,6,134.8,5,4.6,5,0.0,-6.0,0.0,False,True,True,26,4,Lower-value
80e6699fe29150b372a0c8a1ebf7dcc8,PR,pinhais,100,11441.56,98,4.278350515463917,97,0.0306122448979591,-16.052083333333332,0.1020408163265306,False,True,True,580,3,High-value
42ef3192a9ff87a22d1867b74b3ee205,SP,santo andre,23,1354.09,23,4.652173913043479,23,0.0,-11.043478260869565,0.0434782608695652,False,True,True,211,4,Lower-value
a2deecd5398f5df4987110c80a1972a3,SP,sao paulo,16,827.4300000000001,16,3.625,16,0.0,-13.692307692307692,0.25,False,True,True,141,2,Lower-value
9853a239ab7b7ebbdc3a21248d5b8e1f,PR,campo largo,5,381.0,5,3.8,5,0.2,-13.25,0.2,False,True,True,215,1,Lower-value
f8e2c1b59cd4225a3e4fd0d013a76b93,SP,ribeirao preto,3,219.8,2,5.0,2,0.0,-18.0,0.0,False,True,True,120,1,Lower-value
9c3c24eca51c52b91c1de727d2a2ae06,RS,caxias do sul,6,307.5,6,4.5,6,0.0,-24.166666666666668,0.0,False,True,True,587,2,Lower-value
f524ad65d7e0f1daab730ef2d2e86196,RS,soledade,2,578.0,1,1.0,1,1.0,3.0,1.0,True,True,True,0,1,Lower-value
aae5953b9edddf14749c0d65d60eb4b9,MG,belo horizonte,2,173.0,2,5.0,2,0.0,-12.5,0.0,False,True,True,18,1,Lower-value
c003204e1ab016dfa150abc119207b24,SP,cajamar,202,25108.09,197,4.448979591836735,196,0.0507614213197969,-11.528205128205128,0.0507614213197969,False,True,True,311,2,High-value
5656537e588803a555b8eb41f07a944b,DF,brasilia,188,8065.93,174,3.873563218390805,174,0.057471264367816,-11.76608187134503,0.1954022988505747,False,True,True,686,11,High-value
503c1de08ae81a2d86f17951b204db55,SP,sao paulo,22,4906.99,22,4.409090909090909,22,0.0454545454545454,-11.909090909090908,0.0454545454545454,False,True,True,392,1,High-value
b8bc237ba3788b23da09c0f1f3a3288c,SC,itajai,47,13685.71,45,4.318181818181818,44,0.0222222222222222,-14.444444444444445,0.0666666666666666,False,True,True,326,1,High-value
7816cd9c5b1238e320545f5bf7eb80e8,SP,araraquara,1,489.0,1,4.0,1,0.0,-14.0,0.0,False,True,True,0,1,Lower-value
213fafb0ca06fb3d5886579c2565791b,MG,sete lagoas,3,189.7,3,2.333333333333333,3,0.0,-6.333333333333333,0.6666666666666666,False,True,True,69,3,Lower-value
404e1ba01358af4cd63f679b2c4d1fa1,MG,juiz de fora,12,373.9,8,5.0,8,0.0,-16.25,0.0,False,True,True,360,3,Lower-value
186cdd1b2df32caa72cfb410bba768d3,SC,rio negrinho,6,1341.45,6,5.0,6,0.0,-28.166666666666668,0.0,False,True,True,87,1,Lower-value
de23c3b98a88888289c6f5cc1209054a,SP,sao paulo,181,26399.67,164,4.2560975609756095,164,0.073170731707317,-10.397515527950311,0.1158536585365853,False,True,True,468,6,High-value
fe49ee029e61e789a1f3a5525f57ba8d,SP,osasco,17,2527.59,17,4.0588235294117645,17,0.0588235294117647,-11.875,0.1764705882352941,False,True,True,117,6,Lower-value
902c99f1ac505c0d18778b61bcd636f7,SP,mogi guacu,4,157.96,4,4.0,4,0.0,-3.333333333333333,0.25,False,True,True,22,2,Lower-value
94ca168e8bcb407ab85c5da308863027,SP,clementina,5,224.3,5,5.0,5,0.0,-8.4,0.0,False,True,True,275,2,Lower-value
82921991ff5b557b045605b8bbf08d49,SP,sao paulo,1,18.9,1,5.0,1,0.0,-13.0,0.0,False,True,True,0,1,Lower-value
77128dec4bec4878c37ab7d6169d6f26,SP,sao paulo,1,6.5,1,5.0,1,0.0,-7.0,0.0,False,True,True,0,1,Lower-value
4bf658053d453036c70976bccb2c31b2,SP,sao jose do rio preto,2,1742.99,2,4.5,2,0.0,-8.5,0.0,False,True,True,33,1,Lower-value
e8a85b5f3df47be0984c55fd4064dbb4,DF,brasilia,14,743.0,8,4.5,8,0.125,-7.125,0.125,False,True,True,191,4,Lower-value
28f10b1c5e5abb9d4857745bede6147c,SP,sao paulo,28,835.0,28,4.0,28,0.1428571428571428,-6.607142857142857,0.1785714285714285,False,True,True,111,3,Lower-value
48bad451945f5227341793478d6353ea,SP,sao paulo,3,307.0,3,4.0,3,0.3333333333333333,-14.666666666666666,0.0,False,True,True,312,2,Lower-value
2a61c271b1ac763450d846849783e922,SP,santo andre,23,1516.76,18,4.055555555555555,18,0.2222222222222222,-6.555555555555555,0.1666666666666666,False,True,True,160,2,Lower-value
ba6ce6de456f6c11d08c17701ba5c26f,SP,sorocaba,7,744.35,6,4.166666666666667,6,0.0,-4.5,0.1666666666666666,False,True,True,158,1,Lower-value
5dceca129747e92ff8ef7a997dc4f8ca,SP,santa barbara d´oeste,346,112155.53,325,3.984423676012461,321,0.0553846153846153,-11.254658385093167,0.1969230769230769,False,True,True,514,7,High-value
e1dc0754bada9ee4cfe9713f22f61292,RJ,duque de caxias,12,885.0,12,3.8333333333333335,12,0.0,-13.083333333333334,0.25,False,True,True,67,4,Lower-value
39a5005f2605cbdb4f9ac14485cabfd1,SP,barretos,8,501.07,3,5.0,3,0.0,-17.666666666666668,0.0,False,True,True,38,1,Lower-value
2bf28e311bba65237358230cabac3f15,PR,londrina,8,294.0,7,3.7142857142857135,7,0.2857142857142857,-11.0,0.2857142857142857,False,True,True,130,3,Lower-value
0e44d110fa6a54e121cb2c095a77762f,SP,francisco morato,6,223.32,6,4.333333333333333,6,0.1666666666666666,-7.333333333333333,0.1666666666666666,False,True,True,312,1,Lower-value
3d871de0142ce09b7081e2b9d1733cb1,SP,campo limpo paulista,1147,94914.2,1080,4.152478952291862,1069,0.0537037037037037,-13.088345864661656,0.1138888888888888,False,True,True,538,6,High-value
bf0d50a6410d487dc97d2baac0a8c0be,SP,piracicaba,1,27.9,1,2.0,1,0.0,,1.0,True,True,False,0,1,Lower-value
51e4e89242cbb846c2deff3dc015650e,RS,rio grande,16,822.58,16,4.625,16,0.0,-16.0,0.0,False,True,True,138,2,Lower-value
86ccac0b835037332a596a33b6949ee1,SC,blumenau,210,16619.93,180,4.195530726256983,179,0.0222222222222222,-14.98876404494382,0.1277777777777777,False,True,True,494,3,High-value
c97aa4ee7420f937da13b7f9e2228b99,RS,novo hamburgo,1,29.9,1,1.0,1,0.0,-28.0,1.0,True,True,True,0,1,Lower-value
aac51c486b672a9850d59f3e84b1cf88,SP,sao paulo,13,728.28,10,4.8,10,0.0,-8.5,0.0,False,True,True,12,3,Lower-value
3340ef1913fb70d28420f6ceb685c339,PR,maringa,42,6731.15,32,4.375,32,0.03125,-9.625,0.0625,False,True,True,308,1,High-value
76de363de16dacc923eec8daf91df504,SC,xaxim,2,360.0,2,2.5,2,0.0,-14.5,0.5,False,True,True,180,2,Lower-value
58b98ccb79873e04eac4357cacc590d9,SP,campinas,1,23.0,1,1.0,1,0.0,,1.0,True,True,False,0,1,Lower-value
fc99f99385ae90f66f01733856fb88c9,SP,boituva,1,89.9,1,1.0,1,0.0,,1.0,True,True,False,0,1,Lower-value
b74d1c09cb380e1d03a6f859c6f4224b,RJ,rio de janeiro,39,2221.6,31,4.258064516129032,31,0.1290322580645161,-12.833333333333334,0.0967741935483871,False,True,True,166,4,Lower-value
1bb2bdb95f4841f1bba2c0d2cd83d3c9,SP,sao paulo,85,5002.71,81,4.6375,80,0.0617283950617283,-13.30379746835443,0.037037037037037,False,True,True,559,5,High-value
670c26e0f1bf8d0576271d5cfaec6d2b,PR,maringa,87,6341.6,78,4.269230769230769,78,0.0512820512820512,-12.64935064935065,0.0897435897435897,False,True,True,269,2,High-value
c32fc744b9160ac853450488e3cfea93,SP,ribeirao preto,3,185.7,3,2.333333333333333,3,0.0,-13.0,0.6666666666666666,False,True,True,79,1,Lower-value
59de1d4c8c057c2a53acd4ca66531af2,PR,curitiba,1,135.0,1,5.0,1,0.0,-5.0,0.0,False,True,True,0,1,Lower-value
e64882b4ef12aee8d0faca4db5b681f4,GO,goiania,2,230.0,1,4.0,1,0.0,-2.0,0.0,False,True,True,0,1,Lower-value
1b65c144b17e607c0f37f10bb7dfec8d,SC,rio do sul,5,1109.5,5,2.0,5,0.0,-28.8,0.6,True,True,True,69,1,Lower-value
15ac3c501e2599e4917316fde5c5669a,SP,sao paulo,1,144.2,1,1.0,1,0.0,,1.0,True,True,False,0,1,Lower-value
f4aba7c0bca51484c30ab7bdc34bcdd1,SP,sao paulo,117,3009.79,110,3.9444444444444446,108,0.0545454545454545,-15.675925925925926,0.1545454545454545,False,True,True,294,2,Lower-value
e0878efa0e0b7e5313ac0b43bc04c081,PR,curitiba,29,5065.299999999999,27,3.5185185185185186,27,0.1481481481481481,-11.0,0.2962962962962963,False,True,True,120,2,High-value
03a2a6dcbe45d639c4dc2a0d24769c40,SP,maua,9,1078.41,9,4.111111111111111,9,0.1111111111111111,-12.555555555555555,0.1111111111111111,False,True,True,155,1,Lower-value
327b89b872c14d1c0be7235ef4871685,AM,manaus,3,1177.0,3,2.333333333333333,3,0.3333333333333333,9.0,0.6666666666666666,False,True,True,40,1,Lower-value
e9d99831abad74458942f21e16f33f92,SP,sao paulo,149,4922.4800000000005,130,3.930232558139535,129,0.1,-9.523076923076925,0.1615384615384615,False,True,True,579,4,High-value
a45765f8afb1e594b22bf9e974b46765,SP,sao paulo,1,79.99,1,4.0,1,0.0,-14.0,0.0,False,True,True,0,1,Lower-value
dc8798cbf453b7e0f98745e396cc5616,SP,sao paulo,51,2056.3,41,3.048780487804878,41,0.048780487804878,-10.2,0.4146341463414634,False,True,True,411,2,Lower-value
d9cd369bffa979d1634f8e1318bf2f1b,SP,bady bassitt,3,678.0,3,5.0,3,0.0,-24.666666666666668,0.0,False,True,True,88,1,Lower-value
240b9776d844d37535668549a396af32,RJ,niteroi,36,13592.08,36,4.277777777777778,36,0.0277777777777777,-11.257142857142858,0.1111111111111111,False,True,True,35,5,High-value
70f7e8018e3d46c748c92f026aa2585a,SP,sao paulo,2,239.8,1,5.0,1,0.0,-22.0,0.0,False,True,True,0,1,Lower-value
d1e2fe627180431ffda076abb303c56f,RJ,rio de janeiro,1,289.0,1,1.0,1,0.0,,1.0,True,True,False,0,1,Lower-value
3f2af2670e104d1bcb54022274daeac5,PR,terra boa,7,973.6,6,3.333333333333333,6,0.1666666666666666,-19.5,0.3333333333333333,False,True,True,232,1,Lower-value
bb3dca718920a4d7ec3cc9ffb025108b,SP,sao paulo,3,108.0,2,3.0,2,0.0,-40.0,0.5,False,True,True,7,1,Lower-value
babcc0ab201e4c60188427cae51a5b8b,SP,porto ferreira,1,79.0,1,5.0,1,0.0,-11.0,0.0,False,True,True,0,1,Lower-value
eed78ac17f7f795a19a709745f00cd4e,SP,botucatu,56,4349.5,22,3.772727272727273,22,0.0,-13.227272727272728,0.2272727272727272,False,True,True,349,1,High-value
a2e874074c877c5a05abae80ad6e488f,SP,sao jose do rio preto,46,8071.98,44,3.954545454545455,44,0.0454545454545454,-16.275,0.1590909090909091,False,True,True,522,5,High-value
abcd2cb37d46c2c8fb1bf071c859fc5b,MT,cuiaba,52,4880.22,45,4.2444444444444445,45,0.0444444444444444,-16.65909090909091,0.0444444444444444,False,True,True,439,1,High-value
1703bc09972dab9782e7a9194943b69f,MG,minas gerais,1,249.9,1,5.0,1,0.0,-18.0,0.0,False,True,True,0,1,Lower-value
365e445f796710c3431557e85caa25db,SP,sao paulo,5,1115.0,4,4.5,4,0.0,-18.0,0.0,False,True,True,134,1,Lower-value
0bb738e4d789e63e2267697c42d35a2d,SP,sao roque,31,2388.3,30,4.6,30,0.0333333333333333,-14.0,0.0,False,True,True,503,2,Lower-value
3d290fe363c60a77498c1126fd3fb8d3,SP,itapevi,3,198.98,3,4.333333333333333,3,0.0,-12.666666666666666,0.0,False,True,True,83,1,Lower-value
325f3178fb58e2a9778334621eecdbf9,SP,taboao da serra,46,981.7,36,4.444444444444445,36,0.0,-11.805555555555555,0.0833333333333333,False,True,True,326,3,Lower-value
8c16d1f32a54d92897cc437244442e1b,SC,blumenau,118,5642.6,108,4.355140186915888,107,0.0092592592592592,-15.185185185185183,0.074074074074074,False,True,True,688,8,High-value
f5a590cf36251cf1162ea35bef76fe84,SP,sao bernardo do campo,122,53201.78,117,4.230769230769231,117,0.0683760683760683,-11.053097345132745,0.1196581196581196,False,True,True,508,3,High-value
61f159ef6da2d441951d2c0efa719362,ES,serra,3,154.97,3,1.0,3,0.0,,1.0,True,True,False,111,3,Lower-value
1e8b33f18b4f7598d87f5cbee2282cc2,SP,sao paulo,140,17309.06,123,4.371900826446281,121,0.032520325203252,-10.934426229508198,0.1138211382113821,False,True,True,284,1,High-value
59cea8e446d3834393058e7e0666b6fb,PR,maringa,10,696.6,10,4.6,10,0.0,-16.5,0.0,False,True,True,60,4,Lower-value
8c5e007d7bd5693fa1386ffefbc99f6c,SP,indaiatuba,24,1029.11,9,4.333333333333333,9,0.0,-12.88888888888889,0.1111111111111111,False,True,True,75,1,Lower-value
1da3aeb70d7989d1e6d9b0e887f97c23,SP,sao paulo,328,8823.52,265,4.163498098859316,263,0.0452830188679245,-11.39463601532567,0.1245283018867924,False,True,True,535,21,High-value
5b67882648febfb6e1225e6ad7164f6b,PR,umuarama,30,6813.4800000000005,27,4.0,27,0.037037037037037,-13.333333333333334,0.1481481481481481,False,True,True,397,2,High-value
53e4c6e0f4312d4d2107a8c9cddf45cd,SP,pedreira,522,30148.95,473,4.084925690021231,471,0.0465116279069767,-13.34341252699784,0.1395348837209302,False,True,True,551,6,High-value
039e6ad9dae79614493083e241147386,SP,sao paulo,5,12925.0,5,4.0,5,0.2,-12.2,0.2,False,True,True,98,1,High-value
d65f31d2413268e671989503f6cf9993,SP,artur nogueira,3,488.8,2,1.0,2,0.0,,1.0,True,True,False,26,1,Lower-value
cad10cc982ab6a391570c211b995c17c,SP,avare,1,47.4,1,5.0,1,0.0,-14.0,0.0,False,True,True,0,1,Lower-value
527801b552d0077ffd170872eb49683b,SP,garca,92,17942.8,90,4.47191011235955,89,0.1,-11.322222222222225,0.0777777777777777,False,True,True,322,4,High-value
be67f78487e2cecb0d55bc769709e4f5,MG,ibirite,1,102.0,1,5.0,1,0.0,-17.0,0.0,False,True,True,0,1,Lower-value
8ca1551acf9832a4cf467bbbac15851f,PR,campo largo,12,2176.4,11,3.909090909090909,11,0.0909090909090909,-14.0,0.1818181818181818,False,True,True,169,3,Lower-value
2ea0861cc19e94cad86438c984c52da4,SP,sao paulo,6,165.6,6,3.333333333333333,6,0.0,-7.833333333333333,0.1666666666666666,False,True,True,60,5,Lower-value
7202e2ba20579a9bd1acb29e61fe71f6,SP,franca,55,12750.5,53,3.865384615384616,52,0.0377358490566037,-12.176470588235292,0.1886792452830188,False,True,True,395,2,High-value
0509040ea3fe50071181bbc359eb7738,MG,belo horizonte,98,3737.95,89,4.482758620689655,87,0.0449438202247191,-10.655172413793103,0.0112359550561797,False,True,True,455,3,High-value
20fd2d2080ed85fa67fad3fcbb2c1813,PR,colombo,1,85.9,1,1.0,1,0.0,,1.0,True,True,False,0,1,Lower-value
2039c5e51785b5dde7cf93ccb3b7be2c,SP,guaira,1,159.9,1,5.0,1,0.0,-8.0,0.0,False,True,True,0,1,Lower-value
62de60d81c55c29d76a6bce418b31cef,SP,ibitinga,1,103.0,1,4.0,1,0.0,-2.0,0.0,False,True,True,0,1,Lower-value
eaf6d55068dea77334e8477d3878d89e,SP,sao paulo,3,51.0,3,5.0,3,0.0,-11.0,0.0,False,True,True,32,1,Lower-value
e89c4adbe7b1d0819dbb636e16461cf1,SP,indaiatuba,25,3181.3,24,3.8333333333333335,24,0.125,-10.625,0.1666666666666666,False,True,True,219,1,Lower-value
2e2f44824ab87a0cb961f68bf4073e7f,PR,curitiba,1,48.0,1,2.0,1,0.0,-10.0,1.0,True,True,True,0,0,Lower-value
85ecf03781da592876b7844acc1b729f,SP,sao paulo,2,251.0,2,4.5,2,0.5,-0.5,0.0,False,True,True,17,1,Lower-value
5c853bb56f70f4d14218944bae111d7a,SP,cotia,24,263.13,23,4.0,23,0.0,-11.652173913043478,0.217391304347826,False,True,True,546,1,Lower-value
bba74270a87732727b5a3b4fd9ac1c39,MG,betim,41,6001.59,36,3.9722222222222223,36,0.0,-16.0,0.1666666666666666,False,True,True,241,5,High-value
e8ff5a6ceb895583033fc2a0f314e3c2,SC,blumenau,1,139.89,1,5.0,1,0.0,-13.0,0.0,False,True,True,0,1,Lower-value
835f0f7810c76831d6c7d24c7a646d4d,SP,sao paulo,50,5130.0,44,3.340909090909091,44,0.25,-5.904761904761905,0.3181818181818182,False,True,True,366,2,High-value
702835e4b785b67a084280efca355756,MG,juiz de fora,1,7.6,1,5.0,1,0.0,-23.0,0.0,False,True,True,0,0,Lower-value
4ea2f12dbe91deeacd2c1e74f069a6e6,SP,sao paulo,6,210.2,4,4.75,4,0.0,-12.25,0.0,False,True,True,215,1,Lower-value
a066df7361163e7ddc5d7452dd17448b,SP,franca,17,1078.3,15,4.4,15,0.2,-8.6,0.1333333333333333,False,True,True,151,1,Lower-value
bc8c8d665ec4664d286be0d521722b19,SP,sao paulo,1,22.5,1,2.0,1,1.0,4.0,1.0,True,True,True,0,1,Lower-value
5e106d93b717c2682b9383da480364a1,PR,santa terezinha de itaipu,1,445.9,1,5.0,1,0.0,-26.0,0.0,False,True,True,0,1,Lower-value
bd4431c1a8dfa744b59e1e2a8bc99b9e,RJ,rio de janeiro,7,809.5,7,4.571428571428571,7,0.0,-10.571428571428571,0.0,False,True,True,130,1,Lower-value
bd4ff04377f974574f7f0bf9d6ce7dde,SP,santa maria da serra,4,164.96,4,3.5,4,0.25,-23.75,0.25,False,True,True,137,3,Lower-value
3076499bbc033a927bf4a8a41bcf7fd4,SP,auriflama,9,359.33,7,4.285714285714286,7,0.0,-10.428571428571429,0.1428571428571428,False,True,True,110,2,Lower-value
010da0602d7774602cd1b3f5fb7b709e,SP,sao bernardo do campo,5,849.5,1,1.0,1,0.0,-10.0,1.0,True,True,True,0,1,Lower-value
4d6fb82c629c7a5028bfd973c07b05e0,MG,belo horizonte,2,278.0,2,2.0,2,0.0,,0.5,True,True,False,6,1,Lower-value
5d505d2298ad549e4e4e835562fa0c1e,SP,birigui,2,249.8,2,5.0,2,0.0,-17.0,0.0,False,True,True,17,1,Lower-value
5aaa890629f83706d8d9bfecd8377c1c,RJ,petropolis,1,48.9,1,1.0,1,0.0,,1.0,True,True,False,0,1,Lower-value
ad14615bdd492b01b0d97922e87cb87f,SC,tubarao,1,8.25,1,5.0,1,0.0,-14.0,0.0,False,True,True,0,1,Lower-value
7df1fc11cc5cbc518b39faa60cf5d67c,MS,campo grande,5,1037.6,5,4.2,5,0.0,-13.6,0.2,False,True,True,101,1,Lower-value
238fac594e170b59c6d228f5a4f4f1d9,SP,dois corregos,30,3126.0,29,4.0,28,0.1034482758620689,-10.89655172413793,0.1379310344827586,False,True,True,315,1,Lower-value
29c322e3f09f886f8bacbe91dfbd979e,RS,santa maria,2,48.98,1,5.0,1,0.0,-20.0,0.0,False,True,True,0,1,Lower-value
134a288e7de827ec5ec62e3ec9c3a295,SP,sao paulo,9,877.45,9,4.777777777777778,9,0.0,-10.88888888888889,0.0,False,True,True,139,2,Lower-value
33fd411ed63a7c2f9005e3f065d9f85d,RS,condor,1,24.9,1,4.0,1,0.0,-25.0,0.0,False,True,True,0,1,Lower-value
edb58a1390adf273840030a3d6253829,SP,piracicaba,1,39.9,1,5.0,1,0.0,-12.0,0.0,False,True,True,0,1,Lower-value
1e8c6a4c538f286aee9573239740a4b4,SP,itatiba,5,359.7,5,3.8,5,0.0,-14.2,0.2,False,True,True,125,3,Lower-value
07de60b03d150fb3ea09eab5da5e4c8b,SP,ibitinga,9,719.1,9,4.333333333333333,9,0.1111111111111111,-12.666666666666666,0.1111111111111111,False,True,True,198,1,Lower-value
f1ce5fdecd64935c28b9ff932751d0dc,SP,santana de parnaiba,2,158.0,2,4.5,2,0.0,-8.0,0.0,False,True,True,95,1,Lower-value
ede2977fbaf3738583170735ca403f6c,PR,curitiba,1,289.9,1,5.0,1,0.0,-15.0,0.0,False,True,True,0,1,Lower-value
03bd479e1d9484cdb14104d3023f7321,MG,uberlandia,3,359.70000000000005,3,4.333333333333333,3,0.0,-5.666666666666667,0.0,False,True,True,75,1,Lower-value
31e60bf8d103ce47932a85f5562deb16,GO,goiania,1,181.0,1,5.0,1,0.0,-20.0,0.0,False,True,True,0,1,Lower-value
83645b1645cdee8953ee54c29ceed564,PR,santa terezinha de itaipu,14,978.9,14,4.428571428571429,14,0.0,-14.0,0.0,False,True,True,510,3,Lower-value
bdae679a9b282249bc23b9b69dae9a99,DF,brasilia,12,663.15,6,3.5,6,0.0,-20.666666666666668,0.3333333333333333,False,True,True,180,2,Lower-value
5cf13accae3222c70a9cac40818ae839,MG,patos de minas,156,14383.2,149,4.452702702702703,148,0.0201342281879194,-14.16891891891892,0.0805369127516778,False,True,True,584,2,High-value
a247197e2e9c19a6a53a6888cb8b660f,SP,sao jose do rio preto,2,798.0,2,1.0,2,0.0,,1.0,True,True,False,3,1,Lower-value
249f0e9905a6e06ad6c6bea7547ab9f6,RJ,rio de janeiro,3,347.95,3,3.6666666666666665,3,0.0,-19.666666666666668,0.3333333333333333,False,True,True,39,2,Lower-value
96804ea39d96eb908e7c3afdb671bb9e,MG,ibia,40,3610.7,38,4.052631578947368,38,0.0263157894736842,-13.64864864864865,0.1578947368421052,False,True,True,444,5,High-value
cd233f8bfa30ebfd651f47ee7d054951,SP,birigui,1,79.9,1,5.0,1,0.0,-20.0,0.0,False,True,True,0,1,Lower-value
3986c0b54f6b748b75e7bd4e092aa3e5,PR,curitiba,1,24.99,1,5.0,1,0.0,-12.0,0.0,False,True,True,0,1,Lower-value
5563732abe64c3036cb97ad924128dd1,SP,guarulhos,3,404.0,2,4.5,2,0.0,-10.5,0.0,False,True,True,177,1,Lower-value
51f108f62cb87d61918159902c8f8583,PR,cascavel,3,303.73,3,4.333333333333333,3,0.0,-17.666666666666668,0.0,False,True,True,25,1,Lower-value
134b867a0f7f8bbe6abf10f91874891e,SP,valinhos,1,789.89,1,4.0,1,0.0,-19.0,0.0,False,True,True,0,1,Lower-value
57c764b4a836300be881e2ff86e449f9,SP,ribeirao preto,30,1211.0,29,4.142857142857143,28,0.1379310344827586,-9.392857142857142,0.1379310344827586,False,True,True,566,4,Lower-value
2fa13c8bd5705d279f7ed5cc9ec61c68,SP,sao paulo,4,87.4,2,5.0,2,0.0,-9.0,0.0,False,True,True,81,2,Lower-value
e627629ba868740e287800f1a9be81c2,SP,sao paulo,13,504.5,13,4.461538461538462,13,0.0,-11.454545454545457,0.0769230769230769,False,True,True,159,2,Lower-value
c72de06d72748d1a0dfb2125be43ba63,BA,guanambi,22,17522.0,21,4.476190476190476,21,0.0,-18.571428571428573,0.0476190476190476,False,True,True,100,3,High-value
8d79c8a04e42d722a75097ce5cbcf2ef,CE,caucaia,28,2777.7200000000003,27,4.444444444444445,27,0.074074074074074,-12.153846153846152,0.1111111111111111,False,True,True,411,1,Lower-value
8060d731897e33b5c5ae575ce1e209e1,SP,blumenau,5,199.5,5,4.8,5,0.0,-17.0,0.0,False,True,True,68,1,Lower-value
4c4d546adf3c3868fe19c9ec6e9ffda9,PR,maringa,3,111.7,2,4.0,2,0.0,-14.5,0.0,False,True,True,70,1,Lower-value
5a9c0859cb00fd8aa4db443837f0a700,SC,treze tilias,2,208.0,2,4.5,2,0.0,-14.5,0.0,False,True,True,2,1,Lower-value
cecd97bc34ed8330bd4cd15713eda670,SC,cordilheira alta,1,57.99,1,1.0,1,0.0,-9.0,1.0,True,True,True,0,1,Lower-value
9c3a1c416c765687bc79a04113269929,MG,carmo da mata,1,74.9,1,1.0,1,0.0,-11.0,1.0,True,True,True,0,1,Lower-value
8ae520247981aa06bc94abddf5f46d34,SC,navegantes,65,16320.99,65,4.446153846153846,65,0.0,-16.446153846153845,0.0923076923076923,False,True,True,292,4,High-value
ac3508719a1d8f5b7614b798f70af136,RS,canoas,104,12775.84,103,4.603960396039604,101,0.0194174757281553,-18.10891089108911,0.0388349514563106,False,True,True,438,4,High-value
15cd6eefe58588619aaed41dfa6621b1,MG,ouro preto,18,1622.74,16,4.25,16,0.0625,-10.6875,0.1875,False,True,True,298,0,Lower-value
4a3ca9315b744ce9f8e9374361493884,SP,ibitinga,1987,200472.92,1806,3.827450980392157,1785,0.0952380952380952,-9.525395033860043,0.1893687707641196,False,True,True,596,7,High-value
478bfe564db21eeb44386606aa30b650,MG,pedro leopoldo,3,182.7,3,4.666666666666667,3,0.0,-13.666666666666666,0.0,False,True,True,79,1,Lower-value
6d988d6174a2c27441597174f8905515,PR,maringa,23,371.73,19,4.105263157894737,19,0.1052631578947368,-8.894736842105264,0.1578947368421052,False,True,True,493,2,Lower-value
ed49da7cadefc454d6a67de249eab240,SP,sao paulo,2,43.0,2,3.0,2,0.0,-31.5,0.5,False,True,True,4,1,Lower-value
6f892e20a171e98efe17fdb971ff319b,SP,sao paulo,53,6438.700000000001,44,3.930232558139535,43,0.0909090909090909,-9.829268292682928,0.1590909090909091,False,True,True,142,3,High-value
4bfc7a4a1cf8d4d2121c27422d9e50b5,SP,sao paulo,40,8124.4,26,4.538461538461538,26,0.0384615384615384,-9.807692307692308,0.0769230769230769,False,True,True,149,1,High-value
acadd4d36859671cb635527c6c977533,SP,santa rosa de viterbo,12,2381.0,12,4.25,12,0.0833333333333333,-7.083333333333333,0.0833333333333333,False,True,True,235,2,Lower-value
034b9387752bfa309f350a70cd45ffa3,SC,blumenau,8,96.0,8,4.5,8,0.0,-15.375,0.0,False,True,True,133,1,Lower-value
a1ed30492b3b798bc121845bc4aa7366,SP,sao paulo,2,41.8,1,3.0,1,0.0,,0.0,False,True,False,0,1,Lower-value
abbf6046bbdf1028606a5bc7f00c99e7,SC,xanxere,7,2217.15,7,4.142857142857143,7,0.0,-17.166666666666668,0.1428571428571428,False,True,True,98,1,Lower-value
901b460cdce0c64e471230d7f2f9f3a3,RS,porto alegre,5,1904.0,5,4.4,5,0.0,-19.0,0.2,False,True,True,269,2,Lower-value
81ed90f07c0bacb7594940ba2ef676aa,MG,divinopolis,2,223.9,2,4.5,2,0.0,-7.0,0.0,False,True,True,16,1,Lower-value
11eac105f3f90a9b87b19c89d91e24f3,SP,sao paulo,5,802.89,5,3.6,5,0.0,-13.8,0.2,False,True,True,49,2,Lower-value
0725b8c0f3f906e58f70cbe76b7c748c,SP,guarulhos,37,2190.3,17,3.411764705882353,17,0.2352941176470588,-10.75,0.3529411764705882,False,True,True,564,5,Lower-value
d1a5cc844736958c11b8efab9a2b4c87,PR,curitiba,1,237.6,1,1.0,1,1.0,8.0,1.0,True,True,True,0,1,Lower-value
f35becee938e982bd615edf8ef12bcfb,SP,alvares machado,6,148.59,6,4.0,6,0.0,-13.833333333333334,0.1666666666666666,False,True,True,146,2,Lower-value
634964b17796e64304cadf1ad3050fb7,RJ,rio de janeiro,326,39465.1,268,4.037453183520599,267,0.0932835820895522,-10.362264150943396,0.1567164179104477,False,True,True,278,11,High-value
6624bc09786f0e41ae48dfc5eeb1a9e2,MG,belo horizonte,1,89.54,1,5.0,1,0.0,-34.0,0.0,False,True,True,0,1,Lower-value
54219883e72aad869adfb2a54b7bfa0f,SP,sorocaba,5,6750.0,5,3.2,5,0.0,-8.6,0.4,False,True,True,249,2,High-value
5795aebfe331fbcd02a2c4b679fb7952,SC,palhoca,6,1280.0,6,3.8333333333333335,6,0.0,-15.833333333333334,0.1666666666666666,False,True,True,189,2,Lower-value
6e2d3e2dc84fb30f6078f39dd3bddd6f,PR,colombo,1,219.0,1,1.0,1,0.0,,1.0,True,True,False,0,1,Lower-value
3078096983cf766a32a06257648502d1,SP,scao jose do rio pardo,64,8285.42,59,4.203389830508475,59,0.0338983050847457,-12.553571428571429,0.135593220338983,False,True,True,355,10,High-value
014d9a685fd57276679edd00e07089e5,PR,maringa,12,729.88,11,3.727272727272727,11,0.0,-12.909090909090908,0.1818181818181818,False,True,True,268,2,Lower-value
656591be56071d4c9ef4e5fee78a578a,SP,santo andre,11,1702.0,7,4.571428571428571,7,0.2857142857142857,-5.857142857142857,0.0,False,True,True,61,1,Lower-value
26562f211dd1364af2a8596dc945e8ae,SP,sao bernardo do campo,2,99.0,2,5.0,2,0.0,-5.0,0.0,False,True,True,21,2,Lower-value
bccf933e006e9b94a6184af782963e77,SP,assis,46,4162.74,45,4.5227272727272725,44,0.0222222222222222,-13.266666666666667,0.0666666666666666,False,True,True,318,1,High-value
12c2ed9cded6138cf0c75f525f565fc7,SP,praia grande,4,314.96,4,4.25,4,0.25,-4.25,0.0,False,True,True,266,3,Lower-value
961dff0a659b4561334372337dd897d9,RJ,rio de janeiro,4,9946.0,4,3.75,4,0.0,-4.0,0.25,False,True,True,137,1,High-value
b33e7c55446eabf8fe1a42d037ac7d6d,SP,pradopolis,155,44985.17,152,4.164473684210527,152,0.1118421052631579,-11.51006711409396,0.1381578947368421,False,True,True,308,5,High-value
2235cf78d3e2073a88146a9cb60f0dd0,SP,sao paulo,1,178.99,1,5.0,1,0.0,-11.0,0.0,False,True,True,0,1,Lower-value
218d46b86c1881d022bce9c68a7d4b15,SP,ribeirao preto,427,55093.28,388,4.155440414507772,386,0.0850515463917525,-11.50261780104712,0.1288659793814432,False,True,True,581,3,High-value
08d1c9478fb0d7d7fcac9c0da4e82fc7,MG,belo horizonte,1,538.0,1,5.0,1,0.0,-13.0,0.0,False,True,True,0,1,Lower-value
dfc475d54e1b6dbeeb7d7d9bdaa63827,PR,curitiba,21,1793.76,19,4.315789473684211,19,0.0,-15.944444444444445,0.1578947368421052,False,True,True,183,2,Lower-value
813348c996469b40f2e028d5429d3495,SP,jundiai,202,11205.83,179,4.057142857142857,175,0.0446927374301676,-10.645348837209305,0.1452513966480447,False,True,True,357,1,High-value
c394e193cda3b4225ff2094d32184849,SP,sao paulo,12,3419.88,3,3.6666666666666665,3,0.0,-11.0,0.3333333333333333,False,True,True,30,1,High-value
2745f798279e0ed033addcc1474776d7,SP,sao paulo,32,3668.53,32,3.967741935483871,31,0.09375,-10.71875,0.125,False,True,True,282,1,High-value
6b803197e03abd5056b4313306b4f29d,SP,sao paulo,12,407.0,7,4.714285714285714,7,0.0,-10.0,0.0,False,True,True,194,2,Lower-value
bafc5aa11e413978be29040f51342e70,MG,belo horizonte,9,1679.55,9,3.7777777777777777,9,0.1111111111111111,-12.333333333333334,0.3333333333333333,False,True,True,51,1,Lower-value
44717f64ec2a457979cf83c429077666,RS,santa rosa,3,107.0,2,5.0,2,0.0,-24.0,0.0,False,True,True,17,1,Lower-value
b7cc6c5e001441ae8cdd5c69a480cbe4,SC,curitibanos,6,651.8,6,4.166666666666667,6,0.0,-14.6,0.1666666666666666,False,True,True,337,2,Lower-value
af7cdac9d9897cddead9c6b08976c642,SP,laranjal paulista,6,543.54,6,3.6666666666666665,6,0.1666666666666666,-7.666666666666667,0.1666666666666666,False,True,True,157,1,Lower-value
b3e2faf2c1004d674f16a3aa3197f0e1,SP,ribeirao preto,3,61.47,3,5.0,3,0.0,-13.666666666666666,0.0,False,True,True,91,1,Lower-value
670a9dda115b5a88b18cfadee8de2332,SP,ribeirao preto,11,918.9,11,4.454545454545454,11,0.0,-17.818181818181817,0.0,False,True,True,351,3,Lower-value
3b15288545f8928d3e65a8f949a28291,SP,ibitinga,121,14061.79,104,4.009708737864078,103,0.0673076923076923,-11.445544554455443,0.1346153846153846,False,True,True,509,3,High-value
3e35a8bb43569389d3cebef0ce820f69,SP,sao paulo,2,55.8,1,5.0,1,0.0,-10.0,0.0,False,True,True,0,1,Lower-value
81783131d2a97c8d44d406a4be81b5d9,SP,sorocaba,15,1782.54,13,3.5,12,0.0,-9.375,0.3076923076923077,False,True,True,18,3,Lower-value
29e6e05b65f93bc224c644319dc52ecf,MG,juiz de fora,4,475.6,4,4.75,4,0.0,-15.0,0.0,False,True,True,50,1,Lower-value
cce6ab8d1682639fe45ab70234f1665f,SP,curitiba,66,2522.7,63,4.412698412698413,63,0.0317460317460317,-13.770491803278688,0.0793650793650793,False,True,True,409,1,Lower-value
e1643dff33666ca629e3644c02738179,SP,sao paulo,3,170.0,3,4.333333333333333,3,0.0,-12.333333333333334,0.0,False,True,True,17,1,Lower-value
76623fde66e6b63b59440fd34160512d,SP,guarulhos,3,65.4,3,4.0,3,0.0,-13.333333333333334,0.0,False,True,True,128,1,Lower-value
5275ca25d0358ca73864e0ae41be1320,SP,guarulhos,4,409.6,4,4.75,4,0.0,-3.25,0.0,False,True,True,15,1,Lower-value
eb4df17aed01d918c65f0f8d650900c0,SP,paulinia,11,3739.87,11,3.909090909090909,11,0.2727272727272727,-10.545454545454543,0.1818181818181818,False,True,True,279,1,High-value
10089e9f2fd0c668a8fd4e52e1698888,SP,sao jose do rio preto,3,1139.9,3,4.333333333333333,3,0.0,-16.666666666666668,0.0,False,True,True,246,1,Lower-value
c398bc00a606d33758afd91f4e64fd15,RJ,rio de janeiro,2,150.0,2,4.5,2,0.0,-28.0,0.0,False,True,True,28,1,Lower-value
2f09f7d37a97956d11cc1a7cadd5262b,SP,ribeirao preto,12,2005.0,11,2.909090909090909,11,0.0909090909090909,-10.285714285714286,0.4545454545454545,False,True,True,227,2,Lower-value
e58a5b390e28abc0b216cfb0e07d27d7,RJ,rio de janeiro,7,1022.6,7,4.857142857142857,7,0.0,-19.571428571428573,0.0,False,True,True,105,2,Lower-value
f41ce2e25237f9092cd8e6e7516c7a2f,SP,guarulhos,28,2030.9,27,4.296296296296297,27,0.0,-14.307692307692308,0.074074074074074,False,True,True,437,5,Lower-value
8e6cc767478edae941d9bd9eb778d77a,MG,araguari,114,6830.58,106,3.932692307692308,104,0.0566037735849056,-13.47,0.1886792452830188,False,True,True,506,2,High-value
028872bfa080090a9d0abd4f1af168f8,MG,ribeirao das neves,3,70.5,1,5.0,1,0.0,-15.0,0.0,False,True,True,0,0,Lower-value
1710c3aaa9c6b44ec3883ee0fe300e21,SP,sao caetano do sul,2,1188.9,2,5.0,2,0.0,-9.0,0.0,False,True,True,6,2,Lower-value
52d76513f0c4d97f3b99570e2c94ee31,RS,novo hamburgo,28,8153.1,19,4.055555555555555,18,0.0526315789473684,-16.42105263157895,0.1578947368421052,False,True,True,397,8,High-value
dace965ca58120f92f8d742a9fa1864b,SP,sao paulo,8,1442.0,8,4.625,8,0.0,-11.0,0.125,False,True,True,54,1,Lower-value
f5b44895715ddfe3087dc414f30268f3,SP,sorocaba,19,378.8,19,4.0,19,0.0,-9.736842105263158,0.1578947368421052,False,True,True,310,1,Lower-value
c8467937e403e76a8ee9f0ab13f6f5ef,MG,pocos de caldas,33,1853.79,30,4.071428571428571,28,0.1333333333333333,-9.266666666666667,0.1333333333333333,False,True,True,326,1,Lower-value
56f413900b5166ab4d730e9ac0b12cb0,SP,sorocaba,3,151.79,3,4.666666666666667,3,0.0,-8.333333333333334,0.0,False,True,True,14,2,Lower-value
3f8034bfc6b8b4135534975d49f04c63,PR,curitiba,16,1313.9,12,3.75,12,0.0,-17.727272727272727,0.25,False,True,True,126,1,Lower-value
4992e76a42cb3aad7a7047e0d3d7e729,SP,sao paulo,74,2211.1,57,3.912280701754386,57,0.0526315789473684,-10.660714285714286,0.175438596491228,False,True,True,458,2,Lower-value
265fdc289dffa9f1ad801c74f7d0de47,SP,jaci,1,495.0,1,5.0,1,0.0,-8.0,0.0,False,True,True,0,1,Lower-value
0afccdb8a34ee5c79f7c06faf2b4d56e,MG,uberlandia,25,1225.5,25,4.041666666666667,24,0.08,-10.375,0.12,False,True,True,367,1,Lower-value
02dcd3e8e25bee036e32512bcf175493,MG,contagem,17,1491.9,14,3.857142857142857,14,0.2857142857142857,-6.307692307692308,0.2857142857142857,False,True,True,298,1,Lower-value
c9e5ad1f6647f5dbd1172adf6ae3cada,RS,porto alegre,4,259.03,4,4.75,4,0.0,-22.75,0.0,False,True,True,228,3,Lower-value
02a2272692e13558373c66db98f05e2e,RJ,rio de janeiro,2,54.98,2,3.0,2,0.0,,0.5,False,True,False,29,1,Lower-value
f783a638e9c6af4a7d0dbfde811e7a81,SP,sao paulo,5,849.8,5,4.0,5,0.2,-4.0,0.2,False,True,True,58,2,Lower-value
0b18d63d0cd1d723567903fd34a07df2,SP,sp,14,1678.14,9,4.777777777777778,9,0.0,-16.0,0.0,False,True,True,427,2,Lower-value
3ef37b7ca6dd2b80bd8af81a62504996,SP,sao paulo,2,700.0,2,4.5,2,0.0,-8.0,0.0,False,True,True,182,1,Lower-value
dd4d95ba2d15c071e6c695e2ef6ce169,ES,cachoeiro de itapemirim,4,1748.0,4,4.25,4,0.5,-4.0,0.0,False,True,True,34,1,Lower-value
7bb8fac2913a6064ec412e583c6d8b4d,SP,bauru,1,109.0,1,5.0,1,0.0,-23.0,0.0,False,True,True,0,0,Lower-value
86649b1632b1c0e6c0bcb2c90a8b75d8,PR,medianeira,1,59.99,1,1.0,1,0.0,,1.0,True,True,False,0,1,Lower-value
8dd386be0767c330276ea6a3f96532d3,SC,paulo lopes,2,89.98,1,5.0,1,0.0,-9.0,0.0,False,True,True,0,1,Lower-value
deaadd805612bf94faaa9fa702516e11,SP,sao paulo,1,50.0,1,1.0,1,0.0,,1.0,True,True,False,0,1,Lower-value
5e063e85d44b0f5c3e6ec3131103a57e,SP,sao paulo,1,22.9,1,5.0,1,0.0,-7.0,0.0,False,True,True,0,1,Lower-value
6e4f5ff6b086632ba8dcb558fb10249e,RS,flores da cunha,5,838.9,5,3.4,5,0.0,-17.0,0.4,False,True,True,142,3,Lower-value
117cfc326c6d50da67ca858ff5c0c852,RJ,sao joao de meriti,5,454.6,5,4.6,5,0.0,-9.2,0.0,False,True,True,17,2,Lower-value
d25aa0aaacb370e912f8cf6efeba38b3,SC,massaranduba,21,2658.45,17,4.470588235294118,17,0.0588235294117647,-17.0,0.0588235294117647,False,True,True,156,2,Lower-value
c0e6839516f5398edc34adf5f1d53d1a,SP,guaruja,3,432.92,3,2.6666666666666665,3,0.0,-18.0,0.6666666666666666,False,True,True,98,1,Lower-value
119c7f1a00ef43fad0e57604e76a747c,SP,sao paulo,2,189.8,2,4.5,2,0.0,-6.5,0.0,False,True,True,135,1,Lower-value
2953ce3a88f5e3c3b696d77fc9e4c8eb,SP,sao paulo,15,470.0,14,4.642857142857143,14,0.0714285714285714,-5.214285714285714,0.0714285714285714,False,True,True,326,2,Lower-value
bbf9ad41dca6603e614efcdad7aab8c4,CE,fortaleza,14,7846.0,14,4.5,14,0.0,-21.714285714285715,0.0714285714285714,False,True,True,503,1,High-value
d7b2377bae6ace1b11fc69a11900ac36,SP,sao paulo,4,329.6,4,3.25,4,0.25,-2.333333333333333,0.5,False,True,True,90,1,Lower-value
57fe6232e67823593374a2281d7a8af8,SP,capivari,8,178.68,8,4.75,8,0.0,-10.5,0.0,False,True,True,270,1,Lower-value
4da0e408c99d2fdc2126dc9fce518060,PR,cornelio procopio,54,3026.0,44,4.409090909090909,44,0.0,-20.681818181818183,0.0681818181818181,False,True,True,576,2,Lower-value
8b28d096634035667e8263d57ba3368c,SP,sao jose dos campos,155,9375.7,143,3.971631205673759,141,0.1048951048951049,-10.410071942446043,0.1538461538461538,False,True,True,506,14,High-value
82cb9f452fe8334df74b22d37824b431,RS,caxias do sul,18,838.2,14,4.714285714285714,14,0.0,-18.571428571428573,0.0,False,True,True,112,3,Lower-value
9bc484c87d79cd4874e05ca182658045,SP,sao paulo,9,1120.0,9,4.0,9,0.1111111111111111,-5.125,0.2222222222222222,False,True,True,160,4,Lower-value
c6218512d16fcac0af02fe92691cf274,MG,contagem,8,674.0,8,4.0,8,0.0,-11.875,0.125,False,True,True,52,2,Lower-value
d17f467e4bf608a510c20d82f4ba3b6b,RS,caxias do sul,12,3021.66,12,4.0,12,0.1666666666666666,-7.181818181818182,0.0833333333333333,False,True,True,13,3,Lower-value
4371b634e0efc0e22b09b52907d9d469,SP,sao paulo,112,8194.0,102,4.445544554455446,101,0.0686274509803921,-10.445544554455443,0.0784313725490196,False,True,True,423,4,High-value
1b45169b635ef59425637e9a33eb5fb3,PR,maringa,8,308.9,7,4.571428571428571,7,0.0,-19.571428571428573,0.1428571428571428,False,True,True,183,4,Lower-value
bd23da7354813347129d751591d1a6e2,SP,sao paulo,90,10544.3,89,4.011363636363637,88,0.0224719101123595,-10.093023255813954,0.1797752808988764,False,True,True,395,1,High-value
412a4720f3e9431b4afa1476a1acddbe,SP,campinas,22,2058.1,21,4.238095238095238,21,0.0476190476190476,-8.952380952380953,0.0952380952380952,False,True,True,337,3,Lower-value
7238a95bb63ef7e498389fb863b834a1,SP,limeira,15,2265.7,15,4.733333333333333,15,0.0,-9.533333333333331,0.0,False,True,True,111,3,Lower-value
26785a546900236d66f2e4197c211158,SP,sao paulo,15,1019.2,15,4.666666666666667,15,0.0,-18.73333333333333,0.0666666666666666,False,True,True,243,1,Lower-value
b7ed9fb14c8eadb37adb9c45d67ab0fb,SP,jacarei,11,566.0,7,3.2857142857142856,7,0.0,-13.428571428571429,0.4285714285714285,False,True,True,391,2,Lower-value
a0d7fbb07bb5ebc3b05980e750db56f3,SP,ferraz de vasconcelos,4,848.99,3,2.333333333333333,3,0.0,-13.666666666666666,0.6666666666666666,False,True,True,100,1,Lower-value
10264f60a8f0a4d2f30810f5c661c673,SP,campinas,4,284.6,4,5.0,4,0.0,-8.75,0.0,False,True,True,50,1,Lower-value
35857757f553273b1056c1cabdace7fb,SP,ribeirao preto,6,454.6,6,4.0,6,0.1666666666666666,-5.833333333333333,0.1666666666666666,False,True,True,246,1,Lower-value
538caafddff204241cecbf3a02e6b3cf,SP,sao paulo,9,148.3,9,2.555555555555556,9,0.3333333333333333,-0.875,0.5555555555555556,False,True,True,421,1,Lower-value
913fd0ebba70bb919f7254a02239173c,SC,blumenau,1,159.9,1,1.0,1,0.0,-8.0,1.0,True,True,True,0,1,Lower-value
b2eecf5ea250510da76590ca79d60e5d,SP,sao paulo,11,1060.0,9,5.0,9,0.0,-12.88888888888889,0.0,False,True,True,251,1,Lower-value
1c742ac33582852aaf3bcfbf5893abcf,MG,belo horizonte,1,97.9,1,5.0,1,0.0,-20.0,0.0,False,True,True,0,1,Lower-value
8f2ce03f928b567e3d56181ae20ae952,SP,pirituba,175,21712.9,153,4.105263157894737,152,0.1241830065359477,-9.019867549668874,0.130718954248366,False,True,True,480,1,High-value
4d9fea3499bdc22aa4da4e339365f215,SP,sao paulo,2,192.54,2,5.0,2,0.0,-19.5,0.0,False,True,True,136,1,Lower-value
d4e12e7884759a14fa0f5f896c791cae,SP,sao paulo,32,1400.0,29,4.620689655172414,29,0.0689655172413793,-12.551724137931034,0.0689655172413793,False,True,True,318,1,Lower-value
e24fc9fcd865784fb25705606fe3dfe7,SP,braganca paulista,56,12936.0,52,4.173076923076923,52,0.0769230769230769,-13.784313725490197,0.1153846153846153,False,True,True,534,3,High-value
5882f40daf39bc2a465e0cb453ddc222,SP,sao paulo,1,640.0,1,2.0,1,0.0,,1.0,True,True,False,0,1,Lower-value
26e2c91ef821e1ff8985f408788fe35b,SP,ibitinga,14,1649.4,12,3.0,12,0.4166666666666667,1.5,0.3333333333333333,False,True,True,154,1,Lower-value
53336f97ddbe53e2a617d07b17447b95,SP,sao paulo,1,599.5,1,5.0,1,0.0,-11.0,0.0,False,True,True,0,1,Lower-value
fec8cd45395b3cb0c2b173d7739706a1,SP,jambeiro,4,1280.0,4,3.75,4,0.0,-11.25,0.0,False,True,True,111,1,Lower-value
e116c7455dd26a4d8c3e92532583905f,SP,sao paulo,2,36.76,1,4.0,1,0.0,,0.0,False,True,False,0,1,Lower-value
900ba814c251a692506d7834c1218441,SP,salto,88,29099.69,88,4.188235294117647,85,0.1363636363636363,-8.593023255813954,0.0909090909090909,False,True,True,417,1,High-value
afe0067131b73e40875c9b6c10bd2e21,MG,lagoa da prata,46,5130.400000000001,46,4.2,45,0.0434782608695652,-11.4,0.108695652173913,False,True,True,473,1,High-value
542917da124346b47ea1ac79a93ce454,PR,curitiba,20,1303.9,20,4.15,20,0.05,-14.0,0.15,False,True,True,155,2,Lower-value
35b96509602ec4b7da831b5cd73ff2c2,RS,sao leopoldo,2,558.9,2,4.5,2,0.0,-14.0,0.0,False,True,True,87,1,Lower-value
4a23adac87cf538689fa600d976f78b2,SP,sao paulo,3,405.0,3,4.333333333333333,3,0.0,-8.666666666666666,0.0,False,True,True,4,1,Lower-value
85cc55e048b6bcc90c75afe7f0e72f72,RJ,barra mansa,9,308.28,9,4.444444444444445,9,0.2222222222222222,-9.333333333333334,0.1111111111111111,False,True,True,79,5,Lower-value
2009a095de2a2a41626f6c6d7722678d,SP,sao jose do rio preto,12,388.89,8,4.375,8,0.0,-12.875,0.125,False,True,True,233,2,Lower-value
3a52d63a8f9daf5a28f3626d7eb9bd28,SP,aguas claras df,1,35.0,1,1.0,1,0.0,-41.0,1.0,True,True,True,0,1,Lower-value
e9b6c33b71b67737693b4cfa68341c8d,SP,sao paulo,1,119.9,1,4.0,1,0.0,-1.0,0.0,False,True,True,0,1,Lower-value
c458e2045a8aa8964f8879af03fdcce6,SP,sao caetano do sul,9,494.91,4,2.75,4,0.0,-18.75,0.5,False,True,True,81,1,Lower-value
6601ee6383e7f452be71929f8de48bbb,SP,ribeirao pretp,2,153.6,2,4.0,2,0.0,-17.5,0.0,False,True,True,11,1,Lower-value
5a4236931428800e9d9cc04af0987118,SP,sao paulo,3,44.97,1,5.0,1,0.0,-13.0,0.0,False,True,True,0,1,Lower-value
258447aad3f7b01e2643c89f64dc5647,PR,cianorte,1,51.9,1,5.0,1,0.0,-12.0,0.0,False,True,True,0,1,Lower-value
8a32e327fe2c1b3511609d81aaf9f042,SP,sao paulo,180,6429.01,132,3.83206106870229,131,0.0303030303030303,-14.896825396825395,0.1893939393939394,False,True,True,503,2,High-value
0f519b0d2e5eb2227c93dd25038bfc01,SP,ibitinga,1,79.9,1,5.0,1,0.0,-40.0,0.0,False,True,True,0,1,Lower-value
d7d517afce974cd491b8d52bb5b5b1fc,SP,sao paulo,1,89.99,1,4.0,1,0.0,-23.0,0.0,False,True,True,0,1,Lower-value
ec5c1d94df153d473b37f880977ae58e,SP,rio de janeiro,3,199.67,2,2.0,2,0.0,-28.5,0.5,True,True,True,11,2,Lower-value
31561f325664a8a7aba4c8d0c3a9b3db,SP,sao paulo,38,2702.19,36,4.638888888888889,36,0.0,-9.5,0.0277777777777777,False,True,True,72,2,Lower-value
70c4eedec9cb4a85cda2f3f9673557b4,SP,sao paulo,2,479.8,2,5.0,1,0.0,-17.0,0.0,False,True,True,76,1,Lower-value
4fb41dff7c50136976d1a5cf004a42e2,BA,feira de santana,3,1230.0,3,4.0,3,0.3333333333333333,33.0,0.0,False,True,True,67,1,Lower-value
d23019c84ffae2d5ef2270367b8605fc,PR,londrina,39,29205.1,39,4.410256410256411,39,0.0256410256410256,-14.384615384615383,0.0512820512820512,False,True,True,316,1,High-value
ad8ada0ffa993cb1197d102d9ab21a3e,MG,araguari,2,599.8,1,1.0,1,0.0,,1.0,True,True,False,0,1,Lower-value
ce20a2ec1514c25e16f2b5b39bc818f0,SP,sao paulo,7,287.0,4,4.75,4,0.0,-18.5,0.0,False,True,True,73,1,Lower-value
0f94588695d71662beec8d883ffacf09,SC,florianopolis,1,9.0,1,5.0,1,0.0,-12.0,0.0,False,True,True,0,1,Lower-value
3a79f35a2344ede41af21267f61d5ec6,SP,campinas,1,186.0,1,1.0,1,0.0,-8.0,1.0,True,True,True,0,0,Lower-value
b586cd24c010a13916af621b0325fbba,SC,rio do sul,7,1108.94,6,3.8333333333333335,6,0.0,-14.333333333333334,0.1666666666666666,False,True,True,66,3,Lower-value
2075d8cd4dd63ff12df0749a5866bb06,PR,curitiba,3,184.7,3,5.0,3,0.0,-7.0,0.0,False,True,True,2,1,Lower-value
0d83f8e03188682112cc0d93523705cc,RS,porto alegre,8,696.26,4,3.75,4,0.25,-11.0,0.25,False,True,True,69,1,Lower-value
85044848b1b767db2a4a58526adef4b4,SP,osasco,4,240.6,4,3.25,4,0.0,-12.0,0.25,False,True,True,96,3,Lower-value
c3251e13f1bbda6c74e37c160f991e19,SP,porto ferreira,2,437.8,2,5.0,2,0.0,-30.0,0.0,False,True,True,68,2,Lower-value
4a1f694197d05fe70026b016a7316b41,SP,pedreira,23,907.77,14,4.571428571428571,14,0.0714285714285714,-13.928571428571429,0.0714285714285714,False,True,True,176,2,Lower-value
6ebf4eceee4dd9847201c82e77ef8123,RJ,rio de janeiro,1,59.9,1,5.0,1,0.0,-5.0,0.0,False,True,True,0,1,Lower-value
0873d9f8f36123f8d910f4760e788cfb,SP,barueri,6,7265.59,6,3.1666666666666665,6,0.3333333333333333,-7.833333333333333,0.3333333333333333,False,True,True,98,2,High-value
a44fb5a447105f8469bdf16bf9159f25,RS,porto alegre,19,3706.1,19,4.052631578947368,19,0.2105263157894736,-7.0,0.1578947368421052,False,True,True,255,1,High-value
dcf3755cefcdc158ad0b7bdde51e871b,RS,cachoeira do sul,3,269.70000000000005,3,4.0,2,0.0,-14.333333333333334,0.0,False,True,True,145,2,Lower-value
4869f7a5dfa277a7dca6462dcf3b52b2,SP,guariba,1156,229472.63,1132,4.133451957295374,1124,0.1042402826855123,-11.102313167259789,0.1342756183745583,False,True,True,535,10,High-value
6bb66d9870c2e01c05655c7ed0e7ee13,SP,sao paulo,3,269.0,3,3.6666666666666665,3,0.0,-15.333333333333334,0.3333333333333333,False,True,True,3,0,Lower-value
1c5e4e49b9079480255b49d50aac1aa9,SP,santos,12,10173.11,12,4.333333333333333,12,0.0,-12.25,0.0833333333333333,False,True,True,513,3,High-value
6a3139c7bf09ece22a4713d956acbe5e,SP,sao sebastiao da grama/sp,1,61.9,1,5.0,1,0.0,-13.0,0.0,False,True,True,0,1,Lower-value
37515688008a7a40ac93e3b2e4ab203f,SP,dracena,240,5986.6,228,4.092920353982301,226,0.0789473684210526,-7.964757709251101,0.1052631578947368,False,True,True,370,2,High-value
8fec2e460530482132c436cfb5439925,SP,laranjal paulista,5,468.46,3,4.333333333333333,3,0.3333333333333333,-6.333333333333333,0.0,False,True,True,23,1,Lower-value
1746c1ae87ac63d530c7c943d0ac42e2,SP,santana de parnaiba,1,229.9,1,5.0,1,0.0,-4.0,0.0,False,True,True,0,1,Lower-value
afac9f6b0c4e5f0a7ee87e922cd0f873,SP,bauru,1,20.99,1,1.0,1,0.0,,1.0,True,True,False,0,0,Lower-value
3be5841cdcc46de4ed3f9116f104b2c5,SP,barueri,4,599.6,4,4.75,4,0.0,-25.75,0.0,False,True,True,19,3,Lower-value
0249d282d911d23cb8b869ab49c99f53,SP,sao paulo,11,393.0,11,4.2727272727272725,11,0.1818181818181818,-8.363636363636363,0.1818181818181818,False,True,True,185,1,Lower-value
23ca5f678e0b3ea6c630b30fa8bf51ea,SP,sao paulo,7,183.0,6,5.0,6,0.0,-17.333333333333332,0.0,False,True,True,61,1,Lower-value
5eeb9c756d9780b96283e5a2ac6da334,SP,ribeirao preto,9,2471.0,9,4.222222222222222,9,0.2222222222222222,-9.333333333333334,0.1111111111111111,False,True,True,281,1,Lower-value
25be943a321c8938947bdaabca979a90,SP,sao bernardo do campo,5,769.0,5,3.0,5,0.0,-10.0,0.4,False,True,True,116,1,Lower-value
818d28f936e791926d33bcb6ee94ef79,SP,sao paulo,5,139.5,5,4.0,3,0.0,-21.0,0.0,False,True,True,103,1,Lower-value
bfd938b22bc99bce1ae60dc602889f52,RJ,rio de janeiro,12,922.8,6,3.8333333333333335,6,0.0,-20.75,0.3333333333333333,False,True,True,82,3,Lower-value
c12b92bf1c350f3e6bf88d3596219c86,SP,garca,17,4808.78,17,3.882352941176471,17,0.0588235294117647,-13.117647058823527,0.2352941176470588,False,True,True,104,6,High-value
97e995629983723d11830a829bc2b246,SP,lorena,5,499.5,5,4.8,5,0.0,-19.4,0.0,False,True,True,281,2,Lower-value
ffa6adafb71b807dc13159e26431354c,PR,londrina,18,2669.9,18,3.7777777777777777,18,0.0,-12.705882352941176,0.1666666666666666,False,True,True,150,5,Lower-value
080102cd0a76b09e0dcf55fcacc60e05,MG,belo horizonte,130,5716.78,124,4.475806451612903,124,0.0403225806451612,-11.86065573770492,0.0483870967741935,False,True,True,399,5,High-value
5a6a02f419701fc8c605af71d4fc57a4,SP,americana,11,600.5,10,4.8,10,0.1,-9.3,0.0,False,True,True,102,2,Lower-value
94b9108d4b637ba65bb4f1e53cfcf8d8,SP,guarulhos,8,234.96,7,4.428571428571429,7,0.1428571428571428,-3.142857142857143,0.1428571428571428,False,True,True,334,2,Lower-value
0fe2d9733ed841eb064503920015a8c0,SP,ourinhos,3,389.64,3,4.666666666666667,3,0.0,-13.333333333333334,0.0,False,True,True,56,1,Lower-value
154bdf805377afea75a3bd158e9eab10,SP,ibitinga,1,89.9,1,1.0,1,1.0,2.0,1.0,True,True,True,0,1,Lower-value
b2ac621f0d0322434d04a12b078b9369,PR,curitiba,30,9575.5,30,4.4,30,0.1,-11.666666666666666,0.0666666666666666,False,True,True,359,2,High-value
9c54608f0996c32ae4743089d915f845,PR,loanda,3,194.8,3,4.0,3,0.0,-20.666666666666668,0.0,False,True,True,26,1,Lower-value
17306570e772e7718c92a562d33f5f1d,SP,bariri,32,9669.8,29,3.6206896551724137,29,0.0689655172413793,-9.592592592592592,0.2413793103448276,False,True,True,413,1,High-value
244c2f1bff6afe1f2eaf9bfe9b2aed38,SP,mogi das cruzes,27,2580.0,23,3.652173913043478,23,0.0869565217391304,-10.26086956521739,0.217391304347826,False,True,True,363,1,Lower-value
71039d19d4303bf9054d69e9a9236699,SP,sao paulo,38,3537.2,35,3.8,35,0.2,-7.914285714285715,0.2,False,True,True,299,3,High-value
54065e9aef7e9e9c2dc23b7594db021a,RJ,rio de janeiro,14,8003.0,14,3.857142857142857,14,0.0,-22.75,0.2142857142857142,False,True,True,366,5,High-value
7ad41305e96a6cab8294cd65891e9a86,SP,rio bonito,2,180.0,2,5.0,2,0.0,-15.0,0.0,False,True,True,7,1,Lower-value
25e47381a6c510ddeb36084e33b89f0c,SP,praia grande,17,1289.6,16,4.25,16,0.0,-12.9375,0.0625,False,True,True,43,1,Lower-value
4d6d651bd7684af3fffabd5f08d12e5a,SP,jau,395,43587.4,369,4.192934782608695,368,0.037940379403794,-13.00275482093664,0.1246612466124661,False,True,True,485,3,High-value
24a6daf925d9d591870a66660416de31,SP,robeirao preto,2,60.0,2,4.5,2,0.0,-12.0,0.0,False,True,True,97,1,Lower-value
f0563bacf40c311f1c4d3d6b67b8a7a7,SC,tubarao,1,1199.0,1,1.0,1,0.0,,1.0,True,True,False,0,1,Lower-value
b76dba6c951ab00dc4edf0a1aa88037e,SP,sao paulo,169,2574.78,159,4.178343949044586,157,0.0314465408805031,-16.337579617834393,0.1132075471698113,False,True,True,597,3,Lower-value
1bc2e21de46adfea6b98cc96b00f3b40,SC,joinville,5,1039.95,3,3.333333333333333,3,0.0,-5.333333333333333,0.3333333333333333,False,True,True,98,1,Lower-value
b1204cfda1d4948679db3cfc0d3cb95c,SP,guarulhos,11,2903.7,7,4.0,7,0.0,-20.666666666666668,0.2857142857142857,False,True,True,554,3,Lower-value
b4ffb71f0cb1b1c3d63fad021ecf93e1,SP,sao paulo,165,6656.09,144,4.222222222222222,144,0.0208333333333333,-14.86013986013986,0.1111111111111111,False,True,True,562,1,High-value
165b1235e9e9942cb5fae67103576fb0,SP,ribeirao preto,16,2085.15,11,4.363636363636363,11,0.0909090909090909,-7.909090909090909,0.0,False,True,True,90,3,Lower-value
8eb88b0acb3f90a717ad659221471fa7,SC,cacador,2,119.8,2,4.5,2,0.0,-18.0,0.0,False,True,True,138,1,Lower-value
9599519be538b98748162a2b48248960,SP,sao paulo,3,570.0,1,1.0,1,0.0,-8.0,1.0,True,True,True,0,1,Lower-value
0417b067eeab773d2f7061a726dc477f,SC,sao bento do sul,13,1859.18,13,3.923076923076923,13,0.2307692307692307,-3.923076923076923,0.2307692307692307,False,True,True,171,1,Lower-value
c26ba52cf8d2f34915f2f6b7ffa0a3f3,RJ,rio de janeiro,4,125.96,4,4.0,4,0.0,-14.0,0.25,False,True,True,66,0,Lower-value
e5cbe890e679490127e9a390b46bbd20,SP,sao paulo,2,908.99,2,4.5,2,0.0,-14.5,0.0,False,True,True,68,1,Lower-value
974cf2cb8f4b7add98709c30df02fe10,SP,araraquara,33,2982.67,33,4.0606060606060606,33,0.0303030303030303,-13.8,0.1515151515151515,False,True,True,309,2,Lower-value
3c487ae8f8d7542beff5788e2e0aea83,DF,gama,33,9385.7,30,4.2,30,0.0333333333333333,-11.066666666666666,0.1,False,True,True,372,1,High-value
4a3ccda38b2129705f3fb522db62ca31,SP,marilia,78,17062.59,66,3.878787878787879,66,0.0606060606060606,-11.328125,0.2121212121212121,False,True,True,339,5,High-value
876182d1918783bbe15233febfbd4926,SP,sao paulo,3,120.27,3,4.0,3,0.0,-12.333333333333334,0.0,False,True,True,288,1,Lower-value
33576ec5412fb5905d876f12f33bfde6,PR,curitiba,32,2718.0,31,4.096774193548387,31,0.032258064516129,-17.129032258064516,0.0967741935483871,False,True,True,346,1,Lower-value
5b85809efd0d0e4dea1a9544e1280ed9,SP,presidente prudente,14,1804.6,12,4.25,12,0.0,-16.666666666666668,0.0833333333333333,False,True,True,95,2,Lower-value
5566627eab3fe93fd6ee08798226101a,PR,sao jose dos pinhais,5,85.5,5,4.4,5,0.0,-17.2,0.0,False,True,True,284,1,Lower-value
e504a4e2efaa45cbff7e268a2c58c956,SP,sao pedro,12,1188.8000000000002,11,3.5454545454545454,11,0.2727272727272727,-7.5,0.3636363636363636,False,True,True,92,1,Lower-value
056b4ada5bbc2c50cc7842547dda6b51,RJ,queimados,66,12333.39,65,4.171875,64,0.1076923076923077,-12.453125,0.1384615384615384,False,True,True,265,2,High-value
1e483cc5c76fef08d3ca05f9a8af7d01,SP,sao paulo,11,171.99,10,4.1,10,0.0,-11.22222222222222,0.1,False,True,True,97,3,Lower-value
9b1050e85becf3ae99c1cf4934c9bc5d,MG,montes claros,2,85.14,2,2.5,2,0.0,,0.5,False,True,False,46,1,Lower-value
b248792ac0b60ec3f93d80af1b4fae47,SP,sao caetano do sul,9,454.5,7,3.857142857142857,7,0.1428571428571428,-9.428571428571429,0.1428571428571428,False,True,True,29,2,Lower-value
34056b8b55c1775a22af2331670a799c,SP,penapolis,78,6455.4,78,4.0,78,0.1153846153846153,-10.92207792207792,0.1538461538461538,False,True,True,280,1,High-value
21d59342ba150175ca2aa4f8faddeca6,SP,itaquaquecetuba,2,259.9,2,4.5,2,0.0,-18.5,0.0,False,True,True,13,1,Lower-value
23c38debaffe4a25a30fdbd9b586a13f,SP,votorantim,46,5382.18,41,4.317073170731708,41,0.1219512195121951,-10.048780487804878,0.024390243902439,False,True,True,126,6,High-value
d9c349beabc06aa6ff1c6d68b5e9e22e,SP,sao paulo,1,168.1,1,5.0,1,0.0,-11.0,0.0,False,True,True,0,1,Lower-value
49f8d2ea7b718d0ce587d34207caf2b4,SP,sao bernardo do campo,1,149.9,1,5.0,1,0.0,-1.0,0.0,False,True,True,0,1,Lower-value
bd1d49a326abfa9b1036772e40445430,SP,bauru,13,637.7,12,4.083333333333333,12,0.0833333333333333,-12.083333333333334,0.0833333333333333,False,True,True,219,1,Lower-value
6861de0f40cacb0602e473c51639f980,PR,curitiba,8,674.0,5,3.6,5,0.2,-16.0,0.2,False,True,True,228,1,Lower-value
c9c7905cffc4ef9ff9f113554423e671,SP,itapecerica da serra,139,10657.18,127,4.141732283464567,127,0.0787401574803149,-10.133858267716535,0.1102362204724409,False,True,True,445,9,High-value
aa17b35ce4de7b565be3249ba838944f,SP,jundiai,2,79.8,2,4.5,2,0.0,-9.5,0.0,False,True,True,7,1,Lower-value
0887a9f087bcd5d9f6642b52f897fc6c,SP,cananeia,12,1642.0,12,4.416666666666667,12,0.0833333333333333,-12.416666666666666,0.0,False,True,True,183,3,Lower-value
abc015ebac1d283a323ca9db35ede4b9,SP,ribeirao preto,13,1106.8,12,4.416666666666667,12,0.0,-15.0,0.0833333333333333,False,True,True,301,2,Lower-value
00720abe85ba0859807595bbf045a33b,SP,guarulhos,26,1007.5,13,3.615384615384616,13,0.1538461538461538,-7.769230769230769,0.2307692307692307,False,True,True,188,1,Lower-value
75d34ebb1bd0bd7dde40dd507b8169c3,BA,salvador,72,15048.28,62,3.741935483870968,62,0.1129032258064516,-16.403508771929825,0.2419354838709677,False,True,True,389,4,High-value
e5e33c0d8e7e002f398f5dc4cbbb338f,SP,bauru,29,6698.7,28,4.321428571428571,28,0.0714285714285714,-14.846153846153848,0.1071428571428571,False,True,True,522,2,High-value
8f54d64f28a993550aa7943f12572959,MG,ipatinga,16,2755.5,15,3.733333333333333,15,0.0666666666666666,-11.933333333333334,0.2666666666666666,False,True,True,277,1,Lower-value
91f5779a8731baca4809fdeade81803f,RJ,barra mansa,6,1971.46,6,3.8333333333333335,6,0.0,-12.833333333333334,0.1666666666666666,False,True,True,146,2,Lower-value
13074f016982ff2bd6c58ced8682f000,RS,bento goncalves,15,2116.0,14,3.928571428571429,14,0.2142857142857142,-7.923076923076923,0.1428571428571428,False,True,True,267,2,Lower-value
bec568278124768c474ee90971ca94d1,SP,sao paulo,2,219.9,2,4.5,2,0.0,-13.0,0.0,False,True,True,42,2,Lower-value
534a01cc6df1e034e05c32028a291fa2,SP,jundiai,5,235.59,5,4.4,5,0.0,-8.0,0.0,False,True,True,67,2,Lower-value
cd3d09fbe6e3e9ff0c0ac0c300e93ae7,SP,nova odessa,12,651.04,12,4.166666666666667,12,0.0833333333333333,-9.75,0.1666666666666666,False,True,True,52,1,Lower-value
57e632711dec9ec14ca7546769483e7e,SC,navegantes,65,6350.06,62,4.419354838709677,62,0.0,-16.741935483870968,0.0483870967741935,False,True,True,548,2,High-value
cb3dd9ce66268c7a3ca7241ac70ab58c,SP,sao paulo,52,2879.76,50,4.14,50,0.04,-13.083333333333334,0.14,False,True,True,440,2,Lower-value
094ced053e257ae8cae57205592d6712,SP,ribeirao preto,19,1519.2,19,4.052631578947368,19,0.0,-15.68421052631579,0.1578947368421052,False,True,True,116,2,Lower-value
9906e7aa42a3c067b7c9a564d01c4320,PR,maringa,16,2619.0,12,4.5,12,0.1666666666666666,-12.0,0.0833333333333333,False,True,True,196,1,Lower-value
1f1bb1f0859883505541bdd6606193e5,SP,sao paulo,29,16040.84,27,4.333333333333333,27,0.1111111111111111,-10.925925925925926,0.074074074074074,False,True,True,479,2,High-value
4200ddf1967c5e41e48db62bc6d4b5ac,SP,sao bernardo do campo,42,734.8,22,4.2631578947368425,19,0.0454545454545454,-11.181818181818182,0.0909090909090909,False,True,True,240,1,Lower-value
ed9eef5be0992d413d251fadba1a410d,SP,mogi guacu,9,404.1,3,4.666666666666667,3,0.0,-22.0,0.0,False,True,True,50,1,Lower-value
139157dd4daa45c25b0807ffff348363,SP,sao paulo,1,29.9,1,4.0,1,0.0,-13.0,0.0,False,True,True,0,1,Lower-value
c1849d4d32d7a6cecd5aa471809d3135,SP,santo andre,3,388.98,3,4.333333333333333,3,0.0,-2.6666666666666665,0.0,False,True,True,22,2,Lower-value
64b87978a11c1ea7501a89eabe8c2c1a,SP,presidente bernardes,7,489.93,7,2.0,7,0.0,,0.7142857142857143,True,True,False,13,1,Lower-value
33ab10be054370c254ddfcf0a6253422,RJ,rio de janeiro,4,213.2,4,5.0,4,0.0,-9.0,0.0,False,True,True,66,1,Lower-value
bff9deb0ec77d437f3305a79cf25529e,SP,limeira,5,161.95,5,4.0,5,0.0,-13.2,0.2,False,True,True,54,1,Lower-value
3fefda3299e6dfaea3466ef346a3571a,PR,curitiba,1,209.0,1,4.0,1,0.0,-18.0,0.0,False,True,True,0,1,Lower-value
236585a4ddb5fea9fa40233e2249ed91,RS,caxias do sul,11,649.53,11,4.090909090909091,11,0.0909090909090909,-13.181818181818182,0.0909090909090909,False,True,True,277,2,Lower-value
499ec63c58e51296c9cf57edcfe1c8a8,SP,sao paulo,5,365.0,5,4.8,5,0.0,-12.6,0.0,False,True,True,53,1,Lower-value
6f83d9e4da896daae20b9b6b2d3ff8d2,PR,pinhalao,11,765.19,11,4.363636363636363,11,0.0,-15.090909090909092,0.0909090909090909,False,True,True,131,1,Lower-value
35ef5aa32949680f627efec3c23e705c,SC,sombrio,5,361.6,4,3.75,4,0.0,-16.5,0.25,False,True,True,105,1,Lower-value
403aa86912527d730337ffcb0fb096ab,MG,belo horizonte,11,8959.89,11,4.0,10,0.0,-12.0,0.0909090909090909,False,True,True,289,6,High-value
ec8463980a4e0ea9f8517aea1ed0c419,SC,florianopolis,8,239.2,2,5.0,2,0.5,-3.0,0.0,False,True,True,0,1,Lower-value
c847e075301870dd144a116762eaff9a,MG,uberaba,43,15348.7,42,4.170731707317073,41,0.0714285714285714,-10.24390243902439,0.1428571428571428,False,True,True,328,4,High-value
6c77cd583b36a13aacccf2b3ee23e233,SP,marilia,1,18.9,1,5.0,1,0.0,-12.0,0.0,False,True,True,0,1,Lower-value
5ef131ac72773e5b3f6c0d63cf424657,SP,ribeirao preto,11,575.79,10,4.1,10,0.0,-10.6,0.2,False,True,True,52,1,Lower-value
6cf476a4ca74498db55cbccdaa9dcfb6,SP,sao paulo,7,939.93,6,3.0,6,0.1666666666666666,-5.0,0.5,False,True,True,237,2,Lower-value
c447f8dd3ed213f291d65ef074a268eb,SP,assis,8,655.0,7,3.7142857142857135,7,0.0,-17.428571428571427,0.2857142857142857,False,True,True,133,2,Lower-value
4736e9d642ef4257cd7622516931eb51,SP,piracicaba,20,1078.87,16,4.125,16,0.0,-14.5,0.125,False,True,True,282,4,Lower-value
a5cba26a62b8b4d0145b68b841e62e7f,PR,campo mourao,55,14737.84,54,4.518518518518518,54,0.0185185185185185,-14.81132075471698,0.0555555555555555,False,True,True,394,3,High-value
a1bea9970d8f65b240555f99c2214f7f,PR,pinhais,1,75.0,1,3.0,1,0.0,-13.0,0.0,False,True,True,0,1,Lower-value
1025f0e2d44d7041d6cf58b6550e0bfa,SP,sao paulo,1428,138968.55,915,3.990077177508269,907,0.0786885245901639,-10.9,0.1726775956284153,False,True,True,412,4,High-value
a5dd1946fb63ada8bcaa0c9cd8f11e22,PE,caruaru,7,219.62,6,3.8333333333333335,6,0.0,-10.5,0.1666666666666666,False,True,True,183,2,Lower-value
c5f7feb04a6a1fb3596322bfc3cf1917,SP,sao caetano do sul,11,1720.6,11,4.2727272727272725,11,0.0909090909090909,-8.636363636363637,0.1818181818181818,False,True,True,63,1,Lower-value
c3e1abd72a42fe690fcd89cf5720fe29,SP,mogi guacu,13,1798.61,13,4.461538461538462,13,0.0,-11.384615384615383,0.0769230769230769,False,True,True,82,1,Lower-value
891071be6ba827b591264c90c2ae8a63,SP,sao paulo,98,4177.28,92,3.771739130434783,92,0.1304347826086956,-11.352941176470589,0.25,False,True,True,575,10,High-value
491a5ada3aa1678414e990262c4bbdc1,SP,sao paulo,2,2840.0,2,3.0,2,0.0,-12.0,0.5,False,True,True,29,1,Lower-value
84deb808079d1be601c209c1e771b1cc,PR,curitiba,2,34.93,2,5.0,2,0.0,-11.5,0.0,False,True,True,83,1,Lower-value
dd58ee93286b0821565574c570e9e1dc,PR,curitiba,2,2948.0,2,5.0,2,0.0,-14.0,0.0,False,True,True,95,1,Lower-value
9558aa23f77a9e0a0eca83540999f43b,PR,apucarana,2,125.7,2,3.0,2,0.0,-2.0,0.5,False,True,True,20,1,Lower-value
3c4e0452bff7a2a788179488d3d77032,PR,colombo,36,3746.4,32,3.838709677419355,31,0.03125,-15.40625,0.1875,False,True,True,108,2,High-value
ca5832c6960267b71041f74bb39e8b12,SC,xanxere,1,79.9,1,1.0,1,1.0,14.0,1.0,True,True,True,0,1,Lower-value
668bf321538e5072858eaef6087ce027,PR,pinhais,1,19.9,1,5.0,1,0.0,-10.0,0.0,False,True,True,0,1,Lower-value
01266d4c46afa519678d16a8b683d325,PR,curitiba,3,90.25,3,5.0,3,0.0,-9.333333333333334,0.0,False,True,True,18,1,Lower-value
6c99c983ce3b6ba0ab813e6790e81691,MG,uberlandia,9,546.75,9,3.7777777777777777,9,0.0,-15.77777777777778,0.2222222222222222,False,True,True,67,2,Lower-value
6aa3928696eab49a19a466e665a649fd,RJ,nova iguacu,22,2075.0,18,4.611111111111111,18,0.0555555555555555,-14.333333333333334,0.0555555555555555,False,True,True,160,1,Lower-value
7d81e74a4755b552267cd5e081563028,SP,sao paulo,1,32.5,1,4.0,1,0.0,-6.0,0.0,False,True,True,0,1,Lower-value
f8d5c7085db9a4ad2b8c1ffbeb2798c8,SP,sao paulo,6,263.0,6,5.0,6,0.0,-16.0,0.0,False,True,True,312,1,Lower-value
7586919161935337bf6b6d7ff5779648,RJ,rio de janeiro,18,1664.71,11,3.8181818181818175,11,0.1818181818181818,-5.545454545454546,0.2727272727272727,False,True,True,263,2,Lower-value
47f55702f598c7c6cc8458b0fbc1c49a,MG,dores de campos,2,127.5,2,5.0,1,0.0,-11.0,0.0,False,True,True,45,0,Lower-value
50a7e551a7b3f8d37cd6e32d8bfbe5ea,SP,sao caetano do sul,1,140.0,1,5.0,1,0.0,-4.0,0.0,False,True,True,0,1,Lower-value
ea1776927851da2532aa70d6a32c095a,SP,sao paulo,3,318.8,3,2.6666666666666665,3,0.0,-9.0,0.6666666666666666,False,True,True,19,2,Lower-value
827f8f69dfa529c561901c4f2e0f332f,PR,curitiba,104,3408.39,91,4.280898876404494,89,0.0659340659340659,-10.34065934065934,0.1098901098901098,False,True,True,527,7,High-value
60ad151920c4f6f3ebbe8cfdf6166779,SP,carapicuiba,2,130.0,2,1.0,2,0.0,,1.0,True,True,False,4,1,Lower-value
59fb871bf6f4522a87ba567b42dafecf,SP,sao paulo,128,21708.57,126,4.232,125,0.0555555555555555,-14.601626016260164,0.0873015873015873,False,True,True,552,6,High-value
fa74b2f3287d296e9fbd2cc80f2d1cf1,SP,presidente prudente,11,2459.89,11,2.363636363636364,11,0.1818181818181818,-5.6,0.6363636363636364,False,True,True,158,1,Lower-value
52454f90d4c30c016768db02f88c1a74,SP,campinas,5,80.5,3,3.6666666666666665,3,0.0,-8.333333333333334,0.3333333333333333,False,True,True,59,1,Lower-value
a1043bafd471dff536d0c462352beb48,MG,ilicinea,770,101901.16,718,4.222377622377622,715,0.0487465181058495,-12.433048433048434,0.1086350974930362,False,True,True,557,3,High-value
3338e7a0710a195872be80e0d2423867,SP,piracicaba,1,45.0,1,1.0,1,0.0,,1.0,True,True,False,0,1,Lower-value
8378eb36b6b70c5734e83ad7b8cdc3b7,SC,itajai,13,1714.8,7,3.857142857142857,7,0.1428571428571428,-13.285714285714286,0.2857142857142857,False,True,True,194,2,Lower-value
f7df46c1e0ec44eed5c6726478da4a17,RS,novo hamburgo,3,429.7000000000001,3,1.0,3,0.0,,1.0,True,True,False,18,1,Lower-value
3fac58ce0ad699020c7944d53c41329c,SP,sao paulo,16,1244.95,10,4.4,10,0.0,-7.3,0.1,False,True,True,81,2,Lower-value
debe6615cd90cc0c2eac2b8988e1f628,SP,sao paulo,5,278.5,5,4.6,5,0.0,-14.0,0.0,False,True,True,50,2,Lower-value
baa49d93c8c8841e27400a300f5d74b2,SC,sao jose,6,246.4,6,4.5,6,0.0,-9.833333333333334,0.0,False,True,True,32,1,Lower-value
5ca5d579b5857ee8709479b1047cecc3,SP,sao paulo,2,339.89,2,1.0,2,0.5,5.0,1.0,True,True,True,68,1,Lower-value
3b872fd4747f01cc56206f2934198618,SP,ibitinga,27,2726.74,25,3.88,25,0.16,-9.48,0.16,False,True,True,266,1,Lower-value
a4fc6eadaff1576af888509a53420f6a,SP,sao caetano do sul,1,100.86,1,3.0,1,0.0,-6.0,0.0,False,True,True,0,1,Lower-value
7402d13c03a7e91366337cd1de471144,PR,cambe,4,528.38,4,3.5,4,0.0,-11.0,0.25,False,True,True,331,2,Lower-value
6e4a902d1054e4e17aa6eab87fac1c75,SP,sorocaba,8,586.57,7,4.142857142857143,7,0.1428571428571428,-5.571428571428571,0.1428571428571428,False,True,True,14,3,Lower-value
ff82e8873fba613f2261a9acc896fd84,MG,itabira,4,124.6,4,3.5,4,0.0,-15.25,0.25,False,True,True,72,2,Lower-value
92eb0f42c21942b6552362b9b114707d,SP,sao paulo,365,6548.63,341,3.9911242603550297,338,0.0469208211143695,-10.2874251497006,0.1495601173020528,False,True,True,562,3,High-value
f125f3a310c2e5f822d116147de1e474,SP,sao paulo,22,2761.4,16,4.1875,16,0.125,-8.0625,0.0625,False,True,True,216,2,Lower-value
72146da5774cabf2632faedcae097a76,PR,marechal candido rondon,6,200.94,4,4.0,4,0.25,4.0,0.25,False,True,True,93,2,Lower-value
b9c0ffa92f3ff9a5a3d45ef7213c0842,SP,sao paulo,3,490.0,3,5.0,3,0.0,-11.666666666666666,0.0,False,True,True,88,2,Lower-value
1d139e3a3b14025640d8df1b230aace0,SP,barrinha,2,36.49,2,3.5,2,0.0,-20.5,0.0,False,True,True,67,1,Lower-value
883dd81e82754ac2c65e9790a7db8c9a,PR,curitiba,5,319.5,5,4.4,5,0.0,-18.8,0.2,False,True,True,242,2,Lower-value
09883d9ab71c8fe8a9bfc7fc3075b07e,SP,sao paulo,5,329.5,5,3.4,5,0.2,-5.25,0.4,False,True,True,212,1,Lower-value
2f1e7b90e01d9f086cbcb301c0c3d406,SC,blumenau,1,59.0,1,5.0,1,0.0,-10.0,0.0,False,True,True,0,1,Lower-value
6bbcb8924baf70b7fe2fe2097e8cd407,SC,blumenau,11,2382.5,10,4.5,10,0.0,-18.1,0.1,False,True,True,269,2,Lower-value
8e4f041ff58e7845456d3482524014b3,RS,porto alegre,2,133.8,2,3.0,2,0.5,-8.5,0.5,False,True,True,25,1,Lower-value
0ec28cec4046a4a199b6de9b4c891d97,GO,goiania,4,296.6,3,5.0,3,0.0,-6.666666666666667,0.0,False,True,True,24,1,Lower-value
5debea795b07621e1f90532e18f96145,PR,apucarana,33,1883.78,25,4.36,25,0.0,-18.68,0.08,False,True,True,297,2,Lower-value
2709af9587499e95e803a6498a5a56e9,SP,sao paulo,47,1279.56,26,3.84,25,0.1153846153846153,-10.12,0.2307692307692307,False,True,True,556,2,Lower-value
bd43e172d599bed47a85da877172ca8c,SC,sao bento do sul,1,23.92,1,5.0,1,0.0,-8.0,0.0,False,True,True,0,1,Lower-value
725c32fa80c2faacc4fc88450d27314e,SP,sao paulo,93,7838.88,89,4.517241379310345,87,0.0112359550561797,-12.337078651685394,0.0224719101123595,False,True,True,571,2,High-value
850913d59ce317156b00f3705f1c3edb,SP,atibaia,34,2690.0,32,3.4375,32,0.15625,-6.862068965517241,0.34375,False,True,True,142,2,Lower-value
7354220fb240bde543b3c40c060d41e7,DF,brasilia,7,672.0,7,4.571428571428571,7,0.0,-15.714285714285714,0.0,False,True,True,201,3,Lower-value
e8b3a3a38279a82f0e5d006d5e5b7d2c,PR,jussara,92,13154.7,87,3.793103448275862,87,0.0344827586206896,-18.6,0.2183908045977011,False,True,True,146,6,High-value
b17b679f4f5ce2e03ce6968c62648246,SP,ribeirao preto,57,4084.75,55,3.709090909090909,55,0.1454545454545454,-11.42,0.2363636363636363,False,True,True,586,2,High-value
43a1d4bab73b816e44ef4e4facd9f9b5,PR,maringa,1,189.9,1,4.0,1,0.0,-21.0,0.0,False,True,True,0,1,Lower-value
dd264199fc8b687ad029de7de6d760e6,PR,cascavel,1,87.9,1,5.0,1,0.0,-11.0,0.0,False,True,True,0,1,Lower-value
67225bff54a172ff67579aaf583efd78,PA,marechal candido rondon,8,1238.0,8,4.5,8,0.0,-11.375,0.0,False,True,True,141,1,Lower-value
baeda7047354773262ba2405f97038ba,SP,americana,1,35.0,1,5.0,1,0.0,-9.0,0.0,False,True,True,0,1,Lower-value
167fd940acebc789debd6eb418c46e38,SP,franca,5,1077.58,5,3.0,5,0.2,-8.8,0.4,False,True,True,186,1,Lower-value
4ef4c39cf3c24f326434cf0b2e48046a,SP,sao paulo,9,891.0,8,3.375,8,0.125,-5.714285714285714,0.375,False,True,True,216,1,Lower-value
ce616e1913288884e7742faac9d981db,SP,cotia,24,365.1,15,4.466666666666667,15,0.0666666666666666,-12.428571428571429,0.0,False,True,True,93,1,Lower-value
a1474fd46fd3430168f7ec202da39408,SP,pinhais,14,2752.5,12,4.333333333333333,12,0.1666666666666666,-12.666666666666666,0.0833333333333333,False,True,True,242,3,Lower-value
1b61fb1f0f2185d89e9a126c498e9cc7,PR,maringa,1,49.7,1,5.0,1,0.0,-14.0,0.0,False,True,True,0,1,Lower-value
2ff6b7bff164ef05590a52734e1296da,PR,londrina,7,1803.59,7,4.714285714285714,7,0.0,-15.142857142857142,0.0,False,True,True,190,4,Lower-value
e4253cef933647000a82ff39c67b7bde,SP,sao paulo,2,68.0,2,2.0,2,0.0,,0.5,True,True,False,12,1,Lower-value
3a3c180dd702a725bd0ba4117689239e,PR,uniao da vitoria,1,41.9,1,4.0,1,0.0,-7.0,0.0,False,True,True,0,1,Lower-value
bce6a5ecf98e99fd2a8868b15c51f04b,SP,guarulhos,15,3464.9,14,4.071428571428571,14,0.1428571428571428,-8.642857142857142,0.2142857142857142,False,True,True,81,1,High-value
ea65d8b58316a6f2362f2a9e4b3e86ad,SP,campinas,16,2061.4,9,4.0,9,0.0,-8.333333333333334,0.2222222222222222,False,True,True,176,6,Lower-value
686886775c8f6b1191c7b953fb52708c,SP,pedreira,1,189.0,1,5.0,1,0.0,-14.0,0.0,False,True,True,0,1,Lower-value
0a85ebe4e328db81ac9109781205e2f7,SP,jundiai,12,667.9,12,4.583333333333333,12,0.0833333333333333,-8.416666666666666,0.0,False,True,True,105,2,Lower-value
1660ad786c27fd935378b6192a90b417,SP,sao bernardo do campo,13,1570.0,12,4.583333333333333,12,0.0833333333333333,-11.0,0.0833333333333333,False,True,True,339,1,Lower-value
0db783cfcd3b73998abc6e10e59a102f,SP,santos,137,9077.4,132,4.206106870229007,131,0.0378787878787878,-13.098484848484848,0.1287878787878787,False,True,True,545,5,High-value
52f9db5cfb423382a2fa5c9e39303202,SP,echapora,23,1269.77,22,4.136363636363637,22,0.0,-14.952380952380953,0.1363636363636363,False,True,True,268,4,Lower-value
f307937c1bb287c3efc2a514b94b0d1d,MG,araxa,1,189.99,1,5.0,1,0.0,-20.0,0.0,False,True,True,0,1,Lower-value
e88f7a2995ba184710d339c5c4bf2e30,SP,votuporanga,2,251.6,2,5.0,2,0.0,-13.0,0.0,False,True,True,48,1,Lower-value
b76a1f8356322f12529c37b67d5c96c2,SP,santos,5,298.5,5,4.8,5,0.0,-11.2,0.0,False,True,True,61,4,Lower-value
4aba6a02a788d3ec81c03137144d9a80,SC,canoinhas,1,89.9,1,5.0,1,0.0,-11.0,0.0,False,True,True,0,1,Lower-value
9449f25aeaf531019b76999ea49a6949,RJ,rio de janeiro,10,2046.45,10,4.0,10,0.2,-7.555555555555555,0.2,False,True,True,313,1,Lower-value
431af27f296bc6519d890aa5a05fdb11,SP,ribeirao preto,125,13109.5,117,3.775862068965517,116,0.1367521367521367,-7.25,0.2393162393162393,False,True,True,461,1,High-value
53088c75f948b48a7ece173ac17f0c12,RS,triunfo,3,261.70000000000005,3,5.0,3,0.0,-13.666666666666666,0.0,False,True,True,76,2,Lower-value
0f80a40c312b2472dca482cf50f5186f,SP,lencois paulista,1,129.9,1,3.0,1,0.0,-17.0,0.0,False,True,True,0,1,Lower-value
544863df86ed3b78a04e0820d41430ee,ES,serra,1,23.9,1,5.0,1,0.0,-18.0,0.0,False,True,True,0,1,Lower-value
78ef7e885d17f35e2382a47aae8b8cce,RS,santa cruz do sul,3,388.0,3,4.666666666666667,3,0.0,-20.0,0.0,False,True,True,162,1,Lower-value
0be8ff43f22e456b4e0371b2245e4d01,SP,sao paulo,180,11805.5,161,3.950310559006211,161,0.062111801242236,-11.737179487179487,0.1925465838509316,False,True,True,476,13,High-value
1835b56ce799e6a4dc4eddc053f04066,SP,ibitinga,558,33344.21,423,3.630952380952381,420,0.1016548463356974,-10.33093525179856,0.2458628841607565,False,True,True,353,2,High-value
2e13c71026e1a39ba5cc1b86dcb679aa,SP,sao paulo,28,3793.0,24,4.375,24,0.0416666666666666,-13.083333333333334,0.125,False,True,True,238,1,High-value
0af2ab31141893d26aca5a404a537dab,SP,sao paulo,1,59.0,1,5.0,1,0.0,-6.0,0.0,False,True,True,0,1,Lower-value
13d058e4eeac2ce8217660b2f8a05812,SP,osasco,23,3829.77,23,4.217391304347826,23,0.0869565217391304,-10.272727272727272,0.1304347826086956,False,True,True,435,1,High-value
e00d85ce20ea50c1224c66ca5050527d,SP,osasco,1,149.0,1,4.0,1,0.0,-11.0,0.0,False,True,True,0,1,Lower-value
e48b04bf1aa1ef711caebeb7aede6180,PR,curitiba,25,3187.1000000000004,25,4.48,25,0.0,-15.64,0.08,False,True,True,550,2,Lower-value
f67efa3f0b6761102a7f8c6b7b571f5d,PR,curitiba,32,5188.68,31,4.483870967741935,31,0.0,-18.29032258064516,0.064516129032258,False,True,True,551,4,High-value
c273175f7c6c80fb02f051e2fc6d0d72,SP,sao paulo,14,1188.23,14,3.7857142857142856,14,0.0714285714285714,-12.357142857142858,0.2142857142857142,False,True,True,175,2,Lower-value
382229d1e840115ffe3dbf5ff460e417,RJ,rio de janeiro,49,4096.96,46,4.217391304347826,46,0.0652173913043478,-10.6,0.1304347826086956,False,True,True,127,9,High-value
f09b760d23495ac9a7e00d29b769007c,SP,catanduva,1,21.9,1,4.0,1,0.0,-11.0,0.0,False,True,True,0,1,Lower-value
5c243662ce92d84573bfaff24c3e3700,SP,sao paulo,100,32862.02,98,4.144329896907217,97,0.010204081632653,-13.63265306122449,0.1020408163265306,False,True,True,376,2,High-value
38874e327ce94d11390b96eb42d61928,SP,itaquaquecetuba,6,3779.94,6,4.0,6,0.1666666666666666,-11.666666666666666,0.0,False,True,True,384,1,High-value
ab3e0c171fe84a7ba7de130f19cfb485,PR,colorado,10,863.42,7,3.571428571428572,7,0.2857142857142857,-8.0,0.2857142857142857,False,True,True,354,2,Lower-value
85e7c62c1d6ea078c3897424f867a7c8,SC,itapema,2,60.0,2,4.5,2,0.0,-20.5,0.0,False,True,True,20,1,Lower-value
262237171f48e85819065498cac80d7b,SC,brusque,10,599.0,4,4.25,4,0.0,-10.25,0.0,False,True,True,365,1,Lower-value
fd386aa7bed2af3c7035c65506c9b4a3,SP,sao paulo,76,2304.15,69,4.3478260869565215,69,0.1014492753623188,-10.043478260869565,0.144927536231884,False,True,True,186,14,Lower-value
b2f4d63c7203f539a78252565ca32257,RJ,armacao dos buzios,1,14.9,1,5.0,1,0.0,-11.0,0.0,False,True,True,0,1,Lower-value
dd5450b022b2d00a2145a66331e1aef6,SC,joinville,1,59.0,1,5.0,1,0.0,-32.0,0.0,False,True,True,0,1,Lower-value
ff4e2d38692ce827b1a4f4b8196e680d,SP,sao paulo,11,518.9,11,4.2727272727272725,11,0.0,-14.090909090909092,0.0909090909090909,False,True,True,321,2,Lower-value
7963e546f34e098b578f9ad102494601,SP,sao paulo,1,60.99,1,5.0,1,0.0,-8.0,0.0,False,True,True,0,1,Lower-value
1588ac4010787100dddef64568f0ae35,PR,maringa,3,599.97,3,3.0,3,0.0,-9.0,0.3333333333333333,False,True,True,26,1,Lower-value
41c2bad7229b0c25e6becf179ebf63ff,RN,natal,23,782.0,20,4.95,20,0.0,-15.95,0.0,False,True,True,234,1,Lower-value
8b655f0855926bcb49f5835d38dfddf6,SP,osasco,5,1089.5,5,4.8,5,0.0,-5.6,0.0,False,True,True,95,1,Lower-value
a213f1bd6458f4a158f3746cb2514559,PR,maringa,1,41.52,1,5.0,1,0.0,-26.0,0.0,False,True,True,0,1,Lower-value
1b7e5006cb25dd23ce8686691013b121,SP,sao paulo,11,2636.74,11,4.363636363636363,11,0.1818181818181818,-6.363636363636363,0.0909090909090909,False,True,True,307,1,Lower-value
4559697a8f7e637227c2eeaed843baff,SP,presidente prudente,42,3696.0,42,4.047619047619048,42,0.0714285714285714,-12.461538461538462,0.1666666666666666,False,True,True,497,3,High-value
4867209cb29b56b92893d7bde3ce8012,SP,jau,1,150.0,1,4.0,1,0.0,-17.0,0.0,False,True,True,0,1,Lower-value
19a7c9f66ffa6452ff4b4c0cca71da27,PR,itaipulandia,1,279.0,1,5.0,1,0.0,-28.0,0.0,False,True,True,0,1,Lower-value
6fa9202c10491e472dffd59a3e82b2a3,SP,sorocaba,3,7014.24,3,4.333333333333333,3,0.0,-9.0,0.0,False,True,True,14,1,High-value
20d53aad4fe5ee93a64f8839609d3586,MG,santa rita do sapucai,2,51.9,2,2.5,2,0.5,17.0,0.5,False,True,True,168,1,Lower-value
42fa4ee7240e9b8eb4576358ec142ba7,RS,caxias do sul,22,3845.7,22,4.809523809523809,21,0.0,-15.681818181818182,0.0,False,True,True,155,2,High-value
c8660dcf9ba70575f45d80fe28c27713,SP,sao paulo,7,335.0,4,4.5,4,0.25,-9.0,0.0,False,True,True,41,2,Lower-value
253c025bab43881055aeecde5e2d8b77,PR,curitiba,2,94.82,2,4.5,2,0.5,-6.5,0.0,False,True,True,228,1,Lower-value
7ecd59e5e20407131822c1a68ac59c1f,DF,brasilia,29,1466.71,24,4.416666666666667,24,0.125,-12.0,0.0833333333333333,False,True,True,247,1,Lower-value
c026ef0d72e9132d9fa112308090c8dc,RJ,rio de janeiro,1,520.0,1,4.0,1,0.0,-7.0,0.0,False,True,True,0,1,Lower-value
0b09101900100c0e9d312861fad5a1b9,SP,sao paulo,1,153.75,1,4.0,1,0.0,-61.0,0.0,False,True,True,0,1,Lower-value
e8f6dc8e6a1dcde89d20e3995c8d90b3,SP,sao paulo,48,2256.34,36,3.9166666666666665,36,0.0833333333333333,-21.17142857142857,0.1666666666666666,False,True,True,421,9,Lower-value
128f9bfbe4c7d5185033914b1de3d39a,SP,atibaia,16,1277.29,14,4.714285714285714,14,0.0714285714285714,-12.846153846153848,0.0,False,True,True,276,1,Lower-value
a09a13f18ed27932d08438aa6f12756e,RS,sapiranga,1,29.9,1,3.0,1,0.0,-23.0,0.0,False,True,True,0,1,Lower-value
81a1104df0f08b59c68aa5b03cfe398e,PR,sao jose dos pinhais,73,9420.88,73,4.267605633802817,71,0.0410958904109589,-13.708333333333334,0.0821917808219178,False,True,True,330,1,High-value
3f84fefc07dc159b268d4a77d3e8c425,PR,fazenda rio grande,3,200.6,3,5.0,3,0.0,-20.666666666666668,0.0,False,True,True,53,1,Lower-value
750303a20e9c56b2a6bc45cdce0b897d,GO,goiania,57,8085.0,54,4.2407407407407405,54,0.037037037037037,-11.830188679245284,0.1111111111111111,False,True,True,351,7,High-value
f8db351d8c4c4c22c6835c19a46f01b0,SP,salto,724,50525.6,667,4.238310708898944,663,0.0419790104947526,-11.93019726858877,0.1019490254872563,False,True,True,576,19,High-value
0743a0239d764b9a0f959a57d07e36ab,SP,sao paulo,4,336.96,4,4.75,4,0.0,-7.0,0.0,False,True,True,11,2,Lower-value
131fcb0a0c9a47bba4474aacff0f14b7,SP,sao paulo,4,369.8,4,4.0,4,0.0,-8.0,0.0,False,True,True,66,1,Lower-value
1838dd9b8977065acf51d95e0053ea7a,MG,belo horizonte,67,2820.3,64,4.265625,64,0.03125,-11.0,0.140625,False,True,True,369,3,Lower-value
1b8b75e227c9a9c100d0c210fb6176ce,SP,sao paulo,19,1914.83,19,3.3684210526315788,19,0.0526315789473684,-19.6,0.3684210526315789,False,True,True,325,1,Lower-value
eb1bf309f4f6af9a97e9ddac3fdbeabe,SP,diadema,1,22.3,1,5.0,1,0.0,-10.0,0.0,False,True,True,0,1,Lower-value
5d378b73ab7dd6f0418d743e5dcb0bd1,SP,sao paulo,7,13243.0,7,3.857142857142857,7,0.1428571428571428,2.833333333333333,0.1428571428571428,False,True,True,36,0,High-value
39d54ff918774174706fb065d7f9dc07,SP,sao paulo,25,1593.59,23,3.9130434782608696,23,0.0869565217391304,-12.136363636363637,0.2608695652173913,False,True,True,240,1,Lower-value
353e21e8bf8de2722b4fae1636664b76,RS,canoas,4,208.0,4,2.5,4,0.0,-17.25,0.5,False,True,True,109,1,Lower-value
5b33b527da3c5b969cc99dc435cad09a,PR,paranavai,17,1872.79,16,4.125,16,0.0625,-14.0625,0.125,False,True,True,559,5,Lower-value
c9d2ba8dde44a275ae06475ed1d2fafc,MG,uberlandia,1,28.79,1,5.0,1,0.0,-20.0,0.0,False,True,True,0,1,Lower-value
d149de2f383552baea37a7198c2296ce,SP,sao paulo,3,320.70000000000005,3,5.0,3,0.0,-6.333333333333333,0.0,False,True,True,6,1,Lower-value
bf961104a38e01b9062ee026bb657dee,SP,ribeirao preto,4,585.56,4,4.5,4,0.0,-25.75,0.0,False,True,True,7,1,Lower-value
1ca7077d890b907f89be8c954a02686a,SP,santana de parnaiba,137,13341.57,115,2.333333333333333,114,0.1565217391304348,-6.666666666666667,0.6086956521739131,False,True,True,206,2,High-value
89a51f50b8095ea78d5768f34c13a76f,DF,brasilia,11,677.16,10,4.7,10,0.0,-13.2,0.0,False,True,True,98,1,Lower-value
3a490ba60afa30ece0e7d50cfe74a4f0,MG,belo horizonte,8,1529.2,8,4.625,8,0.0,-13.0,0.0,False,True,True,249,1,Lower-value
455f46ef09a9e45667e2981df84b5cc2,SP,sorocaba,2,59.8,2,2.5,2,0.0,-2.0,0.5,False,True,True,0,1,Lower-value
651fe66032c9520ee5587f694908040d,RS,alvorada,7,464.0,7,4.0,7,0.0,-9.0,0.1428571428571428,False,True,True,36,2,Lower-value
6d04126aba80df143fd038e711b8fd96,RJ,rio de janeiro,1,89.99,1,1.0,1,1.0,16.0,1.0,True,True,True,0,1,Lower-value
3febca52652e7209509ccfe61cbde40e,SP,itaquaquecetuba,2,84.0,2,2.0,2,0.0,,0.5,True,True,False,6,1,Lower-value
d566c37fa119d5e66c4e9052e83ee4ea,SP,sao paulo,73,5145.7,65,4.6875,64,0.0,-10.892307692307693,0.0307692307692307,False,True,True,163,2,High-value
62d977e2b2aee830de3e039a28490d12,PR,curitiba,2,399.8,2,1.0,2,0.0,,1.0,True,True,False,2,0,Lower-value
010543a62bd80aa422851e79a3bc7540,SP,sao paulo,2,1416.0,2,4.5,2,0.0,-8.5,0.0,False,True,True,28,1,Lower-value
7178e1eaa97257d8b6d4b80efd77a025,SP,tatui,1,167.9,1,5.0,1,0.0,-10.0,0.0,False,True,True,0,1,Lower-value
2199e7fe213c16213bf5d6a7eadc9a5d,SP,registro,31,4078.29,25,4.24,25,0.04,-13.666666666666666,0.12,False,True,True,678,8,High-value
984c273121e743dd14767befe6cb17f5,SP,americana,1,259.6,1,1.0,1,1.0,3.0,1.0,True,True,True,0,1,Lower-value
2b3e4a2a3ea8e01938cabda2a3e5cc79,SP,sao paulo,54,23629.15,52,4.365384615384615,52,0.0,-11.923076923076923,0.0769230769230769,False,True,True,444,1,High-value
feb793c88d836c3a75efa4b5a3465d70,SP,sao paulo,1,466.0,1,5.0,1,0.0,-8.0,0.0,False,True,True,0,1,Lower-value
e333046ce6517bd8bb510291d44f0130,SP,ipaussu,74,7268.0,68,4.338235294117647,68,0.0441176470588235,-13.426470588235292,0.088235294117647,False,True,True,407,6,High-value
5a413ade68e8f8d93071a7f52a64cb9e,SP,sao paulo,14,778.9,14,4.642857142857143,14,0.0714285714285714,-4.571428571428571,0.0714285714285714,False,True,True,21,1,Lower-value
5a425cc503b39b262a847fd6212bf53b,PR,londrina,15,1360.59,15,4.214285714285714,14,0.0666666666666666,-9.928571428571429,0.1333333333333333,False,True,True,114,1,Lower-value
9535a841eecebed61a9fb1ac1cbb5597,SP,sao paulo,2,784.9,2,3.0,2,0.0,-17.5,0.5,False,True,True,14,1,Lower-value
8f78f0903005064036736c7173a5c2ed,MG,tiradentes,21,2113.7000000000003,13,3.769230769230769,13,0.0,-11.846153846153848,0.2307692307692307,False,True,True,473,4,Lower-value
9803a40e82e45418ab7fb84091af5231,GO,rio verde,18,4278.75,11,3.727272727272727,11,0.0,-16.454545454545453,0.2727272727272727,False,True,True,94,7,High-value
43b2c864251aa0ce4030c746984e088a,DF,brasilia,2,94.8,2,3.0,2,0.0,-9.0,0.5,False,True,True,25,2,Lower-value
83e197e95a1bbabc8c75e883ed016c47,RJ,mage,55,6693.6900000000005,47,4.808510638297872,47,0.0212765957446808,-14.152173913043478,0.0212765957446808,False,True,True,506,2,High-value
17908cf9b444ee34047cadd5c0f4a516,GO,anapolis,11,1993.99,11,4.545454545454546,11,0.0909090909090909,-11.818181818181818,0.0,False,True,True,324,1,Lower-value
17eea220a40cc0d2c0c5346379682398,SP,sao paulo,4,1414.98,4,3.75,4,0.5,-0.6666666666666666,0.25,False,True,True,42,1,Lower-value
270297ead4c65a6cd2593960d2af6b21,SP,sao paulo,20,9422.4,18,3.823529411764706,17,0.0,-13.941176470588236,0.2777777777777778,False,True,True,516,3,High-value
5f0057b677eb963672bf05dfa3f16c34,SP,sao paulo,5,312.88,5,4.2,5,0.0,-35.0,0.2,False,True,True,135,3,Lower-value
8185694b58b2ba6de20fd41ae608bbea,SP,tabao da serra,8,1372.3,8,4.5,8,0.0,-10.75,0.0,False,True,True,154,2,Lower-value
17f51e7198701186712e53a39c564617,SP,sao paulo,61,48019.0,56,4.339285714285714,56,0.0892857142857142,-11.821428571428571,0.0892857142857142,False,True,True,546,1,High-value
2addf05f476d0637864454e93ba673d5,DF,brasilia,12,4552.0,12,5.0,12,0.0,-15.083333333333334,0.0,False,True,True,227,1,High-value
b67d6c666e8dce1d078c882825e12704,SP,sao paulo,8,352.84,7,4.857142857142857,7,0.0,-9.428571428571429,0.0,False,True,True,33,2,Lower-value
ead2bab70821ea148476ae9bc08548ac,MG,belo horizonte,9,412.1,9,4.555555555555555,9,0.0,-19.444444444444443,0.0,False,True,True,301,1,Lower-value
fa14641f57b655e933124a9ea49cd7a5,SP,sao paulo,7,359.92999999999995,7,4.571428571428571,7,0.0,-12.0,0.0,False,True,True,261,3,Lower-value
d1582f4043306e6b91afa6a8a884f898,SP,sao paulo,9,990.0,9,4.111111111111111,9,0.1111111111111111,-14.444444444444445,0.1111111111111111,False,True,True,84,1,Lower-value
d263fa444c1504a75cbca5cc465f592a,SP,americana,1,399.0,1,5.0,1,0.0,-14.0,0.0,False,True,True,0,1,Lower-value
f35b3c613c4f7b2275f4185d0a3c59ec,SP,sao paulo,9,4047.25,9,4.555555555555555,9,0.1111111111111111,-8.11111111111111,0.1111111111111111,False,True,True,94,2,High-value
655220df33262c7e0c4949a147366f94,SP,diadema,15,2245.0,13,4.076923076923077,13,0.1538461538461538,-8.23076923076923,0.1538461538461538,False,True,True,120,2,Lower-value
ad8b531ae67582f096925cff5630d0d1,PR,castro,3,208.35,3,3.0,3,0.0,-11.5,0.3333333333333333,False,True,True,215,2,Lower-value
499185655c29ecfdbfe776ef7cf875b5,RS,porto alegre,1,89.0,1,4.0,1,0.0,-34.0,0.0,False,True,True,0,1,Lower-value
44f091b5abab8018f682fce8124b85e5,SP,sao paulo,6,1680.1,6,2.5,6,0.3333333333333333,-0.3333333333333333,0.6666666666666666,False,True,True,63,1,Lower-value
7210cd29727d674c00741e5e387b3ccd,SP,sao paulo,13,729.0899999999999,9,4.444444444444445,9,0.1111111111111111,-7.444444444444445,0.1111111111111111,False,True,True,71,5,Lower-value
f4ce8ca9fa7157e3b33f536ac9a4487d,SP,penapolis,4,409.6,4,4.75,4,0.0,-7.5,0.0,False,True,True,35,2,Lower-value
0570350b23eda5444f8d1d9544932058,SP,sao paulo,11,626.9,6,5.0,6,0.0,-14.666666666666666,0.0,False,True,True,39,2,Lower-value
de9727ca376d1be6ec121b110aa7954c,PR,sarandi,12,1058.7,10,3.8,10,0.1,-18.666666666666668,0.3,False,True,True,94,1,Lower-value
d3891911c2feae53c52fea2bd14054e5,SP,sao paulo,2,141.0,2,5.0,2,0.0,-15.5,0.0,False,True,True,14,1,Lower-value
70a12e78e608ac31179aea7f8422044b,SP,jacarei,328,30858.53,315,3.7987220447284336,313,0.092063492063492,-10.426282051282053,0.2,False,True,True,580,15,High-value
2eeb6531ee027a48d401e72bebdd87d3,SP,sao jose dos campos,3,38.7,3,4.333333333333333,3,0.0,-27.33333333333333,0.0,False,True,True,7,1,Lower-value
c1ed9e3daf6154542826a6996af0fb8c,SC,itajai,17,971.25,9,3.888888888888889,9,0.1111111111111111,-7.875,0.2222222222222222,False,True,True,198,1,Lower-value
d101c6da914ae3d53f7bee42283f2fe2,SP,sao paulo,16,1297.4,13,3.615384615384616,13,0.0769230769230769,-17.692307692307693,0.3076923076923077,False,True,True,237,3,Lower-value
a00824eb9093d40e589b940ec45c4eb0,SP,bofete,3,9399.97,3,4.666666666666667,3,0.0,-15.0,0.0,False,True,True,185,1,High-value
0015a82c2db000af6aaaf3ae2ecb0532,SP,santo andre,3,2685.0,3,3.6666666666666665,3,0.0,-16.333333333333332,0.3333333333333333,False,True,True,21,1,Lower-value
808d4348b916efa08e766ebad39f61eb,SP,sao paulo,21,731.1,21,4.428571428571429,21,0.0476190476190476,-9.35,0.0952380952380952,False,True,True,45,1,Lower-value
fb3cfbc8a86f5d7fbb4d36b8df63f60d,RJ,rio de janeiro,15,1007.3,10,4.2,10,0.0,-12.0,0.1,False,True,True,67,1,Lower-value
80ceebb4ee9b31afb6c6a916a574a1e2,PR,londrina,1,6729.0,1,,0,1.0,5.0,0.0,False,False,True,0,1,High-value
2d2c62bef4c8ba0dd74e0e228e808539,SP,ribeirao preto,16,3749.0,16,4.125,16,0.125,-9.3125,0.1875,False,True,True,275,4,High-value
7c51de0ab286204ce75ff42bf7c10d92,SC,picarras,4,759.0,4,4.5,4,0.0,-16.0,0.0,False,True,True,21,1,Lower-value
c1d1ebb4745cc43cb6f05e9c8a705c9a,SP,sao paulo,3,34.5,3,2.333333333333333,3,0.3333333333333333,5.0,0.6666666666666666,False,True,True,211,0,Lower-value
8def3db7f272735afb2ecd03aeca09a7,RJ,rio de janeiro,2,196.0,2,5.0,2,0.0,-9.5,0.0,False,True,True,7,1,Lower-value
ff063b022a9a0aab91bad2c9088760b7,SP,santo andre,96,12076.5,94,4.311827956989247,93,0.0319148936170212,-11.893617021276595,0.0851063829787234,False,True,True,552,3,High-value
82bd0703a4aefd6b599e5bfdaed378fb,SP,marilia,24,2692.28,21,3.9047619047619047,21,0.0476190476190476,-20.0,0.1904761904761904,False,True,True,317,4,Lower-value
7fe21dd00d2f4943ae09525efa2fd674,RJ,rio de janeiro,4,299.6,4,3.0,4,0.0,-12.0,0.5,False,True,True,106,2,Lower-value
7ab0dd5487bab2dc835337b244f689fb,SP,sao jose do rio preto,1,12.5,1,5.0,1,0.0,-17.0,0.0,False,True,True,0,1,Lower-value
12a8eb0f8d1cd3270695bf2a99f55966,SP,sao paulo,2,397.0,2,3.5,2,0.0,-10.0,0.5,False,True,True,62,1,Lower-value
beadbee30901a7f61d031b6b686095ad,SP,guarulhos,68,4373.98,64,3.90625,64,0.234375,-9.453125,0.1875,False,True,True,85,3,High-value
bc39d8938f90a3a2b98193723ed59774,SP,cajamar,2,306.8,2,4.0,1,0.0,-13.0,0.0,False,True,True,55,1,Lower-value
fd312b6bf05efac6c3772d5b52205d8a,SP,votorantim,4,118.7,2,5.0,2,0.0,-12.5,0.0,False,True,True,88,1,Lower-value
df683dfda87bf71ac3fc63063fba369d,RS,farroupilha,1,39.9,1,1.0,1,1.0,167.0,1.0,True,True,True,0,1,Lower-value
25cf099de44674fde97473224f9d59ab,SP,cotia,50,1654.36,50,4.326530612244898,49,0.04,-12.92,0.1,False,True,True,445,1,Lower-value
7139dc5186aa238b006e066d8fbab2e4,SP,amparo,24,1712.0,22,4.0,21,0.1363636363636363,-11.045454545454543,0.1818181818181818,False,True,True,185,3,Lower-value
d94a40fd42351c259927028d163af842,MG,baependi,110,13823.8,101,4.181818181818182,99,0.0297029702970297,-13.7,0.1089108910891089,False,True,True,382,2,High-value
406740ee611378a662d274c7d8c43c4a,ES,vitoria,10,1790.0,8,4.375,8,0.125,-7.625,0.125,False,True,True,35,2,Lower-value
6bd503a8230299c9316fb0f726933927,GO,morrinhos,5,324.29,4,4.75,4,0.25,-6.0,0.0,False,True,True,34,2,Lower-value
6576fd3e23c88f0e5d4d23f39bba0542,SP,taboao da serra,1,14.5,1,1.0,1,0.0,,1.0,True,True,False,0,1,Lower-value
0885aaf116795758dfeb5f1032487bcd,SP,ferraz de vasconcelos,30,2648.0,28,4.214285714285714,28,0.0,-12.0,0.1071428571428571,False,True,True,247,2,Lower-value
6288c69c4ce638e59925e59193f98b16,SP,santo andre,22,4506.28,22,3.954545454545455,22,0.0454545454545454,-12.05,0.1363636363636363,False,True,True,505,4,High-value
dfc5fb7259bb2b599ca565e6e9448f0f,SP,sao bernardo do campo,34,6124.63,33,4.121212121212121,33,0.0303030303030303,-13.030303030303031,0.0909090909090909,False,True,True,375,2,High-value
41958cbd3335433c8740300e8cd600d5,SP,sao paulo,1,32.99,1,5.0,1,0.0,-11.0,0.0,False,True,True,0,1,Lower-value
3a3e46d10f74d8a6ca76e2b538f106a0,SP,sao paulo,6,334.9,3,3.333333333333333,3,0.0,-13.0,0.3333333333333333,False,True,True,175,1,Lower-value
2d2322d842118867781fc737e96d59a1,SP,sao paulo,10,176.4,8,4.875,8,0.125,-6.625,0.0,False,True,True,78,1,Lower-value
e4fc40017a6d22c46a14ac2e17f87c3e,PR,arapongas,3,387.0,3,2.333333333333333,3,0.0,-13.0,0.6666666666666666,False,True,True,63,2,Lower-value
5a9b3bcab695173c820e53934574ae80,SP,salto,1,139.0,1,5.0,1,0.0,-26.0,0.0,False,True,True,0,1,Lower-value
2bf6a2c1e71bbd29a4ad64e6d3c3629f,RJ,nova friburgo,31,50628.9,30,4.166666666666667,30,0.0666666666666666,-14.466666666666669,0.1333333333333333,False,True,True,284,2,High-value
7c4618c82226628831613e95e9c22f44,SP,sao roque,13,333.92999999999995,13,4.076923076923077,13,0.0769230769230769,-7.846153846153846,0.1538461538461538,False,True,True,245,1,Lower-value
06579cb253ecd5a3a12a9e6eb6bf8f47,SP,sao paulo - sp,72,4727.2,62,4.080645161290323,62,0.064516129032258,-9.901639344262296,0.1612903225806451,False,True,True,373,3,High-value
8ab42aa58097fd4668d60cc648225d5f,GO,goiania,26,2616.75,20,4.2,20,0.0,-17.3,0.05,False,True,True,296,2,Lower-value
4978a02ea9c8be7a9b5480680f40334e,SP,sao paulo,19,2356.61,18,3.555555555555556,18,0.0,-9.944444444444445,0.2777777777777778,False,True,True,136,4,Lower-value
8e29d051f810eb22959ede205b462b9f,SP,mirassol,2,599.8,2,4.0,2,0.5,4.0,0.0,False,True,True,8,1,Lower-value
ccb83a794700270fde70898fe9ff368b,SC,sombrio,12,11062.0,12,4.333333333333333,12,0.1666666666666666,-9.916666666666666,0.0833333333333333,False,True,True,165,1,High-value
612a743d294c27884fb7b80d2b19ba35,PR,curitiba,3,3057.7000000000003,2,4.5,2,0.0,-18.0,0.0,False,True,True,567,2,Lower-value
cb6c9f5888a7a090c75beaf615925792,ES,vila velha,11,779.8900000000001,11,3.8181818181818175,11,0.0,-11.181818181818182,0.1818181818181818,False,True,True,111,5,Lower-value
c12d7463a579237ffb9248bd7cff378b,SP,sao paulo,1,25.9,1,4.0,1,0.0,-42.0,0.0,False,True,True,0,1,Lower-value
fe701d88b67eaca109dffd464d1be9f9,RJ,marica,11,1548.9,11,4.0,11,0.0909090909090909,-15.9,0.1818181818181818,False,True,True,244,1,Lower-value
46dc3b2cc0980fb8ec44634e21d2718e,RJ,rio de janeiro,542,128111.19,521,4.194174757281553,515,0.055662188099808,-12.172619047619047,0.1305182341650671,False,True,True,682,6,High-value
fedaedd3ca31d56ab33e92035e4b361c,RJ,niteroi,1,39.9,1,4.0,1,0.0,-44.0,0.0,False,True,True,0,1,Lower-value
dbc51f5e45d654ecc16cb68e6817ecea,SP,franca,1,199.99,1,4.0,1,0.0,-7.0,0.0,False,True,True,0,1,Lower-value
81f89e42267213cb94da7ddc301651da,SP,presidente prudente,52,3955.0,46,3.6739130434782608,46,0.0,-9.673913043478262,0.217391304347826,False,True,True,19,3,High-value
630008e0f062605a415d694489f6f82e,SP,sao paulo,3,105.15,2,3.5,2,0.0,-7.0,0.5,False,True,True,7,1,Lower-value
58f1a6197ed863543e0136bdedb3fce2,MG,conselheiro lafaiete,45,6833.0,44,4.181818181818182,44,0.0227272727272727,-15.666666666666666,0.1363636363636363,False,True,True,100,3,High-value
df56d7b40d437f88407c5f78b63bc328,PR,cascavel,25,2791.28,22,4.090909090909091,22,0.0454545454545454,-11.363636363636363,0.1363636363636363,False,True,True,160,1,Lower-value
165fc07beebdcb6190fba8a06db2a449,PR,maringa,64,17481.4,50,3.8,50,0.08,-11.48,0.22,False,True,True,372,2,High-value
0691148aee60ca47977c187804f935ae,PR,londrina,53,5868.51,47,4.170212765957447,47,0.0212765957446808,-13.808510638297872,0.1489361702127659,False,True,True,275,6,High-value
cac876b37d3abcd6bd76caca30277996,PR,cascavel,33,2229.77,27,4.461538461538462,26,0.0,-16.48148148148148,0.037037037037037,False,True,True,163,6,Lower-value
9ac4f14370b1e24ddc58be041b7f99df,GO,jaragua,5,314.51,5,4.4,5,0.0,-15.2,0.0,False,True,True,130,3,Lower-value
70eea00b476a314817cefde4aad4f89a,SP,itatiba,114,31994.65,108,4.377358490566038,106,0.0648148148148148,-12.075471698113208,0.074074074074074,False,True,True,559,6,High-value
282c7480173bb9c01dd41cc739fec010,SP,sao paulo,8,4274.2,5,4.0,4,0.2,-11.4,0.2,False,True,True,12,2,High-value
c840d3fdbba0790404fdae73d253b253,PR,curitiba,14,4522.28,9,3.555555555555556,9,0.0,-17.77777777777778,0.2222222222222222,False,True,True,251,2,High-value
4f40d2ed38d1cc945364a7cd202a82c7,SP,sao paulo,1,319.9,1,1.0,1,0.0,,1.0,True,True,False,0,1,Lower-value
9cad4b68bb993ee401a3c5aaa2bc26dd,SP,birigui,7,649.3000000000001,5,2.8,5,0.2,-7.6,0.4,False,True,True,180,1,Lower-value
dbbcfe2c8d026742134ac3e28ccde274,PR,curitiba,4,308.59000000000003,4,4.0,4,0.0,-16.0,0.25,False,True,True,316,1,Lower-value
2fdde51ad3e12f297da656d4fbd5d0b5,SC,joinville,10,6252.0,10,4.7,10,0.0,-18.0,0.0,False,True,True,181,2,High-value
7040e82f899a04d1b434b795a43b4617,SP,sao paulo,228,9738.2,212,3.6,210,0.0754716981132075,-10.288461538461538,0.2688679245283019,False,True,True,349,10,High-value
83a75eea11694e36e56dd0cb2240229a,SP,amparo,3,487.0,3,5.0,3,0.0,-14.666666666666666,0.0,False,True,True,51,0,Lower-value
a1544b9ea0b2390e020537d4daa89049,SP,jundiai,8,841.2,8,3.875,8,0.0,-20.0,0.125,False,True,True,545,1,Lower-value
b8a0adc91af209270c2c725168eb00fd,SP,ibitinga,6,281.4,6,4.0,6,0.0,-13.333333333333334,0.1666666666666666,False,True,True,71,1,Lower-value
20b54c376b794ed028df09a3cd88e8dc,SP,sao caetano do sul,11,1342.95,11,3.0,11,0.1818181818181818,-3.0,0.3636363636363636,False,True,True,288,5,Lower-value
5415337f1863452476d42d9f14a16a61,MG,belo horizonte,1,44.9,1,3.0,1,0.0,-23.0,0.0,False,True,True,0,1,Lower-value
e0482f2c769468c3bbcd8a01e09d98c5,SP,sao paulo,1,189.0,1,4.0,1,0.0,-14.0,0.0,False,True,True,0,1,Lower-value
3fe7120d6257285ac6a3ce7cb071ccec,MG,governador valadares,2,199.98,2,3.5,2,0.0,-16.0,0.0,False,True,True,5,1,Lower-value
7daca0837f033a41a6f3428c18657533,SP,tanabi,7,1228.98,7,3.571428571428572,7,0.2857142857142857,-5.571428571428571,0.2857142857142857,False,True,True,51,1,Lower-value
d66c305afaec317ebee552073a674429,MG,ribeirao das neves,47,4886.46,41,4.2926829268292686,41,0.024390243902439,-18.84210526315789,0.0975609756097561,False,True,True,128,8,High-value
a5ff20ff766e7f50bd5066f33da14413,SP,sao paulo,4,66.59,2,3.0,2,0.0,-27.0,0.5,False,True,True,4,2,Lower-value
adbe70ab2c97442046d393988c8d1d27,SP,maua,5,289.5,5,5.0,4,0.0,-8.8,0.0,False,True,True,35,1,Lower-value
74c7dec0a384d8a05950e629bd23bde9,SP,mogi guacu,5,187.68,5,3.6,5,0.0,-9.0,0.4,False,True,True,87,2,Lower-value
42bde9fef835393bb8a8849cb6b7f245,DF,brasilia,40,7703.0,35,4.257142857142857,35,0.0285714285714285,-14.647058823529411,0.0857142857142857,False,True,True,408,3,High-value
89bc797e2e29667aa035d4368f9b7f92,SP,sao paulo,20,407.3,17,3.7058823529411766,17,0.1764705882352941,-19.625,0.2352941176470588,False,True,True,187,1,Lower-value
f9eedec3129e8cc6b6429c42d0808c5b,RJ,"rio de janeiro, rio de janeiro, brasil",2,789.8,2,4.5,2,0.0,-9.0,0.0,False,True,True,1,1,Lower-value
66922902710d126a0e7d26b0e3805106,MG,belo horizonte,156,14362.3,151,4.473333333333334,150,0.0728476821192053,-10.333333333333334,0.0596026490066225,False,True,True,464,1,High-value
32f1bb9dfa65bc7df5c0d9d95a616be4,SP,sao paulo,6,276.39,5,4.0,4,0.2,-7.0,0.2,False,True,True,142,3,Lower-value
05f51e13da97139648b8125c31e5f51b,MG,belo horizonte,63,13769.01,60,4.066666666666666,60,0.15,-9.842105263157896,0.1833333333333333,False,True,True,255,3,High-value
c43d924a0f1688ee9fae0efcd6f539d4,RJ,rio de janeiro,1,29.9,1,4.0,1,0.0,-32.0,0.0,False,True,True,0,1,Lower-value
91543f9849d68d023e17194926598543,SC,blumenau,6,834.0,4,4.5,4,0.0,-15.5,0.0,False,True,True,201,1,Lower-value
3ded4e2d5f135cb103e5949d7263d2dd,MG,pouso alegre,1,49.9,1,5.0,1,0.0,-17.0,0.0,False,True,True,0,1,Lower-value
7d456afc660226829370f3173d14520c,SP,mogi das cruzes,91,8338.25,56,4.357142857142857,56,0.0357142857142857,-13.090909090909092,0.0892857142857142,False,True,True,684,5,High-value
1900267e848ceeba8fa32d80c1a5f5a8,SP,ibitinga,529,24982.53,411,3.836633663366337,404,0.0802919708029197,-10.12807881773399,0.1922141119221411,False,True,True,465,3,High-value
4ce6e5f6c52515177e18c1c9361d8677,SP,sao bernardo do campo,1,226.6,1,3.0,1,0.0,,0.0,False,True,False,0,1,Lower-value
157c3e4b42f81ac4a44e8b1ca2fe9876,SP,sao paulo,31,2548.5,23,3.695652173913044,23,0.0869565217391304,-14.08695652173913,0.217391304347826,False,True,True,300,2,Lower-value
9fbd5666d8618fa571c4230fafa09bd6,SP,sao paulo,1,79.9,1,5.0,1,0.0,-6.0,0.0,False,True,True,0,1,Lower-value
eb9cd5b35d95206585e2185318cb5c61,SP,sao paulo,3,550.0,2,3.0,2,0.0,-5.0,0.5,False,True,True,24,1,Lower-value
08d2d642cf72b622b14dde1d2f5eb2f5,SP,marilia,21,914.0,17,4.3125,16,0.1176470588235294,-11.5,0.0,False,True,True,296,5,Lower-value
525e75a6fb1454a2325ab1734bcec221,SP,barueri,11,657.0699999999999,10,3.6,10,0.0,-13.0,0.2,False,True,True,172,1,Lower-value
0e982cff76cc0579f632cea8a0e38c9d,SC,itajai,12,1307.34,7,4.0,7,0.0,-11.666666666666666,0.1428571428571428,False,True,True,188,1,Lower-value
bc30de0d71bd6260b936a026b5cf7200,SP,pedreira,3,392.37,3,4.666666666666667,3,0.0,-20.33333333333333,0.0,False,True,True,14,1,Lower-value
014c0679dd340a0e338872e7ec85666a,MG,timoteo,15,7058.0,14,3.857142857142857,14,0.1428571428571428,-11.071428571428571,0.1428571428571428,False,True,True,524,3,High-value
78ba5933c21686d1c2f64669c8c459e7,SP,mogi das cruzes,2,191.8,2,4.0,2,0.0,-14.0,0.0,False,True,True,56,2,Lower-value
6ee85be3693ed79a8e80718743d80655,SP,sao paulo,13,484.5,9,2.333333333333333,9,0.2222222222222222,-5.2,0.6666666666666666,False,True,True,124,2,Lower-value
63272377184e969942f7fff221be858d,SP,sao paulo,2,149.7,2,5.0,2,0.0,-8.5,0.0,False,True,True,0,1,Lower-value
d5ba419e26d246a0719437cf37d9b46d,SP,sao paulo,35,4061.4,34,3.909090909090909,33,0.088235294117647,-8.878787878787879,0.1764705882352941,False,True,True,473,1,High-value
15aac934c58d886785ac1b17953ea898,ES,muqui,26,4353.9,25,4.24,25,0.12,-9.24,0.08,False,True,True,249,11,High-value
0b36063d5818f81ccb94b54adfaebbf5,SC,jaragua do sul,15,765.0,1,5.0,1,0.0,-21.0,0.0,False,True,True,0,1,Lower-value
f789d2c4f2c2eb38fc4373e7a4b35264,MG,juiz de fora,49,4864.24,44,4.159090909090909,44,0.0454545454545454,-15.045454545454543,0.1363636363636363,False,True,True,504,2,High-value
fcf16b7a8697e559f0123190bb30177d,SP,sao paulo,7,1052.8,3,3.333333333333333,3,0.6666666666666666,0.3333333333333333,0.3333333333333333,False,True,True,176,1,Lower-value
880eda903e719a5f179f7e9fceb3a69d,SP,ipua,1,249.0,1,1.0,1,0.0,,1.0,True,True,False,0,1,Lower-value
7f5e4d5efad7e44b91115dd1decb65f3,SP,jacarei / sao paulo,9,179.9,3,5.0,3,0.0,-10.666666666666666,0.0,False,True,True,82,1,Lower-value
299c89a525fee36c567f4fe72f038100,CE,varzea alegre,2,658.0,2,2.0,2,0.0,-5.0,0.5,True,True,True,37,2,Lower-value
87b740daf17b5d1be335a64164ec6842,SP,suzano,13,14699.87,13,3.3076923076923075,13,0.0769230769230769,-12.727272727272728,0.3076923076923077,False,True,True,525,1,High-value
d4f91e8be86b38da2ee35bc489645a9d,SP,guaratingueta,1,49.99,1,5.0,1,0.0,-36.0,0.0,False,True,True,0,1,Lower-value
eb3071b9f0b0ddaa2df5ea130f09f26b,SP,sao paulo,11,6230.0,9,4.555555555555555,9,0.1111111111111111,-15.0,0.0,False,True,True,454,2,High-value
7b3f6ce5c6c22e9b96e7581ebf0df6e1,SP,tambau,1,29.8,1,3.0,1,0.0,-15.0,0.0,False,True,True,0,0,Lower-value
31da954dc0855f2495c6310f70a2f931,SP,araras,30,4583.0,29,4.206896551724138,29,0.0689655172413793,-10.586206896551724,0.1034482758620689,False,True,True,343,2,High-value
63b9ae557efed31d1f7687917d248a8d,SP,sao jose do rio pardo,7,139.5,5,4.2,5,0.0,-20.0,0.2,False,True,True,131,2,Lower-value
ef9952469137ff190bacafe117f51537,MG,uberaba,5,1002.66,5,4.8,5,0.0,-17.0,0.0,False,True,True,81,1,Lower-value
c18309219e789960add0b2255ca4b091,RJ,rio de janeiro,1,9.9,1,5.0,1,0.0,-9.0,0.0,False,True,True,0,1,Lower-value
4a82168aaef173cbb6e46ae88728f919,PR,irati,4,512.0,4,4.0,4,0.0,-13.75,0.25,False,True,True,24,2,Lower-value
17e34d8224d27a541263c4c64b11a56b,SP,riberao preto,268,56363.24,255,4.185770750988143,253,0.0745098039215686,-10.566801619433198,0.1254901960784313,False,True,True,549,12,High-value
e2aee0892199b1d92530e371abd825bf,PR,rolandia,41,5662.57,38,3.789473684210526,38,0.131578947368421,-11.88888888888889,0.2368421052631578,False,True,True,565,4,High-value
870d0118f7a9d85960f29ad89d5d989a,MG,pocos de caldas,61,3157.2,45,4.044444444444444,45,0.0444444444444444,-9.977777777777778,0.0888888888888888,False,True,True,505,2,Lower-value
eb9267cccc90f1b49c8d2f9887c7dd97,PE,recife,1,319.9,1,5.0,1,0.0,-10.0,0.0,False,True,True,0,1,Lower-value
5de1c80811ce7007f62f00d971236c09,SC,florianopolis,2,76.8,2,5.0,2,0.0,-14.5,0.0,False,True,True,27,1,Lower-value
ec8879960bd2221d5c32f8e12f7da711,SP,itatiba,36,4062.4,36,4.314285714285714,35,0.1666666666666666,-8.714285714285714,0.1111111111111111,False,True,True,329,1,High-value
586a871d4f1221763fddb6ceefdeb95e,RS,porto alegre,2,198.0,1,1.0,1,1.0,22.0,1.0,True,True,True,0,1,Lower-value
a35124e2d763d7ca3fbe3b97d143200f,SP,sao paulo,7,411.5,4,4.75,4,0.0,-12.25,0.0,False,True,True,54,1,Lower-value
9198786624eaeb375793215cad26cfa6,SC,rodeio,10,908.3,9,3.7777777777777777,9,0.0,-18.0,0.3333333333333333,False,True,True,445,3,Lower-value
fe1b067411b8c5066e962aa146ccee03,SP,presidente prudente,8,847.78,8,4.625,8,0.0,-9.625,0.0,False,True,True,27,2,Lower-value
6b9b80d53ba3676eafe60268a810b5a1,SP,belo horizonte,10,882.7,10,3.9,10,0.0,-15.11111111111111,0.2,False,True,True,208,1,Lower-value
a938325a4b357fd23a6a4d5bb126408e,RJ,nilopolis,25,3231.0,24,3.8333333333333335,24,0.0416666666666666,-11.458333333333334,0.2083333333333333,False,True,True,332,1,Lower-value
f1b854361f4e15d5851b494df66f22b2,RJ,rio de janeiro,4,1168.8,3,3.333333333333333,3,0.0,-12.333333333333334,0.3333333333333333,False,True,True,100,2,Lower-value
3d49bfdd1b43a7fe169b3740067acc61,MG,montes claros,3,215.0,3,4.666666666666667,3,0.0,-20.33333333333333,0.0,False,True,True,53,1,Lower-value
9df5750209b83567ec144eb299d7d634,RS,sao leopoldo,11,4917.0,11,4.0,11,0.0909090909090909,-20.27272727272728,0.1818181818181818,False,True,True,651,3,High-value
3d62f86afa7c73be2628a3be1423f5a0,SP,jacarei,2,12.0,2,4.0,2,0.0,-21.0,0.0,False,True,True,27,1,Lower-value
497709c2976a8fa308730a2dec5b0726,SP,diadema,2,76.0,1,5.0,1,0.0,-2.0,0.0,False,True,True,0,1,Lower-value
e73bf2cea7fe4b0b4d287a7568ed1099,SC,chapeco,5,737.6999999999999,4,5.0,4,0.0,-22.0,0.0,False,True,True,27,2,Lower-value
778323240ce2830d68aab11794e00bfb,SP,sao paulo,3,189.98,3,4.333333333333333,3,0.0,-7.333333333333333,0.0,False,True,True,34,1,Lower-value
2493dc3f20131696a0ecdb9948051a8d,DF,brasilia,4,504.38,4,4.75,4,0.0,-23.75,0.0,False,True,True,14,1,Lower-value
a3dd39f583bc80bd8c5901c95878921e,BA,salvador,37,4607.81,34,4.588235294117647,34,0.0294117647058823,-11.794117647058824,0.0294117647058823,False,True,True,230,1,High-value
4342d4b2ba6b161468c63a7e7cfce593,RJ,rio de janeiro,20,2867.1,20,1.263157894736842,19,0.05,-6.5,0.9,True,True,True,213,1,Lower-value
06df0c10d34e459d9672bc77388742eb,PR,maringa,30,9070.0,26,4.346153846153846,26,0.0384615384615384,-13.461538461538462,0.0769230769230769,False,True,True,143,1,High-value
89757206b887aed36f3e18d858460fea,SP,sao paulo,2,120.5,2,5.0,2,0.0,-14.5,0.0,False,True,True,62,1,Lower-value
d8b8f2cf9ff6ba0389072541cb42498c,GO,formosa,1,149.0,1,5.0,1,0.0,-17.0,0.0,False,True,True,0,1,Lower-value
3c03b12bab54d8b37d79d914bfdb1aa0,RJ,sao joao de meriti,43,4236.34,37,3.8333333333333335,36,0.1621621621621621,-9.16216216216216,0.1891891891891892,False,True,True,243,2,High-value
9d5a9018aee56acb367ba9c3f05d1d6a,GO,aparecida de goiania,79,10292.31,67,4.417910447761194,67,0.0149253731343283,-13.454545454545457,0.1194029850746268,False,True,True,375,5,High-value
f9244d45189d3a3605499abddeade7d5,SP,sao paulo,21,15731.43,21,4.285714285714286,21,0.0,-24.25,0.0476190476190476,False,True,True,556,3,High-value
2b3b9ce054da76a7428df143a567b156,SP,sao paulo,6,301.0,5,3.6,5,0.0,-14.8,0.2,False,True,True,62,1,Lower-value
198c7ea11960a9844b544d9bcdca860c,MG,jacutinga,25,1733.75,25,3.88,25,0.08,-10.8,0.24,False,True,True,208,2,Lower-value
a478c7961d6a992065b24e63b366f90b,SC,blumenau,9,1281.5,8,4.875,8,0.0,-16.875,0.0,False,True,True,376,2,Lower-value
30c7f28fd3a5897b2c82d152bb760c17,RJ,niteroi,7,2178.27,7,1.6666666666666667,6,0.1428571428571428,-2.6666666666666665,0.5714285714285714,True,True,True,219,4,Lower-value
66e0557ecc2b4dbea057e93f215f68d8,SP,sao paulo,31,12480.0,31,3.935483870967742,31,0.1935483870967742,-8.9,0.1612903225806451,False,True,True,264,1,High-value
be1e9e378700cecaa4ebf71433d7915c,SP,ribeirao preto,2,119.89,2,3.0,2,1.0,23.5,0.5,False,True,True,64,0,Lower-value
21e83881401b92b49fb09a16d3852291,MG,uberlandia,15,3588.05,14,4.357142857142857,14,0.0,-13.583333333333334,0.1428571428571428,False,True,True,325,2,High-value
55c96925041a14097b6a7825554f4ad5,SP,sao paulo,10,294.8,6,4.0,6,0.1666666666666666,-8.0,0.1666666666666666,False,True,True,297,1,Lower-value
918f6fbcf3ab724d805867303e593a1b,SP,valinhos,3,79.69999999999999,2,4.0,2,0.0,-17.0,0.0,False,True,True,9,2,Lower-value
daeb5653dd96c1b11860f72209795012,MG,belo horizonte,41,2305.9,40,4.05,40,0.075,-11.5,0.175,False,True,True,336,8,Lower-value
228e4c1a0be164f613d41c24345f9d2c,PR,bandeirantes,5,539.7,5,5.0,5,0.0,-20.2,0.0,False,True,True,95,1,Lower-value
5145090ab595c0d0b8557199f5701fbf,PR,curitiba,4,1459.6,4,4.25,4,0.0,-25.5,0.0,False,True,True,86,1,Lower-value
87e24fc7052259b1f7f607d61c10d8be,SP,sao paulo,8,7473.49,8,3.5,8,0.125,-12.142857142857142,0.25,False,True,True,90,3,High-value
d66c11a9572221d92fbb8c4897db5f9b,RJ,rio de janeiro,16,776.56,16,4.5625,16,0.0,-11.25,0.0,False,True,True,59,3,Lower-value
e2c92f9c1c7746d899d18f2e158bbff7,SP,sao jose do rio preto,14,1894.7,14,4.071428571428571,14,0.0,-10.083333333333334,0.1428571428571428,False,True,True,110,1,Lower-value
ea67327e24487bdfac5fbfa37ea124df,SP,ibitinga,34,6250.18,32,3.53125,32,0.03125,-14.9375,0.25,False,True,True,226,1,High-value
db6a4d4b5f1f5f98820ce6ce2619e2de,SP,sao paulo,1,135.99,1,5.0,1,0.0,-19.0,0.0,False,True,True,0,1,Lower-value
1d1bbb8ac1581824986f582583fff01d,SC,indaial,4,166.88,4,3.5,4,0.25,-5.75,0.25,False,True,True,119,2,Lower-value
f90f77ef2799a27f80d90c425ca944f7,PR,londrina,1,70.0,1,5.0,1,0.0,-20.0,0.0,False,True,True,0,1,Lower-value
bbf4a892cac7b82422baa711dffb8997,PR,curitiba,1,70.0,1,5.0,1,0.0,-29.0,0.0,False,True,True,0,1,Lower-value
39f776d2974049026ff531fc42ef2a3e,GO,goiania,4,1084.04,3,3.6666666666666665,3,0.0,-19.33333333333333,0.3333333333333333,False,True,True,103,1,Lower-value
c70c1b0d8ca86052f45a432a38b73958,SP,hortolandia,338,36537.37,261,4.359073359073359,259,0.053639846743295,-8.988461538461538,0.0919540229885057,False,True,True,144,1,High-value
9e6967d3cf386d284251784b18ccb485,SP,sao caetano do sul,11,517.67,9,3.888888888888889,9,0.1111111111111111,-6.666666666666667,0.2222222222222222,False,True,True,62,2,Lower-value
747e73c01a4593d4cf60dcf970fd2689,PE,vitoria de santo antao,3,2217.99,3,4.333333333333333,3,0.0,-30.0,0.0,False,True,True,56,1,Lower-value
63704069d9bd3a75c1cf59babe56004a,SP,jundiai,1,59.3,1,1.0,1,1.0,7.0,1.0,True,True,True,0,1,Lower-value
4e2627090e6e5b9fabba883a37897683,MG,belo horizonte,5,199.5,2,1.0,1,0.0,-14.0,0.5,True,True,True,42,1,Lower-value
61b18775be84fb700a6b2d0ba097bf66,SP,araraquara,5,334.5,4,4.75,4,0.0,-11.25,0.0,False,True,True,126,1,Lower-value
95cca791657aabeff15a07eb152d7841,PR,palotina,1,9.99,1,5.0,1,0.0,-26.0,0.0,False,True,True,0,1,Lower-value
dde698c6d0bd24834c586e5111c2bba7,RJ,petropolis,1,155.9,1,5.0,1,0.0,-15.0,0.0,False,True,True,0,1,Lower-value
e94b64dc6979b302a5a5be1662c83bb6,SP,itapecerica da serra,2,306.89,2,5.0,2,0.0,-16.0,0.0,False,True,True,2,1,Lower-value
15ead3a5037a918ddb520dfe39a3d2b9,MG,conselheiro lafaiete,8,275.5,7,4.285714285714286,7,0.1428571428571428,-8.0,0.1428571428571428,False,True,True,91,1,Lower-value
9d489893ff6af05029671b785f54b998,SP,leme,6,298.7,5,4.0,5,0.0,-13.4,0.2,False,True,True,426,2,Lower-value
725af026f869236a8dd0ceb98564d156,MG,claudio,8,1177.71,7,3.4285714285714284,7,0.0,-26.8,0.2857142857142857,False,True,True,285,1,Lower-value
f00f5b35d0abcacbdd863672f4bb2c1a,SP,sao paulo,1,299.0,1,4.0,1,0.0,-21.0,0.0,False,True,True,0,1,Lower-value
7bac63f6603d382cc8d0832eb6c100a8,SP,sao paulo,19,7751.95,19,4.0,19,0.1052631578947368,-5.421052631578948,0.1052631578947368,False,True,True,272,4,High-value
f1fdf2d13186575751aa25876536d85c,SP,sao paulo,1,26.3,1,5.0,1,0.0,-6.0,0.0,False,True,True,0,1,Lower-value
98dddbc4601dd4443ca174359b237166,PR,sarandi,2,158.0,2,5.0,2,0.0,-10.5,0.0,False,True,True,9,1,Lower-value
f8201cab383e484733266d1906e2fdfa,SC,palhoca,10,889.0,10,4.1,10,0.1,-11.7,0.1,False,True,True,420,1,Lower-value
74871d19219c7d518d0090283e03c137,SP,sao paulo,7,550.04,6,5.0,6,0.0,-8.333333333333334,0.0,False,True,True,138,3,Lower-value
e603cf3fec55f8697c9059638d6c8eb5,RS,pelotas,11,297.0,8,4.25,8,0.0,-24.428571428571427,0.125,False,True,True,129,0,Lower-value
9e25199f6ef7e7c347120ff175652c3b,SP,taubate,1,12.5,1,4.0,1,0.0,-14.0,0.0,False,True,True,0,1,Lower-value
