seller_id,seller_zip_code_prefix,seller_city,seller_state,total_items_sold,unique_orders_from_items,unique_products_sold,category_diversity,total_item_sales_value,total_item_freight_value,orders_handled,unique_customers,first_order_date,last_order_date,avg_review_score,review_count,late_delivery_orders,avg_delivery_delay_days,avg_actual_delivery_days,avg_order_items,avg_order_sales_value,avg_order_freight_value,review_risk_orders,late_delivery_rate,review_risk_rate,seller_tenure_days,review_risk_flag,active_seller_flag
3442f8959a84dea7ee197c632cb2df15,13023,campinas,SP,3,3,3,1,218.70000000000002,27.9,3,3,2017-05-05 16:12:29,2017-08-30 11:47:52,3.0,3,1,-6.0,12.666666666666666,1.0,72.9,9.299999999999999,1,0.3333333333333333,0.3333333333333333,116,False,True
d1b65fc7debc3361ea86b5f14c68d2e2,13844,mogi guacu,SP,41,40,30,3,11703.07,1438.73,40,40,2017-03-28 09:00:00,2018-06-06 20:01:45,4.55,40,1,-15.974358974358974,8.743589743589743,1.025,292.57675,35.96825,2,0.025,0.05,435,False,True
ce3ad9de960102d0677a81f5d0bb7b2d,20031,rio de janeiro,RJ,1,1,1,1,158.0,16.21,1,1,2018-07-30 12:20:10,2018-07-30 12:20:10,5.0,1,0,-13.0,4.0,1.0,158.0,16.21,0,0.0,0.0,0,False,True
c0f3eea2e14555b6faeea3dd58c1b1c3,4195,sao paulo,SP,1,1,1,1,79.99,15.66,1,1,2018-08-03 00:26:04,2018-08-03 00:26:04,5.0,1,0,-16.0,5.0,1.0,79.99,15.66,0,0.0,0.0,0,False,True
51a04a8a6bdcb23deccc82b0b80742cf,12914,braganca paulista,SP,1,1,1,1,167.99,31.93,1,1,2017-11-14 12:04:09,2017-11-14 12:04:09,1.0,1,1,7.0,35.0,1.0,167.99,31.93,1,1.0,1.0,0,True,True
c240c4061717ac1806ae6ee72be3533b,20920,rio de janeiro,RJ,1,1,1,1,59.9,13.99,1,1,2018-05-08 17:40:24,2018-05-08 17:40:24,4.0,1,0,-15.0,6.0,1.0,59.9,13.99,0,0.0,0.0,0,False,True
e49c26c3edfa46d227d5121a6b6e4d37,55325,brejao,PE,36,35,31,7,3654.25,1175.46,35,35,2017-02-04 18:51:41,2018-07-25 14:20:31,4.457142857142857,35,0,-19.647058823529413,11.088235294117647,1.0285714285714285,104.40714285714286,33.58457142857143,3,0.0,0.08571428571428572,535,False,True
1b938a7ec6ac5061a66a3766e0e75f90,16304,penapolis,SP,33,30,8,6,3987.6,910.23,30,30,2017-09-22 17:15:55,2018-08-18 18:46:34,4.3,30,0,-14.758620689655173,11.03448275862069,1.1,132.92,30.341,3,0.0,0.1,330,False,True
768a86e36ad6aae3d03ee3c6433d61df,1529,sao paulo,SP,17,17,8,2,587.46,180.24,17,17,2018-06-19 11:51:55,2018-08-23 20:27:42,4.647058823529412,17,2,-8.823529411764707,4.588235294117647,1.0,34.5564705882353,10.602352941176472,0,0.11764705882352941,0.0,65,False,True
ccc4bbb5f32a6ab2b7066a4130f114e3,80310,curitiba,PR,192,187,12,2,74004.62,5256.98,187,186,2017-01-07 13:29:22,2018-08-21 20:53:43,4.28494623655914,186,12,-16.91304347826087,15.375,1.0267379679144386,395.7466310160428,28.11219251336898,22,0.06417112299465241,0.11764705882352941,591,False,True
8cb7c5ddf41f4d506eba76e9a4702a25,75110,anapolis,GO,2,2,1,1,138.0,44.37,2,2,2018-02-07 22:52:02,2018-04-20 11:20:41,3.0,2,0,-12.0,16.0,1.0,69.0,22.185,1,0.0,0.5,71,False,True
a7a9b880c49781da66651ccf4ba9ac38,13530,itirapina,SP,4,3,4,1,307.6,65.47,3,3,2018-05-16 16:16:03,2018-07-06 11:54:40,3.6666666666666665,3,0,-12.0,9.0,1.3333333333333333,102.53333333333335,21.823333333333334,0,0.0,0.0,50,False,True
8bd0f31cf0a614c658f6763bd02dea69,1222,sao paulo,SP,35,33,10,3,4455.34,967.98,33,33,2017-01-18 10:55:55,2018-08-16 20:32:56,4.28125,32,1,-13.515151515151516,9.424242424242424,1.0606060606060606,135.01030303030302,29.332727272727272,3,0.030303030303030304,0.09090909090909091,575,False,True
05a48cc8859962767935ab9087417fbb,5372,sao paulo,SP,1,1,1,1,42.9,16.49,1,1,2018-08-02 12:05:38,2018-08-02 12:05:38,5.0,1,0,-18.0,11.0,1.0,42.9,16.49,0,0.0,0.0,0,False,True
7b8e8ec35bad4b0ef7e3963650b0a87b,88705,tubarao,SC,5,5,3,2,2244.2799999999997,372.02,5,5,2018-04-02 10:44:37,2018-07-26 14:16:04,4.8,5,1,-0.4,21.4,1.0,448.85599999999994,74.404,0,0.2,0.0,115,False,True
1444c08e64d55fb3c25f0f09c07ffcf2,42738,lauro de freitas,BA,1,1,1,1,2749.0,69.74,1,1,2018-04-28 12:23:26,2018-04-28 12:23:26,1.0,1,0,-22.0,10.0,1.0,2749.0,69.74,1,0.0,1.0,0,True,True
166e8f1381e09651983c38b1f6f91c11,88780,imbituba,SC,2,2,1,0,78.8,30.2,2,2,2017-07-25 01:53:48,2017-08-21 00:27:44,5.0,2,0,-8.5,14.0,1.0,39.4,15.1,0,0.0,0.0,26,False,True
e38db885400cd35c71dfd162f2c1dbcf,70740,brasilia,DF,32,30,17,1,2066.8,670.75,30,30,2017-08-20 19:32:32,2018-08-15 14:11:19,4.466666666666667,30,3,-12.333333333333334,12.4,1.0666666666666667,68.89333333333335,22.358333333333334,2,0.1,0.06666666666666667,359,False,True
d2e753bb80b7d4faa77483ed00edc8ca,45810,porto seguro,BA,15,14,9,2,1320.7,454.24,14,14,2017-10-06 16:05:51,2018-05-18 00:35:08,3.7142857142857144,14,1,-15.428571428571429,12.5,1.0714285714285714,94.33571428571429,32.44571428571429,1,0.07142857142857142,0.07142857142857142,223,False,True
f9ec7093df3a7b346b7bcf7864069ca3,5138,sao paulo,SP,9,9,9,5,519.2,118.93,9,9,2018-07-05 06:46:44,2018-08-26 20:08:21,4.777777777777778,9,0,-7.666666666666667,5.888888888888889,1.0,57.6888888888889,13.214444444444446,0,0.0,0.0,52,False,True
4e6015589b781adaa5ce7f1892d06bb1,11440,guaruja,SP,3,3,1,1,684.0,56.5,3,3,2017-10-12 19:42:09,2018-01-24 11:06:18,3.6666666666666665,3,0,-12.666666666666666,5.333333333333333,1.0,228.0,18.833333333333332,0,0.0,0.0,103,False,True
4cf490a58259286ada5ba8525ba9e84a,14910,tabatinga,SP,8,8,6,1,1254.2,155.19,8,8,2017-03-14 13:06:10,2017-11-23 12:17:53,3.125,8,0,-17.857142857142858,24.285714285714285,1.0,156.775,19.39875,3,0.0,0.375,253,False,True
f7496d659ca9fdaf323c0aae84176632,4156,sao paulo,SP,27,26,16,2,5087.57,844.9399999999999,26,26,2016-10-08 10:55:44,2018-08-16 11:34:12,4.576923076923077,26,1,-21.08,11.96,1.0384615384615385,195.67576923076922,32.497692307692304,2,0.038461538461538464,0.07692307692307693,677,False,True
2ff97219cb8622eaf3cd89b7d9c09824,13320,salto,SP,96,89,45,14,4476.9,1389.13,89,89,2018-02-16 17:17:41,2018-08-25 14:09:50,4.52808988764045,89,3,-9.574712643678161,8.517241379310345,1.0786516853932584,50.30224719101123,15.608202247191013,3,0.033707865168539325,0.033707865168539325,189,False,True
8bd0e3abda539b9479c4b44a691be1ec,98910,tres de maio,RS,13,7,7,1,596.55,248.79000000000002,7,7,2017-05-29 19:02:29,2018-01-06 23:02:42,2.2857142857142856,7,2,-9.833333333333334,23.166666666666668,1.8571428571428572,85.22142857142856,35.541428571428575,4,0.2857142857142857,0.5714285714285714,222,False,True
2a1348e9addc1af5aaa619b1a3679d6b,30494,belo horizonte,MG,55,52,34,12,2843.0,788.4,52,52,2017-01-14 01:16:14,2018-08-02 15:57:13,3.1176470588235294,51,13,0.9791666666666666,26.875,1.0576923076923077,54.67307692307692,15.161538461538461,19,0.25,0.36538461538461536,565,False,True
2078fe5066350e7d220c0ad3a3bbc6c1,86707,arapongas,PR,1,1,1,1,29.9,38.14,1,1,2018-03-28 15:49:07,2018-03-28 15:49:07,2.0,1,0,,,1.0,29.9,38.14,1,0.0,1.0,0,True,True
116ccb1a1604bc88e4d234a8c23f33de,9850,sao bernardo do campo,SP,73,61,27,5,2004.89,943.4399999999999,61,61,2017-11-09 12:05:32,2018-08-21 21:49:19,4.639344262295082,61,2,-10.262295081967213,8.59016393442623,1.1967213114754098,32.86704918032787,15.46622950819672,2,0.03278688524590164,0.03278688524590164,285,False,True
430315b7bb4b6e4b3c978f9dfa9b0558,4857,sao paulo,SP,21,20,14,9,3118.4,586.23,20,20,2018-01-09 23:49:14,2018-08-06 10:23:00,3.9473684210526314,19,1,-14.421052631578947,13.210526315789474,1.05,155.92000000000002,29.311500000000002,4,0.05,0.2,208,False,True
406822777a0b9eb5c50e442dd4cd3ec5,18500,tatui,SP,47,45,19,2,3648.08,948.26,45,45,2017-10-30 16:01:24,2018-08-23 00:07:26,4.295454545454546,44,5,-10.886363636363637,12.909090909090908,1.0444444444444445,81.06844444444444,21.072444444444443,4,0.1111111111111111,0.08888888888888889,296,False,True
4dbd95a08b31ede5c82d3f861cb1ce1a,80210,curitiba,PR,6,6,6,2,1304.67,189.36,6,6,2017-05-21 11:56:58,2017-11-14 16:47:06,3.5,6,0,-16.75,12.0,1.0,217.44500000000002,31.560000000000002,2,0.0,0.3333333333333333,177,False,True
e9e446d01bd10a97a8ffcfc4a3a20cb2,2261,sao paulo,SP,4,4,4,1,60.05,29.56,4,4,2018-06-05 19:53:27,2018-07-08 19:59:16,3.5,4,0,-8.333333333333334,5.0,1.0,15.0125,7.39,1,0.0,0.25,33,False,True
d52cbce9845184537284a23c3bc3da0e,88495,garopaba,SC,4,2,3,1,75.0,63.78,2,2,2018-02-02 00:54:15,2018-03-02 10:30:09,5.0,2,0,-21.5,10.0,2.0,37.5,31.89,0,0.0,0.0,28,False,True
d9a84e1403de8da0c3aa531d6d108ba6,3562,sao paulo,SP,59,54,35,5,1425.2,732.14,54,54,2018-02-22 15:13:31,2018-08-28 09:18:17,4.518518518518518,54,3,-10.320754716981131,7.09433962264151,1.0925925925925926,26.392592592592592,13.558148148148147,4,0.05555555555555555,0.07407407407407407,186,False,True
9c690ceacd5c66731bf443ea810195cb,37650,camanducaia,MG,12,10,2,2,871.8,249.22,10,10,2017-08-22 20:06:39,2018-08-06 01:16:56,4.3,10,0,-18.2,7.1,1.2,87.17999999999999,24.922,1,0.0,0.1,348,False,True
1f9ab4708f3056ede07124aad39a2554,17602,tupa,SP,79,78,5,1,13602.73,2440.78,78,78,2017-01-27 18:00:27,2018-06-02 11:14:30,4.077922077922078,77,4,-13.407894736842104,14.0,1.0128205128205128,174.39397435897436,31.292051282051286,6,0.05128205128205128,0.07692307692307693,490,False,True
1961c3e1272bfeceb05d0b78b5bbfdaf,7241,guarulhos,SP,4,3,2,1,896.0,49.43,3,3,2018-07-28 23:32:46,2018-08-18 22:35:15,3.3333333333333335,3,0,-7.5,6.0,1.3333333333333333,298.6666666666667,16.476666666666667,1,0.0,0.3333333333333333,20,False,True
d3e7d37c0df9aef383f3f2a15b0dddfb,83050,sao jose dos pinhais,PR,1,1,1,1,161.0,40.34,1,1,2018-07-22 11:50:22,2018-07-22 11:50:22,5.0,1,0,-24.0,13.0,1.0,161.0,40.34,0,0.0,0.0,0,False,True
ec2e006556300a79a5a91e4876ab3a56,3445,sao paulo,SP,8,4,2,2,125.2,66.04,4,4,2018-02-02 14:26:45,2018-08-15 14:02:53,1.25,4,1,1.0,13.0,2.0,31.3,16.51,4,0.25,1.0,193,True,True
b2a6d334e2833acea353624840e25a0e,4133,sao paulo,SP,26,25,6,4,1650.98,387.61,25,25,2017-08-05 18:56:35,2018-06-05 01:26:41,4.48,25,0,-17.0,10.44,1.04,66.0392,15.5044,2,0.0,0.08,303,False,True
d3674f271c91f824f82d24d92011f669,72233,brasilia,DF,20,20,6,2,1718.3,383.52,20,20,2017-07-07 13:26:33,2018-08-12 20:53:01,4.1,20,2,-11.4,13.35,1.0,85.91499999999999,19.176,3,0.1,0.15,401,False,True
768de2a4fc06aacecb9a586ccc30746a,70645,brasilia,DF,14,14,2,2,475.59999999999997,237.93,14,14,2017-08-08 21:31:55,2018-05-18 10:33:52,4.428571428571429,14,0,-12.461538461538462,14.384615384615385,1.0,33.97142857142857,16.995,1,0.0,0.07142857142857142,282,False,True
a81466620e46a6970b22ef40379fdfc9,88730,sao ludgero,SC,2,2,1,1,321.8,32.98,2,2,2017-10-11 10:15:04,2017-10-13 14:29:05,5.0,2,0,-17.0,6.5,1.0,160.9,16.49,0,0.0,0.0,2,False,True
5c030029b5916fed0986310385ec9009,88075,sao jose,SC,10,7,6,1,4164.4,915.5,7,7,2018-06-13 11:43:43,2018-08-20 14:44:08,4.857142857142857,7,0,-19.428571428571427,5.714285714285714,1.4285714285714286,594.9142857142857,130.78571428571428,0,0.0,0.0,68,False,True
c0f783394e37cd9c9d7f5f81141450fa,13416,piracicaba,SP,6,6,5,0,249.39999999999998,87.35,6,6,2017-11-10 13:49:38,2017-12-13 17:14:37,3.6,5,0,-13.166666666666666,12.833333333333334,1.0,41.56666666666666,14.558333333333332,1,0.0,0.16666666666666666,33,False,True
c353f8fc0ce8344999f17d578eb69a5e,90850,porto alegre,RS,2,2,1,1,175.98,36.59,2,2,2017-01-23 07:23:50,2017-02-06 14:54:29,5.0,2,0,-33.5,9.5,1.0,87.99,18.295,0,0.0,0.0,14,False,True
8444e55c1f13cd5c179851e5ca5ebd00,37584,congonhal,MG,109,99,54,12,22873.21,2078.06,99,98,2017-03-13 23:13:57,2018-07-05 17:01:31,3.2626262626262625,99,6,-22.554347826086957,20.565217391304348,1.101010101010101,231.04252525252525,20.99050505050505,35,0.06060606060606061,0.35353535353535354,478,False,True
28a26ebce31d5918b181ede016fd693b,31950,belo horizonte,MG,1,1,1,1,29.9,17.14,1,1,2018-08-13 15:55:29,2018-08-13 15:55:29,5.0,1,0,-10.0,11.0,1.0,29.9,17.14,0,0.0,0.0,0,False,True
41ab63a91b8b264e8c8780368bf1dd5b,31555,belo horizonte,MG,13,12,9,7,2571.95,302.27,12,12,2017-10-05 23:06:13,2018-07-12 09:28:43,4.25,12,0,-23.083333333333332,15.916666666666666,1.0833333333333333,214.32916666666665,25.189166666666665,2,0.0,0.16666666666666666,279,False,True
8759e7aedd644f487315e5860962f162,9251,santo andre,SP,3,3,1,1,627.0,166.34,3,3,2017-11-28 14:16:21,2017-12-27 17:50:31,3.6666666666666665,3,1,4.666666666666667,32.666666666666664,1.0,209.0,55.446666666666665,1,0.3333333333333333,0.3333333333333333,29,False,True
e546117ed9cafbc40239c0c78635c584,4705,sao paulo,SP,2,2,1,1,456.0,28.34,2,2,2018-04-23 17:07:27,2018-08-23 19:02:12,4.5,2,0,-10.0,6.0,1.0,228.0,14.17,0,0.0,0.0,122,False,True
d71d863e5ef30d94e440c11be17dcd8f,6144,osasco,SP,36,29,7,5,11900.9,754.75,29,29,2017-10-15 20:06:58,2018-05-19 19:12:08,2.9615384615384617,26,3,-9.91304347826087,18.869565217391305,1.2413793103448276,410.3758620689655,26.025862068965516,12,0.10344827586206896,0.41379310344827586,215,False,True
0c7533c71df861ec58ad7ff999ed0e8d,13270,valinhos,SP,73,61,29,1,2989.2999999999997,874.21,61,61,2017-07-11 23:14:57,2018-07-28 10:25:00,4.147540983606557,61,3,-10.131147540983607,10.37704918032787,1.1967213114754098,49.00491803278688,14.331311475409837,9,0.04918032786885246,0.14754098360655737,381,False,True
ef990a83bbea832f36ebe81376335aa8,89214,joinville,SC,44,43,8,2,4642.59,914.65,43,43,2017-11-27 20:25:14,2018-08-12 18:43:51,3.627906976744186,43,9,-8.465116279069768,16.53488372093023,1.0232558139534884,107.96720930232559,21.27093023255814,11,0.20930232558139536,0.2558139534883721,257,False,True
41e0fa5761c886a630994a55c12087e7,11446,guaruja,SP,5,5,2,1,423.6,68.31,5,5,2018-04-03 16:31:37,2018-06-14 20:24:49,5.0,5,0,-19.6,9.6,1.0,84.72,13.662,0,0.0,0.0,72,False,True
0747d5bb69f0586cc869d8af4c50f93e,28990,saquarema,RJ,15,14,10,2,346.59999999999997,208.89,14,14,2016-10-06 13:39:20,2017-06-25 17:54:26,3.357142857142857,14,1,-15.583333333333334,13.666666666666666,1.0714285714285714,24.757142857142856,14.920714285714284,5,0.07142857142857142,0.35714285714285715,262,False,True
7d294cf9a6a69dc6a0c3e540fff0e039,88390,barra velha,SC,5,5,1,1,257.25,194.13,5,5,2018-05-06 20:37:58,2018-08-01 19:42:37,4.4,5,0,-17.8,8.4,1.0,51.45,38.826,0,0.0,0.0,86,False,True
c89cf7c468a48af70aada384e722f9e2,25730,petropolis,RJ,14,14,7,1,745.0,226.01,14,14,2017-06-07 16:38:50,2018-08-06 14:31:24,4.0,13,1,-10.214285714285714,13.857142857142858,1.0,53.214285714285715,16.143571428571427,2,0.07142857142857142,0.14285714285714285,424,False,True
b7ba853e9551f4558440881fd3e5c815,95500,santo antonio da patrulha,RS,2,2,2,2,376.8,37.989999999999995,2,2,2016-10-04 14:51:15,2016-10-06 16:17:56,1.0,2,0,-26.0,34.0,1.0,188.4,18.994999999999997,2,0.0,1.0,2,True,True
13c2ed7698b3ca92dad49e849219da59,84010,ponta grossa,PR,9,8,7,1,498.61,154.68,8,8,2018-01-03 20:20:26,2018-08-02 12:06:05,4.375,8,0,-10.0,10.375,1.125,62.32625,19.335,1,0.0,0.125,210,False,True
cbbd5ae8f53de5f5097cd8217b529e24,6544,santana de parnaiba,SP,2,2,1,1,351.8,70.44999999999999,2,2,2017-02-10 21:37:36,2017-02-12 00:02:36,2.5,2,0,-18.0,20.0,1.0,175.9,35.224999999999994,1,0.0,0.5,1,False,True
02ecc2a19303f05e59ce133fd923fff7,9121,santo andre,SP,24,21,17,3,5264.19,478.21,21,21,2017-06-18 18:04:34,2018-08-21 20:13:02,4.619047619047619,21,0,-14.952380952380953,10.619047619047619,1.1428571428571428,250.67571428571432,22.771904761904764,1,0.0,0.047619047619047616,429,False,True
c013e57c075a06e5b5c48ee03c525719,13568,sao carlos,SP,45,42,13,1,1971.55,857.11,42,41,2018-02-27 15:10:06,2018-08-26 19:04:05,4.238095238095238,42,2,-11.761904761904763,8.738095238095237,1.0714285714285714,46.94166666666666,20.407380952380954,4,0.047619047619047616,0.09523809523809523,180,False,True
55f7a3319d80f7fdf078b8f03e6725fe,6056,osasco,SP,22,22,4,2,3013.78,406.67,22,21,2018-07-02 19:54:04,2018-08-22 21:06:11,3.772727272727273,22,1,-6.5,6.318181818181818,1.0,136.99,18.485,4,0.045454545454545456,0.18181818181818182,51,False,True
2d50d6282f8aa2257819a77bfaa0efe0,14940,ibitinga,SP,45,44,15,3,3353.48,798.04,44,44,2017-08-31 13:43:07,2018-08-11 14:31:30,3.7045454545454546,44,4,-10.428571428571429,13.19047619047619,1.0227272727272727,76.21545454545455,18.137272727272727,10,0.09090909090909091,0.22727272727272727,345,False,True
b7e1750c1157341d2abd0251e07c186b,5741,sao paulo,SP,4,3,4,2,159.6,60.96,3,3,2017-02-14 13:18:53,2017-04-20 14:30:07,4.333333333333333,3,0,-18.333333333333332,9.666666666666666,1.3333333333333333,53.199999999999996,20.32,0,0.0,0.0,65,False,True
b90e891671cffd9557f33a97dc523645,83010,sao jose dos pinhais,PR,39,34,13,2,4449.0,632.31,34,34,2017-08-18 16:54:56,2018-08-23 12:56:27,4.323529411764706,34,0,-16.029411764705884,7.176470588235294,1.1470588235294117,130.85294117647058,18.597352941176467,3,0.0,0.08823529411764706,369,False,True
a416b6a846a11724393025641d4edd5e,3702,sao paulo,SP,181,162,113,2,25670.72,2999.8,162,161,2017-01-26 16:48:24,2018-08-21 21:43:35,4.154320987654321,162,17,-10.248407643312103,12.044585987261147,1.117283950617284,158.46123456790124,18.517283950617283,25,0.10493827160493827,0.15432098765432098,572,False,True
7e93a43ef30c4f03f38b393420bc753a,6429,barueri,SP,340,336,186,8,176431.87,6322.18,336,336,2016-10-08 01:28:14,2018-07-13 21:30:54,4.214925373134329,335,15,-12.206896551724139,10.81191222570533,1.0119047619047619,525.0948511904762,18.816011904761904,40,0.044642857142857144,0.11904761904761904,643,False,True
5206cc4bc2297c833e6061c49bf9c43f,6192,osasco,SP,1,1,1,1,35.0,10.96,1,1,2016-10-08 12:13:38,2016-10-08 12:13:38,1.0,1,0,,,1.0,35.0,10.96,1,0.0,1.0,0,True,True
f410c8873029fcc3809b9df6d0b28914,95076,caxias do sul,SP,2,2,2,1,289.8,37.3,2,2,2018-08-08 18:22:24,2018-08-20 09:32:27,5.0,2,0,-7.5,7.0,1.0,144.9,18.65,0,0.0,0.0,11,False,True
ef506c96320abeedfb894c34db06f478,3569,sao paulo,SP,340,324,116,4,9771.43,5197.0,324,323,2017-01-23 07:03:04,2018-08-21 13:16:24,3.931464174454829,321,25,-11.091772151898734,12.91139240506329,1.0493827160493827,30.158734567901234,16.040123456790123,55,0.07716049382716049,0.1697530864197531,575,False,True
a13aaf2d2886ab9fb30fb9a920160b8f,89207,joinville,SC,4,4,1,1,1011.52,74.31,4,4,2018-07-22 23:58:52,2018-08-02 22:48:54,4.5,4,1,-6.5,9.0,1.0,252.88,18.5775,0,0.25,0.0,10,False,True
7299e27ed73d2ad986de7f7c77d919fa,38440,araguari,MG,361,338,88,13,34725.43,6855.65,338,336,2017-03-09 11:09:46,2018-08-21 14:20:40,4.420118343195266,338,14,-12.537313432835822,10.794029850746268,1.0680473372781065,102.73795857988166,20.28298816568047,23,0.04142011834319527,0.06804733727810651,530,False,True
8a9260f2b0340411d6d2a56bcf4f7378,32180,contagem,MG,9,8,4,4,1256.0,140.94,8,8,2018-02-17 02:10:19,2018-08-17 13:48:52,4.75,8,0,-10.5,9.5,1.125,157.0,17.6175,0,0.0,0.0,181,False,True
dedcab67899479e4ea5dcc4eba47f587,89258,jaragua do sul,SC,2,2,1,1,84.0,21.64,2,2,2018-06-10 22:28:53,2018-08-17 17:59:38,4.5,2,0,-5.0,5.0,1.0,42.0,10.82,0,0.0,0.0,67,False,True
b2479f944e1b90cf8a5de1bbfde284d6,14940,ibitinga,SP,131,103,38,3,4752.51,2239.71,103,101,2018-01-12 18:17:53,2018-08-20 17:06:38,3.4215686274509802,102,12,-8.227722772277227,14.94059405940594,1.2718446601941749,46.14087378640777,21.744757281553397,32,0.11650485436893204,0.3106796116504854,219,False,True
7722b1df1b0e383e000397b2c11e3e19,9715,sao bernardo do campo,SP,145,134,76,8,7094.09,2071.21,134,133,2017-01-19 13:06:45,2018-08-27 16:57:10,4.225563909774436,133,4,-11.992481203007518,7.902255639097745,1.0820895522388059,52.94097014925373,15.45679104477612,15,0.029850746268656716,0.11194029850746269,585,False,True
731ef20c231d9a7103a425e83fd91271,88501,lages - sc,SC,3,2,1,1,1692.0,505.6,2,2,2017-10-28 16:27:50,2017-10-28 20:52:15,3.5,2,0,-15.5,12.5,1.5,846.0,252.8,0,0.0,0.0,0,False,True
78813699ffac347fe27dba345a5f1551,95711,bento goncalves,RS,1,1,1,1,152.42,48.12,1,1,2018-06-24 21:10:34,2018-06-24 21:10:34,5.0,1,0,-29.0,9.0,1.0,152.42,48.12,0,0.0,0.0,0,False,True
3296662b1331dea51e744505065ae889,15805,catanduva,SP,1,1,1,1,517.8,27.71,1,1,2018-08-27 12:41:49,2018-08-27 12:41:49,5.0,1,0,-11.0,3.0,1.0,517.8,27.71,0,0.0,0.0,0,False,True
411f3b52d857390502ee4e4d5ceabc2d,9400,ribeirao pires,SP,30,21,13,4,1804.01,378.71,21,21,2018-04-09 18:48:29,2018-08-22 01:27:49,4.105263157894737,19,2,-6.666666666666667,9.476190476190476,1.4285714285714286,85.90523809523809,18.033809523809524,3,0.09523809523809523,0.14285714285714285,134,False,True
bba3293d6f5d5af2f415e004e8b93ae3,4726,sao paulo,SP,17,17,7,2,11702.1,326.69,17,17,2017-09-02 21:01:18,2018-06-22 22:17:39,4.294117647058823,17,1,-9.0,11.705882352941176,1.0,688.3588235294118,19.217058823529413,2,0.058823529411764705,0.11764705882352941,293,False,True
4e7c18b98d84e05cbae3ff0ff03846c2,14882,jaboticabal,SP,89,82,31,4,9177.9,2875.98,82,82,2017-02-04 20:09:10,2018-07-12 16:53:30,4.160493827160494,81,3,-13.296296296296296,11.567901234567902,1.0853658536585367,111.92560975609756,35.07292682926829,15,0.036585365853658534,0.18292682926829268,522,False,True
b56906f7fd1696e043f1bcce164c487b,19830,echapora,SP,42,40,20,2,2148.49,846.93,40,40,2016-10-06 14:59:56,2018-08-08 09:00:50,4.0,40,2,-14.675,12.375,1.05,53.71225,21.17325,8,0.05,0.2,670,False,True
d650b663c3b5f6fb392b6326366efa9a,6713,cotia,SP,60,60,30,2,19242.9,910.14,60,59,2017-12-03 19:47:05,2018-08-13 22:51:49,4.2,60,3,-11.631578947368421,9.31578947368421,1.0,320.71500000000003,15.169,7,0.05,0.11666666666666667,253,False,True
669ae81880e08f269a64487cfb287169,89160,rio do sul,SC,186,162,16,3,13248.87,3372.59,162,162,2017-01-20 14:30:03,2018-08-08 12:55:10,4.24223602484472,161,7,-13.919254658385093,11.714285714285714,1.1481481481481481,81.78314814814816,20.81845679012346,20,0.043209876543209874,0.12345679012345678,564,False,True
c2d70ce2c5d0a2eb75e78668236e6dc8,4275,sao paulo,SP,15,13,4,1,2470.9,229.01999999999998,13,13,2017-09-22 11:58:32,2018-08-27 23:12:55,4.615384615384615,13,0,-12.923076923076923,7.846153846153846,1.1538461538461537,190.06923076923078,17.616923076923076,0,0.0,0.0,339,False,True
674207551483fec113276b67b0d871ff,18040,sorocaba,SP,1,1,1,1,119.9,13.94,1,1,2018-07-05 16:36:38,2018-07-05 16:36:38,5.0,1,0,-11.0,1.0,1.0,119.9,13.94,0,0.0,0.0,0,False,True
abe42c5d03695b4257b5c6cbf4e6784e,21235,rio de janeiro,RJ,50,50,37,2,17159.0,999.23,50,50,2017-08-31 17:25:03,2018-08-05 14:52:28,3.9183673469387754,49,8,-9.346938775510203,13.877551020408163,1.0,343.18,19.9846,9,0.16,0.18,338,False,True
1996942dc085d7773ba77a529b163cd0,14850,pradopolis,SP,10,10,8,3,2943.51,239.92,10,10,2018-05-29 21:30:08,2018-08-15 23:20:59,3.9,10,0,-18.77777777777778,11.333333333333334,1.0,294.351,23.991999999999997,2,0.0,0.2,78,False,True
79b93a308a97792cf53ac75f46da00b5,22420,rio de janeiro,RJ,1,1,1,1,99.9,16.14,1,1,2017-07-23 10:07:01,2017-07-23 10:07:01,5.0,1,0,-3.0,22.0,1.0,99.9,16.14,0,0.0,0.0,0,False,True
7cf4ea70955b00d6b3c22542598e2715,1125,sao paulo,SP,1,1,1,1,189.9,14.91,1,1,2018-07-19 14:00:02,2018-07-19 14:00:02,5.0,1,0,-11.0,7.0,1.0,189.9,14.91,0,0.0,0.0,0,False,True
63ffcb71394dd8ea3872ed9ffda17c74,24813,itaborai,RJ,17,17,5,1,399.0,264.72,17,17,2017-02-05 13:58:46,2017-07-30 10:07:29,3.176470588235294,17,1,-11.058823529411764,12.764705882352942,1.0,23.470588235294116,15.571764705882355,5,0.058823529411764705,0.29411764705882354,174,False,True
83353a83fd769dfafa4f21a72b15e3e5,5786,sao paulo,SP,5,5,5,1,579.5,94.83,5,5,2017-04-01 17:31:42,2017-12-17 23:30:16,3.8,5,1,-8.8,17.8,1.0,115.9,18.966,1,0.2,0.2,260,False,True
cda598c48d7c614bc1cad7d8ff6f0010,15137,mirassol,SP,18,17,4,4,1118.6000000000001,301.6,17,17,2018-03-17 21:11:23,2018-08-15 10:36:56,4.0588235294117645,17,0,-13.882352941176471,7.588235294117647,1.0588235294117647,65.80000000000001,17.741176470588236,1,0.0,0.058823529411764705,150,False,True
d4910f1cdcfdabd48d6b316e395d4a23,9190,santo andre,SP,12,11,2,1,1146.88,215.04,11,11,2018-07-30 13:01:12,2018-08-17 17:13:02,4.909090909090909,11,0,-9.0,5.7272727272727275,1.0909090909090908,104.26181818181819,19.549090909090907,0,0.0,0.0,18,False,True
709e16e2b25c7474d980076c6bfc4806,16200,birigui,SP,80,60,39,5,5151.9,1226.96,60,60,2017-10-14 14:08:47,2018-08-26 08:40:36,4.516666666666667,60,2,-12.933333333333334,10.2,1.3333333333333333,85.865,20.449333333333335,1,0.03333333333333333,0.016666666666666666,315,False,True
9dc79dd988ac42f4d56c340d7048420a,3569,sao paulo,SP,4,4,3,1,749.6,94.33,4,4,2018-08-09 09:30:59,2018-08-27 15:18:45,4.75,4,0,-10.0,6.25,1.0,187.4,23.5825,0,0.0,0.0,18,False,True
276677b5d08786d5dce7c2149dcce48b,31730,belo horizonte,MG,47,33,18,6,3522.0,798.64,33,32,2018-02-01 21:24:28,2018-08-13 12:23:45,3.909090909090909,33,2,-8.838709677419354,11.612903225806452,1.4242424242424243,106.72727272727273,24.20121212121212,7,0.06060606060606061,0.21212121212121213,192,False,True
9c4d31c7e46ab03a43fc06e3142afd4e,20785,rio de janeiro,RJ,2,2,2,1,1218.9,43.82000000000001,2,2,2018-08-14 17:26:41,2018-08-20 18:55:21,4.5,2,0,-8.0,6.0,1.0,609.45,21.910000000000004,0,0.0,0.0,6,False,True
512d298ac2a96d1931b6bd30aa21f61d,20060,rio de janeiro,RJ,12,11,8,3,7401.94,321.93,11,11,2018-01-17 09:54:55,2018-08-17 17:25:51,4.2727272727272725,11,0,-15.272727272727273,10.272727272727273,1.0909090909090908,672.9036363636363,29.266363636363636,2,0.0,0.18181818181818182,212,False,True
422be4cc81a457fdb46f47edeb968ae5,14940,ibitinga,SP,1,1,1,1,239.9,77.47,1,1,2017-01-26 16:20:32,2017-01-26 16:20:32,5.0,1,0,-21.0,18.0,1.0,239.9,77.47,0,0.0,0.0,0,False,True
99cd94252748d2bdde08e17858233602,12401,sao paulo,SP,2,2,1,1,159.8,21.520000000000003,2,2,2018-06-20 14:02:25,2018-06-21 15:01:12,4.5,2,0,-17.5,2.5,1.0,79.9,10.760000000000002,0,0.0,0.0,1,False,True
698624c6632eeba1774924dbea24c700,1425,sao paulo,SP,1,1,1,0,19.9,15.23,1,1,2018-04-05 20:23:53,2018-04-05 20:23:53,5.0,1,0,-11.0,6.0,1.0,19.9,15.23,0,0.0,0.0,0,False,True
8bb48dc19fccaa8613b6229bf7f452a2,19803,assis,SP,95,82,47,4,4190.72,1857.3999999999999,82,82,2017-10-17 22:02:00,2018-07-23 14:45:41,4.414634146341464,82,2,-13.353658536585366,11.073170731707316,1.1585365853658536,51.10634146341464,22.651219512195123,7,0.024390243902439025,0.08536585365853659,278,False,True
ad87df7699e83b8a91822a4a0b765c3a,13820,jaguariuna,SP,7,6,5,2,349.9,88.72,6,6,2017-03-21 11:33:31,2017-06-25 16:32:29,3.8333333333333335,6,0,-16.8,10.2,1.1666666666666667,58.31666666666666,14.786666666666667,0,0.0,0.0,96,False,True
d6b664fa0667064c6d76394e7848d790,14801,araraquara,SP,6,6,2,1,6080.0,324.34,6,6,2017-05-04 01:04:02,2018-05-16 12:19:35,4.833333333333333,6,0,-15.333333333333334,17.0,1.0,1013.3333333333334,54.056666666666665,0,0.0,0.0,377,False,True
98f52e1020fe788c10c0418de4393fec,27963,macae,RJ,1,1,1,1,21.6,15.1,1,1,2017-08-09 15:16:29,2017-08-09 15:16:29,4.0,1,0,-13.0,9.0,1.0,21.6,15.1,0,0.0,0.0,0,False,True
62760d278921b5f352461620d68a9cee,13320,salto,SP,3,3,2,1,397.0,53.1,3,3,2017-02-06 12:55:28,2017-02-15 09:41:08,3.6666666666666665,3,1,-14.333333333333334,19.333333333333332,1.0,132.33333333333334,17.7,1,0.3333333333333333,0.3333333333333333,8,False,True
eb72802c83dc7547529c9546d1a9b8ef,13504,rio claro,SP,8,8,7,6,1063.92,117.71,8,8,2018-05-07 20:36:52,2018-07-27 10:59:09,4.625,8,0,-11.5,5.875,1.0,132.99,14.71375,1,0.0,0.125,80,False,True
3f9be91358837bff69df67edfa3e42e8,86039,londrina,PR,7,7,4,1,569.7,132.36,7,7,2018-03-30 11:29:18,2018-05-12 18:04:04,4.428571428571429,7,0,-19.142857142857142,9.428571428571429,1.0,81.38571428571429,18.90857142857143,1,0.0,0.14285714285714285,43,False,True
1d4587203296c8f4ad134dc286fa6db0,5101,sao paulo,SP,43,42,30,1,2323.3,704.24,42,42,2017-12-15 11:52:23,2018-08-27 19:29:28,4.285714285714286,42,1,-11.2,9.05,1.0238095238095237,55.31666666666666,16.767619047619046,4,0.023809523809523808,0.09523809523809523,255,False,True
791cfcfe22fe4a771ece27f90017da92,14010,ribeirao preto,SP,2,2,1,1,596.26,57.49,2,2,2017-06-12 14:07:14,2017-09-25 11:11:34,1.5,2,1,5.0,28.0,1.0,298.13,28.745,2,0.5,1.0,104,True,True
392f7f2c797e4dc077e4311bde2ab8ce,21210,rio de janeiro,RN,2,2,1,1,52.0,36.56,2,2,2018-08-20 21:10:45,2018-08-21 10:10:40,5.0,2,0,-8.0,5.0,1.0,26.0,18.28,0,0.0,0.0,0,False,True
0c8380b62e38e8a1e6adbeba7eb9688c,37410,tres coracoes,MG,220,182,93,3,17348.79,4107.04,182,180,2016-10-04 17:25:09,2018-08-21 10:38:28,4.038888888888889,180,9,-11.85,12.466666666666667,1.2087912087912087,95.32302197802198,22.566153846153846,26,0.04945054945054945,0.14285714285714285,685,False,True
37be5a7c751166fbc5f8ccba4119e043,4248,sao paulo,SP,281,272,9,2,55350.55,6083.33,272,268,2017-05-03 09:01:56,2018-05-21 10:57:22,4.313432835820896,268,7,-13.479553903345725,10.20446096654275,1.0330882352941178,203.49466911764708,22.36518382352941,25,0.025735294117647058,0.09191176470588236,383,False,True
87d73636a3acf123e842bb890a4db036,15190,nhandeara,SP,1,1,1,1,269.9,43.71,1,1,2018-07-25 15:17:58,2018-07-25 15:17:58,5.0,1,0,-3.0,13.0,1.0,269.9,43.71,0,0.0,0.0,0,False,True
3d3ccf2b2f8134b10dce9dd446f0e075,14940,ibitinga,SP,3,3,3,1,608.6,141.93,3,3,2018-06-20 21:14:59,2018-08-10 11:48:43,3.3333333333333335,3,1,-4.666666666666667,16.333333333333332,1.0,202.86666666666667,47.31,1,0.3333333333333333,0.3333333333333333,50,False,True
e24d3429d294b2eb200b064ebb035879,3514,sao paulo,SP,22,19,14,1,1878.58,372.12,19,19,2018-06-25 09:22:58,2018-08-26 04:53:46,4.2631578947368425,19,1,-10.947368421052632,7.315789473684211,1.1578947368421053,98.87263157894736,19.585263157894737,2,0.05263157894736842,0.10526315789473684,61,False,True
44073f8b7e41514de3b7815dd0237f4f,71070,brasilia,DF,153,144,77,14,18729.64,3172.29,144,144,2017-02-22 23:49:42,2018-08-08 18:12:16,3.7552447552447554,143,5,-15.985915492957746,12.71830985915493,1.0625,130.06694444444443,22.029791666666668,29,0.034722222222222224,0.2013888888888889,531,False,True
05ca864204d09595ae591b93ea9cf93d,6465,barueri,SP,1,1,1,1,179.9,8.52,1,1,2018-08-16 09:18:25,2018-08-16 09:18:25,5.0,1,0,0.0,5.0,1.0,179.9,8.52,0,0.0,0.0,0,False,True
9d39404483343dd55c7ae254494d8388,1044,sao paulo,SP,10,10,4,1,293.2,141.07999999999998,10,10,2017-11-25 10:53:06,2018-04-24 00:54:46,3.5,10,1,-11.6,13.7,1.0,29.32,14.107999999999999,3,0.1,0.3,149,False,True
f9eda05b67bef472deaddbba84aca289,88870,orleans,SC,1,1,1,1,185.0,51.79,1,1,2018-06-05 19:06:38,2018-06-05 19:06:38,1.0,1,0,,,1.0,185.0,51.79,1,0.0,1.0,0,True,True
75745ef7bc7d4f3ea3380f6f5303f514,70384,brasilia,DF,3,3,3,2,228.4,48.92,3,3,2017-03-01 16:41:19,2017-04-07 09:50:35,5.0,3,0,-21.333333333333332,5.333333333333333,1.0,76.13333333333334,16.30666666666667,0,0.0,0.0,36,False,True
0692610d8abe24f287e9fae90ea0bbee,2310,sao paulo,SP,4,4,3,2,173.99,31.73,4,4,2018-06-02 11:14:09,2018-08-22 15:45:32,4.0,4,1,-6.25,6.25,1.0,43.4975,7.9325,0,0.25,0.0,81,False,True
7b07b3c7487f0ea825fc6df75abd658b,2016,sao paulo,SP,98,93,65,2,9731.85,1342.79,93,93,2017-01-25 15:32:48,2018-08-24 10:48:37,4.354838709677419,93,4,-10.989010989010989,9.164835164835164,1.053763440860215,104.64354838709677,14.438602150537633,11,0.043010752688172046,0.11827956989247312,575,False,True
99002261c568a84cce14d43fcffb43ea,78095,cuiaba,MT,36,36,19,2,4088.0,1100.33,36,36,2017-10-18 23:55:51,2018-08-13 15:13:23,3.7222222222222223,36,2,-12.25,16.36111111111111,1.0,113.55555555555556,30.56472222222222,6,0.05555555555555555,0.16666666666666666,298,False,True
e5899683388855d3dabe8913bbe365de,13575,sao carlos,SP,3,3,3,1,452.88,80.98,3,3,2018-07-01 22:28:19,2018-08-22 13:05:05,4.0,3,0,-20.0,7.333333333333333,1.0,150.96,26.993333333333336,0,0.0,0.0,51,False,True
784ba75dd9d20200c4caed3d7a77141a,1040,sao paulo,SP,24,21,11,3,8295.13,629.8199999999999,21,21,2017-03-29 07:03:56,2018-01-24 09:34:27,3.8095238095238093,21,2,-9.210526315789474,13.210526315789474,1.1428571428571428,395.00619047619045,29.991428571428568,5,0.09523809523809523,0.23809523809523808,301,False,True
099095b050cfe8eb1ddff5317587e96e,3322,sao paulo,SP,20,17,11,8,5193.83,715.3199999999999,17,17,2017-12-16 09:01:56,2018-08-13 18:43:30,3.235294117647059,17,3,-9.75,10.9375,1.1764705882352942,305.51941176470586,42.07764705882352,7,0.17647058823529413,0.4117647058823529,240,False,True
0ad80de75c811326389cfb1daba7d45e,20261,rio de janeiro,RJ,6,6,6,1,1449.3999999999999,115.32,6,6,2017-10-19 08:38:00,2018-01-05 20:37:59,5.0,5,0,-12.5,8.5,1.0,241.56666666666663,19.22,0,0.0,0.0,78,False,True
b9a03475e6447e631b6799ec8274800f,85830,formosa do oeste,PR,11,10,7,3,1349.1,294.98,10,10,2017-11-06 15:24:21,2018-07-28 19:42:23,4.2,10,0,-21.3,10.3,1.1,134.91,29.498,1,0.0,0.1,264,False,True
ba6b4a237f92479743cf0ca06b67a9ac,23550,rio de janeiro,RJ,8,8,5,5,801.89,111.82,8,8,2018-01-17 08:46:59,2018-08-03 18:35:52,4.25,8,1,-5.25,12.125,1.0,100.23625,13.9775,1,0.125,0.125,198,False,True
ea00f977a203ff88adf7057cb7806998,11085,santos,SP,19,19,5,1,389.71999999999997,183.68,19,19,2018-07-02 21:01:18,2018-08-20 22:53:49,4.105263157894737,19,1,-6.277777777777778,4.888888888888889,1.0,20.51157894736842,9.667368421052632,2,0.05263157894736842,0.10526315789473684,49,False,True
82e0a475a88cc9595229d8029273f045,3417,sao paulo,SP,80,42,39,1,10930.02,1485.9,42,42,2017-02-22 14:08:00,2018-01-18 02:11:56,3.642857142857143,42,4,-8.24390243902439,15.609756097560975,1.9047619047619047,260.23857142857145,35.37857142857143,12,0.09523809523809523,0.2857142857142857,329,False,True
ad75519a07f039025e83795a4418470f,76500,santa terezinha de goias,GO,9,3,3,1,302.1,115.82000000000001,3,3,2018-01-26 15:38:19,2018-08-15 16:08:01,3.6666666666666665,3,0,-18.333333333333332,9.0,3.0,100.7,38.60666666666666,1,0.0,0.3333333333333333,201,False,True
34aefe746cd81b7f3b23253ea28bef39,81210,curitiba,PR,1,1,1,1,8.0,14.52,1,1,2017-05-05 03:00:07,2017-05-05 03:00:07,1.0,1,0,,,1.0,8.0,14.52,1,0.0,1.0,0,True,True
ed4acab38528488b65a9a9c603ff024a,8260,sao paulo,SP,40,32,30,4,12759.45,610.31,32,32,2017-03-23 16:39:19,2018-07-27 15:27:42,3.71875,32,0,-12.806451612903226,9.35483870967742,1.25,398.7328125,19.0721875,7,0.0,0.21875,490,False,True
f0837c8d71434931d9e38e7b79234797,95995,arvorezinha,RS,23,22,8,1,3446.9,602.46,22,22,2017-11-18 12:08:24,2018-08-14 17:27:42,4.590909090909091,22,1,-19.954545454545453,11.318181818181818,1.0454545454545454,156.67727272727274,27.384545454545457,0,0.045454545454545456,0.0,269,False,True
fce62094ffe6a4009188ec44e681dfdd,4674,sao paulo,SP,11,4,3,3,2969.7,482.93,4,4,2017-02-07 18:01:15,2018-03-01 18:07:51,4.0,4,1,-38.0,13.0,2.75,742.425,120.7325,1,0.25,0.25,387,False,True
ebef8d8c92b4fd3226e5d407bbff21ac,14020,ribeirao preto,SP,3,3,3,2,253.70000000000002,48.36,3,3,2017-01-29 13:42:10,2017-03-13 22:19:52,2.6666666666666665,3,1,12.666666666666666,39.666666666666664,1.0,84.56666666666668,16.12,1,0.3333333333333333,0.3333333333333333,43,False,True
d73cbd89533ce8b041a9190241453ac8,36525,guiricema,MG,4,4,4,1,368.6,65.02,4,4,2017-03-23 12:31:36,2017-07-31 16:05:08,3.5,4,0,-13.0,12.0,1.0,92.15,16.255,1,0.0,0.25,130,False,True
75a4764c108403a7a0575140cb22287c,95072,caxias do sul,RS,9,5,3,2,716.9,210.15,5,5,2017-12-12 08:14:21,2018-04-10 08:47:23,4.6,5,0,-19.8,11.2,1.8,143.38000000000002,42.03,0,0.0,0.0,119,False,True
70c0fda4c313d87115644d39e62eec60,55004,caruaru,PE,1,1,1,1,25.99,37.09,1,1,2018-08-04 15:27:00,2018-08-04 15:27:00,5.0,1,0,-14.0,9.0,1.0,25.99,37.09,0,0.0,0.0,0,False,True
ffcfefa19b08742c5d315f2791395ee5,80045,curitiba,PR,1,1,1,1,69.9,9.62,1,1,2018-06-23 17:34:33,2018-06-23 17:34:33,1.0,1,0,,,1.0,69.9,9.62,1,0.0,1.0,0,True,True
26e13b6ff5b641b329e5524241ee2c93,14401,franca,SP,4,4,4,2,119.69999999999999,69.97999999999999,4,4,2018-08-01 04:52:56,2018-08-22 18:03:39,4.0,4,0,-10.25,6.0,1.0,29.924999999999997,17.494999999999997,1,0.0,0.25,21,False,True
0ade5cc4a305ed7093a23f68ca47519c,81030,curitiba,PR,2,2,2,1,158.88,42.39,2,2,2017-11-24 09:11:25,2018-01-21 14:20:45,5.0,2,0,-21.0,6.5,1.0,79.44,21.195,0,0.0,0.0,58,False,True
fc59392d66ef99377e50356ee4f3b4e1,40243,salvador,BA,5,5,5,3,519.99,86.97,5,5,2018-05-20 01:15:58,2018-08-12 07:47:57,3.6,5,0,-14.4,7.6,1.0,103.998,17.394,2,0.0,0.4,84,False,True
b18dc380845b24038cfc48006478f099,9951,diadema,SP,54,44,12,2,8353.3,895.63,44,44,2017-10-06 06:30:11,2018-08-03 11:34:23,4.1395348837209305,43,5,-11.255813953488373,12.372093023255815,1.2272727272727273,189.84772727272727,20.355227272727273,5,0.11363636363636363,0.11363636363636363,301,False,True
f22a247b79dd22ecd91dc8e3b2a1b07c,8573,itaquaquecetuba,SP,8,8,5,1,439.94,134.9,8,8,2018-05-02 15:21:52,2018-08-23 20:21:35,4.0,8,2,1.625,17.625,1.0,54.9925,16.8625,1,0.25,0.125,113,False,True
889009a0ed0bb52c87819941192931b8,18682,lencois paulista,SP,1,1,1,1,89.9,33.08,1,1,2017-06-01 11:59:38,2017-06-01 11:59:38,4.0,1,0,-24.0,12.0,1.0,89.9,33.08,0,0.0,0.0,0,False,True
ffc470761de7d0232558ba5e786e57b7,7091,guarulhos,SP,31,28,15,8,1649.01,438.12,28,28,2018-02-20 18:47:21,2018-08-17 20:31:07,4.444444444444445,27,1,-11.814814814814815,9.222222222222221,1.1071428571428572,58.893214285714286,15.647142857142857,1,0.03571428571428571,0.03571428571428571,178,False,True
4c498c7345e89aebad651544829beca0,6341,carapicuiba,SP,48,48,20,2,4819.76,570.0,48,47,2017-12-02 18:06:27,2018-08-16 10:32:24,4.291666666666667,48,5,-9.191489361702128,10.319148936170214,1.0,100.41166666666668,11.875,4,0.10416666666666667,0.08333333333333333,256,False,True
01bcc9d254a0143f0ce9791b960b2a47,76400,uruacu,GO,11,11,3,1,1521.21,277.65999999999997,11,11,2017-08-12 16:25:03,2018-02-02 10:03:35,4.4,10,0,-18.3,12.4,1.0,138.29181818181817,25.24181818181818,0,0.0,0.0,173,False,True
f021c962aaba8ef6eb527a9c2c8394d1,88301,itajai,SC,5,5,4,1,4398.5,135.37,5,5,2017-05-17 11:36:51,2017-08-06 17:55:55,4.2,5,0,-16.4,7.8,1.0,879.7,27.074,1,0.0,0.2,81,False,True
024b564ae893ce8e9bfa02c10a401ece,3280,sao paulo,SP,8,2,2,2,706.4000000000001,212.0,2,2,2016-10-05 12:41:38,2017-02-12 18:46:20,4.5,2,0,-37.0,15.0,4.0,353.20000000000005,106.0,0,0.0,0.0,130,False,True
a513150f33f99a06569e9cd5c4bb889b,1545,sao paulo,SP,2,2,2,2,677.0,34.25,2,2,2017-11-27 14:19:38,2017-12-01 15:32:44,4.5,2,0,-15.0,9.5,1.0,338.5,17.125,0,0.0,0.0,4,False,True
c1dde11f12d05c478f5de2d7319ad3b2,1026,sao paulo,SP,1,1,1,1,12.5,7.39,1,1,2018-08-19 18:13:40,2018-08-19 18:13:40,1.0,1,0,-9.0,3.0,1.0,12.5,7.39,1,0.0,1.0,0,True,True
02f5837340d7eb4f653d676c7256523a,80620,curitiba,PR,30,30,3,1,3883.05,580.83,30,30,2017-11-01 20:55:07,2018-08-08 14:13:58,4.833333333333333,30,1,-17.333333333333332,9.166666666666666,1.0,129.435,19.361,1,0.03333333333333333,0.03333333333333333,279,False,True
7b98de631987e26dd6d803490c43a13c,87900,loanda,PR,8,8,5,2,634.2,144.43,8,8,2018-05-22 15:14:41,2018-08-02 12:07:34,4.625,8,0,-12.5,10.125,1.0,79.275,18.05375,0,0.0,0.0,71,False,True
f12ff17ad8bbf01ec5c33b17e506649b,3186,sao paulo,SP,29,29,14,1,6241.0,651.73,29,29,2018-01-03 12:03:50,2018-05-22 11:20:15,3.8275862068965516,29,3,-10.428571428571429,13.321428571428571,1.0,215.20689655172413,22.47344827586207,4,0.10344827586206896,0.13793103448275862,138,False,True
a64e44665225d19dfc0277eeeaaccc57,19400,sao paulo,SP,6,6,3,1,335.0,91.76,6,6,2018-06-22 15:06:34,2018-08-22 14:53:45,5.0,6,0,-6.833333333333333,7.5,1.0,55.833333333333336,15.293333333333335,0,0.0,0.0,60,False,True
6a8a889bde935bafa76d7848782dfaf9,2839,sao paulo,SP,30,26,6,2,860.8199999999999,367.79999999999995,26,24,2018-03-21 14:04:40,2018-06-04 07:25:50,4.038461538461538,26,2,-15.192307692307692,7.5,1.1538461538461537,33.10846153846153,14.146153846153844,3,0.07692307692307693,0.11538461538461539,74,False,True
42b6488f5b8246d9141712abd4b1b693,87014,maringa,PR,2,2,2,2,247.99,41.81,2,2,2018-04-12 20:51:03,2018-08-14 19:10:40,4.0,2,0,-13.0,7.5,1.0,123.995,20.905,0,0.0,0.0,123,False,True
d6cd01c59123df02fc226eadbadb5f89,1207,sao paulo,SP,3,2,2,2,244.9,31.21,2,2,2018-01-11 23:07:22,2018-05-28 11:18:59,3.0,2,0,-10.0,18.0,1.5,122.45,15.605,1,0.0,0.5,136,False,True
c8e135e7b21ecbc36c1153a29d2f5a06,1411,sao paulo,SP,7,7,5,1,1165.5,101.98,7,7,2017-02-01 14:39:07,2017-05-28 21:29:35,4.857142857142857,7,0,-11.0,7.571428571428571,1.0,166.5,14.56857142857143,0,0.0,0.0,116,False,True
229c3efbfb0ea2058de4ccdfbc3d784a,30190,belo horizonte,MG,148,121,24,1,15744.0,2362.57,121,118,2016-10-05 07:31:49,2018-08-17 15:12:27,3.625,120,2,-12.627118644067796,10.305084745762711,1.2231404958677685,130.11570247933884,19.525371900826446,30,0.01652892561983471,0.24793388429752067,681,False,True
f9a02f1922d1de564392e656d82b3fda,8502,ferraz de vasconcelos,SP,1,1,1,1,125.9,11.49,1,1,2017-04-05 09:11:24,2017-04-05 09:11:24,4.0,1,0,,,1.0,125.9,11.49,0,0.0,0.0,0,False,True
9523fb39dd240aa958e040f8183d64f3,1541,sao paulo,SP,1,1,1,1,146.99,21.3,1,1,2018-08-06 22:00:02,2018-08-06 22:00:02,1.0,1,0,-17.0,21.0,1.0,146.99,21.3,1,0.0,1.0,0,True,True
95ec4458365c4d11f452ccf538377619,13481,limeira,SP,31,27,15,4,1866.76,436.67,27,27,2018-01-16 13:33:04,2018-08-20 09:18:49,4.615384615384615,26,1,-10.74074074074074,5.888888888888889,1.1481481481481481,69.13925925925926,16.172962962962963,1,0.037037037037037035,0.037037037037037035,215,False,True
6ec1a01e866584bb679eb9b098345919,11040,santos,SP,32,31,17,2,4248.91,814.85,31,31,2017-07-06 16:18:52,2018-08-24 11:54:56,4.133333333333334,30,6,-5.933333333333334,13.433333333333334,1.032258064516129,137.0616129032258,26.28548387096774,5,0.1935483870967742,0.16129032258064516,413,False,True
f6122bc84774df1b372bdb3bb88ddb9f,6436,barueri,SP,3,3,1,1,4799.87,74.49000000000001,3,3,2017-10-04 09:43:36,2018-03-19 14:01:34,3.6666666666666665,3,1,-5.666666666666667,15.333333333333334,1.0,1599.9566666666667,24.830000000000002,1,0.3333333333333333,0.3333333333333333,166,False,True
fa40cc5b934574b62717c68f3d678b6d,2310,sao paulo,SP,340,307,16,3,16055.87,4530.9,307,302,2016-10-10 00:01:50,2018-05-21 20:30:42,4.472131147540984,305,16,-11.1875,10.802631578947368,1.1074918566775245,52.29925081433225,14.758631921824103,23,0.05211726384364821,0.0749185667752443,588,False,True
623ad9d0c1e14bb5464a8c72bff7b4af,35530,claudio,MG,1,1,1,0,95.0,38.96,1,1,2018-05-13 20:05:37,2018-05-13 20:05:37,4.0,1,0,-1.0,24.0,1.0,95.0,38.96,0,0.0,0.0,0,False,True
c0098efcf800861dcae589affca31408,14080,ribeirao preto,SP,9,9,8,1,1189.28,187.46,9,9,2017-12-06 18:59:33,2018-07-17 08:06:39,4.777777777777778,9,0,-11.0,10.88888888888889,1.0,132.14222222222222,20.82888888888889,0,0.0,0.0,222,False,True
a63bfbaa882c8f4542891b4e2246cc7f,24355,niteroi,RJ,7,7,5,1,6772.0,264.19,7,7,2018-06-11 23:01:49,2018-08-23 18:19:17,4.428571428571429,7,0,-10.333333333333334,11.0,1.0,967.4285714285714,37.74142857142857,1,0.0,0.14285714285714285,72,False,True
48b6c3f4c6a93171da04b75313f2130f,17700,osvaldo cruz,SP,2,2,2,1,290.26,37.8,2,2,2018-03-09 18:08:44,2018-04-25 12:58:56,5.0,2,0,-9.0,24.0,1.0,145.13,18.9,0,0.0,0.0,46,False,True
270d3ef21830ad0ecf3a6c53d08a533a,6380,carapicuiba,SP,18,6,3,1,509.0,234.67,6,5,2017-12-06 14:04:08,2018-04-28 02:23:24,2.3333333333333335,6,0,-9.0,11.0,3.0,84.83333333333333,39.11166666666667,3,0.0,0.5,142,False,True
89c127985a8b130cfa45c1d36764017a,6016,osasco,SP,7,7,6,5,1419.5700000000002,120.63,7,7,2017-06-30 10:13:23,2018-02-11 20:30:24,3.0,6,0,-14.5,10.5,1.0,202.7957142857143,17.232857142857142,3,0.0,0.42857142857142855,226,False,True
8b2492b7ff4468839593fafeed55bad9,24451,sao goncalo,RJ,45,29,15,1,3660.08,676.18,29,29,2017-08-29 08:50:49,2018-07-30 09:08:42,4.172413793103448,29,2,-8.448275862068966,12.068965517241379,1.5517241379310345,126.20965517241379,23.31655172413793,4,0.06896551724137931,0.13793103448275862,335,False,True
1e9d5a33694bddb76316fd1f54734d20,78820,jaciara,MT,2,2,2,1,318.0,150.94,2,2,2018-07-18 13:52:51,2018-08-17 11:12:26,4.5,2,0,-8.5,12.0,1.0,159.0,75.47,0,0.0,0.0,29,False,True
5e49e3a44bdeb5aab2684258bbd4f525,88330,balenario camboriu,SC,3,3,2,1,507.0,52.769999999999996,3,3,2017-12-14 11:30:41,2018-03-15 14:54:00,4.666666666666667,3,1,-10.666666666666666,16.0,1.0,169.0,17.59,0,0.3333333333333333,0.0,91,False,True
8e34331b7eedd03be4e5d965c1956225,4009,sao paulo,SP,5,5,5,1,145.0,65.44,5,5,2018-01-22 11:43:20,2018-07-05 14:24:57,4.8,5,1,-7.8,13.6,1.0,29.0,13.088,0,0.2,0.0,164,False,True
aaed1309374718fdd995ee4c58c9dfcd,89120,timbo,SC,112,105,54,5,9376.95,2331.07,105,103,2016-10-09 11:43:43,2018-08-01 15:54:56,4.066666666666666,105,3,-17.240384615384617,11.73076923076923,1.0666666666666667,89.30428571428573,22.200666666666667,14,0.02857142857142857,0.13333333333333333,661,False,True
11d4c477d09821164bca4f70a2eae031,14075,ribeirao preto,SP,4,3,2,1,83.04,57.81999999999999,3,3,2017-07-18 20:52:33,2017-08-28 20:47:42,5.0,3,0,-12.0,6.333333333333333,1.3333333333333333,27.680000000000003,19.27333333333333,0,0.0,0.0,40,False,True
ff314fa6033cc68ec451c47aee2d6ba4,5424,sao paulo,SP,2,2,2,0,537.9,32.44,2,2,2017-01-25 09:09:46,2017-05-19 16:09:06,5.0,2,0,-20.5,10.5,1.0,268.95,16.22,0,0.0,0.0,114,False,True
d1c7fa84e48cfa21a0e595167c1c500e,99730,jacutinga,RS,12,12,6,3,1156.03,321.35,12,12,2018-03-24 18:25:24,2018-07-23 15:59:52,4.333333333333333,12,0,-19.083333333333332,11.5,1.0,96.33583333333333,26.77916666666667,2,0.0,0.16666666666666666,120,False,True
c7246702dc991a06d788120dc7544391,60440,fortaleza,CE,1,1,1,1,54.86,17.66,1,1,2018-02-19 22:45:39,2018-02-19 22:45:39,5.0,1,0,-4.0,20.0,1.0,54.86,17.66,0,0.0,0.0,0,False,True
e819bcfade7b5d88a27325eb6cfd62c5,7242,guarulhos,SP,11,5,4,3,202.89999999999998,135.35,5,5,2018-07-20 14:35:51,2018-08-20 23:35:44,4.2,5,1,-5.6,9.6,2.2,40.58,27.07,1,0.2,0.2,31,False,True
6d2f2e3b539480db1e0842b3a4e32e6e,7051,guarulhos,SP,6,3,2,1,305.96,168.3,3,3,2017-06-09 14:43:13,2017-06-22 22:22:55,3.6666666666666665,3,0,-7.666666666666667,5.666666666666667,2.0,101.98666666666666,56.1,1,0.0,0.3333333333333333,13,False,True
e88165a185134e13fdfc85d4fa654db8,8517,ferraz de  vasconcelos,SP,2,2,2,1,108.0,41.22,2,2,2018-05-16 20:57:48,2018-06-18 09:27:06,3.0,2,1,0.0,8.5,1.0,54.0,20.61,1,0.5,0.5,32,False,True
9e6229250fedbe05838fef417b74e7fb,16800,mirandopolis,SP,78,74,25,3,13132.2,1854.45,74,74,2017-09-24 23:53:13,2018-08-22 09:09:10,3.891891891891892,74,2,-15.232876712328768,11.273972602739725,1.054054054054054,177.46216216216217,25.060135135135134,11,0.02702702702702703,0.14864864864864866,331,False,True
5abb8ea023c77787f2c15da891c8d384,89228,joinville,SC,13,13,5,4,2241.0,746.2,13,13,2017-02-17 17:37:52,2017-12-02 21:01:30,3.923076923076923,13,3,-7.153846153846154,19.307692307692307,1.0,172.3846153846154,57.400000000000006,2,0.23076923076923078,0.15384615384615385,288,False,True
1d953075c2f0dd990bacf27b83b330f1,30421,belo horizonte,MG,1,1,1,1,59.0,19.32,1,1,2018-08-13 11:35:50,2018-08-13 11:35:50,5.0,1,0,-24.0,7.0,1.0,59.0,19.32,0,0.0,0.0,0,False,True
817245bcc3badd82bbd222e0366951a6,17056,bauru,SP,45,29,4,1,5580.5,722.58,29,29,2017-11-14 22:19:50,2018-07-17 14:16:29,4.0,28,1,-12.392857142857142,11.964285714285714,1.5517241379310345,192.43103448275863,24.916551724137932,3,0.034482758620689655,0.10344827586206896,244,False,True
caa9bc43a9fe8cf9c564ddd8a03cc4a6,12308,jacarei,SP,14,13,5,1,803.87,233.87,13,13,2018-04-16 13:04:33,2018-08-27 18:50:06,4.666666666666667,12,0,-11.692307692307692,9.076923076923077,1.0769230769230769,61.83615384615385,17.990000000000002,0,0.0,0.0,133,False,True
615005a3ef192c00c6f0e977cee3d2bc,13304,itu,SP,11,10,2,1,286.5,155.64,10,10,2017-08-17 12:46:48,2017-12-23 03:16:21,3.8,10,1,-10.4,13.5,1.1,28.65,15.563999999999998,3,0.1,0.3,127,False,True
1284de4ae8aa26997e748c851557cf0e,85301,laranjeiras do sul,SP,3,3,3,1,1459.97,86.86999999999999,3,3,2017-05-11 18:46:35,2017-10-18 11:41:18,2.6666666666666665,3,0,-9.0,18.666666666666668,1.0,486.6566666666667,28.956666666666663,2,0.0,0.6666666666666666,159,False,True
5fd924b4836098a5be0ecf81ba054ce0,3554,sao paulo,SP,8,7,8,1,1148.8,135.54,7,7,2017-01-17 20:38:15,2017-03-01 08:28:57,4.0,7,0,-26.571428571428573,7.428571428571429,1.1428571428571428,164.1142857142857,19.36285714285714,1,0.0,0.14285714285714285,42,False,True
7178f9f4dd81dcef02f62acdf8151e01,89560,videira,SC,216,203,57,14,37070.4,4408.52,203,203,2017-03-21 22:01:26,2018-08-17 11:27:54,4.044554455445544,202,7,-18.480198019801982,15.267326732673267,1.064039408866995,182.6128078817734,21.716847290640395,30,0.034482758620689655,0.1477832512315271,513,False,True
8132b9bd16876e1b0f8808d43825dd48,88058,florianopolis,SC,3,2,2,1,727.9,41.04,2,2,2017-05-05 18:20:43,2017-07-24 13:22:29,3.0,2,0,-16.0,16.0,1.5,363.95,20.52,1,0.0,0.5,79,False,True
3f995f07c49d0d55a99d5c54957f7d81,6853,itapecerica da serra,SP,43,43,3,2,3955.7,671.5,43,43,2017-04-13 13:13:48,2018-08-20 23:06:39,4.209302325581396,43,1,-12.116279069767442,9.116279069767442,1.0,91.99302325581395,15.616279069767442,4,0.023255813953488372,0.09302325581395349,494,False,True
a6bd7d1ccdac48c6b33b28596b7eb122,58280,mamanguape,PB,16,16,16,1,14368.61,678.02,16,16,2017-06-28 08:47:01,2018-07-22 16:18:31,3.3333333333333335,15,1,-16.333333333333332,15.333333333333334,1.0,898.038125,42.37625,6,0.0625,0.375,389,False,True
6650fcccd8cd2f7e55ffa524f30c4c59,8490,sao paulo,SP,3,3,2,1,529.7,166.0,3,3,2017-09-05 18:26:23,2017-11-08 12:38:38,2.6666666666666665,3,0,-12.5,7.5,1.0,176.5666666666667,55.333333333333336,2,0.0,0.6666666666666666,63,False,True
3db66a856d18a9cba7c9241fc5221c50,35430,ponte nova,MG,97,94,38,5,9478.300000000001,2044.36,94,93,2017-04-20 17:15:47,2018-08-21 12:20:32,4.202127659574468,94,10,-11.840425531914894,15.542553191489361,1.0319148936170213,100.83297872340427,21.748510638297873,10,0.10638297872340426,0.10638297872340426,487,False,True
8b181ee5518df84f18f4e1a43fe07923,87360,goioere,SP,1,1,1,1,27.9,27.08,1,1,2018-05-30 09:21:06,2018-05-30 09:21:06,5.0,1,0,-22.0,14.0,1.0,27.9,27.08,0,0.0,0.0,0,False,True
10ff823eda2b032e2c93d17a7d294736,17280,pederneiras,SP,9,9,6,2,1294.97,164.56,9,9,2017-06-14 17:47:53,2018-04-06 10:26:19,3.888888888888889,9,0,-14.125,9.375,1.0,143.88555555555556,18.284444444444446,2,0.0,0.2222222222222222,295,False,True
b4a476fbd28de64b1e347abf9089366a,6653,itapevi,SP,38,33,15,3,5724.04,1011.91,33,32,2017-03-29 19:09:42,2018-06-26 19:58:54,3.84375,32,2,-11.333333333333334,12.066666666666666,1.1515151515151516,173.4557575757576,30.663939393939394,6,0.06060606060606061,0.18181818181818182,454,False,True
39c763cca83e654764b7a4a650fb9b7c,74563,goiania,GO,11,11,4,2,761.0,223.21,11,10,2017-09-14 20:57:31,2018-07-27 20:36:45,3.8181818181818183,11,2,-6.818181818181818,13.0,1.0,69.18181818181819,20.291818181818183,3,0.18181818181818182,0.2727272727272727,315,False,True
dadc51ef321949ec9a3ab25cd902e23d,4821,sao paulo,SP,1,1,1,1,85.0,14.34,1,1,2017-09-15 15:51:13,2017-09-15 15:51:13,1.0,1,0,,,1.0,85.0,14.34,1,0.0,1.0,0,True,True
83b08de96980757220871b31bf6cffca,21820,rio de janeiro,RJ,7,5,4,1,1304.17,454.21,5,5,2017-10-13 15:52:21,2018-05-07 10:08:06,4.0,5,1,-3.4,13.6,1.4,260.834,90.84200000000001,1,0.2,0.2,205,False,True
14a08204d03bb6b6bde8029f801ae0eb,1026,sao paulo,SP,38,28,24,6,2185.4,593.7,28,28,2018-03-15 20:13:55,2018-08-20 20:02:22,3.892857142857143,28,0,-14.428571428571429,8.392857142857142,1.3571428571428572,78.05,21.20357142857143,5,0.0,0.17857142857142858,157,False,True
bee36b4f9a2b9fdcaff6ec05df202ed0,3308,sao paulo,SP,2,2,1,1,33.8,19.68,2,2,2017-02-11 17:06:41,2017-03-05 21:02:51,3.0,2,0,-13.0,13.0,1.0,16.9,9.84,1,0.0,0.5,22,False,True
28872dc528e978a639754bc8c2ce5a4c,95070,caxias do sul,RS,1,1,1,1,1009.9,29.0,1,1,2018-06-11 22:55:43,2018-06-11 22:55:43,5.0,1,0,-31.0,4.0,1.0,1009.9,29.0,0,0.0,0.0,0,False,True
c85d7b477a709c85a1e8b8f25aa1b270,9640,sao bernardo do campo,SP,2,1,1,1,75.0,32.22,1,1,2017-06-28 21:28:34,2017-06-28 21:28:34,1.0,1,0,,,2.0,75.0,32.22,1,0.0,1.0,0,True,True
739c7d7be81f63812dea0d1b1451c651,58400,campina grande,PB,2,2,2,1,77.5,71.8,2,2,2018-05-16 13:11:47,2018-06-04 11:52:25,4.0,2,0,-24.0,17.0,1.0,38.75,35.9,0,0.0,0.0,18,False,True
657969cca82e884d272385ec0ef06edd,93608,estancia velha,RS,3,3,3,1,139.70000000000002,51.86,3,3,2018-05-01 10:10:41,2018-07-31 17:45:44,4.666666666666667,3,0,-24.333333333333332,7.333333333333333,1.0,46.56666666666667,17.286666666666665,0,0.0,0.0,91,False,True
455befea1bb853c75ccbca94cff26e5c,27525,resende,RJ,1,1,1,1,19.99,22.06,1,1,2018-06-07 08:36:30,2018-06-07 08:36:30,3.0,1,0,-38.0,12.0,1.0,19.99,22.06,0,0.0,0.0,0,False,True
800214c63934acd05d47e84214db8ba8,89251,jaragua do sul,SC,4,4,4,2,259.6,61.74,4,4,2017-03-31 12:33:22,2017-05-15 08:58:47,5.0,4,0,-15.0,11.333333333333334,1.0,64.9,15.435,0,0.0,0.0,44,False,True
5cf1ec37aea089f45110c70653a166ab,2215,sao paulo,SP,3,3,1,0,50.0,43.1,3,3,2017-04-01 11:23:53,2017-12-13 16:58:37,3.6666666666666665,3,0,-9.0,20.5,1.0,16.666666666666668,14.366666666666667,1,0.0,0.3333333333333333,256,False,True
0a82f5fb06a4fe4ac2cf7cb412ec71b8,5524,sao paulo,SP,2,2,2,1,462.0,22.799999999999997,2,2,2018-02-03 13:14:01,2018-03-31 12:09:05,5.0,2,0,-10.0,5.0,1.0,231.0,11.399999999999999,0,0.0,0.0,55,False,True
e45edf75f568ed2f93f78d060e246e25,22790,rio de janeiro,RJ,7,6,6,1,164.29999999999998,113.92,6,6,2018-06-06 11:26:30,2018-07-24 20:48:52,4.166666666666667,6,0,-8.166666666666666,11.666666666666666,1.1666666666666667,27.38333333333333,18.986666666666668,0,0.0,0.0,48,False,True
3d621842b2ed28e2b474132480edac3c,8041,sao paulo,SP,10,10,5,1,928.9100000000001,151.79,10,10,2017-05-04 16:44:16,2017-11-30 20:18:51,3.9,10,0,-11.875,9.25,1.0,92.891,15.178999999999998,2,0.0,0.2,210,False,True
baf15155e37ef5492731459bdc05be8a,5715,sao paulo,SP,1,1,1,1,47.0,8.72,1,1,2017-03-16 11:18:01,2017-03-16 11:18:01,5.0,1,0,-9.0,33.0,1.0,47.0,8.72,0,0.0,0.0,0,False,True
c0aff2da32c17759d30b22fb0af6649d,88032,florianopolis,SC,5,4,3,2,188.8,83.53,4,4,2018-06-11 13:15:42,2018-08-22 15:27:49,3.75,4,0,-17.0,7.5,1.25,47.2,20.8825,0,0.0,0.0,72,False,True
a17f621c590ea0fab3d5d883e1630ec6,18055,sorocaba,SP,80,65,34,2,2778.58,1122.96,65,64,2017-03-23 22:10:46,2018-04-05 08:55:00,4.063492063492063,63,4,-10.428571428571429,11.11111111111111,1.2307692307692308,42.74738461538461,17.276307692307693,11,0.06153846153846154,0.16923076923076924,377,False,True
4deebb3199eeafb282ae33229144f94b,2112,sao paulo,SP,5,4,3,1,779.7,141.79,4,4,2018-01-14 18:19:35,2018-07-28 13:14:25,4.0,4,1,-2.5,10.0,1.25,194.925,35.4475,1,0.25,0.25,194,False,True
9d69ba0a7a626a64dc5db08e529559cf,14075,ribeirao preto,SP,1,1,1,1,19.3,18.24,1,1,2018-07-13 19:38:58,2018-07-13 19:38:58,5.0,1,0,-3.0,13.0,1.0,19.3,18.24,0,0.0,0.0,0,False,True
f92d8c817434bd2d84d4e9c61322b7fa,18048,sorocaba,SP,5,5,3,1,174.84,50.769999999999996,5,5,2018-01-19 14:57:16,2018-07-26 18:24:47,4.6,5,0,-9.0,8.0,1.0,34.968,10.154,0,0.0,0.0,188,False,True
8ca5b19e0263150d2c57afdde2b3d011,9336,maua,SP,4,3,2,1,180.60000000000002,44.08,3,3,2017-10-26 12:58:12,2017-11-23 11:03:54,4.666666666666667,3,0,-10.666666666666666,4.333333333333333,1.3333333333333333,60.20000000000001,14.693333333333333,0,0.0,0.0,27,False,True
eec3469d83e142f9a104886655338c37,17030,bauru,SP,4,4,4,2,185.7,54.74,4,4,2017-02-03 16:32:12,2018-08-17 14:22:37,4.5,4,0,-18.0,9.75,1.0,46.425,13.685,0,0.0,0.0,559,False,True
55bb6fe5bebe5012e2d7d9928e1128ff,17052,bauru,SP,16,15,11,5,1816.55,576.47,15,15,2018-01-20 21:20:55,2018-07-30 13:35:11,3.466666666666667,15,2,-10.8,14.466666666666667,1.0666666666666667,121.10333333333332,38.431333333333335,6,0.13333333333333333,0.4,190,False,True
d180e07dc1e58c31c3f0cd599dc4d945,30620,belo horizonte,MG,1,1,1,0,58.8,14.16,1,1,2018-01-26 14:08:25,2018-01-26 14:08:25,3.0,1,0,-16.0,7.0,1.0,58.8,14.16,0,0.0,0.0,0,False,True
d6b1ce66b035a475f00c017792ff9769,13327,salto,SP,108,92,18,3,12277.4,2038.48,92,92,2018-03-17 14:39:25,2018-08-26 22:50:16,4.277777777777778,90,5,-12.576086956521738,9.728260869565217,1.173913043478261,133.45,22.157391304347826,7,0.05434782608695652,0.07608695652173914,162,False,True
3aa3c89ae3cd482385568be76120f63c,74343,goiania,GO,1,1,1,1,29.9,19.04,1,1,2018-06-07 22:36:29,2018-06-07 22:36:29,4.0,1,0,-8.0,10.0,1.0,29.9,19.04,0,0.0,0.0,0,False,True
fe4cd9461203cee790d36792420b310f,35300,caratinga,MG,3,3,2,1,391.15,54.379999999999995,3,3,2017-03-13 08:11:00,2017-09-06 22:28:42,4.0,3,0,-10.0,13.666666666666666,1.0,130.38333333333333,18.126666666666665,0,0.0,0.0,177,False,True
c3aad7dc65449ae90a5e9c3c6c1e78e0,15350,auriflama/sp,SP,6,6,5,1,510.0,130.36,6,6,2018-08-10 15:26:47,2018-08-23 00:23:11,4.666666666666667,6,0,-13.833333333333334,7.0,1.0,85.0,21.72666666666667,0,0.0,0.0,12,False,True
f5fea3ffed6c2e889bab72705557c63a,21240,rio de janeiro,RJ,3,3,3,1,1059.9,268.28,3,3,2017-02-23 12:18:09,2017-04-18 23:53:54,3.6666666666666665,3,1,1.0,28.0,1.0,353.3,89.42666666666666,1,0.3333333333333333,0.3333333333333333,54,False,True
ececbfcff9804a2d6b40f589df8eef2b,14407,franca,SP,104,98,62,3,6792.4,1868.66,98,97,2017-06-26 16:05:09,2018-08-15 16:54:26,4.112244897959184,98,9,-11.371134020618557,12.731958762886597,1.0612244897959184,69.31020408163265,19.06795918367347,13,0.09183673469387756,0.1326530612244898,415,False,True
a254c682cc01e119f83530446f1df9a9,16500,cafelandia,SP,7,6,3,1,569.4,240.02,6,6,2018-03-19 13:24:33,2018-08-22 12:47:22,4.0,6,1,-10.333333333333334,14.666666666666666,1.1666666666666667,94.89999999999999,40.00333333333334,1,0.16666666666666666,0.16666666666666666,155,False,True
830379336fad8c6f3b15a4a3ddb5c66e,2518,sao paulo,SP,4,2,2,1,268.0,170.38,2,2,2018-04-21 17:34:58,2018-07-24 10:54:55,4.5,2,0,-14.5,6.0,2.0,134.0,85.19,0,0.0,0.0,93,False,True
7d13fca15225358621be4086e1eb0964,14050,ribeirao preto,SP,578,565,57,7,113628.97,8632.05,565,564,2018-02-14 21:11:44,2018-08-25 13:51:01,4.024955436720143,561,64,-10.879928315412187,15.267025089605735,1.023008849557522,201.11322123893805,15.27796460176991,98,0.11327433628318584,0.17345132743362832,191,False,True
1b4c3a6f53068f0b6944d2d005c9fc89,88730,sao ludgero,SC,117,113,31,9,14760.300000000001,3031.37,113,113,2017-02-16 17:42:42,2018-07-26 13:09:48,4.214285714285714,112,5,-12.756756756756756,14.027027027027026,1.0353982300884956,130.6221238938053,26.82628318584071,12,0.04424778761061947,0.10619469026548672,524,False,True
b92e3c8f9738272ff7c59e111e108d7c,36502,uba,MG,70,62,36,4,8231.09,2414.21,62,62,2017-01-17 22:26:00,2018-08-07 15:23:50,4.161290322580645,62,2,-43.403225806451616,16.338709677419356,1.1290322580645162,132.75951612903225,38.938870967741934,11,0.03225806451612903,0.1774193548387097,566,False,True
b8555308bfdb4ca1ed54325a58da9a97,9751,sao bernardo do campo,SP,28,26,4,1,3047.2000000000003,582.83,26,26,2017-12-11 13:47:29,2018-08-23 11:29:01,4.0,26,2,-10.884615384615385,9.807692307692308,1.0769230769230769,117.20000000000002,22.41653846153846,3,0.07692307692307693,0.11538461538461539,254,False,True
71593c7413973a1e160057b80d4958f6,3407,sao paulo / sao paulo,SP,5,2,2,2,299.5,45.85,2,2,2018-08-03 13:19:41,2018-08-16 10:46:39,3.0,2,0,-3.5,9.0,2.5,149.75,22.924999999999997,1,0.0,0.5,12,False,True
1dc2de47ee26a0a5b12dc14fd6dc0dea,14940,ibitinga,SP,27,25,11,1,1670.3,617.1999999999999,25,25,2018-02-01 09:48:31,2018-08-22 14:19:39,4.56,25,1,-8.84,14.24,1.08,66.812,24.688,1,0.04,0.04,202,False,True
6c6e3d67f969468f3bfd33f827a31222,87035,maringa,PR,6,5,4,1,224.0,92.41,5,5,2018-03-11 22:56:57,2018-08-09 18:55:30,4.8,5,0,-11.8,8.2,1.2,44.8,18.482,0,0.0,0.0,150,False,True
66d5ae34537110d3affc56174dad2b2f,15062,sao jose do rio preto,SP,3,1,1,1,33.81,38.37,1,1,2018-07-08 18:44:18,2018-07-08 18:44:18,1.0,1,0,,,3.0,33.81,38.37,1,0.0,1.0,0,True,True
781a66c0d89e30814d49fe8b5e14cd07,13064,campinas,SP,1,1,1,1,115.0,21.3,1,1,2017-11-15 12:41:09,2017-11-15 12:41:09,1.0,1,1,10.0,33.0,1.0,115.0,21.3,1,1.0,1.0,0,True,True
a4bd6e9adf39b63f43dc545d3ca1f53d,21020,rio de janeiro,RJ,5,4,4,2,1848.59,112.38000000000001,4,4,2017-04-15 09:42:38,2018-05-03 10:34:01,4.5,4,0,-16.5,10.0,1.25,462.1475,28.095000000000002,0,0.0,0.0,383,False,True
f88adb15807168d3c43d71021090ce4a,13660,porto ferreira,SP,3,3,2,2,488.8,52.26,3,3,2018-04-23 22:45:21,2018-08-14 18:06:34,3.3333333333333335,3,0,-15.0,6.0,1.0,162.93333333333334,17.419999999999998,1,0.0,0.3333333333333333,112,False,True
fa8d335d68129e464e60c1826a683e96,95660,tres coroas,RS,1,1,1,1,139.9,34.78,1,1,2017-10-20 08:49:05,2017-10-20 08:49:05,4.0,1,0,-11.0,22.0,1.0,139.9,34.78,0,0.0,0.0,0,False,True
f12d3c2a14729ae461b920c11fe20fdc,9080,santo andre,SP,11,9,4,2,364.45,94.87,9,9,2018-05-03 20:25:44,2018-07-31 20:56:04,4.444444444444445,9,0,-11.0,4.777777777777778,1.2222222222222223,40.49444444444444,10.541111111111112,0,0.0,0.0,89,False,True
4917cee8d902e13428c3ec4b1ca6f315,89031,blumenau,SC,33,33,7,2,5421.9,1199.6399999999999,33,33,2017-05-21 10:32:54,2018-08-17 01:48:47,4.15625,32,1,-9.935483870967742,17.612903225806452,1.0,164.29999999999998,36.35272727272727,4,0.030303030303030304,0.12121212121212122,452,False,True
741f8c587cb4248ebc5b779a0e8e0e51,9110,santo andre,SP,5,5,5,4,89.95,67.69,5,5,2018-07-12 19:37:30,2018-08-12 10:49:23,4.0,5,1,-7.8,12.6,1.0,17.990000000000002,13.538,1,0.2,0.2,30,False,True
4bcec44888b30ba9001234c534716d3f,9230,santo andre,SP,5,5,2,1,146.0,63.23,5,5,2018-01-06 11:57:52,2018-07-18 15:22:25,4.6,5,0,-9.4,8.8,1.0,29.2,12.645999999999999,0,0.0,0.0,193,False,True
a663d9c3797e90eac99ff60939416a56,3951,sao paulo,SP,1,1,1,1,235.0,14.08,1,1,2018-05-16 13:31:20,2018-05-16 13:31:20,5.0,1,0,-7.0,5.0,1.0,235.0,14.08,0,0.0,0.0,0,False,True
dff87e4de60c9736ce8df835951b09bc,3172,sao paulo,SP,2,2,2,1,998.0,45.43,2,2,2017-11-12 19:43:04,2017-11-15 07:45:44,2.5,2,0,,,1.0,499.0,22.715,1,0.0,0.5,2,False,True
ac1ed5fc15901fbc92920361eb4ab350,3334,sao paulo,SP,1,1,1,1,110.25,13.79,1,1,2017-06-17 13:34:04,2017-06-17 13:34:04,1.0,1,0,,,1.0,110.25,13.79,1,0.0,1.0,0,True,True
f9903dd0f812c7e771fcad47b6fff231,89070,blumenau,SC,15,10,9,3,1684.8500000000001,416.63,10,10,2017-11-15 10:43:50,2018-08-20 14:34:51,3.2,10,0,-18.1,13.4,1.5,168.485,41.663,3,0.0,0.3,278,False,True
ac9b01377919cdbd2a1bbb8d5837c70b,8773,mogi das cruzes,SP,1,1,1,1,55.9,23.54,1,1,2018-08-05 18:53:35,2018-08-05 18:53:35,3.0,1,0,-30.0,9.0,1.0,55.9,23.54,0,0.0,0.0,0,False,True
5011f0d93373a4c5753adf58ca77af8d,11013,santos,SP,22,12,4,2,1009.4200000000001,381.43,12,12,2017-08-16 11:32:22,2018-05-14 14:34:52,3.8333333333333335,12,1,-8.181818181818182,10.454545454545455,1.8333333333333333,84.11833333333334,31.785833333333333,2,0.08333333333333333,0.16666666666666666,271,False,True
a4e634166243bbb3a13fa584463fa468,6286,osasco,SP,2,2,2,2,155.55,45.629999999999995,2,2,2018-02-26 06:37:45,2018-04-28 19:25:30,2.0,2,0,,,1.0,77.775,22.814999999999998,2,0.0,1.0,61,True,True
50bf89f1349bc0409a268c3a49678009,15155,jaci,SP,1,1,1,1,179.9,102.57,1,1,2018-07-02 00:11:34,2018-07-02 00:11:34,5.0,1,0,-26.0,9.0,1.0,179.9,102.57,0,0.0,0.0,0,False,True
50c9975695009e5e6473912e83a6d1da,35530,claudio,MG,68,50,36,1,3964.4,2919.55,50,50,2017-02-05 15:53:52,2018-07-23 17:14:32,3.938775510204082,49,7,-7.7,15.94,1.36,79.288,58.391000000000005,9,0.14,0.18,533,False,True
42d4b7e70819438f5ada61c965e92d7e,74045,goiania,GO,3,1,2,2,49.6,51.18,1,1,2018-03-20 14:07:40,2018-03-20 14:07:40,1.0,1,0,-2.0,21.0,3.0,49.6,51.18,1,0.0,1.0,0,True,True
7aa4334be125fcdd2ba64b3180029f14,18500,laranjal paulista,SP,240,217,41,4,16234.81,4368.52,217,214,2017-02-28 10:08:49,2017-12-12 14:44:42,4.102325581395349,215,25,-9.439252336448599,15.532710280373832,1.1059907834101383,74.8147926267281,20.13142857142857,32,0.1152073732718894,0.14746543778801843,287,False,True
b14db04aa7881970e83ffa9426897925,18048,sorocaba,SP,111,83,12,2,5898.6,2225.35,83,83,2016-10-06 17:45:30,2018-08-19 18:43:15,3.7125,80,8,-10.179487179487179,15.5,1.3373493975903614,71.06746987951807,26.81144578313253,16,0.0963855421686747,0.1927710843373494,682,False,True
fac1a9017ade7bdc94058fc1c969f355,1126,sao paulo,SP,10,9,9,2,2010.84,212.07,9,9,2018-05-11 15:21:35,2018-08-17 14:01:36,4.666666666666667,9,0,-10.88888888888889,7.444444444444445,1.1111111111111112,223.42666666666665,23.563333333333333,0,0.0,0.0,97,False,True
31ae0774c17fabd06ff707cc5bde005f,13478,americana,SP,11,11,9,3,6719.85,850.82,11,11,2017-05-08 16:25:25,2018-08-25 10:39:56,4.0,11,1,-12.363636363636363,11.454545454545455,1.0,610.8954545454545,77.34727272727274,2,0.09090909090909091,0.18181818181818182,473,False,True
f0ec6a2adb05c62655a26dd347b8dede,1303,sao paulo,SP,2,1,1,1,72.0,14.78,1,1,2018-04-11 17:08:59,2018-04-11 17:08:59,1.0,1,0,,,2.0,72.0,14.78,1,0.0,1.0,0,True,True
cc1f04647be106ba74e62b21f358af25,2739,sao paulo,SP,1,1,1,1,11.9,8.29,1,1,2018-06-22 12:48:41,2018-06-22 12:48:41,1.0,1,0,-6.0,13.0,1.0,11.9,8.29,1,0.0,1.0,0,True,True
1099a00e0ee3a50935e6c2447ca090c5,20921,rio de janeiro,RJ,3,3,3,1,849.6999999999999,61.129999999999995,3,3,2017-11-09 18:46:46,2018-01-02 18:05:48,3.6666666666666665,3,1,-9.666666666666666,14.666666666666666,1.0,283.2333333333333,20.376666666666665,1,0.3333333333333333,0.3333333333333333,53,False,True
3d700782d7818f2c1e0d7a9e9d75fc00,86170,sertanopolis,SP,3,3,1,1,149.7,85.41,3,3,2017-04-23 20:56:12,2017-07-11 14:20:11,3.6666666666666665,3,1,-2.6666666666666665,25.333333333333332,1.0,49.9,28.47,1,0.3333333333333333,0.3333333333333333,78,False,True
a3e9a2c700480d9bb01fba070ba80a0e,14940,ibitinga,SP,144,130,72,2,13440.8,2883.09,130,130,2017-05-09 22:58:25,2018-08-19 14:19:27,3.9921875,128,12,-10.178294573643411,12.720930232558139,1.1076923076923078,103.39076923076922,22.177615384615386,21,0.09230769230769231,0.16153846153846155,466,False,True
c3f5668699a1b04c0fa61ecea1e2bff6,86808,apucarana,PR,3,3,3,2,407.81,107.12,3,3,2018-03-26 06:56:38,2018-08-02 20:20:53,5.0,3,0,-5.333333333333333,11.666666666666666,1.0,135.93666666666667,35.70666666666667,0,0.0,0.0,129,False,True
80f2cf9abf6b5a0e5c612b5eea6646e6,15046,sao jose do rio preto,SP,7,7,7,2,766.08,288.7,7,7,2018-04-05 08:21:18,2018-07-21 23:27:59,4.428571428571429,7,1,-8.833333333333334,10.166666666666666,1.0,109.44000000000001,41.24285714285714,1,0.14285714285714285,0.14285714285714285,107,False,True
516e7738bd8f735ac19a010ee5450d8d,22230,rio de janeiro,RJ,84,76,53,2,6643.09,1466.23,76,76,2018-05-11 18:34:36,2018-08-24 19:51:08,4.565789473684211,76,2,-19.08108108108108,8.364864864864865,1.105263157894737,87.40907894736843,19.2925,3,0.02631578947368421,0.039473684210526314,105,False,True
4fe2f67634d00c021aa01f96b6f2d68e,87035,maringa,PR,2,2,2,2,86.8,32.04,2,2,2018-08-11 19:27:59,2018-08-16 20:58:56,5.0,2,0,-21.0,10.5,1.0,43.4,16.02,0,0.0,0.0,5,False,True
9f505651f4a6abe901a56cdc21508025,4102,sao paulo,SP,430,397,77,7,26361.82,6030.04,397,394,2017-10-05 10:35:03,2018-08-29 15:00:37,4.340101522842639,394,16,-10.806615776081426,7.643765903307888,1.0831234256926952,66.40256926952141,15.189017632241814,40,0.04030226700251889,0.10075566750629723,328,False,True
17adeba047385fb0c67d8e90b4296d21,7052,guarulhos,SP,3,1,1,1,809.6999999999999,287.61,1,1,2017-03-08 10:44:37,2017-03-08 10:44:37,1.0,1,0,,,3.0,809.6999999999999,287.61,1,0.0,1.0,0,True,True
7142540dd4c91e2237acb7e911c4eba2,16301,penapolis,SP,331,319,266,2,37373.56,6915.6,319,316,2017-03-10 11:30:03,2018-08-17 10:23:01,4.028391167192429,317,23,-13.44620253164557,14.259493670886076,1.0376175548589341,117.15849529780563,21.678996865203764,46,0.07210031347962383,0.14420062695924765,524,False,True
c04d70d515d15a7e3db3a73320598566,24020,niteroi,RJ,4,3,3,1,158.2,56.62,3,3,2017-05-24 22:17:27,2017-11-13 10:38:36,5.0,3,0,-20.666666666666668,6.0,1.3333333333333333,52.73333333333333,18.87333333333333,0,0.0,0.0,172,False,True
a3a38f4affed601eb87a97788c949667,89204,joinville,SC,263,254,115,12,26533.32,5241.95,254,252,2016-10-05 20:20:57,2018-08-23 11:43:36,4.386454183266932,251,11,-14.689243027888446,12.03187250996016,1.0354330708661417,104.46188976377952,20.63759842519685,21,0.04330708661417323,0.08267716535433071,686,False,True
744dac408745240a2c2528fb1b6028f3,83408,colombo,PR,84,79,75,4,22490.6,1894.42,79,79,2017-04-22 21:39:15,2018-08-14 18:33:48,4.569620253164557,79,1,-16.76923076923077,10.564102564102564,1.0632911392405062,284.6911392405063,23.98,3,0.012658227848101266,0.0379746835443038,478,False,True
9b013e03b2ab786505a1d3b5c0756754,11450,vicente de carvalho,SP,225,174,57,6,9027.4,2604.21,174,173,2017-10-19 13:21:58,2018-08-27 14:54:22,4.15606936416185,173,7,-9.864705882352942,8.129411764705882,1.293103448275862,51.8816091954023,14.966724137931035,24,0.040229885057471264,0.13793103448275862,312,False,True
8b9d6eec4a7eb7d0f9d579ce0b38324d,26562,mesquita,RJ,53,49,7,2,4232.54,1684.44,49,48,2018-05-13 23:56:22,2018-08-20 16:50:24,4.0,49,7,-10.354166666666666,9.979166666666666,1.0816326530612246,86.37836734693877,34.376326530612246,9,0.14285714285714285,0.1836734693877551,98,False,True
38e679b9e0064cd94c6f035707344dae,86010,londrina,PR,30,28,12,2,3694.5099999999998,723.59,28,28,2016-10-06 18:11:11,2018-01-30 07:15:03,4.0,27,1,-16.88888888888889,10.777777777777779,1.0714285714285714,131.9467857142857,25.8425,5,0.03571428571428571,0.17857142857142858,480,False,True
5444b12c82f21c923f2639ebc722c1ea,2051,sao pauo,SP,1,1,1,1,169.9,9.56,1,1,2017-04-25 01:25:34,2017-04-25 01:25:34,4.0,1,0,,,1.0,169.9,9.56,0,0.0,0.0,0,False,True
83deb69e889cf80f82be1dc6d5f2d486,88056,florianopolis,SC,42,40,14,1,5363.01,913.64,40,40,2017-07-17 22:19:33,2018-08-12 18:45:22,4.325,40,2,-11.8,15.475,1.05,134.07525,22.841,6,0.05,0.15,390,False,True
54aa8463e87776b5612f4bdc4bd5d4de,30550,belo horizonte,MG,7,7,4,3,649.3,123.53,7,7,2016-10-07 10:57:46,2017-02-21 10:53:34,3.857142857142857,7,0,-23.714285714285715,12.857142857142858,1.0,92.75714285714285,17.647142857142857,1,0.0,0.14285714285714285,136,False,True
2e7ea2aafec5835e781b21d6d1faf1f1,2820,sao paulo,SP,7,7,4,1,528.4,118.22,7,7,2018-07-05 18:35:55,2018-08-23 21:46:53,4.5,6,1,-5.285714285714286,6.714285714285714,1.0,75.48571428571428,16.888571428571428,0,0.14285714285714285,0.0,49,False,True
79ebd9a61bac3eaf882805ed4ecfa12a,85802,cascavel,PR,143,136,115,1,15092.79,4012.35,136,135,2017-10-10 23:13:16,2018-08-18 22:51:17,4.044117647058823,136,6,-12.300751879699249,14.8796992481203,1.0514705882352942,110.97639705882354,29.502573529411762,19,0.04411764705882353,0.13970588235294118,311,False,True
1cbd50a8c52e6cf8e315c5709fab386f,83830,fazenda rio grande,PR,9,9,7,5,785.97,220.69,9,9,2018-01-23 12:49:41,2018-07-20 12:28:34,3.7777777777777777,9,1,-12.555555555555555,18.444444444444443,1.0,87.33,24.52111111111111,1,0.1111111111111111,0.1111111111111111,177,False,True
e503f22be6a4f456d9851920a5d9c670,4508,sao paulo,SP,2,2,2,1,198.9,32.44,2,2,2018-07-30 12:28:26,2018-08-14 15:12:04,4.0,2,0,-12.5,5.5,1.0,99.45,16.22,0,0.0,0.0,15,False,True
88af55b4a7ca402b27df16f7c7c9b5d2,6775,taboao da serra,SP,1,1,1,1,130.0,11.52,1,1,2017-03-30 15:23:23,2017-03-30 15:23:23,1.0,1,0,,,1.0,130.0,11.52,1,0.0,1.0,0,True,True
5f3ae9136c875522250f8184f253413a,1550,sao paulo,SP,46,43,24,2,1158.0,615.76,43,43,2018-01-15 12:02:56,2018-08-22 10:56:54,4.642857142857143,42,2,-12.404761904761905,7.380952380952381,1.069767441860465,26.930232558139537,14.32,1,0.046511627906976744,0.023255813953488372,218,False,True
b026643914f651e8371425e5b8a1e780,22783,rio de janeiro,RJ,1,1,1,1,27.9,15.1,1,1,2017-07-07 10:26:23,2017-07-07 10:26:23,5.0,1,0,-15.0,10.0,1.0,27.9,15.1,0,0.0,0.0,0,False,True
26af45f5dfd967225a832838aa4e24a3,81070,curitiba,PR,11,10,7,1,573.1,198.51,10,10,2018-01-11 13:15:43,2018-08-22 21:26:03,4.1,10,0,-14.3,9.2,1.1,57.31,19.851,2,0.0,0.2,223,False,True
9dd459b29a14bf89d47183cf2cd0e4c7,4716,sao paulo,SP,2,2,2,1,180.0,18.82,2,2,2018-01-14 18:16:33,2018-08-04 12:42:39,5.0,2,1,-6.0,6.5,1.0,90.0,9.41,0,0.5,0.0,201,False,True
8e6d7754bc7e0f22c96d255ebda59eba,12233,sao jose dos campos,SP,130,85,29,1,14497.27,1715.24,85,85,2017-12-30 16:52:49,2018-08-26 04:52:35,3.5764705882352943,85,11,-6.0476190476190474,14.880952380952381,1.5294117647058822,170.55611764705884,20.17929411764706,23,0.12941176470588237,0.27058823529411763,238,False,True
e250d617a0ad591ba9bd663e584a895d,7084,guarulhos,SP,20,8,9,1,904.12,300.79,8,8,2018-02-26 19:29:46,2018-08-21 10:47:37,3.5,8,0,-13.125,8.5,2.5,113.015,37.598749999999995,3,0.0,0.375,175,False,True
92c8bc6e8f925792247656fed09aad65,3384,sao paulo,SP,3,3,3,1,259.7,39.870000000000005,3,3,2017-08-30 17:50:54,2017-10-21 17:39:23,2.3333333333333335,3,1,-3.5,13.0,1.0,86.56666666666666,13.290000000000001,2,0.3333333333333333,0.6666666666666666,51,False,True
e53d5b9b29d1218281f4a907ada18626,85903,toledo,PR,5,4,4,1,350.67,133.25,4,4,2018-07-20 16:50:02,2018-08-20 08:11:26,4.75,4,0,-17.5,6.25,1.25,87.6675,33.3125,0,0.0,0.0,30,False,True
3ca08eeb8d5595949fed424bd3677742,82510,curitiba,PR,14,14,7,1,1768.8700000000001,466.23,14,14,2017-05-11 16:20:58,2018-01-08 13:00:00,4.428571428571429,14,0,-14.384615384615385,9.846153846153847,1.0,126.34785714285715,33.30214285714286,1,0.0,0.07142857142857142,241,False,True
cbd996ad3c1b7dc71fd0e5f5df9087e2,15081,sao jose do rio preto,SP,196,165,13,3,8411.04,2873.92,165,164,2017-02-15 21:50:37,2018-08-27 22:12:59,4.149068322981367,161,13,-10.89375,12.3625,1.187878787878788,50.976000000000006,17.41769696969697,21,0.07878787878787878,0.12727272727272726,558,False,True
8daab2245ebdc277c51098d01c5ad8ef,8411,sao paulo,SP,16,16,4,4,1604.59,284.05,16,16,2018-04-04 22:25:36,2018-08-22 13:49:40,4.625,16,0,-17.375,9.5625,1.0,100.286875,17.753125,0,0.0,0.0,139,False,True
15b3b1b81484422eb41df68ac87f1f50,17047,bauru,SP,2,2,2,1,78.35,24.54,2,2,2017-11-24 23:01:08,2018-01-22 10:41:08,1.0,2,0,-5.0,14.0,1.0,39.175,12.27,2,0.0,1.0,58,True,True
e067ad2c1c0b48758eb1b5228bcf7a68,11045,santos,SP,61,54,36,1,5042.55,1005.36,54,54,2017-02-01 12:44:51,2018-08-13 20:25:15,4.148148148148148,54,4,-10.796296296296296,14.5,1.1296296296296295,93.38055555555556,18.61777777777778,6,0.07407407407407407,0.1111111111111111,558,False,True
f626e15b7314c267e4429010866f70e9,85960,marechal candido rondon,SP,7,5,3,3,193.54999999999998,125.47,5,5,2018-02-24 09:33:05,2018-07-30 20:48:59,3.8,5,0,-16.8,9.6,1.4,38.709999999999994,25.094,1,0.0,0.2,156,False,True
f1fd5ab1181f827ffad998c1a5de7d74,80010,curitiba,PR,15,15,11,2,7045.99,831.97,15,15,2017-11-16 13:58:07,2018-08-09 06:47:46,4.666666666666667,15,0,-12.866666666666667,9.0,1.0,469.73266666666666,55.464666666666666,0,0.0,0.0,265,False,True
a7c88262832dfc683781d6a421edefae,8710,mogi das cruzes,SP,5,5,5,1,1520.0,82.42,5,5,2017-03-13 17:02:01,2018-02-12 22:54:10,4.2,5,0,-12.0,10.4,1.0,304.0,16.484,0,0.0,0.0,336,False,True
6b1c4d4d9ccf0be3d8544eb0e71e5318,91130,porto alegre,RS,1,1,1,1,1699.0,60.04,1,1,2018-03-21 14:29:14,2018-03-21 14:29:14,5.0,1,0,-14.0,12.0,1.0,1699.0,60.04,0,0.0,0.0,0,False,True
4e85b538b0dad58852641540686d0e14,12238,sao jose dos campos,SP,4,4,4,2,361.97999999999996,74.36,4,4,2017-07-27 08:45:34,2018-06-25 14:34:45,3.75,4,2,-6.0,16.75,1.0,90.49499999999999,18.59,1,0.5,0.25,333,False,True
093805f8f2aeb63881444571e1f48f30,6236,osasco,SP,27,22,18,1,1215.79,343.94,22,22,2017-08-31 20:38:35,2018-01-30 12:01:37,4.181818181818182,22,1,-10.227272727272727,7.7727272727272725,1.2272727272727273,55.26318181818181,15.633636363636363,3,0.045454545454545456,0.13636363636363635,151,False,True
5acd070dd3fe441bbb2ec1f1ede515ee,13203,jundiai,SP,8,7,5,1,764.17,122.2,7,7,2017-11-24 16:24:26,2018-02-25 14:01:00,3.0,7,3,4.0,25.714285714285715,1.1428571428571428,109.16714285714285,17.45714285714286,3,0.42857142857142855,0.42857142857142855,92,False,True
3c010235b7345c92f125d14ee232a76b,83800,mandirituba,PR,15,15,6,1,3578.0,427.32,15,15,2018-07-02 13:16:53,2018-08-15 11:37:45,4.666666666666667,15,0,-9.133333333333333,10.533333333333333,1.0,238.53333333333333,28.488,0,0.0,0.0,43,False,True
cb9fb4ca75d7ba8437480e8dde64fe98,3551,sao paulo,SP,10,10,3,0,532.14,173.42000000000002,10,10,2017-06-07 16:32:26,2017-10-11 09:41:39,4.0,10,0,-11.7,8.7,1.0,53.214,17.342000000000002,2,0.0,0.2,125,False,True
ce33c6211beaa8fef4cae8b52db39862,8655,suzano,SP,1,1,1,1,49.0,14.52,1,1,2017-02-12 15:53:19,2017-02-12 15:53:19,3.0,1,0,-11.0,18.0,1.0,49.0,14.52,0,0.0,0.0,0,False,True
081acf3de680d554796c9cf041be7bc2,33200,vespasiano,MG,8,4,4,2,1597.3,205.5,4,4,2017-11-27 14:39:18,2018-05-23 18:30:11,3.25,4,1,-14.0,15.25,2.0,399.325,51.375,1,0.25,0.25,177,False,True
6989574bd97d9773f10d232b6c07da59,80040,curitiba,PR,7,7,4,2,2478.3999999999996,321.1,7,7,2017-03-22 23:17:07,2018-07-25 13:09:24,4.857142857142857,7,0,-12.428571428571429,10.285714285714286,1.0,354.0571428571428,45.871428571428574,0,0.0,0.0,489,False,True
535bf14f36346c7f59d87cece104d70c,20735,rio de janeiro,RJ,1,1,1,1,50.0,7.77,1,1,2018-08-19 11:28:30,2018-08-19 11:28:30,4.0,1,0,0.0,4.0,1.0,50.0,7.77,0,0.0,0.0,0,False,True
8501d82f68d23148b6d78bb7c4a42037,89031,blumenau,SC,1,1,1,1,19.7,10.96,1,1,2017-03-11 19:51:36,2017-03-11 19:51:36,1.0,1,0,,,1.0,19.7,10.96,1,0.0,1.0,0,True,True
7f02656561b680def9986c0795a8a080,1417,sao paulo,SP,2,2,1,1,84.0,27.83,2,2,2017-08-18 13:19:58,2017-09-22 11:05:56,3.0,2,0,-10.0,14.0,1.0,42.0,13.915,1,0.0,0.5,34,False,True
57a834594e1e9e9219603bfec184eadc,98780,santa rosa,RS,1,1,1,1,139.0,27.05,1,1,2018-06-03 14:21:44,2018-06-03 14:21:44,5.0,1,0,-37.0,6.0,1.0,139.0,27.05,0,0.0,0.0,0,False,True
8fd3b4468f6425810648177996c14cbd,15015,sao jose do rio preto,SP,1,1,1,1,354.9,21.67,1,1,2018-06-13 11:33:32,2018-06-13 11:33:32,5.0,1,0,-19.0,9.0,1.0,354.9,21.67,0,0.0,0.0,0,False,True
6d803cb79cc31c41c4c789a75933b3c7,14600,sao joaquim da barra,SP,66,58,17,1,8711.4,1213.67,58,56,2017-07-25 00:16:20,2018-06-06 15:11:41,4.241379310344827,58,4,-13.827586206896552,12.862068965517242,1.1379310344827587,150.19655172413792,20.92534482758621,5,0.06896551724137931,0.08620689655172414,316,False,True
5f2684dab12e59f83bef73ae57724e45,5125,sao paulo,SP,74,68,29,5,9000.87,1122.19,68,68,2016-10-04 20:41:45,2018-08-29 12:25:59,3.8088235294117645,68,4,-11.074626865671641,10.208955223880597,1.088235294117647,132.36573529411766,16.50279411764706,16,0.058823529411764705,0.23529411764705882,693,False,True
713e3a23ca5e47786eb6f0d99f94cfac,81050,curitiba,PR,4,4,4,1,1126.0,87.03,4,4,2018-02-06 13:32:02,2018-06-03 20:17:27,4.75,4,0,-20.0,9.75,1.0,281.5,21.7575,0,0.0,0.0,117,False,True
f97e2b0650c2068227e1d366140eb62f,13830,santo antonio de posse,SP,21,16,7,2,3654.0,1011.98,16,16,2017-06-14 17:57:21,2018-08-19 09:49:20,4.0,15,1,-19.375,14.375,1.3125,228.375,63.24875,3,0.0625,0.1875,430,False,True
8b321bb669392f5163d04c59e235e066,1212,sao paulo,SP,1018,943,104,11,17535.69,14156.36,943,938,2017-10-27 15:34:03,2018-08-21 16:45:44,4.07454739084132,939,81,-9.948387096774194,12.226881720430107,1.0795334040296924,18.595641569459172,15.012046659597031,141,0.08589607635206786,0.14952279957582185,298,False,True
32f83ffe11cd40f7adcf4eef171f52d9,97502,uruguaiana,RS,1,1,1,1,29.99,15.1,1,1,2017-11-19 13:22:29,2017-11-19 13:22:29,5.0,1,0,-15.0,10.0,1.0,29.99,15.1,0,0.0,0.0,0,False,True
76d64c4aca3a7baf218bf93ef7fa768d,80215,curitiba,PR,69,64,37,5,16911.8,3543.4900000000002,64,63,2017-05-25 08:39:38,2018-08-26 13:53:04,4.234375,64,2,-15.109375,10.515625,1.078125,264.246875,55.367031250000004,9,0.03125,0.140625,458,False,True
d06d019f72a04e5497a0b64190af170c,6703,cotia,SP,17,17,5,1,2415.93,225.51,17,17,2018-03-28 11:15:26,2018-08-21 17:00:16,4.529411764705882,17,0,-12.529411764705882,8.0,1.0,142.1135294117647,13.26529411764706,1,0.0,0.058823529411764705,146,False,True
ec80e49e69745ab6c14f984bf2149423,13480,limeira,SP,12,12,2,1,3709.0,188.31,12,12,2018-02-04 22:12:07,2018-08-22 22:17:56,4.0,11,1,-10.416666666666666,12.25,1.0,309.0833333333333,15.6925,1,0.08333333333333333,0.08333333333333333,199,False,True
f8f35af4634605e6693c17cc3ffff5a8,37400,campanha,MG,1,1,1,1,90.0,16.39,1,1,2017-11-12 18:04:56,2017-11-12 18:04:56,5.0,1,0,-14.0,10.0,1.0,90.0,16.39,0,0.0,0.0,0,False,True
004c9cd9d87a3c30c522c48c4fc07416,14940,ibitinga,SP,170,158,88,1,19712.71,3551.23,158,157,2017-01-27 10:34:34,2018-05-03 11:13:38,4.148387096774194,155,10,-11.724358974358974,14.333333333333334,1.0759493670886076,124.76398734177215,22.476139240506328,20,0.06329113924050633,0.12658227848101267,461,False,True
3bdff180c7e1f6551a643b99c265a120,4811,sao paulo,SP,61,59,17,1,3114.9,1046.96,59,57,2017-02-01 17:39:57,2018-04-17 16:37:44,4.086206896551724,58,1,-12.785714285714286,9.571428571428571,1.0338983050847457,52.79491525423729,17.745084745762714,8,0.01694915254237288,0.13559322033898305,439,False,True
6b89abe95848c850399130d149a39b63,75640,piracanjuba,GO,8,8,2,0,1135.2,330.53,8,8,2018-02-15 23:30:37,2018-04-13 15:55:02,4.375,8,0,-13.625,10.625,1.0,141.9,41.31625,1,0.0,0.125,56,False,True
aced59e9b31ef866a94f9e7f29d8d418,3306,sao paulo,SP,67,61,19,3,7268.5,1047.3,61,60,2017-02-13 11:50:50,2018-08-26 04:51:22,4.426229508196721,61,2,-11.442622950819672,9.262295081967213,1.098360655737705,119.15573770491804,17.168852459016392,4,0.03278688524590164,0.06557377049180328,558,False,True
b4f8921fcc4ff77b66bea6dda43dcd51,95034,caxias do sul,RS,20,18,16,1,11395.05,1468.3600000000001,18,18,2018-05-19 16:23:57,2018-08-21 21:18:33,4.555555555555555,18,1,-16.72222222222222,7.222222222222222,1.1111111111111112,633.0583333333333,81.57555555555557,2,0.05555555555555555,0.1111111111111111,94,False,True
d2572f31e9023e9850ef986a636ff9bf,30640,belo horizonte,MG,1,1,1,1,279.0,26.69,1,1,2017-03-25 12:28:48,2017-03-25 12:28:48,5.0,1,0,-21.0,10.0,1.0,279.0,26.69,0,0.0,0.0,0,False,True
c731d18cea9bf687ffee82a241c25b11,89701,concordia,SC,26,24,18,5,3662.0,610.65,24,24,2017-02-23 12:20:44,2018-08-27 12:39:11,4.217391304347826,23,0,-16.541666666666668,7.333333333333333,1.0833333333333333,152.58333333333334,25.443749999999998,4,0.0,0.16666666666666666,550,False,True
3dc69bf2c42f0568a5c4791ec3fd3745,2880,sao paulo,SP,2,2,1,1,300.0,34.43,2,2,2017-11-14 06:00:37,2018-02-16 14:01:10,4.0,2,0,-1.0,26.0,1.0,150.0,17.215,0,0.0,0.0,94,False,True
d8d9567d0bfb0bc7eb845a205ba42657,3688,sao paulo,SP,4,4,3,2,74.6,59.71,4,4,2018-03-28 22:20:31,2018-08-22 08:25:48,3.5,4,1,-3.25,13.0,1.0,18.65,14.9275,1,0.25,0.25,146,False,True
0daf5180aa44356f60f8effa533b55a2,74043,goiania,GO,2,2,2,1,144.8,38.83,2,2,2018-07-30 12:19:23,2018-08-20 14:16:35,5.0,2,0,-5.0,7.5,1.0,72.4,19.415,0,0.0,0.0,21,False,True
5194c22ed1f616ec0c0f33c571542879,37540,santa rita do sapucai,MG,4,4,3,3,245.6,80.85,4,3,2018-06-21 13:37:25,2018-08-05 15:48:29,4.25,4,0,-11.25,12.0,1.0,61.4,20.2125,0,0.0,0.0,45,False,True
fe8055980a4ff7f64ed889c2b5926929,81925,curitiba,PR,3,3,2,2,196.70000000000002,53.28,3,3,2018-06-11 13:46:46,2018-07-25 19:07:16,4.666666666666667,3,0,-15.333333333333334,6.0,1.0,65.56666666666668,17.76,0,0.0,0.0,44,False,True
c42fd8e4d47dfb18ce5222f2dd7752f9,6246,osasco,SP,11,7,9,2,466.99,161.64000000000001,7,5,2017-02-13 11:10:57,2017-05-21 15:02:45,3.8,5,2,0.42857142857142855,25.857142857142858,1.5714285714285714,66.71285714285715,23.091428571428573,1,0.2857142857142857,0.14285714285714285,97,False,True
671585f5a2af58b6e276bc01003c0d2b,80510,curitiba,PR,27,27,5,1,1244.0,448.11,27,27,2018-07-27 21:43:27,2018-08-25 23:39:08,4.703703703703703,27,0,-13.962962962962964,5.148148148148148,1.0,46.074074074074076,16.596666666666668,1,0.0,0.037037037037037035,29,False,True
2dd1fb6f0e42a2243b8a01e40cd41216,80240,curitiba,PR,5,4,4,1,845.89,96.84,4,4,2017-02-20 08:35:25,2017-04-22 14:49:56,3.0,4,0,-15.666666666666666,13.333333333333334,1.25,211.4725,24.21,2,0.0,0.5,61,False,True
a7c53f6b3b61adbdaa99dda97e8cbd56,14780,barretos,SP,1,1,1,1,99.0,11.3,1,1,2017-03-06 20:29:58,2017-03-06 20:29:58,4.0,1,0,-10.0,6.0,1.0,99.0,11.3,0,0.0,0.0,0,False,True
a11a0e0ca67423425691db355cff69b0,13330,indaiatuba,SP,2,2,2,1,448.9,28.080000000000002,2,2,2018-07-31 10:29:51,2018-08-10 16:05:40,5.0,2,0,-6.0,5.0,1.0,224.45,14.040000000000001,0,0.0,0.0,10,False,True
5bffbafbb22daf6d3bfc216a46db8708,26525,nilopolis,RJ,23,21,8,3,5239.7,454.5,21,21,2017-02-25 14:34:40,2017-06-25 23:06:20,4.761904761904762,21,0,-16.666666666666668,8.095238095238095,1.0952380952380953,249.5095238095238,21.642857142857142,0,0.0,0.0,120,False,True
fc0b214b59a83615fea981c6424a02ae,9380,maua,SP,1,1,1,1,159.9,12.14,1,1,2018-08-17 10:15:31,2018-08-17 10:15:31,5.0,1,0,-6.0,4.0,1.0,159.9,12.14,0,0.0,0.0,0,False,True
011b0eaba87386a2ae96a7d32bb531d1,17580,pompeia,SP,2,1,1,1,99.98,29.18,1,1,2016-10-06 07:08:15,2016-10-06 07:08:15,4.0,1,0,-30.0,25.0,2.0,99.98,29.18,0,0.0,0.0,0,False,True
43753b27d77860f1654aa72e251a7878,44895,barro alto,BA,1,1,1,1,23.9,42.38,1,1,2017-09-08 12:12:48,2017-09-08 12:12:48,5.0,1,0,-1.0,27.0,1.0,23.9,42.38,0,0.0,0.0,0,False,True
822b63912576852aea9a8436d72317b7,13840,mogi guacu,SP,9,8,5,1,4905.6900000000005,191.38,8,8,2016-10-04 19:25:29,2017-01-24 13:02:32,3.875,8,0,-25.666666666666668,22.833333333333332,1.125,613.2112500000001,23.9225,2,0.0,0.25,111,False,True
a3fa18b3f688ec0fca3eb8bfcbd2d5b3,4557,são paulo,SP,2,1,1,1,47.8,36.46,1,1,2018-04-30 10:10:48,2018-04-30 10:10:48,5.0,1,0,-3.0,14.0,2.0,47.8,36.46,0,0.0,0.0,0,False,True
5587130f9850696ed7fafbc91c2cee44,4311,sao paulo,SP,2,2,2,1,69.8,33.69,2,2,2018-07-13 17:55:51,2018-08-07 09:25:23,5.0,2,0,-10.5,6.0,1.0,34.9,16.845,0,0.0,0.0,24,False,True
9c1c0c36cd23c20897e473901a8fb149,11702,praia grande,SP,7,6,3,1,544.97,172.07,6,6,2018-05-18 18:22:51,2018-08-23 19:57:47,5.0,6,0,-8.833333333333334,5.666666666666667,1.1666666666666667,90.82833333333333,28.67833333333333,0,0.0,0.0,97,False,True
34a557286ead8fe75c989e0afcf7d98c,14406,franca,SP,4,4,2,1,414.9,58.56,4,4,2018-05-14 17:20:48,2018-08-18 00:12:08,4.75,4,0,-11.25,7.75,1.0,103.725,14.64,0,0.0,0.0,95,False,True
c716e0b86ed568878475b60fbb6323ad,22783,rio de janeiro,SP,1,1,1,1,35.0,15.23,1,1,2018-03-26 13:11:28,2018-03-26 13:11:28,5.0,1,0,-9.0,7.0,1.0,35.0,15.23,0,0.0,0.0,0,False,True
455c5640e8c5bd1b2ee85c0158f85727,89128,luiz alves,SC,8,8,7,4,6729.5,457.39,8,8,2018-02-15 13:43:21,2018-05-14 23:49:10,4.5,8,0,-22.875,14.625,1.0,841.1875,57.17375,0,0.0,0.0,88,False,True
87d30a6a0cbf89356e49324971ab1d24,2036,sao paulo,SP,17,17,12,1,2134.13,215.78,17,17,2017-12-21 13:48:26,2018-06-20 20:25:37,4.352941176470588,17,1,-10.764705882352942,10.764705882352942,1.0,125.53705882352942,12.692941176470589,2,0.058823529411764705,0.11764705882352941,181,False,True
217f005bb37ff3aeef5b2ae1788e75ba,6038,osasco,SP,3,3,1,1,74.97,45.25,3,3,2017-04-21 20:16:02,2017-06-13 10:51:54,3.3333333333333335,3,0,-9.5,14.0,1.0,24.99,15.083333333333334,1,0.0,0.3333333333333333,52,False,True
cac4e0bc1a3269fa2b6ea5e763f6115b,88351,brusque,SC,3,2,2,1,57.88,50.14,2,2,2017-11-26 20:39:49,2018-03-27 05:53:39,5.0,2,0,-12.0,11.0,1.5,28.94,25.07,0,0.0,0.0,120,False,True
8ec76bb0965af3f007692b26fa9d6623,88804,criciuma,SC,1,1,1,1,1999.0,29.75,1,1,2017-11-17 15:31:37,2017-11-17 15:31:37,5.0,1,0,-13.0,11.0,1.0,1999.0,29.75,0,0.0,0.0,0,False,True
aba1721a889e04decc910aa13b768ef4,5729,sao paulo,SP,92,83,76,4,14103.3,1249.17,83,81,2017-02-08 14:36:40,2018-08-21 10:57:15,4.445783132530121,83,6,-11.626506024096386,8.91566265060241,1.108433734939759,169.91927710843373,15.050240963855423,8,0.07228915662650602,0.0963855421686747,558,False,True
7238f877570096ae403c51898fa64566,6519,santana de parnaiba,SP,3,3,1,1,1200.0,49.519999999999996,3,3,2018-04-11 19:11:36,2018-05-29 15:28:44,5.0,3,0,-16.0,8.333333333333334,1.0,400.0,16.506666666666664,0,0.0,0.0,47,False,True
044668ccd5316b12a7cf0d54a156e3e9,6016,osasco,SP,4,3,1,1,137.8,53.55,3,3,2018-08-08 17:54:25,2018-08-20 21:07:24,5.0,3,0,-30.666666666666668,7.666666666666667,1.3333333333333333,45.93333333333334,17.849999999999998,0,0.0,0.0,12,False,True
643c01d7c56a724bec0454f4780e8a3e,89222,joinville,SC,2,2,2,1,205.55,41.1,2,2,2018-04-05 11:51:59,2018-05-15 14:57:12,4.5,2,0,-19.5,9.5,1.0,102.775,20.55,0,0.0,0.0,40,False,True
cab85505710c7cb9b720bceb52b01cee,2252,sao paulo,SP,209,206,28,1,11389.1,2906.14,206,204,2016-10-08 04:01:53,2018-08-28 11:26:02,4.282926829268293,205,4,-15.716417910447761,9.671641791044776,1.0145631067961165,55.286893203883494,14.10747572815534,16,0.019417475728155338,0.07766990291262135,689,False,True
312ba1d77e9c332ef21f9598b7f64cd7,7179,guarulhos,SP,10,9,4,2,756.0,132.05,9,9,2018-01-29 11:36:06,2018-07-23 10:53:28,2.7777777777777777,9,4,4.714285714285714,25.285714285714285,1.1111111111111112,84.0,14.672222222222224,5,0.4444444444444444,0.5555555555555556,174,False,True
8c3b533c63cca56240f94f1e3a6b18ef,31050,belo horizonte,MG,8,5,4,2,3312.16,989.61,5,5,2017-02-05 18:47:44,2017-08-06 20:49:26,1.5,4,2,9.0,43.0,1.6,662.432,197.922,3,0.4,0.6,182,True,True
1fdc574883ef3b33ad41562d93f3a74a,13480,limeira,SP,18,18,14,1,4251.0,273.27,18,18,2017-11-26 23:00:00,2018-07-21 13:10:30,4.444444444444445,18,1,-11.5,10.833333333333334,1.0,236.16666666666666,15.181666666666665,0,0.05555555555555555,0.0,236,False,True
9a03a4e9eb0b947652fae4f6121a3f5e,15805,catanduva,SP,7,7,4,2,1497.0,185.22,7,7,2018-01-02 12:52:36,2018-08-06 14:32:47,3.857142857142857,7,0,-14.571428571428571,13.571428571428571,1.0,213.85714285714286,26.46,1,0.0,0.14285714285714285,216,False,True
33cbda8716511e27e556dff9d8418bf2,89052,blumenau,SC,6,5,5,3,507.40000000000003,108.17,5,5,2017-03-30 14:48:27,2018-06-05 13:29:17,4.8,5,0,-19.4,12.0,1.2,101.48,21.634,0,0.0,0.0,431,False,True
6cd68b3ed6d59aaa9fece558ad360c0a,31255,belo horizonte,MG,157,149,54,4,11188.57,2529.89,149,149,2017-01-26 17:40:03,2018-04-23 22:25:36,4.456375838926174,149,2,-14.187919463087248,10.04026845637584,1.0536912751677852,75.09107382550336,16.979127516778522,5,0.013422818791946308,0.03355704697986577,452,False,True
3df020b72d3d44b3af9d110fa3940b65,15704,jales,SP,101,55,13,1,5039.9,1709.57,55,53,2017-07-14 12:40:11,2018-08-19 23:12:41,4.054545454545455,55,5,-11.218181818181819,12.945454545454545,1.8363636363636364,91.63454545454545,31.08309090909091,8,0.09090909090909091,0.14545454545454545,401,False,True
537eb890efff034a88679788b647c564,20270,rio de janeiro,RJ,173,160,46,10,4679.7,2499.2,160,159,2017-07-17 16:21:05,2018-08-28 21:56:12,4.21875,160,6,-12.018987341772151,8.683544303797468,1.08125,29.248124999999998,15.62,15,0.0375,0.09375,407,False,True
89de2d6f23e9746ff309705b23581faa,86060,londrina,PR,8,8,4,1,340.0,160.08,8,8,2018-07-16 18:40:53,2018-08-03 17:53:36,2.7142857142857144,7,0,-16.875,9.125,1.0,42.5,20.01,4,0.0,0.5,17,False,True
c611f4ce9ce875bcc063fa97fd4d7d12,12944,atibaia,SP,1,1,1,1,319.0,13.25,1,1,2018-07-31 14:42:55,2018-07-31 14:42:55,4.0,1,1,1.0,4.0,1.0,319.0,13.25,0,1.0,0.0,0,False,True
4be2e7f96b4fd749d52dff41f80e39dd,69900,rio branco,AC,1,1,1,1,267.0,32.84,1,1,2016-10-05 22:44:13,2016-10-05 22:44:13,1.0,1,0,,,1.0,267.0,32.84,1,0.0,1.0,0,True,True
3bfba5a77604f6dfae7e6dd7aaf65821,86046,londrina,PR,4,4,4,1,2095.5,122.69,4,4,2018-08-09 19:54:54,2018-08-21 20:50:17,5.0,4,0,-8.75,8.75,1.0,523.875,30.6725,0,0.0,0.0,12,False,True
48fb026ed7455a42f5d3e9390ed5088e,27321,barra mansa,RJ,11,11,11,1,555.71,223.43,11,11,2017-05-24 12:42:59,2017-12-04 10:09:35,2.6363636363636362,11,0,-15.11111111111111,11.222222222222221,1.0,50.51909090909091,20.311818181818182,6,0.0,0.5454545454545454,193,False,True
0d33a55da925bbf1ff02af5f6059fc7f,5632,sao paulo,SP,24,22,8,4,547.3,385.61,22,22,2017-11-09 12:56:00,2018-08-01 12:32:19,4.454545454545454,22,1,-11.590909090909092,8.045454545454545,1.0909090909090908,24.877272727272725,17.527727272727272,2,0.045454545454545456,0.09090909090909091,264,False,True
cea729054f157f5870bdd321a958d994,3161,sao paulo,SP,26,24,17,2,2482.1,349.52,24,24,2018-03-27 00:17:22,2018-08-13 13:59:20,4.125,24,1,-9.375,6.875,1.0833333333333333,103.42083333333333,14.563333333333333,3,0.041666666666666664,0.125,139,False,True
955fee9216a65b617aa5c0531780ce60,4782,sao paulo,SP,1499,1287,104,23,135171.7,25430.98,1287,1282,2017-07-24 11:33:53,2018-08-28 20:49:17,4.157400156617071,1277,77,-10.222839016653449,10.33227597145123,1.1647241647241646,105.02851592851594,19.75989121989122,146,0.05982905982905983,0.11344211344211344,400,False,True
0f0c984a4a955310903b6b6008660bad,14403,franca,SP,4,4,4,2,369.81,111.57,4,4,2018-04-24 18:30:34,2018-05-27 10:25:22,3.75,4,0,-10.0,13.5,1.0,92.4525,27.8925,1,0.0,0.25,32,False,True
f805b96fa705ba7995a221f1749dc141,87013,maringa,PR,7,7,6,1,2744.44,242.43,7,7,2017-06-28 12:18:17,2018-03-14 16:13:12,4.428571428571429,7,0,-13.285714285714286,12.571428571428571,1.0,392.0628571428571,34.63285714285714,0,0.0,0.0,259,False,True
751bdc4d83a466c7206cd42e8f426b03,9405,ribeirao pires,SP,71,54,38,3,6648.93,1054.81,54,54,2017-05-18 11:36:28,2018-07-26 12:43:57,3.8076923076923075,52,1,-11.745098039215685,10.392156862745098,1.3148148148148149,123.12833333333334,19.533518518518516,13,0.018518518518518517,0.24074074074074073,434,False,True
2f4b0d3b9634b647d4edee577d7ebb7e,2310,sao paulo,SP,11,10,3,1,337.9,84.41,10,10,2018-01-26 16:15:02,2018-03-10 10:10:19,4.9,10,0,-8.5,5.9,1.1,33.79,8.440999999999999,0,0.0,0.0,42,False,True
ba5daa4041e1f15cdf34b76e3e18a450,4363,sao paulo,SP,15,15,11,1,806.8000000000001,152.55,15,15,2018-02-03 12:38:58,2018-08-20 11:16:03,4.266666666666667,15,0,-10.933333333333334,5.133333333333334,1.0,53.78666666666667,10.17,2,0.0,0.13333333333333333,197,False,True
6e386f64c84e482f0b9abf960797ee1b,1539,sao paulo,SP,30,30,13,1,12938.3,625.36,30,30,2018-03-25 23:20:35,2018-08-17 00:56:07,4.607142857142857,28,2,-9.586206896551724,9.862068965517242,1.0,431.27666666666664,20.845333333333333,1,0.06666666666666667,0.03333333333333333,144,False,True
83c465a786b06574376909b35ef6752a,13560,sao carlos,SP,3,3,2,1,281.4,49.06,3,3,2018-06-25 20:24:55,2018-08-16 18:56:19,5.0,3,0,-21.666666666666668,4.666666666666667,1.0,93.8,16.353333333333335,0,0.0,0.0,51,False,True
d93b8458c6fe139d85cfa5eadbf55bd2,2238,sao paulo,SP,1,1,1,1,19.9,14.1,1,1,2017-11-19 19:35:01,2017-11-19 19:35:01,5.0,1,0,-19.0,5.0,1.0,19.9,14.1,0,0.0,0.0,0,False,True
71592660bbcb6a4664e97b6f8b68babc,15055,sao jose do rio preto,SP,7,6,6,4,2027.18,173.37,6,6,2018-02-16 19:32:22,2018-07-31 20:47:41,4.333333333333333,6,0,-10.333333333333334,11.833333333333334,1.1666666666666667,337.86333333333334,28.895,0,0.0,0.0,165,False,True
6a53b90c3ad9e0b56d9fe5c69165fff5,82220,curitiba,PR,4,2,2,2,139.78,55.0,2,2,2018-05-16 19:57:22,2018-08-03 00:15:35,3.5,2,0,-7.0,11.0,2.0,69.89,27.5,0,0.0,0.0,78,False,True
38f276ca6e7cc95a6d1bb55ac9e5550f,17520,marilia,SP,1,1,1,0,24.99,11.85,1,1,2017-11-26 18:08:38,2017-11-26 18:08:38,5.0,1,0,-14.0,5.0,1.0,24.99,11.85,0,0.0,0.0,0,False,True
eae9af4811c294c56795d70e715b7337,3060,sao paulo,SP,1,1,1,0,15.9,11.11,1,1,2017-10-17 01:24:28,2017-10-17 01:24:28,5.0,1,0,-8.0,2.0,1.0,15.9,11.11,0,0.0,0.0,0,False,True
039b29ff3b3473435d0cd59040575de9,9443,ribeirao pires,SP,9,9,7,2,114.9,100.65,9,9,2018-04-26 11:32:03,2018-08-23 13:56:52,4.444444444444445,9,0,-10.777777777777779,8.555555555555555,1.0,12.766666666666667,11.183333333333334,0,0.0,0.0,119,False,True
ac51cac5e20d69ff485a54746488ef48,14096,ribeirao preto,SP,4,4,4,1,759.9,73.87,4,4,2018-01-14 18:50:16,2018-01-30 13:28:14,3.5,4,0,-10.333333333333334,16.0,1.0,189.975,18.4675,1,0.0,0.25,15,False,True
4221a7df464f1fe2955934e30ff3a5a1,48602,bahia,BA,5,5,1,1,849.5,239.54,5,5,2018-06-27 20:35:02,2018-08-13 12:29:00,4.8,5,0,-16.6,16.2,1.0,169.9,47.908,0,0.0,0.0,46,False,True
48e954b2da4f6a750c844173b347ed40,91740,porto alegre,RS,6,2,2,1,397.79999999999995,159.01,2,2,2018-04-09 21:04:43,2018-05-07 14:28:20,4.5,2,0,-28.0,8.0,3.0,198.9,79.505,0,0.0,0.0,27,False,True
fc4751cfe3b279c419615b9b00c1abb4,86047,londrina,PR,1,1,1,1,453.7,17.35,1,1,2017-02-16 15:53:00,2017-02-16 15:53:00,5.0,1,0,-28.0,8.0,1.0,453.7,17.35,0,0.0,0.0,0,False,True
e1a210d482714ce337763a19aef94ba4,85807,cascavel,PR,1,1,1,1,49.9,26.61,1,1,2017-04-30 15:59:34,2017-04-30 15:59:34,1.0,1,0,,,1.0,49.9,26.61,1,0.0,1.0,0,True,True
085f6f7e049c996695fb2074fe38d45e,12020,taubate,SP,8,6,6,4,305.4,130.56,6,6,2018-02-26 14:22:19,2018-05-02 15:25:10,4.0,6,0,-13.833333333333334,10.333333333333334,1.3333333333333333,50.9,21.76,1,0.0,0.16666666666666666,65,False,True
34675b28b826facfde119785bf287dc1,85802,cascavael,PR,1,1,1,1,21.99,15.1,1,1,2017-08-01 22:00:44,2017-08-01 22:00:44,4.0,1,0,-16.0,5.0,1.0,21.99,15.1,0,0.0,0.0,0,False,True
7d7866a99a8656a42c7ff6352a433410,1320,sao paulo,SP,5,5,4,3,147.89,59.49,5,5,2018-07-03 23:18:04,2018-08-29 14:52:00,4.4,5,0,-8.2,4.6,1.0,29.577999999999996,11.898,0,0.0,0.0,56,False,True
5a93f3ab0ef4c84ed5e1b5dbf23978bc,12250,monteiro lobato,SP,44,39,8,2,2338.25,697.14,39,37,2017-05-09 08:38:27,2018-03-03 19:10:32,4.6923076923076925,39,1,-18.789473684210527,14.710526315789474,1.1282051282051282,59.955128205128204,17.875384615384615,2,0.02564102564102564,0.05128205128205128,298,False,True
64cc804291f90c81f02bfc2bb58ff55a,81250,curitiba,PR,2,2,2,1,517.6,46.54,2,2,2018-04-15 00:08:41,2018-07-18 16:51:45,5.0,2,0,-8.5,14.5,1.0,258.8,23.27,0,0.0,0.0,94,False,True
5f57db27027655e6c6a391601daa0258,29138,viana,ES,1,1,1,1,98.0,53.04,1,1,2018-08-14 10:41:49,2018-08-14 10:41:49,5.0,1,0,-8.0,14.0,1.0,98.0,53.04,0,0.0,0.0,0,False,True
e1b12447a7563944843191754aeb5562,7145,guarulhos,SP,10,9,6,4,472.46000000000004,126.67,9,9,2017-09-12 13:52:02,2018-01-05 00:47:54,4.444444444444445,9,2,-8.0,13.88888888888889,1.1111111111111112,52.49555555555556,14.074444444444445,1,0.2222222222222222,0.1111111111111111,114,False,True
2f3d8b4c9e2ee165075331fea3f3095a,88107,sao jose,SC,1,1,1,0,130.0,17.35,1,1,2017-10-13 10:57:04,2017-10-13 10:57:04,5.0,1,0,-15.0,12.0,1.0,130.0,17.35,0,0.0,0.0,0,False,True
1fe5540d7c1c37a595fefbacd5570d9e,25850,paraiba do sul,RJ,25,20,2,1,4537.6,581.15,20,19,2018-08-02 15:58:56,2018-08-16 08:44:24,4.3,20,1,-13.4,11.45,1.25,226.88000000000002,29.057499999999997,1,0.05,0.05,13,False,True
d3f39f05462b79a4562d35893a28f159,13730,mococa,SP,38,34,6,2,2411.3,557.47,34,34,2017-06-21 18:27:41,2018-06-17 02:25:02,3.6470588235294117,34,4,-12.363636363636363,11.606060606060606,1.1176470588235294,70.92058823529412,16.396176470588237,11,0.11764705882352941,0.3235294117647059,360,False,True
528ce32f560edd11add4169f6a5b65be,18130,sao roque,SP,2,2,2,1,59.8,15.3,2,2,2017-05-02 10:01:50,2017-07-20 09:58:18,5.0,2,0,-11.5,10.0,1.0,29.9,7.65,0,0.0,0.0,78,False,True
b86a47b3366e3b5424a7b225781f4908,37900,passos,MG,1,1,1,0,86.5,19.85,1,1,2018-01-05 10:01:43,2018-01-05 10:01:43,3.0,1,0,-14.0,14.0,1.0,86.5,19.85,0,0.0,0.0,0,False,True
0176f73cc1195f367f7b32db1e5b3aa8,14940,ibitinga,SP,39,38,18,1,4733.1,1287.01,38,38,2017-11-16 17:42:52,2018-08-13 17:54:44,4.078947368421052,38,4,-8.945945945945946,12.81081081081081,1.0263157894736843,124.55526315789474,33.86868421052632,6,0.10526315789473684,0.15789473684210525,270,False,True
01cf7e3d21494c41fb86034f2e714fa1,85603,francisco beltrao,PR,67,61,21,8,9729.36,2008.82,61,61,2016-10-06 18:03:01,2018-02-26 09:41:21,4.15,60,3,-15.152542372881356,11.288135593220339,1.098360655737705,159.4977049180328,32.93147540983607,7,0.04918032786885246,0.11475409836065574,507,False,True
ceaec5548eefc6e23e6607c5435102e7,3821,sao paulo,SP,211,203,33,7,52917.18,6331.84,203,201,2018-01-18 21:47:52,2018-08-15 20:48:09,4.1457286432160805,199,10,-15.141414141414142,12.55050505050505,1.0394088669950738,260.675763546798,31.191330049261083,25,0.04926108374384237,0.12315270935960591,208,False,True
c8771b1a10bb99bb34d3c459c5cffb53,36512,tocantins,SP,1,1,1,1,64.9,31.2,1,1,2017-05-30 16:14:58,2017-05-30 16:14:58,5.0,1,0,-16.0,6.0,1.0,64.9,31.2,0,0.0,0.0,0,False,True
2d42ebcda99fd55f6f4bc2f1ca035d50,76400,uruacu,GO,11,10,3,2,921.5,282.47,10,10,2018-06-24 13:21:50,2018-08-08 13:20:45,4.3,10,0,-13.9,9.2,1.1,92.15,28.247000000000003,1,0.0,0.1,44,False,True
e9bc59e7b60fc3063eb2290deda4cced,87083,maringa,PR,269,216,42,2,34343.06,4688.5,216,213,2017-03-07 16:07:57,2018-08-16 16:37:43,3.990740740740741,216,16,-14.44976076555024,13.808612440191387,1.2453703703703705,158.99564814814815,21.70601851851852,36,0.07407407407407407,0.16666666666666666,527,False,True
13d95f0f6f73943d4ceffad0fc2cd32c,74473,goiania,GO,1,1,1,1,249.99,59.33,1,1,2018-03-13 12:23:51,2018-03-13 12:23:51,3.0,1,1,2.0,22.0,1.0,249.99,59.33,0,1.0,0.0,0,False,True
6f229cc508fc6915ed5c499efd93baa4,21931,rio de janeiro,RJ,14,13,12,1,2654.8,333.88,13,13,2017-08-11 13:26:28,2018-08-11 18:52:46,4.384615384615385,13,2,-8.923076923076923,8.615384615384615,1.0769230769230769,204.21538461538464,25.68307692307692,2,0.15384615384615385,0.15384615384615385,365,False,True
83f2b4881141ce3fcd4e985125d3279e,14055,ribeirao preto,SP,3,3,3,1,60.7,40.68,3,3,2018-01-24 08:45:48,2018-03-18 14:49:40,5.0,3,0,-3.3333333333333335,17.666666666666668,1.0,20.233333333333334,13.56,0,0.0,0.0,53,False,True
c8c1bea22194a4eefa2dc9a9fa89f536,88210,porto belo,SC,13,7,3,1,1266.0,292.73,7,7,2018-06-04 10:34:10,2018-08-03 10:20:22,5.0,7,0,-25.571428571428573,8.142857142857142,1.8571428571428572,180.85714285714286,41.81857142857143,0,0.0,0.0,59,False,True
b0b346d3a89f5eb4c2968af3f083cd43,13105,campinas,SP,12,11,6,2,614.0,212.60000000000002,11,11,2017-11-14 12:22:53,2018-08-03 11:15:31,3.272727272727273,11,3,2.4444444444444446,22.88888888888889,1.0909090909090908,55.81818181818182,19.327272727272728,4,0.2727272727272727,0.36363636363636365,261,False,True
a0415d9b25ede3c4b1e477e9916ffc03,26255,nova iguacu,RJ,10,10,8,2,4044.1,203.88,10,10,2017-04-09 11:23:37,2018-01-09 11:53:29,3.9,10,0,-17.555555555555557,8.333333333333334,1.0,404.40999999999997,20.387999999999998,2,0.0,0.2,275,False,True
3dfd3dc96f7f8598eca74e9ac8a2fa31,3343,sao paulo,SP,6,6,6,4,183.0,75.7,6,6,2017-11-13 12:02:55,2018-06-16 16:39:47,4.0,6,1,-10.166666666666666,11.833333333333334,1.0,30.5,12.616666666666667,1,0.16666666666666666,0.16666666666666666,215,False,True
e5545d4d4473876ea78c5bcebca365c3,17512,marilia,SP,1,1,1,1,44.5,12.97,1,1,2018-06-27 11:45:21,2018-06-27 11:45:21,5.0,1,0,-16.0,5.0,1.0,44.5,12.97,0,0.0,0.0,0,False,True
fa1a9dec3a9940c072684a46728bf1fc,88820,icara,SC,60,55,35,1,6674.0,1201.71,55,55,2016-10-06 12:22:07,2018-08-22 20:55:15,4.111111111111111,54,0,-15.472727272727273,13.8,1.0909090909090908,121.34545454545454,21.849272727272727,7,0.0,0.12727272727272726,685,False,True
6ddc28b61be28373b4503a1f61cf98a9,3543,sao paulo,SP,11,11,10,2,1732.9,167.19,11,11,2018-06-14 17:31:48,2018-08-15 18:14:08,4.181818181818182,11,1,-7.909090909090909,6.363636363636363,1.0,157.53636363636363,15.19909090909091,1,0.09090909090909091,0.09090909090909091,62,False,True
c5ebe6598748b0aeaa61cfb820478b92,95910,lajeado,RS,3,3,3,1,297.0,40.17,3,3,2018-07-04 22:19:41,2018-08-28 14:01:04,4.666666666666667,3,0,-19.0,4.666666666666667,1.0,99.0,13.39,0,0.0,0.0,54,False,True
5670f4db5b62c43d542e1b2d56b0cf7c,3694,sao paulo,SP,22,22,14,1,6630.09,582.5600000000001,22,22,2018-04-23 19:03:35,2018-08-17 11:51:36,4.409090909090909,22,1,-14.136363636363637,8.090909090909092,1.0,301.3677272727273,26.480000000000004,2,0.045454545454545456,0.09090909090909091,115,False,True
e1c76f339ebd5460999f25a2aa8c92c5,3029,sao paulo,SP,1,1,1,1,899.9,28.8,1,1,2018-05-12 17:51:47,2018-05-12 17:51:47,5.0,1,0,-15.0,29.0,1.0,899.9,28.8,0,0.0,0.0,0,False,True
cb8bcce248bb1fb274ba762d8b971456,37540,santa rita do sapucai,MG,69,68,5,3,9402.2,1232.82,68,68,2017-01-26 00:16:29,2018-08-18 06:29:22,4.25,68,1,-11.969696969696969,12.136363636363637,1.0147058823529411,138.26764705882354,18.12970588235294,5,0.014705882352941176,0.07352941176470588,569,False,True
6524b847b982cd56bb5d4b02b776ee42,13042,campinas,SP,2,1,1,1,779.8,55.14,1,1,2018-02-14 11:42:55,2018-02-14 11:42:55,4.0,1,1,16.0,42.0,2.0,779.8,55.14,0,1.0,0.0,0,False,True
610f72e407cdd7caaa2f8167b0163fd8,1201,sao paulo,SP,17,16,16,1,13585.16,844.29,16,16,2018-04-03 00:05:04,2018-08-25 20:59:18,3.625,16,2,-9.5,12.125,1.0625,849.0725,52.768125,5,0.125,0.3125,144,False,True
b6d44737c043328708f6749c2dbe50bd,9230,santo andre,SP,80,62,23,1,5369.6,1565.6,62,60,2017-03-15 12:56:04,2018-08-07 17:47:15,4.467741935483871,62,4,-13.967213114754099,7.770491803278689,1.2903225806451613,86.60645161290323,25.251612903225805,6,0.06451612903225806,0.0967741935483871,510,False,True
972d0f9cf61b499a4812cf0bfa3ad3c4,88359,brusque,SC,88,83,15,1,8089.29,2151.3,83,82,2017-10-22 15:28:07,2018-08-22 07:25:32,3.0253164556962027,79,9,-9.765432098765432,17.765432098765434,1.0602409638554218,97.46132530120482,25.919277108433736,33,0.10843373493975904,0.39759036144578314,303,False,True
8c91bfea4263b8fba54081460693e2a1,98920,horizontina,RS,2,2,2,1,739.0,46.75,2,2,2017-02-05 21:37:59,2017-02-20 16:53:03,5.0,1,0,-18.0,11.5,1.0,369.5,23.375,0,0.0,0.0,14,False,True
38af8acfd46ac4a7bf754e8ca6736664,4364,sao paulo,SP,5,5,2,1,345.0,52.94,5,5,2017-11-27 23:02:54,2018-02-14 11:15:39,4.8,5,0,-14.2,6.0,1.0,69.0,10.588,0,0.0,0.0,78,False,True
d90fe2229fee1a5da999ccd0c06c1667,3416,sao paulo,SP,3,3,2,1,450.0,66.91,3,3,2018-07-22 13:03:37,2018-08-08 19:23:00,4.666666666666667,3,0,-15.333333333333334,9.0,1.0,150.0,22.30333333333333,0,0.0,0.0,17,False,True
75fdd0a732287f9497b179f6bd445d32,9350,maua,SP,1,1,1,0,59.9,16.18,1,1,2017-09-19 00:19:17,2017-09-19 00:19:17,5.0,1,0,-18.0,10.0,1.0,59.9,16.18,0,0.0,0.0,0,False,True
5b2e94f2c22b39ccc24d34ad0f669672,1214,sao paulo,SP,10,10,5,1,949.78,390.36,10,10,2018-05-02 14:36:01,2018-08-07 15:10:27,4.9,10,1,-12.8,9.7,1.0,94.978,39.036,0,0.1,0.0,97,False,True
9ac75591b69c3402684b6ce0310f22ee,2880,sao paulo,SP,1,1,1,1,60.5,9.17,1,1,2018-08-21 22:09:39,2018-08-21 22:09:39,5.0,1,0,0.0,2.0,1.0,60.5,9.17,0,0.0,0.0,0,False,True
e5bd51692380fd8cabb19b756b95e714,9220,santo andre,SP,3,3,2,0,119.69999999999999,33.34,3,3,2017-12-20 22:59:28,2018-05-05 15:04:54,2.3333333333333335,3,2,5.5,33.0,1.0,39.9,11.113333333333335,2,0.6666666666666666,0.6666666666666666,135,False,True
cfb1a033743668a192316f3c6d1d2671,18110,votorantim,SP,184,147,61,1,12803.64,3432.56,147,147,2017-02-01 09:12:31,2018-08-10 23:06:33,3.9794520547945207,146,14,-11.237762237762238,11.776223776223777,1.251700680272109,87.09959183673469,23.35074829931973,26,0.09523809523809523,0.17687074829931973,555,False,True
adcf50477d6a1f5d91bb9d54c4903cb5,35530,claudio,MG,38,19,15,4,1425.14,798.66,19,19,2017-02-08 17:01:04,2018-06-29 16:03:27,3.263157894736842,19,3,-13.375,23.0,2.0,75.00736842105263,42.03473684210526,6,0.15789473684210525,0.3157894736842105,505,False,True
8476243f92442881ddd5b578975cf115,93700,campo bom,RS,12,12,4,3,7838.0,275.03,12,12,2018-03-14 10:12:48,2018-08-14 17:50:05,4.083333333333333,12,1,-7.583333333333333,16.833333333333332,1.0,653.1666666666666,22.919166666666666,2,0.08333333333333333,0.16666666666666666,153,False,True
f2336e113377dd21c744d9c4fc8293a9,3659,sao paulo,SP,4,4,2,2,3563.0,199.07999999999998,4,4,2017-02-22 17:46:56,2017-09-15 13:18:29,4.25,4,0,-15.0,19.75,1.0,890.75,49.769999999999996,0,0.0,0.0,204,False,True
f25e239052084705e17a982bc600ab2a,1123,sao paulo,SP,8,8,8,4,7380.0,405.48,8,8,2017-03-18 17:56:04,2018-08-15 18:01:23,4.25,8,0,-12.25,12.0,1.0,922.5,50.685,1,0.0,0.125,515,False,True
714b9a1332840f257b49f476bea4e341,15910,monte alto,SP,6,6,2,1,1499.94,158.15,6,6,2018-01-08 11:48:47,2018-03-24 15:11:38,3.3333333333333335,6,2,4.166666666666667,31.666666666666668,1.0,249.99,26.358333333333334,3,0.3333333333333333,0.5,75,False,True
89d9a386b0b6e5fc8403071b03f7206a,3103,sao paulo,SP,5,2,1,0,167.0,68.25,2,2,2018-02-10 12:07:53,2018-02-12 22:38:55,4.0,2,0,-18.5,13.0,2.5,83.5,34.125,0,0.0,0.0,2,False,True
bd15ee794d5e640d9dd71b665b2ab15b,14078,ribeirao preto,SP,12,12,4,2,374.79999999999995,219.32999999999998,12,12,2018-03-21 12:59:12,2018-08-14 11:46:06,4.0,12,2,-14.25,14.083333333333334,1.0,31.23333333333333,18.2775,2,0.16666666666666666,0.16666666666666666,145,False,True
f326006815956455b2859abd58fe7e39,15601,fernandopolis,SP,30,9,6,3,3147.16,666.02,9,9,2017-11-07 14:07:03,2018-08-01 13:30:49,4.666666666666667,9,0,-12.555555555555555,12.444444444444445,3.3333333333333335,349.6844444444444,74.00222222222222,0,0.0,0.0,266,False,True
bac692d6c0ed08467878018e6cc9c26c,89041,blumenau,SC,3,1,1,1,477.0,82.23,1,1,2018-07-31 16:21:04,2018-07-31 16:21:04,4.0,1,0,-17.0,7.0,3.0,477.0,82.23,0,0.0,0.0,0,False,True
6a51fc556dab5f766ced6fbc860bc613,17500,marilia,SP,33,26,18,5,7577.67,792.58,26,26,2017-04-08 19:06:55,2018-08-21 12:46:29,3.769230769230769,26,2,-12.458333333333334,13.666666666666666,1.2692307692307692,291.44884615384615,30.483846153846155,6,0.07692307692307693,0.23076923076923078,499,False,True
a90a5da8b09e44264a177c0374a5ac87,84010,ponta grossa,PR,3,3,2,1,74.69999999999999,72.6,3,3,2017-02-20 22:26:06,2017-03-08 20:17:07,4.333333333333333,3,0,-17.0,8.666666666666666,1.0,24.899999999999995,24.2,0,0.0,0.0,15,False,True
ea6b12bf9ffe2bac34602ec631d97a47,7093,guarulhos,SP,11,11,8,3,2625.7999999999997,205.52,11,11,2016-10-05 22:49:57,2017-05-30 22:15:57,4.090909090909091,11,0,-17.666666666666668,16.0,1.0,238.7090909090909,18.683636363636364,2,0.0,0.18181818181818182,236,False,True
dc64d75cc406bb0697be983831430e60,31560,belo horizonte,MG,4,4,2,1,813.0,92.55000000000001,4,4,2018-05-22 15:15:50,2018-08-16 09:41:52,4.75,4,0,-13.5,10.0,1.0,203.25,23.137500000000003,0,0.0,0.0,85,False,True
fa7ad8ae9bcb2c4493fdf38e96b1d74f,13920,pedreira,SP,2,1,1,1,88.0,23.7,1,1,2017-11-13 00:07:07,2017-11-13 00:07:07,1.0,1,0,,,2.0,88.0,23.7,1,0.0,1.0,0,True,True
d1ef48b38baca7e831711c4a0aeb398f,86800,apucarana,PR,35,29,18,6,1469.1200000000001,675.5699999999999,29,29,2018-02-23 12:26:34,2018-07-25 21:14:25,4.448275862068965,29,2,-15.642857142857142,9.464285714285714,1.206896551724138,50.65931034482758,23.295517241379308,1,0.06896551724137931,0.034482758620689655,152,False,True
67e43d802fde8cfd3f9580124f8167d1,7062,guarulhos,SP,3,2,1,1,36.0,42.36,2,2,2017-02-03 11:31:48,2017-02-20 19:58:47,1.0,2,0,,,1.5,18.0,21.18,2,0.0,1.0,17,True,True
f18112da765e0971ca5d510dec322bdd,88351,brusque,SC,2,2,2,0,327.8,82.95,2,2,2018-01-01 22:11:36,2018-01-02 19:20:35,4.0,2,0,-7.5,17.0,1.0,163.9,41.475,0,0.0,0.0,0,False,True
259f7b5e6e482c230e5bfaa670b6bb8f,8550,poa,SP,165,138,24,2,8526.04,2739.21,138,138,2017-03-23 14:28:37,2018-08-27 13:59:44,4.299270072992701,137,2,-13.455882352941176,8.272058823529411,1.1956521739130435,61.782898550724646,19.849347826086955,16,0.014492753623188406,0.11594202898550725,521,False,True
dd7ddc04e1b6c2c614352b383efe2d36,3471,sao paulo,SP,143,122,41,1,9178.51,2893.4900000000002,122,122,2017-04-26 10:53:06,2018-07-25 15:40:35,3.8512396694214877,121,15,-7.8264462809917354,14.570247933884298,1.1721311475409837,75.23368852459016,23.717131147540986,23,0.12295081967213115,0.1885245901639344,455,False,True
f457c46070d02cadd8a68551231220dd,87047,maringa,PR,234,199,23,1,19093.0,3714.22,199,193,2017-12-23 17:20:36,2018-06-30 13:24:32,3.8375634517766497,197,11,-12.184615384615384,14.112820512820512,1.1758793969849246,95.94472361809045,18.664422110552763,42,0.05527638190954774,0.21105527638190955,188,False,True
5962468f885ea01a1b6a97a218797b0a,82040,curitiba,PR,9,8,4,1,791.0,137.04,8,8,2017-07-01 16:58:53,2017-12-25 18:36:16,4.142857142857143,7,0,-14.166666666666666,10.166666666666666,1.125,98.875,17.13,1,0.0,0.125,177,False,True
1f50f920176fa81dab994f9023523100,15025,sao jose do rio preto,SP,1931,1404,23,3,106939.20999999999,35165.770000000004,1404,1388,2017-04-03 22:00:31,2018-08-25 20:10:27,4.132952108649035,1399,124,-10.366690493209436,15.345961401000714,1.3753561253561253,76.16752849002849,25.04684472934473,198,0.08831908831908832,0.14102564102564102,508,False,True
2b1a40c1daabc6ca280c4b815c101841,35500,divinopolis,MG,35,23,20,1,12732.6,1902.28,23,23,2016-10-09 11:23:21,2018-06-16 12:55:53,3.6956521739130435,23,1,-14.227272727272727,12.909090909090908,1.5217391304347827,553.591304347826,82.70782608695652,5,0.043478260869565216,0.21739130434782608,615,False,True
26b482dccfa29bd2e40703ba45523702,13450,santa barbara d´oeste,SP,4,3,3,2,344.78,67.63,3,3,2018-07-31 20:37:46,2018-08-20 08:39:15,5.0,3,0,-7.0,3.3333333333333335,1.3333333333333333,114.92666666666666,22.543333333333333,0,0.0,0.0,19,False,True
f356c348fbc8df6a882823e21f5ce8b7,92025,canoas,RS,2,2,1,1,195.18,30.47,2,2,2018-08-17 13:57:35,2018-08-20 12:40:44,2.5,2,0,-24.0,7.0,1.0,97.59,15.235,1,0.0,0.5,2,False,True
2ba91c7ad80ff88b23b7db823b43c233,13310,itu,SP,6,6,4,2,740.4,99.93,6,6,2018-04-04 12:42:36,2018-08-12 19:57:00,3.8333333333333335,6,1,-3.0,18.333333333333332,1.0,123.39999999999999,16.655,1,0.16666666666666666,0.16666666666666666,130,False,True
3d0cd21d41671c46f82cd11176bf7277,89217,joinville,SC,11,9,6,4,447.8,174.57999999999998,9,9,2017-08-08 20:26:31,2018-08-06 14:38:01,4.666666666666667,9,0,-13.11111111111111,12.333333333333334,1.2222222222222223,49.75555555555556,19.397777777777776,0,0.0,0.0,362,False,True
d93919c944be9cff128f6c9cb899eacb,13375,mombuca,SP,33,33,6,2,2666.7000000000003,957.31,33,33,2017-11-29 14:47:08,2018-07-24 14:38:19,4.0,33,5,-8.06060606060606,22.575757575757574,1.0,80.80909090909091,29.009393939393938,6,0.15151515151515152,0.18181818181818182,236,False,True
f7ba60f8c3f99e7ee4042fdef03b70c4,9628,sao bernardo do campo,SP,230,219,9,2,68395.0,4341.01,219,219,2017-07-31 16:03:55,2018-08-26 22:37:58,4.205479452054795,219,30,-9.05045871559633,12.94954128440367,1.0502283105022832,312.30593607305934,19.821963470319634,24,0.136986301369863,0.1095890410958904,391,False,True
0ee4fb99ac55ffbbc98795aa01b7f8fa,6539,santana de parnaiba,SP,1,1,1,1,59.9,11.03,1,1,2017-05-01 10:30:43,2017-05-01 10:30:43,5.0,1,0,-15.0,6.0,1.0,59.9,11.03,0,0.0,0.0,0,False,True
c5f7e746b7e6d07def6c0dae9903279b,81350,curitiba,PR,11,10,5,1,1429.0,229.92000000000002,10,10,2018-04-15 18:59:34,2018-08-22 22:36:53,4.4,10,0,-17.6,5.0,1.1,142.9,22.992,0,0.0,0.0,129,False,True
2d20f1cd18725c91147da0791d498022,86040,londrina,PR,1,1,1,1,99.8,19.89,1,1,2018-08-11 14:06:52,2018-08-11 14:06:52,5.0,1,0,-8.0,9.0,1.0,99.8,19.89,0,0.0,0.0,0,False,True
002100f778ceb8431b7a1020ff7ab48f,14405,franca,SP,55,51,24,1,1234.5,793.66,51,51,2017-09-14 01:00:31,2018-04-12 12:58:23,3.9019607843137254,51,9,-8.18,15.96,1.0784313725490196,24.205882352941178,15.561960784313724,8,0.17647058823529413,0.1568627450980392,210,False,True
70f84699be677ec988d1fa824aef7d90,35700,sete lagoas,MG,5,5,4,1,1588.3,116.14,5,5,2017-04-11 14:43:04,2018-07-18 21:15:01,4.6,5,0,-10.4,17.0,1.0,317.65999999999997,23.228,0,0.0,0.0,463,False,True
5bc24d989e71e93c33e50a7782431b0e,37165,campo do meio,MG,17,17,9,1,3148.0,588.53,17,17,2018-05-02 14:07:29,2018-08-21 18:52:27,4.352941176470588,17,0,-16.529411764705884,8.764705882352942,1.0,185.1764705882353,34.61941176470588,2,0.0,0.11764705882352941,111,False,True
36f98ad67cc981f50ce8aed093d5783c,85904,toledo,PR,2,2,2,1,119.4,39.22,2,2,2018-07-25 11:04:58,2018-08-01 23:43:21,4.0,2,0,-13.5,5.5,1.0,59.7,19.61,0,0.0,0.0,7,False,True
70ee69419916dc13e3aed619061f996c,8780,mogi das cruzes,SP,1,1,1,1,45.0,8.72,1,1,2017-08-07 10:50:46,2017-08-07 10:50:46,3.0,1,0,-4.0,14.0,1.0,45.0,8.72,0,0.0,0.0,0,False,True
6eb94e1466490d327a09abf8f3552a50,13219,jundiai,SP,10,10,4,2,1511.95,237.82,10,10,2018-04-23 17:27:41,2018-08-23 13:05:40,4.444444444444445,9,0,-10.444444444444445,7.777777777777778,1.0,151.195,23.782,1,0.0,0.1,121,False,True
8ff1a9df749e454105c55cda13e79143,17509,marilia,SP,14,13,9,5,1400.6000000000001,277.21,13,13,2017-11-06 23:31:37,2018-06-22 16:18:40,3.727272727272727,11,0,-10.076923076923077,12.0,1.0769230769230769,107.73846153846155,21.32384615384615,3,0.0,0.23076923076923078,227,False,True
c4fabeea6e569d42d02993bb1f4f1cbc,60741,fortaleza,CE,11,11,3,2,859.3000000000001,277.22,11,11,2018-01-12 12:45:01,2018-08-07 15:42:52,4.0,11,1,-5.2727272727272725,21.363636363636363,1.0,78.11818181818182,25.201818181818183,2,0.09090909090909091,0.18181818181818182,207,False,True
5236605f4d4b0b3e4df85b850393fca0,3311,sao paulo,SP,5,5,4,1,265.3,82.18,5,5,2017-08-09 13:04:46,2018-08-04 18:22:26,4.8,5,1,-6.0,10.2,1.0,53.06,16.436,0,0.2,0.0,360,False,True
45c20d94d9171b0bcfab3c955e47d67b,13490,cordeiropolis,SP,4,4,4,3,129.45999999999998,81.11,4,4,2017-05-05 13:35:44,2017-08-30 17:53:35,4.5,4,0,-10.5,14.25,1.0,32.364999999999995,20.2775,0,0.0,0.0,117,False,True
5bc237df65098fe211bb4818f4d26d78,38410,uberlandia,MG,2,2,2,1,126.80000000000001,57.09,2,2,2017-02-09 13:21:46,2017-09-15 19:24:57,4.5,2,0,-32.5,12.0,1.0,63.400000000000006,28.545,0,0.0,0.0,218,False,True
6a38087bc8ad4f89ff453561005f6dea,75123,anapolis,GO,22,15,3,2,1833.43,547.92,15,15,2018-05-18 10:34:41,2018-08-17 12:56:21,4.6,15,0,-12.8,9.866666666666667,1.4666666666666666,122.22866666666667,36.528,0,0.0,0.0,91,False,True
4e5725ba188db8252977a4f0227bd462,14092,ribeirao preto,SP,25,22,13,2,1930.59,382.61,22,22,2018-02-20 18:27:39,2018-05-25 23:56:57,3.409090909090909,22,5,-1.9523809523809523,20.476190476190474,1.1363636363636365,87.7540909090909,17.391363636363636,8,0.22727272727272727,0.36363636363636365,94,False,True
e4f121bf6ef8b9a1d4d3e65dd0473fab,15085,sao jose do rio preto,SP,2,2,2,2,70.0,36.46,2,2,2018-04-01 21:17:46,2018-05-07 08:58:38,3.0,2,1,-2.5,21.0,1.0,35.0,18.23,1,0.5,0.5,35,False,True
eebb3372362aa9a46975164bed19a7e7,4578,sao paulo,SP,8,7,2,1,591.92,119.4,7,7,2017-03-28 11:33:47,2017-05-23 22:11:22,2.5,6,2,27.0,52.25,1.1428571428571428,84.55999999999999,17.057142857142857,3,0.2857142857142857,0.42857142857142855,56,False,True
2ec6e37d992a95eaddb3369dcbcc76d9,91310,porto alegre,RS,2,2,1,1,159.8,24.14,2,2,2017-08-18 13:53:01,2017-10-06 15:54:34,1.5,2,0,-19.0,9.5,1.0,79.9,12.07,2,0.0,1.0,49,True,True
f84a00e60c73a49e7e851c9bdca3a5bb,20756,rio de janeiro,RJ,99,90,22,2,5949.9400000000005,2001.82,90,90,2017-02-20 11:45:39,2018-07-25 11:32:31,3.8333333333333335,90,9,-10.443181818181818,11.318181818181818,1.1,66.11044444444445,22.242444444444445,19,0.1,0.2111111111111111,519,False,True
e5a38146df062edaf55c38afa99e42dc,1233,sao paulo,SP,125,121,27,9,15360.07,1894.52,121,121,2016-10-08 13:54:03,2018-08-21 17:33:29,3.9583333333333335,120,9,-10.591666666666667,11.733333333333333,1.0330578512396693,126.94272727272727,15.657190082644627,21,0.0743801652892562,0.17355371900826447,682,False,True
80cfd480be3eb6d6267139f5cb793555,8223,sao paulo,SP,1,1,1,1,99.9,26.44,1,1,2017-03-10 10:34:16,2017-03-10 10:34:16,4.0,1,0,-27.0,14.0,1.0,99.9,26.44,0,0.0,0.0,0,False,True
62c50c1af4dfdc4149d25c5222043d39,4782,sao paulo,SP,19,14,5,5,2785.7200000000003,310.31,14,14,2016-10-05 11:08:46,2017-09-21 17:03:07,3.7142857142857144,14,0,-17.833333333333332,11.666666666666666,1.3571428571428572,198.98000000000002,22.165,4,0.0,0.2857142857142857,351,False,True
4de6e4ba574aa9dfdc824bc44dc47fdd,83402,colombo,PR,14,14,12,2,451.1,253.32,14,14,2018-01-09 06:37:43,2018-07-05 10:50:12,4.071428571428571,14,1,-18.357142857142858,8.857142857142858,1.0,32.221428571428575,18.094285714285714,3,0.07142857142857142,0.21428571428571427,177,False,True
6548c2550b6e2d8f18053216e1c7b6f3,9920,diadema,SP,5,3,3,1,217.7,69.85000000000001,3,3,2018-06-26 11:17:35,2018-08-22 17:58:13,5.0,3,0,-8.0,6.333333333333333,1.6666666666666667,72.56666666666666,23.283333333333335,0,0.0,0.0,57,False,True
f45122a9ab94eb4f3f8953578bc0c560,13419,piracicaba,SP,200,187,89,8,22078.29,3325.84,187,186,2017-02-09 22:25:41,2018-08-22 09:39:57,3.9572192513368982,187,13,-10.331521739130435,12.228260869565217,1.0695187165775402,118.0657219251337,17.78524064171123,33,0.06951871657754011,0.17647058823529413,558,False,True
7901646fdd36a55f564ffaf2dbccaaf7,20021,rio de janeiro,RJ,27,22,12,2,11857.08,621.75,22,21,2017-03-02 13:52:03,2018-08-23 00:13:49,4.5,22,2,-11.545454545454545,9.318181818181818,1.2272727272727273,538.9581818181819,28.261363636363637,2,0.09090909090909091,0.09090909090909091,538,False,True
6481e96574816ead57975da2c0f6d80d,18072,sorocaba,SP,43,32,20,5,3324.9,1015.96,32,30,2017-12-29 16:31:00,2018-07-28 13:11:22,4.1875,32,1,-11.25,6.40625,1.34375,103.903125,31.74875,3,0.03125,0.09375,210,False,True
e8dba4d70f7f2b20e775d09cae01142d,13456,santa barbara d oeste,SP,9,9,6,2,855.91,176.48,9,9,2018-05-29 21:59:03,2018-08-21 12:20:19,4.333333333333333,9,1,-10.666666666666666,8.333333333333334,1.0,95.10111111111111,19.608888888888888,1,0.1111111111111111,0.1111111111111111,83,False,True
13e85aac53340018b40c2af68001b7e0,13920,pedreira,SP,1,1,1,1,17.8,14.12,1,1,2016-10-08 22:41:36,2016-10-08 22:41:36,5.0,1,0,-35.0,17.0,1.0,17.8,14.12,0,0.0,0.0,0,False,True
b6dc74ed30f124f95227bed4e43a3bed,86702,arapongas,PR,13,11,6,1,518.9599999999999,228.63,11,10,2017-01-31 17:57:18,2017-12-05 10:31:53,4.0,11,1,-10.88888888888889,17.555555555555557,1.1818181818181819,47.17818181818181,20.784545454545455,2,0.09090909090909091,0.18181818181818182,307,False,True
48436dade18ac8b2bce089ec2a041202,27277,volta redonda,SP,151,138,23,2,12271.710000000001,2911.93,138,138,2017-03-15 09:19:06,2018-08-18 21:19:10,4.0144927536231885,138,10,-9.694029850746269,13.925373134328359,1.0942028985507246,88.9254347826087,21.100942028985507,21,0.07246376811594203,0.15217391304347827,521,False,True
f5f2ab9bdb6b30c14c61be68c5ed37da,13660,porto ferreira,SP,18,18,14,3,2134.6800000000003,339.87,18,18,2016-10-05 22:53:45,2017-12-04 19:12:17,4.277777777777778,18,1,-14.944444444444445,13.0,1.0,118.59333333333335,18.881666666666668,2,0.05555555555555555,0.1111111111111111,424,False,True
8ed8ea9a57c862f2c18c2fe41f601d56,89030,blumenau,SC,19,19,2,2,3831.9,731.0699999999999,19,19,2018-04-11 11:48:05,2018-06-10 14:06:01,4.473684210526316,19,0,-15.736842105263158,8.263157894736842,1.0,201.67894736842106,38.47736842105263,1,0.0,0.05263157894736842,60,False,True
c76d418370990614e89e956c7a7567d9,6787,taboao da serra,SP,2,2,1,1,305.24,64.53,2,2,2017-08-11 14:51:35,2017-09-12 13:52:34,3.5,2,0,-15.5,10.0,1.0,152.62,32.265,0,0.0,0.0,31,False,True
ceb7b4fb9401cd378de7886317ad1b47,22790,04482255,RJ,1,1,1,1,399.9,16.55,1,1,2017-08-25 17:50:50,2017-08-25 17:50:50,3.0,1,0,,,1.0,399.9,16.55,0,0.0,0.0,0,False,True
ea846a0e7ad98a741783e886d89dfa44,16072,aracatuba,SP,3,2,2,1,137.0,55.26,2,2,2018-08-07 09:30:10,2018-08-17 16:44:32,5.0,2,0,-9.5,10.0,1.5,68.5,27.63,0,0.0,0.0,10,False,True
2c54051840f19eca309a5423cf22df36,81830,curitiba,PR,2,2,2,1,23.7,28.57,2,2,2017-12-04 00:59:05,2018-04-04 09:52:29,4.5,2,0,-14.5,8.5,1.0,11.85,14.285,0,0.0,0.0,121,False,True
ee27a8f15b1dded4d213a468ba4eb391,74210,goiania,GO,1,1,1,1,6499.0,227.66,1,1,2017-05-24 18:14:34,2017-05-24 18:14:34,5.0,1,0,-23.0,11.0,1.0,6499.0,227.66,0,0.0,0.0,0,False,True
69b5eaa096c3f9d1e5c398c597f567d6,16200,birigui,SP,2,2,1,1,938.0,49.02,2,2,2018-08-15 22:27:30,2018-08-25 10:41:50,5.0,2,0,-6.0,6.0,1.0,469.0,24.51,0,0.0,0.0,9,False,True
5b92bfa4120daa27c574daa2e386c693,18070,sorocaba,SP,1,1,1,1,14.0,10.96,1,1,2017-02-20 08:30:20,2017-02-20 08:30:20,3.0,1,0,-9.0,16.0,1.0,14.0,10.96,0,0.0,0.0,0,False,True
1554a68530182680ad5c8b042c3ab563,37580,monte siao,MG,269,247,70,5,29052.53,6798.26,247,243,2016-09-04 21:15:19,2018-08-15 19:30:07,4.318367346938776,245,15,-13.861788617886178,13.703252032520325,1.0890688259109311,117.62157894736842,27.523319838056683,26,0.06072874493927125,0.10526315789473684,709,False,True
fc38b5dceee1a730fad8853453437fbd,13073,campinas,SP,5,5,5,2,119.2,58.81,5,5,2017-04-05 08:23:43,2017-12-15 19:13:52,4.6,5,0,-14.2,7.4,1.0,23.84,11.762,0,0.0,0.0,254,False,True
152ee17e4c8aaf53dac99f3462e4999b,89248,garuva,SC,6,6,3,2,308.96000000000004,95.97,6,6,2017-07-14 14:16:10,2017-10-14 11:58:43,4.333333333333333,6,0,-14.333333333333334,10.333333333333334,1.0,51.49333333333334,15.995,0,0.0,0.0,91,False,True
fac35d150712afb921ec59ac5f39bb11,38650,bonfinopolis de minas,MG,6,5,2,2,696.0,104.64,5,5,2018-02-24 14:37:03,2018-07-16 13:57:23,4.4,5,0,-17.2,9.8,1.2,139.2,20.928,0,0.0,0.0,141,False,True
04aa0a1c5ce6b222003403a3e11c3cc0,13150,cosmopolis,SP,17,11,8,2,5518.0,821.51,11,11,2017-03-22 17:10:13,2018-01-24 11:40:28,4.090909090909091,11,2,-11.636363636363637,16.90909090909091,1.5454545454545454,501.6363636363636,74.68272727272728,2,0.18181818181818182,0.18181818181818182,307,False,True
ede0c03645598cdfc63ca8237acbe73d,14092,ribeirao preto,SP,50,46,24,3,2518.37,751.5,46,46,2018-02-21 12:25:12,2018-06-19 14:56:02,3.522727272727273,44,14,-4.116279069767442,18.25581395348837,1.0869565217391304,54.747173913043476,16.33695652173913,13,0.30434782608695654,0.2826086956521739,118,False,True
1e47defeeadeca0e9a18fa5a9311e735,15800,catanduva,SP,3,3,3,2,234.12,57.5,3,3,2017-06-13 11:34:47,2017-07-19 16:17:11,5.0,3,0,-12.333333333333334,11.666666666666666,1.0,78.04,19.166666666666668,0,0.0,0.0,36,False,True
a7b7354cc588f7566a848bcbb1ce3d96,1215,sao paulo,SP,2,2,1,1,79.8,25.07,2,2,2017-03-13 22:11:59,2017-03-23 15:16:21,4.0,2,0,-7.0,11.5,1.0,39.9,12.535,0,0.0,0.0,9,False,True
ef0ace09169ac090589d85746e3e036f,24451,sao goncalo,RJ,140,129,22,2,16223.300000000001,2315.65,129,129,2017-11-14 10:43:54,2018-08-23 21:20:25,4.372093023255814,129,10,-11.3046875,12.3671875,1.0852713178294573,125.76201550387597,17.95077519379845,11,0.07751937984496124,0.08527131782945736,282,False,True
a7dc4098e4da6e41b426269d12ae7e91,4386,sao paulo,SP,3,2,2,1,518.0,36.45,2,2,2018-07-19 11:18:27,2018-08-10 10:39:43,3.0,2,0,-6.0,6.0,1.5,259.0,18.225,1,0.0,0.5,21,False,True
918717417d88a9f9ae9735567e6c7682,5547,sao paulo,SP,4,4,3,3,345.70000000000005,43.52,4,4,2017-12-19 11:55:26,2018-02-27 22:08:50,5.0,4,0,-13.25,7.75,1.0,86.42500000000001,10.88,0,0.0,0.0,70,False,True
26f6b7ab07be3e9e69ce82a6552efc19,21070,rio de janeiro,RJ,2,2,2,2,54.8,25.95,2,2,2018-08-14 01:00:24,2018-08-15 15:12:34,3.0,2,1,-3.0,10.5,1.0,27.4,12.975,1,0.5,0.5,1,False,True
cad9969167c09b48ae6f1d123f7fa68d,37706,pocos de caldas,MG,2,2,2,1,43.2,26.98,2,2,2018-07-24 10:56:17,2018-07-31 21:45:27,3.0,2,0,-11.0,3.0,1.0,21.6,13.49,1,0.0,0.5,7,False,True
7c4adcc13272c0e26fa23aac642adb7b,24725,sao goncalo,RJ,2,2,2,1,135.0,30.630000000000003,2,2,2018-01-28 10:24:50,2018-02-26 12:21:19,3.0,2,1,-6.5,16.5,1.0,67.5,15.315000000000001,1,0.5,0.5,29,False,True
f19516b9ff26bfeb091b30108db4ddbd,13160,artur nogueira,SP,5,5,5,2,727.6,141.84,5,5,2017-08-17 21:08:06,2017-11-14 21:09:04,2.6,5,0,-18.333333333333332,10.0,1.0,145.52,28.368000000000002,3,0.0,0.6,89,False,True
ed8cb7b190ceb6067227478e48cf8dde,11015,santos,SP,17,15,10,4,573.5,242.71,15,15,2018-07-19 15:36:35,2018-08-27 12:39:11,3.4,15,1,-10.2,6.933333333333334,1.1333333333333333,38.233333333333334,16.180666666666667,5,0.06666666666666667,0.3333333333333333,38,False,True
97e50a621f8e801f4baf69e08687c192,4209,sao paulo,SP,1,1,1,1,89.9,7.88,1,1,2018-02-21 06:34:33,2018-02-21 06:34:33,5.0,1,0,-5.0,9.0,1.0,89.9,7.88,0,0.0,0.0,0,False,True
562f8cfc51f265411f487d07e9c40e7f,30575,belo horizonte,MG,13,13,4,2,766.9200000000001,199.32999999999998,13,13,2017-10-18 12:20:20,2018-05-07 18:58:49,4.538461538461538,13,1,-7.846153846153846,13.538461538461538,1.0,58.99384615384616,15.333076923076922,0,0.07692307692307693,0.0,201,False,True
a21c11ec5c3f03e7cc9f9203bff9e1c6,6513,santana de parnaiba,SP,4,3,2,2,385.0,90.88,3,3,2018-08-03 17:13:19,2018-08-07 12:21:32,3.6666666666666665,3,0,-13.666666666666666,9.333333333333334,1.3333333333333333,128.33333333333334,30.293333333333333,1,0.0,0.3333333333333333,3,False,True
97e4a63591ca439a2b8b7efd20e6e19e,20520,rio de janeiro,RJ,5,5,2,1,349.95,78.55,5,5,2018-02-23 18:13:43,2018-08-16 19:32:56,4.4,5,0,-12.6,6.2,1.0,69.99,15.709999999999999,0,0.0,0.0,174,False,True
07017df32dc5f2f1d2801e579548d620,58030,joao pessoa,PB,9,8,3,1,946.49,181.75,8,8,2017-03-08 15:00:44,2018-07-29 21:34:43,4.0,8,0,-24.5,9.625,1.125,118.31125,22.71875,2,0.0,0.25,508,False,True
52092ddbd3a58c450a4459bf051b2287,17300,dois corregos,SP,6,6,4,1,351.7,75.35,6,6,2017-11-11 11:22:49,2018-03-27 15:40:33,4.333333333333333,6,0,-11.833333333333334,12.5,1.0,58.61666666666667,12.558333333333332,1,0.0,0.16666666666666666,136,False,True
1a8e2d9c38b84a9702ac7922924b0573,89245,araquari,SC,1,1,1,0,80.0,17.0,1,1,2018-02-06 10:54:24,2018-02-06 10:54:24,5.0,1,0,-15.0,15.0,1.0,80.0,17.0,0,0.0,0.0,0,False,True
f1198c871e0171278b63f40d112caeec,1220,sao paulo,SP,2,2,2,1,475.8,82.27,2,2,2017-08-15 21:33:49,2017-11-10 18:13:05,4.5,2,0,-7.5,11.0,1.0,237.9,41.135,0,0.0,0.0,86,False,True
87142160b41353c4e5fca2360caf6f92,90230,porto alegre,RS,339,305,56,8,31095.98,7218.33,305,302,2017-02-03 16:25:13,2018-08-21 21:53:58,4.404605263157895,304,12,-14.99672131147541,10.449180327868852,1.1114754098360655,101.95403278688525,23.666655737704918,19,0.03934426229508197,0.06229508196721312,564,False,True
a0e19590a0923cdd0614ea9427713ced,83075,sao jose dos pinhais,PR,7,2,1,1,258.3,139.12,2,2,2017-05-10 21:12:11,2017-06-25 17:50:06,1.0,2,0,,,3.5,129.14999999999998,69.56,2,0.0,1.0,45,True,True
289cdb325fb7e7f891c38608bf9e0962,31570,belo horizonte,SP,126,110,25,4,13544.95,2094.34,110,109,2018-02-21 22:53:10,2018-08-25 14:05:07,4.572727272727272,110,2,-10.376146788990825,6.275229357798165,1.1454545454545455,123.1359090909091,19.039454545454547,6,0.01818181818181818,0.05454545454545454,184,False,True
11305281b50fff20ae8bb473f8e11876,36500,uba,MG,40,35,18,5,6528.7,1444.51,35,35,2016-10-09 13:31:57,2018-08-21 21:18:33,4.314285714285714,35,4,-12.82857142857143,13.142857142857142,1.1428571428571428,186.53428571428572,41.27171428571429,3,0.11428571428571428,0.08571428571428572,681,False,True
723a46b89fd5c3ed78ccdf039e33ac63,93310,"novo hamburgo, rio grande do sul, brasil",RS,1,1,1,1,66.64,23.4,1,1,2018-05-28 23:06:44,2018-05-28 23:06:44,4.0,1,0,-30.0,7.0,1.0,66.64,23.4,0,0.0,0.0,0,False,True
d9b00a97818674c7f8d8b1ef0e689679,84035,ponta grossa,PR,1,1,1,1,69.9,9.18,1,1,2018-08-14 15:26:06,2018-08-14 15:26:06,3.0,1,0,-5.0,2.0,1.0,69.9,9.18,0,0.0,0.0,0,False,True
9d681c7e12db302cb261e721040dde65,80330,curitiba,PR,14,13,8,1,785.6,273.08,13,13,2018-05-21 18:18:25,2018-08-16 16:19:13,4.923076923076923,13,0,-14.538461538461538,8.76923076923077,1.0769230769230769,60.43076923076923,21.006153846153843,0,0.0,0.0,86,False,True
c7bb64409aa480bb7d0335faaaf3d242,89218,joinville,SC,4,4,2,1,97.6,67.56,4,4,2018-06-23 16:04:00,2018-07-02 10:34:59,2.25,4,0,-17.75,5.5,1.0,24.4,16.89,2,0.0,0.5,8,False,True
bb7ad8a45c027be8ab075b8e465f8ca0,88056,floranopolis,SC,2,2,1,1,19.98,32.64,2,2,2018-07-22 22:54:11,2018-07-28 13:17:15,5.0,2,0,-14.0,5.0,1.0,9.99,16.32,0,0.0,0.0,5,False,True
8a207b6080964f3c1fc9d35bd6096ba4,15155,jaci,SP,3,2,2,2,553.7,176.34,2,2,2017-09-20 11:20:55,2017-11-03 11:10:16,5.0,2,1,-5.0,22.5,1.5,276.85,88.17,0,0.5,0.0,43,False,True
fa1c13f2614d7b5c4749cbc52fecda94,13170,sumare,SP,586,585,289,5,194042.03,10042.7,585,581,2017-01-07 20:45:31,2018-08-29 09:48:09,4.339070567986231,581,53,-10.314878892733564,12.852941176470589,1.0017094017094017,331.6957777777778,17.16700854700855,61,0.0905982905982906,0.10427350427350428,598,False,True
bf100ecb7997df312b285358fb32f92c,83070,sao jose dos pinhais,PR,21,20,9,3,1991.9,345.11,20,20,2017-01-23 07:33:11,2018-02-04 20:43:44,4.444444444444445,18,0,-16.6,9.1,1.05,99.595,17.2555,0,0.0,0.0,377,False,True
3504c0cb71d7fa48d967e0e4c94d59d9,9350,maua,SP,53,53,14,6,2349.94,687.37,53,53,2017-07-05 09:53:02,2017-11-06 13:48:10,4.415094339622642,53,0,-10.79245283018868,6.943396226415095,1.0,44.338490566037734,12.969245283018868,2,0.0,0.03773584905660377,124,False,True
164a5a8794e6d42e14f55e447b12a3bc,85980,guaira,PR,1,1,1,1,73.99,62.77,1,1,2018-07-27 11:24:55,2018-07-27 11:24:55,5.0,1,0,-19.0,13.0,1.0,73.99,62.77,0,0.0,0.0,0,False,True
de09d00cfc265b8804c7df34075a68fa,2118,sao paulo,SP,3,3,3,1,784.0,43.97,3,3,2017-10-15 10:29:07,2018-05-07 15:48:42,3.3333333333333335,3,0,-16.666666666666668,5.666666666666667,1.0,261.3333333333333,14.656666666666666,1,0.0,0.3333333333333333,204,False,True
638cba8be1fb599bbb76fd6948351eb3,12242,sao jose dos campos,SP,26,17,12,2,598.1999999999999,315.67,17,17,2017-05-07 17:57:19,2017-09-28 15:30:58,4.647058823529412,17,0,-11.3125,7.8125,1.5294117647058822,35.188235294117646,18.568823529411763,1,0.0,0.058823529411764705,143,False,True
2f73e04d12cdf0c945ded66bb3fcf6c7,29313,cachoeiro de itapemirim,ES,3,3,3,1,1359.0,101.85,3,3,2017-02-15 16:27:45,2018-08-19 19:52:18,3.3333333333333335,3,0,-17.666666666666668,13.0,1.0,453.0,33.949999999999996,1,0.0,0.3333333333333333,550,False,True
fbc14c0cf93505ef89f64665ffa4a7b5,14150,serrana,SP,18,18,16,5,12227.82,531.11,18,18,2017-08-17 17:36:22,2018-08-08 21:34:09,4.176470588235294,17,1,-13.88888888888889,11.61111111111111,1.0,679.3233333333333,29.50611111111111,2,0.05555555555555555,0.1111111111111111,356,False,True
c3ee2331a724e6fc02c4b698b57a73f3,5108,sao paulo,SP,3,2,2,1,1347.0,140.88,2,2,2017-11-22 08:33:09,2017-12-02 09:45:39,3.0,2,0,-9.0,6.0,1.5,673.5,70.44,0,0.0,0.0,10,False,True
e9874ae10b2d60d43917b6bbfa13a599,86604,rolandia,PR,1,1,1,1,199.0,23.1,1,1,2018-04-18 20:42:34,2018-04-18 20:42:34,5.0,1,0,-20.0,6.0,1.0,199.0,23.1,0,0.0,0.0,0,False,True
df47da4ae86fa4db890d05aaf24e21d8,4360,sao paulo,SP,5,5,2,2,310.5,77.18,5,4,2018-07-23 17:57:33,2018-08-23 10:47:14,4.2,5,0,-18.2,6.6,1.0,62.1,15.436000000000002,1,0.0,0.2,30,False,True
ddd51ae8cda92f3995a51fc0f0f3eec7,23062,rio de janeiro,RJ,25,8,6,1,842.6999999999999,276.92,8,8,2017-01-28 18:30:17,2018-01-16 20:24:56,4.625,8,0,-15.0,7.5,3.125,105.33749999999999,34.615,0,0.0,0.0,353,False,True
e644cbadf7eeb30d0d29f335ce7d52ec,3029,sao paulo,SP,10,8,4,3,878.9,184.69,8,8,2018-07-03 09:10:24,2018-08-21 23:14:33,3.625,8,0,-8.571428571428571,6.428571428571429,1.25,109.8625,23.08625,1,0.0,0.125,49,False,True
2bdb95a56a36ebbc6640337ac5eac174,4054,sao paulo,SP,1,1,1,1,89.9,18.0,1,1,2017-01-27 22:07:02,2017-01-27 22:07:02,5.0,1,0,-34.0,5.0,1.0,89.9,18.0,0,0.0,0.0,0,False,True
34d1ca11b242c0fee2c834ae8d788566,36415,congonhas,MG,41,40,4,1,13422.24,982.04,40,40,2017-03-01 16:21:50,2018-08-07 08:43:58,4.333333333333333,39,0,-13.875,12.675,1.025,335.556,24.551,2,0.0,0.05,523,False,True
324583d68897f5ddbaf38f6248322176,15046,sao jose do rio preto,SP,3,2,1,1,84.0,43.989999999999995,2,2,2018-02-21 12:09:19,2018-02-25 13:05:21,1.0,2,1,-1.0,21.0,1.5,42.0,21.994999999999997,2,0.5,1.0,4,True,True
96493fab2fbb13a14d0c0e8772eef5c3,5537,sao paulo,SP,64,63,54,1,18969.0,1212.23,63,63,2017-02-08 13:14:41,2018-06-05 10:22:28,4.064516129032258,62,4,-10.126984126984127,12.88888888888889,1.0158730158730158,301.0952380952381,19.241746031746032,9,0.06349206349206349,0.14285714285714285,481,False,True
d4ffeb15b67e81ff9af2b4252d99fb7e,12943,atibaia,SP,12,11,8,3,1400.4,324.40999999999997,11,11,2018-04-26 13:43:04,2018-07-27 19:57:12,4.3,10,0,-13.181818181818182,9.0,1.0909090909090908,127.30909090909091,29.491818181818186,0,0.0,0.0,92,False,True
b5d034ac251546e25afe9067f05c1539,6852,itapecerica da serra,SP,1,1,1,1,69.9,15.37,1,1,2018-04-21 05:31:57,2018-04-21 05:31:57,5.0,1,0,-19.0,12.0,1.0,69.9,15.37,0,0.0,0.0,0,False,True
8a1ff5c35f6595a73fef4c7b96e4908a,83091,sao  jose dos pinhais,PR,2,2,1,1,1598.0,284.79999999999995,2,2,2018-06-09 11:41:45,2018-08-01 11:56:01,5.0,2,0,-19.5,10.0,1.0,799.0,142.39999999999998,0,0.0,0.0,53,False,True
a150c540f572d0fb53992264bc5c10b5,18035,sorocaba,SP,1,1,1,1,119.9,15.59,1,1,2018-02-04 22:19:12,2018-02-04 22:19:12,4.0,1,0,-20.0,10.0,1.0,119.9,15.59,0,0.0,0.0,0,False,True
7c1fea10b5b006671d608b1d7c446ec4,18550,boituva,SP,14,14,13,3,423.59999999999997,224.15,14,14,2017-10-04 20:41:38,2018-06-13 15:39:09,4.0,14,1,-10.714285714285714,15.714285714285714,1.0,30.257142857142856,16.010714285714286,2,0.07142857142857142,0.14285714285714285,251,False,True
b6e1504972665f739dec4facb9943775,13405,piracicaba,SP,14,14,7,2,1484.48,225.89,14,14,2017-05-22 21:17:02,2018-03-26 12:35:07,4.357142857142857,14,1,-9.0,10.642857142857142,1.0,106.03428571428572,16.134999999999998,2,0.07142857142857142,0.14285714285714285,307,False,True
f76a3b1349b6df1ee875d1f3fa4340f0,3275,sao paulo,SP,24,24,6,1,4160.79,588.19,24,24,2018-01-04 17:09:02,2018-08-17 19:14:14,3.4583333333333335,24,7,-5.541666666666667,16.666666666666668,1.0,173.36625,24.50791666666667,7,0.2916666666666667,0.2916666666666667,225,False,True
99eaacc9e6046db1c82b163c5f84869f,14400,franca,SP,70,66,19,3,13139.17,1135.35,66,66,2016-10-04 10:41:17,2018-02-18 21:58:51,3.878787878787879,66,7,-8.793650793650794,14.476190476190476,1.0606060606060606,199.07833333333335,17.202272727272724,14,0.10606060606060606,0.21212121212121213,502,False,True
8603f0038fe0e52fedd3382d266723de,88495,garopaba,SC,10,10,9,4,2355.0,490.12,10,7,2017-04-24 17:42:25,2018-01-24 17:02:52,4.4,10,0,-11.8,20.9,1.0,235.5,49.012,1,0.0,0.1,274,False,True
d98eec89afa3380e14463da2aabaea72,90010,porto alegre,RS,183,168,26,4,6968.53,3256.7799999999997,168,165,2017-01-18 08:01:37,2018-08-27 10:46:53,4.335329341317365,167,4,-18.261904761904763,8.047619047619047,1.0892857142857142,41.479345238095235,19.385595238095238,13,0.023809523809523808,0.07738095238095238,586,False,True
ab75b89cc49c9ab3160d0c91565a442a,17604,tupa,SP,2,2,2,1,37.98,15.85,2,2,2017-07-05 16:05:20,2017-09-08 17:33:58,1.5,2,0,-24.0,9.0,1.0,18.99,7.925,2,0.0,1.0,65,True,True
08084d990eb3f53af056ccbc1730c8a7,3612,sao paulo,SP,12,12,3,1,372.5,234.29,12,12,2018-02-08 07:04:45,2018-08-14 20:56:45,4.454545454545454,11,0,-15.75,8.0,1.0,31.041666666666668,19.524166666666666,0,0.0,0.0,187,False,True
d85efbc8eff2b7adf524e2820569adc8,5268,sao paulo,SP,1,1,1,1,55.0,8.29,1,1,2018-05-12 22:49:25,2018-05-12 22:49:25,5.0,1,0,-9.0,2.0,1.0,55.0,8.29,0,0.0,0.0,0,False,True
23613d49c3ac2bd302259e55c06c050c,13660,porto ferreira,SP,80,70,24,1,4293.0,2167.7599999999998,70,69,2016-10-08 21:12:48,2018-08-19 23:28:25,3.8260869565217392,69,6,-11.028985507246377,13.521739130434783,1.1428571428571428,61.32857142857143,30.967999999999996,17,0.08571428571428572,0.24285714285714285,680,False,True
87d3c3aeb3ead335511b3ce315eb341e,3059,sao paulo,SP,15,15,11,2,749.3499999999999,213.71,15,15,2018-06-13 14:35:29,2018-08-17 07:44:54,3.5,14,1,-8.466666666666667,6.133333333333334,1.0,49.95666666666666,14.247333333333334,3,0.06666666666666667,0.2,64,False,True
93b9a99027bd8bd6af682aff18dd19bf,7600,mairipora,SP,21,20,15,2,1953.0,467.11,20,20,2017-01-26 21:58:53,2018-08-05 06:31:51,4.052631578947368,19,0,-17.526315789473685,11.105263157894736,1.05,97.65,23.3555,1,0.0,0.05,555,False,True
0bf0150d5b9d60d9cd2906003332f085,1547,sao paulo,SP,62,39,15,2,5774.6,1097.74,39,39,2017-02-16 23:15:22,2018-07-14 14:08:11,3.789473684210526,38,6,-6.846153846153846,13.64102564102564,1.5897435897435896,148.06666666666666,28.14717948717949,8,0.15384615384615385,0.20512820512820512,512,False,True
7ecef8194babfec876ca720714327841,13041,campinas,SP,8,7,5,3,990.5,123.76,7,7,2017-10-15 22:41:59,2018-07-20 18:38:33,4.285714285714286,7,0,-8.285714285714286,9.714285714285714,1.1428571428571428,141.5,17.68,0,0.0,0.0,277,False,True
87b4428a334b8f676fd9a7f3bf544fb5,16480,guaimbe,SP,1,1,1,1,29.99,18.99,1,1,2018-08-13 19:22:29,2018-08-13 19:22:29,5.0,1,0,-24.0,6.0,1.0,29.99,18.99,0,0.0,0.0,0,False,True
30829ded4523ab9224b93bc49a62c95f,95360,parai,RS,31,18,13,1,6911.71,638.0,18,18,2018-01-10 10:50:11,2018-08-23 11:30:04,3.7777777777777777,18,1,-17.61111111111111,11.666666666666666,1.7222222222222223,383.9838888888889,35.44444444444444,4,0.05555555555555555,0.2222222222222222,225,False,True
dcb7367a92f5ffb89f1e2152ed260285,17700,osvaldo cruz,SP,1,1,1,1,79.9,18.44,1,1,2018-03-18 16:47:16,2018-03-18 16:47:16,5.0,1,0,-14.0,10.0,1.0,79.9,18.44,0,0.0,0.0,0,False,True
513a54369b6a8a6602fcb0e129c6d78d,9862,sao bernardo do campo,SP,2,2,1,1,47.8,14.86,2,2,2018-08-18 00:16:00,2018-08-26 12:06:17,4.5,2,0,-5.5,3.0,1.0,23.9,7.43,0,0.0,0.0,8,False,True
5075aaa8404020ae6aa8bf4792099b41,37706,pocos de caldas,MG,23,13,6,2,1822.8,447.72,13,13,2017-03-16 10:22:52,2018-01-13 19:23:28,3.5833333333333335,12,0,-11.6,11.5,1.7692307692307692,140.2153846153846,34.440000000000005,3,0.0,0.23076923076923078,303,False,True
d354c38a7182125a748cb10474fe963b,28495,aperibe,RJ,20,18,7,1,1610.33,315.85,18,18,2017-05-02 17:07:34,2018-03-16 17:44:05,4.294117647058823,17,1,-12.117647058823529,13.294117647058824,1.1111111111111112,89.46277777777777,17.547222222222224,0,0.05555555555555555,0.0,318,False,True
4be9ae93c4fc0f41713d71a4194ee1b3,35500,divinopolis,MG,1,1,1,1,109.9,27.07,1,1,2018-08-17 17:26:08,2018-08-17 17:26:08,5.0,1,0,-7.0,11.0,1.0,109.9,27.07,0,0.0,0.0,0,False,True
e0487761face83d64fcada2408959a36,1021,sao paulo,SP,2,2,2,2,49.25,14.870000000000001,2,2,2018-08-24 15:05:27,2018-08-27 18:58:15,4.5,2,0,-3.5,3.0,1.0,24.625,7.4350000000000005,0,0.0,0.0,3,False,True
9996ae921c50e8dff411ac69c0b4bb8b,17605,tupa,SP,3,2,3,1,29.700000000000003,43.67,2,2,2017-10-17 15:35:11,2017-10-22 21:11:46,2.0,2,0,-7.5,13.5,1.5,14.850000000000001,21.835,1,0.0,0.5,5,True,True
c3cfdc648177fdbbbb35635a37472c53,80610,curitiba,PR,307,278,111,2,43048.18,6079.63,278,266,2017-01-27 17:16:40,2018-08-27 21:04:17,4.469314079422382,277,4,-16.18345323741007,9.287769784172662,1.10431654676259,154.84956834532375,21.869172661870504,21,0.014388489208633094,0.07553956834532374,577,False,True
c8cc60ffd415254af5d9b9f34f32c369,18053,sorocaba,SP,9,8,7,1,722.2,194.03,8,8,2018-06-05 19:11:38,2018-08-15 17:47:48,4.75,8,0,-12.375,5.25,1.125,90.275,24.25375,0,0.0,0.0,70,False,True
1ce3ae5a399804d1a87e706f8a813c3e,88715,jaguaruna,SC,44,40,19,1,2563.0,853.69,40,40,2017-08-03 11:45:23,2018-08-20 14:45:48,3.75,40,3,-15.425,14.175,1.1,64.075,21.34225,8,0.075,0.2,382,False,True
5f26c1408a65b42a7224cd463bdf3292,86707,arapongas,PR,10,10,9,2,1139.8,217.29,10,10,2018-06-28 18:11:28,2018-08-26 19:45:32,4.8,10,0,-15.4,6.1,1.0,113.97999999999999,21.729,0,0.0,0.0,59,False,True
e59e575a175fadcadf8479e191770425,26210,nova iguacu,RJ,1,1,1,1,199.9,50.98,1,1,2018-06-09 11:53:43,2018-06-09 11:53:43,5.0,1,0,-20.0,5.0,1.0,199.9,50.98,0,0.0,0.0,0,False,True
2138ccb85b11a4ec1e37afbd1c8eda1f,8250,sao paulo,SP,429,396,160,7,12357.03,6069.22,396,393,2016-10-04 19:30:28,2018-08-28 13:28:34,3.939240506329114,395,18,-12.59020618556701,10.829896907216495,1.0833333333333333,31.204621212121214,15.326313131313132,67,0.045454545454545456,0.1691919191919192,692,False,True
83d458c0d6d4f94295d63f091460bd60,29101,vila velha,SP,1,1,1,1,89.9,15.84,1,1,2017-03-06 19:54:12,2017-03-06 19:54:12,5.0,1,0,,,1.0,89.9,15.84,0,0.0,0.0,0,False,True
ef30892870c278497523264be1be2241,14801,araraquara,SP,9,9,5,1,783.2,109.33999999999999,9,9,2017-12-05 21:18:13,2018-01-31 18:59:31,4.555555555555555,9,0,-16.444444444444443,7.444444444444445,1.0,87.02222222222223,12.148888888888887,1,0.0,0.1111111111111111,56,False,True
d5b9a084373da994a6e37f732169a853,9182,santo andre,SP,7,7,5,1,1769.0,176.29000000000002,7,7,2018-01-20 21:21:28,2018-05-07 22:23:50,3.5714285714285716,7,1,-6.0,17.428571428571427,1.0,252.71428571428572,25.184285714285718,2,0.14285714285714285,0.2857142857142857,107,False,True
e9c2dc0dd4ac38448289be644ac94f42,89210,joinville,SC,3,3,3,2,118.39,56.22,3,3,2018-07-03 23:37:11,2018-08-21 22:39:47,5.0,3,0,-11.333333333333334,5.0,1.0,39.46333333333333,18.74,0,0.0,0.0,48,False,True
fe87f472055fbcf1d7e691c00b1560dc,13085,campinas,SP,6,6,4,1,1085.8,130.16,6,6,2018-05-07 13:09:18,2018-08-19 21:44:37,4.5,6,1,-3.0,5.5,1.0,180.96666666666667,21.69333333333333,0,0.16666666666666666,0.0,104,False,True
5a32c398a06c345440bf2a683b017ad3,21070,rio de janeiro,RJ,2,2,2,1,79.8,23.17,2,2,2017-12-31 12:12:02,2018-03-14 21:29:52,3.0,2,0,-7.0,11.0,1.0,39.9,11.585,1,0.0,0.5,73,False,True
f46490624488d3ff7ce78613913a7711,7194,guarulhos,SP,91,83,35,1,5802.85,1747.82,83,83,2018-05-23 13:50:08,2018-08-21 16:39:32,3.6626506024096384,83,9,-8.825,9.75,1.0963855421686748,69.91385542168675,21.058072289156627,22,0.10843373493975904,0.26506024096385544,90,False,True
4d0041cdbe51b4617d95c70b19decc74,36052,juiz de fora,MG,8,8,6,1,5235.200000000001,230.29,8,8,2018-05-10 21:50:13,2018-07-31 09:52:59,4.5,8,0,-10.5,6.75,1.0,654.4000000000001,28.78625,0,0.0,0.0,81,False,True
db46ca7bce82b11f7e247539271fc390,23080,rio de janeiro,RJ,16,16,8,1,933.97,215.89,16,16,2017-03-21 10:42:25,2017-07-05 09:08:28,4.5625,16,0,-13.4375,7.6875,1.0,58.373125,13.493125,1,0.0,0.0625,105,False,True
ad420dd0c4f92f8af951ac24b86d0cf5,38230,fronteira,MG,46,42,23,2,4705.29,913.11,42,39,2017-04-26 10:41:39,2018-08-24 18:00:29,4.125,40,3,-10.976190476190476,14.761904761904763,1.0952380952380953,112.03071428571428,21.740714285714287,6,0.07142857142857142,0.14285714285714285,485,False,True
e8b4225284fbb02d16f200513f1f395d,14960,novo horizonte,SP,31,31,18,1,5788.52,1297.6100000000001,31,31,2018-04-05 20:32:06,2018-08-19 11:55:56,4.193548387096774,31,3,-13.8,9.666666666666666,1.0,186.72645161290325,41.858387096774194,2,0.0967741935483871,0.06451612903225806,135,False,True
f61c63d13f7cd800549d5acdd390ae72,18185,pilar do sul,SP,26,26,11,4,3072.3,429.39,26,26,2017-09-14 10:23:41,2018-08-20 10:19:46,4.0,26,2,-11.23076923076923,11.384615384615385,1.0,118.16538461538462,16.515,3,0.07692307692307693,0.11538461538461539,339,False,True
054694fa03fe82cec4b7551487331d74,15840,itajobi,SP,22,21,15,4,9983.1,720.65,21,21,2017-01-07 17:20:56,2018-04-09 16:57:00,3.4761904761904763,21,6,-0.9,30.35,1.0476190476190477,475.3857142857143,34.31666666666666,6,0.2857142857142857,0.2857142857142857,456,False,True
dc50afafdfa325eadc890c7fa42a8f4e,87050,maringa,PR,4,4,3,2,424.2,57.28,4,4,2018-06-25 16:10:17,2018-08-11 10:25:29,4.75,4,0,-11.75,6.0,1.0,106.05,14.32,0,0.0,0.0,46,False,True
376d67b61dce0c990155286e7ae486a4,4815,sao paulo,SP,1,1,1,1,94.0,17.91,1,1,2018-03-01 15:29:58,2018-03-01 15:29:58,4.0,1,0,-5.0,14.0,1.0,94.0,17.91,0,0.0,0.0,0,False,True
7994b065a7ffb14e71c6312cf87b9de2,29142,cariacica / es,ES,7,5,5,1,453.0,144.34,5,5,2018-06-05 20:41:45,2018-08-04 00:42:23,5.0,5,0,-22.4,8.6,1.4,90.6,28.868000000000002,0,0.0,0.0,59,False,True
a9415cf907dfa12f9ed18693244f5329,36320,prados,MG,2,1,1,1,210.0,175.42,1,1,2018-01-19 16:34:05,2018-01-19 16:34:05,5.0,1,0,-15.0,11.0,2.0,210.0,175.42,0,0.0,0.0,0,False,True
b7d5b4b87af9d42b601865d3f3810bff,88020,florianopolis,SC,2,2,2,1,1049.0,41.019999999999996,2,2,2017-05-06 18:49:21,2017-11-07 18:05:08,2.0,2,0,-21.0,8.0,1.0,524.5,20.509999999999998,1,0.0,0.5,184,True,True
7315baebc0572ff220d226283dc66728,13560,sao carlos,SP,2,2,2,1,49.849999999999994,26.369999999999997,2,2,2017-04-26 13:17:05,2017-06-28 09:51:56,4.0,2,0,-12.5,7.5,1.0,24.924999999999997,13.184999999999999,0,0.0,0.0,62,False,True
4125d9385a25e82d2f72d3a0fd55bc3f,11065,santos,SP,1,1,1,1,42.9,18.4,1,1,2018-08-01 16:28:34,2018-08-01 16:28:34,5.0,1,0,-4.0,8.0,1.0,42.9,18.4,0,0.0,0.0,0,False,True
c8b0e2b0a7095e5d8219575d5e7e1181,8598,itaquaquecetuba,SP,85,84,58,1,12170.210000000001,1487.1299999999999,84,83,2017-07-12 19:56:51,2018-08-17 12:03:54,4.0843373493975905,83,6,-10.821428571428571,9.761904761904763,1.0119047619047619,144.8834523809524,17.70392857142857,12,0.07142857142857142,0.14285714285714285,400,False,True
38102b031c2a15e54623d711bfc753d3,62170,mucambo,CE,11,9,5,3,457.0,352.41,9,9,2017-02-09 11:01:14,2018-02-14 10:32:00,3.6666666666666665,9,0,-13.5,20.875,1.2222222222222223,50.77777777777778,39.156666666666666,1,0.0,0.1111111111111111,369,False,True
160e4f13fd3a64b1b86807be88b5ffb0,83409,colombo,PR,4,4,2,2,886.0,94.45,4,4,2017-11-15 19:51:30,2018-02-13 19:14:16,4.25,4,0,-15.0,14.0,1.0,221.5,23.6125,1,0.0,0.25,89,False,True
8ccf3cf69651cc1d8a02c8bfaf3b8568,13504,rio claro,SP,2,2,1,1,250.0,38.629999999999995,2,2,2017-04-22 20:02:16,2017-05-11 18:33:36,3.5,2,1,-3.5,25.0,1.0,125.0,19.314999999999998,0,0.5,0.0,18,False,True
391fc6631aebcf3004804e51b40bcf1e,14940,ibitinga,SP,613,526,131,2,39951.95,10190.88,526,523,2016-10-06 00:06:17,2018-08-25 20:13:35,4.034416826003824,523,45,-11.406909788867562,13.93666026871401,1.1653992395437263,75.95427756653991,19.374296577946765,78,0.08555133079847908,0.1482889733840304,688,False,True
33cbbec1e7e1044aaf11d152172c776f,95705,bento goncalves,RS,16,15,9,1,730.67,398.83,15,15,2018-04-03 20:15:00,2018-08-18 13:56:19,4.733333333333333,15,0,-16.2,8.0,1.0666666666666667,48.71133333333333,26.588666666666665,0,0.0,0.0,136,False,True
da03c298e3999e9d828591fc2179d109,4041,sao paulo,SP,5,4,2,1,787.7,54.78,4,4,2017-12-04 21:12:17,2018-02-28 16:31:10,4.75,4,0,-8.0,9.25,1.25,196.925,13.695,0,0.0,0.0,85,False,True
49383af7ab774e4e8f3000f49c83dc4b,12080,taubate,SP,12,8,1,1,660.0,242.23,8,8,2018-04-27 19:48:04,2018-08-20 23:18:27,4.375,8,0,-13.875,7.5,1.5,82.5,30.27875,0,0.0,0.0,115,False,True
8a2d12a90e92f012ce5226fc6592b653,81210,curitiba,PR,18,18,13,2,1594.6499999999999,338.97,18,18,2017-12-23 13:03:06,2018-08-24 00:01:48,4.588235294117647,17,0,-15.944444444444445,8.833333333333334,1.0,88.59166666666665,18.831666666666667,1,0.0,0.05555555555555555,243,False,True
52956b80ae65fda598f06f6b9943e7a9,87050,maringa,PR,3,3,1,1,792.0,66.85,3,3,2018-05-07 21:04:51,2018-05-31 16:24:49,4.0,3,1,-7.333333333333333,24.666666666666668,1.0,264.0,22.28333333333333,0,0.3333333333333333,0.0,23,False,True
762ed976527cddf02787edba70fffa2a,86026,londrina,PR,4,3,3,2,179.8,60.31999999999999,3,3,2017-11-24 22:46:29,2017-12-12 11:15:32,2.3333333333333335,3,0,-21.333333333333332,7.333333333333333,1.3333333333333333,59.93333333333334,20.106666666666666,2,0.0,0.6666666666666666,17,False,True
7994081388d55b9cf976c050653dd359,1244,sao paulo,SP,6,2,2,1,1020.0,89.65,2,2,2017-02-09 14:29:29,2017-11-10 14:03:51,3.0,2,0,-20.0,12.0,3.0,510.0,44.824999999999996,1,0.0,0.5,273,False,True
585175ec331ea177fa47199e39a6170a,39400,montes claros,MG,1,1,1,1,3549.0,53.47,1,1,2017-02-21 18:35:38,2017-02-21 18:35:38,5.0,1,0,-15.0,7.0,1.0,3549.0,53.47,0,0.0,0.0,0,False,True
e59aa562b9f8076dd550fcddf0e73491,82810,curitiba,PR,84,70,9,1,31574.3,2229.67,70,70,2017-09-05 16:19:06,2018-08-20 14:22:51,4.214285714285714,70,6,-11.826086956521738,13.623188405797102,1.2,451.06142857142856,31.85242857142857,8,0.08571428571428572,0.11428571428571428,348,False,True
e84ad2127668df3aafc6b73531a0beb8,4613,sao paulo,SP,23,19,5,2,987.0,286.73,19,19,2017-12-11 15:30:13,2018-08-08 13:37:57,4.368421052631579,19,1,-7.2105263157894735,10.052631578947368,1.2105263157894737,51.94736842105263,15.091052631578949,2,0.05263157894736842,0.10526315789473684,239,False,True
1a6245add4353f18ed55138808906979,9694,sao bernardo do campo,SP,1,1,1,0,30.0,9.34,1,1,2017-07-22 00:37:21,2017-07-22 00:37:21,1.0,1,0,,,1.0,30.0,9.34,1,0.0,1.0,0,True,True
e9779976487b77c6d4ac45f75ec7afe9,11701,praia grande,SP,750,657,133,8,43162.95,10139.71,657,644,2017-03-01 09:25:31,2018-08-28 01:57:12,4.215926493108729,653,39,-10.003100775193799,9.4,1.1415525114155252,65.69703196347031,15.433348554033484,77,0.0593607305936073,0.1171993911719939,544,False,True
6b90f847357d8981edd79a1eb1bf0acb,7152,guarulhos,SP,47,45,12,6,3322.08,737.65,45,45,2018-06-07 14:18:38,2018-08-29 11:06:11,4.355555555555555,45,0,-9.4,5.133333333333334,1.0444444444444445,73.824,16.392222222222223,3,0.0,0.06666666666666667,82,False,True
48328ec9a579151d9cc6a86d4a59336c,92310,canoas,RS,1,1,1,1,1099.0,97.78,1,1,2017-09-19 14:23:31,2017-09-19 14:23:31,2.0,1,0,-7.0,21.0,1.0,1099.0,97.78,1,0.0,1.0,0,True,True
73a63f72308aa20a46f4b1632018f196,82510,curitiba,PR,41,29,17,4,9606.8,1178.99,29,28,2017-03-18 22:33:43,2018-08-01 14:47:50,4.142857142857143,28,0,-15.148148148148149,11.148148148148149,1.4137931034482758,331.2689655172413,40.6548275862069,3,0.0,0.10344827586206896,500,False,True
f62d7bb4a613ec758a03342d46b580b2,36570,vicosa,MG,32,32,2,2,24665.0,2125.59,32,32,2018-01-10 18:29:18,2018-08-09 18:02:26,4.375,32,3,-9.6875,13.4375,1.0,770.78125,66.4246875,2,0.09375,0.0625,210,False,True
252e76235acb79183cfca6e34f13337d,13090,campinas,SP,4,3,4,2,261.2,60.57,3,3,2017-02-17 16:10:12,2018-06-01 11:54:07,3.3333333333333335,3,0,-17.333333333333332,13.666666666666666,1.3333333333333333,87.06666666666666,20.19,1,0.0,0.3333333333333333,468,False,True
7c5b05cbdb5542049f38d90d7815b97d,5201,sao paulo,SP,24,22,10,1,1038.96,306.5,22,22,2018-04-28 14:32:54,2018-07-15 09:56:32,4.363636363636363,22,1,-12.142857142857142,7.095238095238095,1.0909090909090908,47.22545454545455,13.931818181818182,3,0.045454545454545456,0.13636363636363635,77,False,True
db4350fd57ae30082dec7acbaacc17f9,3126,sao paulo,SP,146,137,51,5,3331.31,2090.33,137,135,2017-03-06 19:45:34,2018-08-21 16:53:34,4.139705882352941,136,5,-15.808823529411764,10.301470588235293,1.0656934306569343,24.316131386861315,15.257883211678832,17,0.0364963503649635,0.12408759124087591,532,False,True
845e8036c3f7bf62099352f5ed910240,21041,rio de janeiro,RJ,24,21,18,2,1584.6000000000001,460.64,21,21,2018-05-25 22:07:54,2018-08-24 16:35:15,3.9523809523809526,21,0,-13.571428571428571,7.0476190476190474,1.1428571428571428,75.45714285714287,21.935238095238095,5,0.0,0.23809523809523808,90,False,True
712efd3b68f9686dc856b84abd0f21ae,82130,curitiba,PR,1,1,1,1,139.0,17.16,1,1,2018-07-30 12:41:54,2018-07-30 12:41:54,4.0,1,0,-2.0,7.0,1.0,139.0,17.16,0,0.0,0.0,0,False,True
3364a91ec4d56c98e44174de954b94f6,76804,porto velho,RO,6,6,4,1,3579.94,273.91,6,6,2017-04-29 14:34:26,2017-08-29 09:42:04,3.8333333333333335,6,0,-26.0,14.333333333333334,1.0,596.6566666666666,45.65166666666667,2,0.0,0.3333333333333333,121,False,True
b00af24704019bd2e1b335e70ad11f7c,40130,salvador,BA,1,1,1,1,189.0,18.25,1,1,2018-06-20 00:20:03,2018-06-20 00:20:03,5.0,1,0,-20.0,15.0,1.0,189.0,18.25,0,0.0,0.0,0,False,True
4324dd16853115efb0fd9d0d131ba6f4,13720,sao jose do rio pardo,SP,18,12,6,1,1052.25,327.22,12,12,2017-05-31 08:51:45,2018-03-06 11:51:44,4.083333333333333,12,1,-12.916666666666666,13.083333333333334,1.5,87.6875,27.26833333333333,2,0.08333333333333333,0.16666666666666666,279,False,True
0a198e95d32b1be2da9424c962a6ebfa,32260,contagem,MG,1,1,1,1,69.99,16.68,1,1,2018-06-13 12:09:56,2018-06-13 12:09:56,5.0,1,0,-4.0,16.0,1.0,69.99,16.68,0,0.0,0.0,0,False,True
d1a1b40ec554c593a1a99366746289dd,85501,pato branco,PR,1,1,1,1,49.7,14.52,1,1,2017-01-26 23:11:32,2017-01-26 23:11:32,2.0,1,0,,,1.0,49.7,14.52,1,0.0,1.0,0,True,True
55a5b51f93f2b70ea513f5a047b0262a,36301,sao joao del rei,MG,41,39,5,1,4002.3,847.08,39,39,2017-04-04 16:33:35,2017-10-06 10:36:09,4.461538461538462,39,1,-12.41025641025641,13.282051282051283,1.0512820512820513,102.62307692307692,21.720000000000002,2,0.02564102564102564,0.05128205128205128,184,False,True
6426d21aca402a131fc0a5d0960a3c90,14091,ribeirao preto,SP,23,23,9,4,1209.64,384.18,23,23,2017-05-15 21:42:34,2017-10-02 21:37:12,4.173913043478261,23,0,-13.521739130434783,10.434782608695652,1.0,52.593043478260874,16.703478260869566,2,0.0,0.08695652173913043,139,False,True
8a432f4e5b471f8da497d7dc517666e2,19042,presidente prudente,SP,106,95,48,3,7555.0,1965.11,95,95,2018-04-05 11:05:44,2018-08-28 11:16:37,4.191489361702128,94,2,-12.43157894736842,7.3578947368421055,1.1157894736842104,79.52631578947368,20.68536842105263,12,0.021052631578947368,0.12631578947368421,145,False,True
da3fede3469bf49b7293ce3fc45b294d,8743,mogi das cruzes,SP,1,1,1,1,44.9,12.79,1,1,2018-03-17 18:07:02,2018-03-17 18:07:02,5.0,1,0,-8.0,11.0,1.0,44.9,12.79,0,0.0,0.0,0,False,True
c092292535a57dacd95a8765f5518f87,26600,paracambi,RJ,1,1,1,1,125.0,18.98,1,1,2018-07-05 16:07:58,2018-07-05 16:07:58,5.0,1,0,-17.0,8.0,1.0,125.0,18.98,0,0.0,0.0,0,False,True
20a8b0dc55da94fe74d112082427c84f,13312,itu,SP,7,7,3,2,407.4,123.98,7,7,2018-07-31 12:54:10,2018-08-23 11:20:57,4.285714285714286,7,1,-4.571428571428571,7.714285714285714,1.0,58.199999999999996,17.711428571428574,1,0.14285714285714285,0.14285714285714285,22,False,True
bfd27a966d91cfaafdb25d076585f0da,13930,serra negra,SP,118,117,54,6,19921.0,2724.05,117,117,2017-02-05 12:45:04,2018-07-02 10:01:40,4.278260869565218,115,6,-15.473684210526315,11.947368421052632,1.0085470085470085,170.26495726495727,23.282478632478632,13,0.05128205128205128,0.1111111111111111,511,False,True
fadb07c842a2aef5d5a676b85f220e71,15052,sao jose do rio preto,SP,7,7,6,2,398.75,171.62,7,7,2018-06-05 13:24:11,2018-08-27 15:04:59,4.714285714285714,7,0,-16.0,5.857142857142857,1.0,56.964285714285715,24.517142857142858,0,0.0,0.0,83,False,True
6b15924333bd1a741595fe981ea04822,9541,sao caetano do sul,SP,21,21,5,1,614.3199999999999,240.14000000000001,21,21,2017-02-01 11:13:37,2017-07-05 00:35:30,4.666666666666667,21,0,-11.285714285714286,7.285714285714286,1.0,29.25333333333333,11.435238095238097,0,0.0,0.0,153,False,True
1c83418358f249c9d6affa52d579db0e,1420,sao paulo,SP,1,1,1,1,24.9,14.52,1,1,2017-04-29 06:54:41,2017-04-29 06:54:41,5.0,1,0,-23.0,10.0,1.0,24.9,14.52,0,0.0,0.0,0,False,True
04e38a233f726ef161074ab1c9b0399a,1239,sao paulo,SP,28,23,11,3,1352.2,459.07,23,23,2017-09-15 00:53:25,2018-05-05 21:12:28,3.652173913043478,23,1,-5.578947368421052,11.473684210526315,1.2173913043478262,58.79130434782609,19.959565217391305,5,0.043478260869565216,0.21739130434782608,232,False,True
1b4b28463457a256e9a784ebe2a8f630,13418,piracicaba,SP,1,1,1,1,699.42,15.92,1,1,2018-08-07 16:49:52,2018-08-07 16:49:52,1.0,1,1,7.0,14.0,1.0,699.42,15.92,1,1.0,1.0,0,True,True
db7ed69a53aa9fb1c01930ba54a88bbe,13820,jaguariuna,SP,1,1,1,1,109.0,11.78,1,1,2018-06-22 18:52:53,2018-06-22 18:52:53,5.0,1,0,-9.0,3.0,1.0,109.0,11.78,0,0.0,0.0,0,False,True
f664f98bfda2eaf266a23ff144e7a872,4001,sao paulo,SP,2,2,2,1,153.99,7.8100000000000005,2,2,2017-07-18 11:48:20,2017-11-19 20:27:48,3.0,2,0,-10.0,2.5,1.0,76.995,3.9050000000000002,1,0.0,0.5,124,False,True
7ade73f1b9b4e965f9009a4c3a7e2c15,17051,bauru,SP,28,27,12,6,1880.3000000000002,457.87,27,27,2018-04-13 14:54:22,2018-08-11 13:27:25,4.769230769230769,26,0,-13.076923076923077,9.076923076923077,1.037037037037037,69.64074074074075,16.958148148148148,0,0.0,0.0,119,False,True
a369d693961cb93b61ca2cc518872a85,15081,sao jose do rio preto,SP,18,11,7,2,2597.0,616.79,11,11,2017-11-15 23:26:16,2018-07-21 13:54:34,3.909090909090909,11,0,-15.454545454545455,10.454545454545455,1.6363636363636365,236.0909090909091,56.07181818181818,2,0.0,0.18181818181818182,247,False,True
fb8904a8ea99f8831b64ce27db2c1765,9550,sao caetano do sul,SP,2,2,2,1,278.0,24.36,2,2,2017-11-12 14:52:36,2017-11-24 21:39:39,4.5,2,0,-3.0,11.0,1.0,139.0,12.18,0,0.0,0.0,12,False,True
2ef086a599b597572aca4433b7ed6b3d,89256,jaragua do sul,SC,1,1,1,1,49.0,15.1,1,1,2018-01-11 07:27:07,2018-01-11 07:27:07,5.0,1,0,-15.0,11.0,1.0,49.0,15.1,0,0.0,0.0,0,False,True
134285d1f41da5c13a756ee8142c8a4e,2523,sao paulo,SP,4,3,2,1,1572.6999999999998,80.93,3,3,2018-06-10 13:27:42,2018-08-16 21:31:19,3.3333333333333335,3,0,-9.333333333333334,7.666666666666667,1.3333333333333333,524.2333333333332,26.97666666666667,1,0.0,0.3333333333333333,67,False,True
9ed65337433adfbedefd23dd76eaa494,5462,sao paulo,SP,6,6,3,1,1262.6,81.05,6,6,2017-12-19 09:27:15,2018-08-01 17:15:29,4.833333333333333,6,0,-10.333333333333334,6.833333333333333,1.0,210.4333333333333,13.508333333333333,0,0.0,0.0,225,False,True
aec99834ab5d38ead22766ada8497e87,83411,colombo,PR,1,1,1,1,459.0,17.51,1,1,2018-07-20 17:20:48,2018-07-20 17:20:48,5.0,1,0,-13.0,7.0,1.0,459.0,17.51,0,0.0,0.0,0,False,True
b8578d2d823bd8e251f6fdd02b40902d,89069,blumenau,SC,9,9,6,1,1255.6,244.0,9,9,2018-04-12 20:58:52,2018-07-19 15:42:35,4.444444444444445,9,0,-22.22222222222222,9.444444444444445,1.0,139.5111111111111,27.11111111111111,1,0.0,0.1111111111111111,97,False,True
d9d43faf741ceaa8da52fdbb81d9e0e3,36010,juiz de fora,SP,8,6,8,1,210.0,211.25,6,6,2018-04-05 11:22:54,2018-08-07 09:46:50,3.6666666666666665,6,0,-14.0,8.75,1.3333333333333333,35.0,35.208333333333336,2,0.0,0.3333333333333333,123,False,True
964ff64dc05b13811c6d0f41e0aa5f6b,4154,sao paulo,SP,1,1,1,1,180.0,24.06,1,1,2018-07-18 22:43:29,2018-07-18 22:43:29,5.0,1,0,-14.0,6.0,1.0,180.0,24.06,0,0.0,0.0,0,False,True
96e5dc09087bad639b4ee193104ec2e5,28660,bom jardim,RJ,2,2,2,2,101.9,52.54,2,2,2018-08-13 15:24:41,2018-08-21 09:12:03,4.5,2,0,-8.5,7.5,1.0,50.95,26.27,0,0.0,0.0,7,False,True
24c1de8d9551c0b4fbc53317d53efda8,58385,serra redonda,PB,1,1,1,1,355.0,57.12,1,1,2017-02-01 18:41:32,2017-02-01 18:41:32,5.0,1,0,-23.0,12.0,1.0,355.0,57.12,0,0.0,0.0,0,False,True
0336182e1b3e92f029d5354832045fdf,14940,ibitinga,SP,2,1,2,1,29.8,17.57,1,1,2016-10-05 19:09:33,2016-10-05 19:09:33,2.0,1,0,-42.0,13.0,2.0,29.8,17.57,1,0.0,1.0,0,True,True
c03121937e54a93fcc1825c3098bbb6e,82800,curitiba,PR,7,7,1,1,1043.0,154.94,7,7,2017-03-28 17:03:51,2018-05-03 20:52:38,5.0,7,0,-16.428571428571427,10.714285714285714,1.0,149.0,22.134285714285713,0,0.0,0.0,401,False,True
b87a7ea0c30fad2dd6781b74a0064859,4133,sao paulo,SP,9,9,8,1,515.4,122.35,9,9,2018-01-10 19:14:05,2018-07-02 14:00:47,3.4444444444444446,9,2,-7.111111111111111,14.88888888888889,1.0,57.266666666666666,13.594444444444443,3,0.2222222222222222,0.3333333333333333,172,False,True
84c945f15571830c1a91a33978e94009,2851,sao paulo,SP,2,2,1,1,51.98,26.060000000000002,2,2,2017-03-20 23:42:55,2017-05-14 08:39:56,4.5,2,0,-15.5,9.0,1.0,25.99,13.030000000000001,0,0.0,0.0,54,False,True
2d378dbb39815785238c0139c7647fb7,89240,sao francisco do sul,SC,2,2,1,1,1154.0,300.44,2,2,2017-04-13 19:35:02,2017-05-17 09:44:13,5.0,2,0,-18.0,19.0,1.0,577.0,150.22,0,0.0,0.0,33,False,True
0b0ddbc7b9d9584f442c7ac92b0ff6c9,7052,guarulhos,SP,3,3,3,1,1416.76,133.88,3,3,2018-03-30 20:29:47,2018-06-04 23:21:42,4.666666666666667,3,0,-18.0,11.666666666666666,1.0,472.25333333333333,44.626666666666665,0,0.0,0.0,66,False,True
51209b446b2073894bdc0face6c73ffc,29104,vila velha,ES,4,2,1,1,359.6,79.28,2,2,2018-06-13 17:05:52,2018-07-19 11:52:13,4.0,1,0,-17.0,9.5,2.0,179.8,39.64,0,0.0,0.0,35,False,True
5996cddab893a4652a15592fb58ab8db,19010,presidente prudente,SP,1,1,1,1,810.0,70.75,1,1,2018-07-04 12:08:27,2018-07-04 12:08:27,5.0,1,0,-16.0,5.0,1.0,810.0,70.75,0,0.0,0.0,0,False,True
aa8af66c623d7d544dfe4bb85b5ebe3b,32672,betim,MG,1,1,1,1,99.0,15.57,1,1,2018-06-03 19:46:12,2018-06-03 19:46:12,5.0,1,0,-18.0,8.0,1.0,99.0,15.57,0,0.0,0.0,0,False,True
1690cada046eb7e92c12f98b1f8a8167,1303,sao paulo,SP,11,11,3,1,1959.0,252.38,11,11,2018-04-16 21:52:12,2018-08-10 17:09:47,4.545454545454546,11,1,-14.2,6.8,1.0,178.0909090909091,22.94363636363636,1,0.09090909090909091,0.09090909090909091,115,False,True
385799a1cddbd26dfeb9157356a42282,4676,sao paulo,SP,7,5,4,2,633.93,82.61,5,5,2017-03-28 16:03:34,2017-09-09 16:16:29,4.0,5,0,-13.5,7.75,1.4,126.78599999999999,16.522,1,0.0,0.2,165,False,True
42b729f859728f5079499127a9c2ef37,3910,sao paulo,SP,132,104,18,4,4118.86,1315.21,104,102,2018-01-09 22:55:44,2018-08-23 13:23:25,4.466019417475728,103,8,-7.951456310679611,7.407766990291262,1.2692307692307692,39.60442307692308,12.64625,7,0.07692307692307693,0.0673076923076923,225,False,True
556a6409838156ea299c9d1f9e2dde43,81200,curitiba,PR,4,4,4,1,1362.8,86.84,4,4,2018-06-19 10:11:16,2018-08-11 23:28:46,3.25,4,0,-13.25,7.0,1.0,340.7,21.71,2,0.0,0.5,53,False,True
179d859f51292aac5c10806a356f7af9,9411,ribeirao pires,SP,19,18,8,1,404.46999999999997,395.8,18,18,2018-06-29 00:34:12,2018-08-10 16:02:36,4.388888888888889,18,1,-8.88888888888889,8.61111111111111,1.0555555555555556,22.470555555555553,21.98888888888889,1,0.05555555555555555,0.05555555555555555,42,False,True
934ed5cd1b9c1c7382d0a94a94b9e639,81070,curitiba,PR,1,1,1,0,125.85,26.62,1,1,2017-02-11 13:15:40,2017-02-11 13:15:40,5.0,1,0,-32.0,13.0,1.0,125.85,26.62,0,0.0,0.0,0,False,True
be3b4b0f050a6aa1b2d901c4b77e979f,84430,imbituva,PR,8,3,3,2,578.1999999999999,155.52,3,3,2018-04-26 09:05:59,2018-06-08 12:12:54,4.0,3,0,-14.333333333333334,8.0,2.6666666666666665,192.73333333333332,51.84,1,0.0,0.3333333333333333,43,False,True
6806dad1da97bfb5a9038eac6881f706,83280,guaratuba,PR,14,10,9,4,1477.0,306.26,10,10,2017-12-28 18:59:26,2018-08-22 18:32:39,4.1,10,0,-13.3,16.3,1.4,147.7,30.625999999999998,1,0.0,0.1,236,False,True
94231344608e603693b0a8891143f65d,91520,porto alegre,SP,3,3,3,1,722.0,102.17999999999999,3,3,2018-05-19 15:07:25,2018-08-07 16:58:43,4.0,3,0,-15.666666666666666,12.0,1.0,240.66666666666666,34.059999999999995,0,0.0,0.0,80,False,True
446cc09cdbb130904da114e807dbec40,5615,sao paulo,SP,3,3,3,1,252.8,54.17,3,3,2018-03-06 12:22:00,2018-06-04 00:18:20,4.666666666666667,3,0,-24.666666666666668,3.6666666666666665,1.0,84.26666666666667,18.05666666666667,0,0.0,0.0,89,False,True
47efca563408aae19bb7206c2d969ea9,64033,teresina,PI,12,12,5,1,2522.0,443.32,12,12,2018-01-05 08:26:03,2018-08-23 20:49:24,4.083333333333333,12,0,-15.0,13.272727272727273,1.0,210.16666666666666,36.943333333333335,2,0.0,0.16666666666666666,230,False,True
00ab3eff1b5192e5f1a63bcecfee11c8,4164,sao paulo,SP,1,1,1,1,98.0,12.08,1,1,2017-03-18 11:40:26,2017-03-18 11:40:26,5.0,1,0,-10.0,9.0,1.0,98.0,12.08,0,0.0,0.0,0,False,True
71271995e85f5b8530be99ed54a91b89,91360,porto alegre,RS,8,8,1,1,776.0,120.83,8,8,2017-11-23 11:16:22,2018-07-11 09:55:49,2.5,8,1,-6.833333333333333,12.0,1.0,97.0,15.10375,4,0.125,0.5,229,False,True
a435b009cd956ea60748b5cfbddf2e24,14406,franca,SP,3,3,2,2,361.18,45.209999999999994,3,3,2017-05-09 13:21:53,2017-07-26 10:05:21,4.333333333333333,3,1,2.6666666666666665,30.0,1.0,120.39333333333333,15.069999999999999,0,0.3333333333333333,0.0,77,False,True
11938fcc75f6902fea1d0a6f72b54a57,89900,sao miguel d'oeste,SC,2,2,2,1,594.98,142.16,2,2,2018-01-11 21:19:54,2018-05-27 23:24:55,3.0,2,0,-21.0,21.5,1.0,297.49,71.08,1,0.0,0.5,136,False,True
9b76ad3d04236f76bc71c59470305e13,18550,boituva,SP,3,2,2,1,394.70000000000005,61.93,2,2,2018-07-02 11:41:29,2018-08-07 23:46:11,5.0,2,0,-10.5,5.5,1.5,197.35000000000002,30.965,0,0.0,0.0,36,False,True
d7ab82074b5f1dfba46db123df101bff,12941,atibaia,SP,3,2,2,0,38.67,45.3,2,2,2018-01-03 23:46:30,2018-01-04 12:52:13,4.5,2,0,-22.5,5.5,1.5,19.335,22.65,0,0.0,0.0,0,False,True
9c0e69c7bf2619675bbadf47b43f655a,12230,sao jose dos campos,SP,206,157,69,3,33702.78,2900.18,157,156,2017-05-07 13:20:43,2018-06-20 20:54:17,4.102564102564102,156,13,-8.23841059602649,14.185430463576159,1.3121019108280254,214.66738853503185,18.47248407643312,21,0.08280254777070063,0.1337579617834395,409,False,True
94d76e96eedd976258cd3278ce56d5f2,18132,sao roque,SP,1,1,1,1,385.61,68.56,1,1,2018-05-09 11:41:46,2018-05-09 11:41:46,5.0,1,0,-7.0,7.0,1.0,385.61,68.56,0,0.0,0.0,0,False,True
52f976b17ea7f2f087f56dcc419328f6,86820,california,PR,6,6,5,1,7630.0,862.65,6,6,2017-10-05 10:28:57,2018-07-23 20:37:29,3.6666666666666665,6,0,-16.666666666666668,9.833333333333334,1.0,1271.6666666666667,143.775,2,0.0,0.3333333333333333,291,False,True
4e326052e5dbba8adcd512f3450a307e,8020,sao paulo,SP,6,3,1,1,570.0,85.96,3,3,2018-01-31 16:24:50,2018-02-25 11:56:11,2.3333333333333335,3,0,-11.0,17.666666666666668,2.0,190.0,28.653333333333332,2,0.0,0.6666666666666666,24,False,True
3586b8580d9c917874e053a1bb37b5ff,14802,araraquara,SP,43,36,5,2,1524.7,827.65,36,36,2017-05-05 11:25:20,2018-08-12 23:05:02,4.416666666666667,36,1,-17.88888888888889,13.222222222222221,1.1944444444444444,42.352777777777774,22.990277777777777,2,0.027777777777777776,0.05555555555555555,464,False,True
6edacfd9f9074789dad6d62ba7950b9c,7135,guarulhos,SP,219,208,144,15,13147.1,2940.5,208,207,2017-01-17 14:57:29,2018-08-27 20:31:22,4.352657004830918,207,9,-11.55609756097561,8.590243902439024,1.0528846153846154,63.20721153846154,14.13701923076923,20,0.04326923076923077,0.09615384615384616,587,False,True
52831e5990d0771cb4951d6f12928167,17600,tupa,SP,1,1,1,1,65.0,13.12,1,1,2018-08-06 16:31:57,2018-08-06 16:31:57,3.0,1,0,-10.0,5.0,1.0,65.0,13.12,0,0.0,0.0,0,False,True
9e7c5f4d7770eab65738cca38f9efccf,2562,sao paulo,SP,2,2,2,1,184.8,38.08,2,2,2018-06-01 12:50:14,2018-08-07 01:27:47,3.5,2,0,-14.0,7.0,1.0,92.4,19.04,0,0.0,0.0,66,False,True
4677a5437afda5fa7140b927b07be1cc,84920,japira,PR,11,11,9,3,3415.7,420.0,11,11,2018-04-13 16:52:01,2018-08-09 14:20:29,4.363636363636363,11,1,-14.090909090909092,12.181818181818182,1.0,310.5181818181818,38.18181818181818,0,0.09090909090909091,0.0,117,False,True
3e8bd881d92466e63ba9e3e809cd3c50,20751,rio de janeiro,RJ,10,9,8,4,2242.28,207.97,9,9,2018-02-16 17:13:02,2018-04-25 20:58:05,4.125,8,2,-8.625,13.5,1.1111111111111112,249.14222222222224,23.107777777777777,1,0.2222222222222222,0.1111111111111111,68,False,True
4a1917ef994878940e1fb03eeb787ad7,70610,brasilia,DF,3,2,2,1,768.0,78.62,2,2,2018-06-19 16:41:53,2018-07-26 10:31:00,3.0,2,0,-9.5,10.0,1.5,384.0,39.31,1,0.0,0.5,36,False,True
334cab711dee080b079fa5779b584783,9190,santo andre,SP,26,11,10,1,1069.7,351.66999999999996,11,11,2018-04-08 13:05:27,2018-08-09 18:06:43,4.909090909090909,11,0,-13.454545454545455,7.545454545454546,2.3636363636363638,97.24545454545455,31.969999999999995,0,0.0,0.0,123,False,True
9dd59e43f0c9f0553244e8f9c2fb247e,85851,foz do iguacu,PR,10,10,8,1,356.3,151.82,10,10,2017-10-15 16:10:27,2018-01-23 15:30:59,4.8,10,1,-13.7,12.6,1.0,35.63,15.181999999999999,0,0.1,0.0,99,False,True
ccf8813e5a7d6c84d865cd38bfc2b130,12080,taubate,SP,26,26,8,2,2635.5,415.79,26,26,2017-08-30 15:25:39,2018-08-23 09:27:52,4.384615384615385,26,1,-13.5,11.115384615384615,1.0,101.36538461538461,15.991923076923078,3,0.038461538461538464,0.11538461538461539,357,False,True
8d956fec2e4337affcb520f56fd8cbfd,9780,sao bernardo do campo,SP,228,211,52,13,11015.19,3327.95,211,211,2017-10-12 09:04:48,2018-08-26 18:03:59,4.199052132701421,211,13,-10.561904761904762,8.790476190476191,1.080568720379147,52.20469194312796,15.772274881516587,21,0.061611374407582936,0.0995260663507109,318,False,True
e5a3438891c0bfdb9394643f95273d8e,13483,limeira,SP,255,224,185,1,7738.349999999999,3374.27,224,217,2017-05-15 21:33:28,2018-04-11 10:56:21,3.918918918918919,222,34,-6.527777777777778,15.203703703703704,1.1383928571428572,34.54620535714285,15.063705357142856,43,0.15178571428571427,0.19196428571428573,330,False,True
f9f68daa2af419d38f745478bcb3da1a,13180,sumare,SP,2,2,1,1,22.4,28.96,2,2,2017-01-27 19:55:05,2017-04-24 09:00:17,3.0,2,0,-27.0,11.0,1.0,11.2,14.48,1,0.0,0.5,86,False,True
138dbe45fc62f1e244378131a6801526,2215,sao paulo,SP,58,49,22,7,1125.56,689.24,49,49,2018-05-07 11:11:27,2018-08-24 14:30:31,4.081632653061225,49,1,-10.775510204081632,6.163265306122449,1.183673469387755,22.970612244897957,14.066122448979591,8,0.02040816326530612,0.16326530612244897,109,False,True
5058e8c1e82653974541e83690655b4a,8583,itaquaquecetuba,SP,78,63,31,4,10022.82,3055.11,63,63,2017-10-16 17:57:03,2018-08-03 18:54:39,3.2419354838709675,62,7,-16.370967741935484,26.193548387096776,1.2380952380952381,159.09238095238095,48.493809523809524,19,0.1111111111111111,0.30158730158730157,291,False,True
cd2169d9f31ff6fbb9ca3373b0c9e354,28633,nova friburgo,RJ,1,1,1,1,569.0,56.33,1,1,2018-06-15 11:46:28,2018-06-15 11:46:28,4.0,1,0,-17.0,15.0,1.0,569.0,56.33,0,0.0,0.0,0,False,True
15aec03fe4cf30dfa574cf550f5ff5ff,21862,rio de janeiro,RJ,1,1,1,1,28.9,10.96,1,1,2017-02-09 16:09:42,2017-02-09 16:09:42,1.0,1,0,,,1.0,28.9,10.96,1,0.0,1.0,0,True,True
9674754b5a0cb32b638cec001178f799,4438,sao paulo,SP,97,86,41,5,5069.92,1214.91,86,82,2017-06-07 14:10:15,2018-08-22 02:28:35,4.046511627906977,86,2,-11.130952380952381,8.05952380952381,1.127906976744186,58.95255813953489,14.12686046511628,15,0.023255813953488372,0.1744186046511628,440,False,True
c161d1327ebc3a156c09582ab2f59f6c,3521,sao paulo,SP,3,3,2,2,52.99,23.34,3,3,2017-08-04 13:54:51,2018-02-09 16:25:56,3.0,3,0,-11.0,3.0,1.0,17.663333333333334,7.78,1,0.0,0.3333333333333333,189,False,True
4d232b78ab7ef10393dc3807d827bc0d,30120,belo horizonte,MG,5,5,2,2,1475.0,214.99,5,5,2018-07-22 14:07:35,2018-08-15 20:14:22,4.4,5,0,-12.6,5.8,1.0,295.0,42.998000000000005,0,0.0,0.0,24,False,True
23ff42c4bf1f8f16cddb19d8b972974a,37975,itau de minas,MG,3,2,2,1,174.70000000000002,52.97,2,2,2017-09-27 08:01:35,2017-11-17 13:12:47,4.0,2,0,-16.0,11.5,1.5,87.35000000000001,26.485,0,0.0,0.0,51,False,True
d3dcf0604eabf0224fbd5948b5e02f69,3654,sao paulo,SP,9,9,8,4,2902.2999999999997,165.10999999999999,9,9,2018-02-15 08:09:22,2018-07-27 15:54:52,3.888888888888889,9,3,-5.0,17.22222222222222,1.0,322.47777777777776,18.345555555555553,2,0.3333333333333333,0.2222222222222222,162,False,True
49067458c68f7701fd334ce326accbe0,36050,juiz de fora,MG,37,17,15,1,1047.6499999999999,573.85,17,16,2017-09-27 16:49:41,2018-08-17 20:47:06,3.3529411764705883,17,0,-14.529411764705882,11.823529411764707,2.176470588235294,61.626470588235286,33.75588235294118,6,0.0,0.35294117647058826,324,False,True
dfa0c4c6229ab200a4a1336b4d7128ff,88085,florianopolis,SC,86,77,35,11,4777.1,1767.11,77,77,2018-05-02 10:23:08,2018-08-23 07:36:13,4.0,77,1,-14.948051948051948,9.35064935064935,1.1168831168831168,62.04025974025974,22.949480519480517,14,0.012987012987012988,0.18181818181818182,112,False,True
35281d148dcf7134bae913c57db4e6da,5171,sao paulo,SP,1,1,1,1,119.99,17.03,1,1,2018-07-19 19:38:45,2018-07-19 19:38:45,5.0,1,0,-22.0,5.0,1.0,119.99,17.03,0,0.0,0.0,0,False,True
76833248bbc0e65a0293ec62023e4396,16200,birigui,SP,2,2,2,1,2399.98,230.7,2,2,2017-10-06 10:22:39,2017-11-17 10:22:53,5.0,2,0,-6.5,18.5,1.0,1199.99,115.35,0,0.0,0.0,42,False,True
48e5ee06fb2dc74df1c711a9b6dfac2a,35540,oliveira,MG,3,1,1,1,57.0,45.3,1,1,2018-02-03 13:49:34,2018-02-03 13:49:34,5.0,1,0,-20.0,11.0,3.0,57.0,45.3,0,0.0,0.0,0,False,True
2cb6eb1b7185064167657fa09f541105,34710,sabara,MG,7,6,6,4,1217.9,164.78,6,6,2018-02-20 22:32:06,2018-08-03 21:35:53,4.333333333333333,6,0,-11.833333333333334,7.666666666666667,1.1666666666666667,202.98333333333335,27.463333333333335,1,0.0,0.16666666666666666,163,False,True
0f7eea709efdf942b5f95c7516dbacd7,19865,pedrinhas paulista,SP,3,3,2,1,195.74,44.32,3,3,2018-04-05 19:11:09,2018-05-13 14:59:06,4.0,3,0,-20.0,7.666666666666667,1.0,65.24666666666667,14.773333333333333,0,0.0,0.0,37,False,True
54583ab379489add547fe47b628db589,9810,sao bernardo do campo,SP,10,10,6,2,2240.0,151.07999999999998,10,9,2018-07-23 18:18:54,2018-08-28 15:58:28,4.8,10,0,-6.2,4.6,1.0,224.0,15.107999999999999,0,0.0,0.0,35,False,True
51e0557bc7b86de13e946c60ee91ce39,31510,belo horizonte,MG,1,1,1,1,45.8,17.6,1,1,2017-05-14 01:23:01,2017-05-14 01:23:01,5.0,1,0,-9.0,10.0,1.0,45.8,17.6,0,0.0,0.0,0,False,True
0bebbb2cea103a4a020c95d43fd7d754,2515,sao paulo,SP,9,9,9,2,1367.2,147.14000000000001,9,9,2018-06-30 19:07:30,2018-08-28 12:48:50,4.888888888888889,9,0,-10.444444444444445,5.444444444444445,1.0,151.91111111111113,16.34888888888889,0,0.0,0.0,58,False,True
9da1ca0bef29ee170e541927a5aeabdc,15500,votuporanga,SP,6,6,2,2,1484.3999999999999,127.63,6,6,2017-06-17 18:33:32,2017-09-25 12:24:16,3.0,6,1,-6.5,16.333333333333332,1.0,247.39999999999998,21.271666666666665,2,0.16666666666666666,0.3333333333333333,99,False,True
6c7d50c24b3ccd2fd83b44d8bb34e073,19025,presidente prudente,SP,128,114,12,2,8699.34,2770.85,114,113,2017-07-09 21:20:45,2018-08-17 07:32:27,4.389380530973451,113,2,-11.991071428571429,11.776785714285714,1.1228070175438596,76.31,24.305701754385964,9,0.017543859649122806,0.07894736842105263,403,False,True
3faf68a3b0af94b10bac70d86077be49,13825,holambra,SP,7,7,3,0,1322.93,119.16,7,7,2017-02-04 22:19:45,2017-05-02 06:29:43,4.571428571428571,7,0,-30.428571428571427,15.571428571428571,1.0,188.99,17.02285714285714,0,0.0,0.0,86,False,True
05feb94f19d094d4b0f9281f0b1d4c99,8752,mogi das cruzes,SP,6,6,2,2,9353.0,697.04,6,6,2017-08-14 08:05:48,2018-02-18 18:26:06,4.5,6,0,-13.333333333333334,14.833333333333334,1.0,1558.8333333333333,116.17333333333333,0,0.0,0.0,188,False,True
f650a9708fa1bab22bdd8d3a818cc415,88901,ararangua,SC,5,5,4,1,507.75,86.83,5,5,2017-01-25 13:42:49,2017-08-02 14:08:18,3.4,5,0,-21.25,14.75,1.0,101.55,17.366,2,0.0,0.4,189,False,True
5cbbd5a299cab112b7bf23862255e43e,83324,pinhais,PR,38,36,22,5,2726.06,659.15,36,36,2017-09-14 22:29:52,2018-08-16 15:45:56,4.277777777777778,36,0,-13.833333333333334,10.416666666666666,1.0555555555555556,75.7238888888889,18.30972222222222,4,0.0,0.1111111111111111,335,False,True
07d75e33f2750d97d467fb57e4dfdd8a,2117,sao paulo,SP,2,2,2,2,722.4,37.19,2,2,2018-03-06 09:17:21,2018-05-07 09:49:04,2.5,2,0,-11.5,11.5,1.0,361.2,18.595,1,0.0,0.5,62,False,True
8a8835a43bda99fd37310ad76c457510,9540,sao caetano do sul,SP,3,2,2,1,224.34,34.2,2,2,2018-07-16 18:39:09,2018-08-02 18:50:07,4.5,2,0,-5.0,7.0,1.5,112.17,17.1,0,0.0,0.0,17,False,True
ca3bd7cd9f149df75950150d010fe4a2,4361,sao paulo,SP,138,71,51,2,9731.85,3439.52,71,70,2017-01-25 11:32:02,2018-08-06 17:47:40,3.9577464788732395,71,1,-16.5,13.117647058823529,1.943661971830986,137.06830985915494,48.44394366197183,13,0.014084507042253521,0.18309859154929578,558,False,True
323ce52b5b81df2cd804b017b7f09aa7,3306,sao paulo,SP,30,30,14,1,2554.2,401.47,30,30,2018-01-26 20:51:44,2018-08-02 12:06:07,4.310344827586207,29,4,-5.655172413793103,16.655172413793103,1.0,85.14,13.382333333333333,3,0.13333333333333333,0.1,187,False,True
ebd1417732defaf66c50b5a800eb293e,86047,londrina,PR,1,1,1,1,309.0,16.33,1,1,2017-03-28 09:40:41,2017-03-28 09:40:41,5.0,1,0,-22.0,6.0,1.0,309.0,16.33,0,0.0,0.0,0,False,True
76ea5315acb3f5f7ade3cd261faf922a,4213,sao paulo,SP,15,15,12,7,1087.06,224.02,15,15,2018-05-18 09:49:56,2018-08-19 11:28:18,4.266666666666667,15,1,-11.2,8.2,1.0,72.47066666666666,14.934666666666667,1,0.06666666666666667,0.06666666666666667,93,False,True
4b1eaadf791bdbbad8c4a35b65236d52,14092,ribeirao preto,SP,8,8,5,1,1849.79,113.03,8,8,2016-10-04 09:16:33,2017-03-18 16:32:13,2.0,8,1,-15.8,21.8,1.0,231.22375,14.12875,6,0.125,0.75,165,True,True
4cc43a222a0f94910728b62b97a8c5f8,14026,ribeirao preto,SP,1,1,1,1,108.5,12.26,1,1,2018-01-31 14:13:06,2018-01-31 14:13:06,3.0,1,0,-12.0,14.0,1.0,108.5,12.26,0,0.0,0.0,0,False,True
bc503e244f187939d10c92a5c8e378ce,16200,birigui,SP,16,7,4,1,637.67,222.13,7,7,2017-04-04 13:46:04,2018-02-26 18:30:59,3.2857142857142856,7,0,-11.333333333333334,11.333333333333334,2.2857142857142856,91.0957142857143,31.732857142857142,3,0.0,0.42857142857142855,328,False,True
b6f52e346160519c24a23af05410ad32,1254,sao paulo,SP,1,1,1,1,129.9,13.35,1,1,2018-04-26 08:13:16,2018-04-26 08:13:16,4.0,1,0,-3.0,12.0,1.0,129.9,13.35,0,0.0,0.0,0,False,True
70125af26c2d6d4ef401a1d02ae7701f,74435,goiania,GO,8,5,3,1,371.2,258.42,5,5,2018-07-03 16:23:42,2018-08-18 16:43:27,4.6,5,0,-3.4,10.4,1.6,74.24,51.684000000000005,0,0.0,0.0,46,False,True
c84592044b180dec206770c38603814b,1026,sao paulo,SP,15,15,5,4,511.94000000000005,224.26,15,15,2018-02-28 14:53:09,2018-05-22 20:31:58,4.2,15,0,-13.285714285714286,12.571428571428571,1.0,34.129333333333335,14.950666666666667,2,0.0,0.13333333333333333,83,False,True
1caf283236cd69af44cbc09a0a1e7d32,26020,nova iguacu,RJ,37,33,22,4,917.6,612.65,33,32,2017-04-07 12:07:32,2018-07-26 19:41:13,4.606060606060606,33,3,-11.848484848484848,13.363636363636363,1.121212121212121,27.80606060606061,18.565151515151513,2,0.09090909090909091,0.06060606060606061,475,False,True
ba90964cff9b9e0e6f32b23b82465f7b,7140,guarulhos,SP,38,38,11,5,44212.5,1311.0,38,38,2018-02-25 12:47:36,2018-08-15 18:28:56,4.421052631578948,38,2,-12.0,9.631578947368421,1.0,1163.4868421052631,34.5,2,0.05263157894736842,0.05263157894736842,171,False,True
5e9f5bd34e0830569f05c9d4f56e04a8,90560,porto alegre,RS,2,2,1,1,239.98,34.88,2,2,2018-07-12 16:56:22,2018-07-14 20:48:14,4.5,2,0,-10.5,9.5,1.0,119.99,17.44,0,0.0,0.0,2,False,True
15fa791d5e017f66402dc28c44480657,3307,sao paulo,SP,8,8,4,1,1802.0,181.29,8,8,2018-02-16 14:52:20,2018-06-12 21:05:23,4.25,8,1,-8.625,11.125,1.0,225.25,22.66125,1,0.125,0.125,116,False,True
20d83f3ef0e6925fd74bfd59170babf7,2804,sao paulo,SP,54,40,48,1,2903.6,653.61,40,40,2017-03-28 22:02:40,2018-08-28 21:10:46,4.4,40,2,-11.75,8.65,1.35,72.59,16.34025,3,0.05,0.075,517,False,True
59417c56835dd8e2e72f91f809cd4092,13480,limeira,SP,18,18,9,1,36459.0,1198.77,18,17,2017-01-25 20:11:36,2017-10-02 17:32:29,4.277777777777778,18,0,-21.22222222222222,12.0,1.0,2025.5,66.59833333333333,2,0.0,0.1111111111111111,249,False,True
a13580f0e8f782b7a543885a0ef99f08,22790,rio de janeiro,RJ,10,10,5,2,1304.9,258.78,10,10,2017-08-17 18:21:17,2018-05-07 20:42:38,4.4,10,2,-8.5,24.6,1.0,130.49,25.877999999999997,0,0.2,0.0,263,False,True
ccada0ef508e698917a6eab263375905,85948,pato bragado,PR,3,3,3,1,172.8,59.160000000000004,3,3,2017-07-13 09:44:51,2017-10-05 17:01:01,3.6666666666666665,3,0,-22.666666666666668,9.666666666666666,1.0,57.6,19.720000000000002,1,0.0,0.3333333333333333,84,False,True
4bde6149c15cf7e177b36fa060dd6de8,99500,carazinho,RS,2,2,2,2,159.8,32.66,2,2,2016-10-07 11:33:35,2016-10-10 11:22:36,5.0,2,0,-47.5,10.5,1.0,79.9,16.33,0,0.0,0.0,2,False,True
fe1bbc5feda5c8979a8a1b3b2512d5a6,38680,arinos,MG,10,9,7,1,724.72,137.53,9,9,2017-02-03 06:55:52,2017-07-14 17:24:41,3.888888888888889,9,1,-13.777777777777779,11.222222222222221,1.1111111111111112,80.52444444444444,15.28111111111111,0,0.1111111111111111,0.0,161,False,True
23a0ffca143a15b9b5bbdb7d552f626a,13520,sao pedro,SP,24,23,12,2,3718.51,585.77,23,23,2018-03-14 19:41:35,2018-08-14 14:23:59,3.9130434782608696,23,3,-11.304347826086957,11.08695652173913,1.0434782608695652,161.67434782608697,25.468260869565217,5,0.13043478260869565,0.21739130434782608,152,False,True
32b8764b4ef628b53608fc34011fcc13,88504,lages,SC,38,36,11,1,8884.0,2970.42,36,36,2018-03-06 22:41:47,2018-08-22 08:33:48,4.194444444444445,36,1,-14.61111111111111,10.805555555555555,1.0555555555555556,246.77777777777777,82.51166666666667,2,0.027777777777777776,0.05555555555555555,168,False,True
e7df4cd29ab5abab70fb0783ddb53987,4122,sao paulo,SP,24,23,21,3,9608.699999999999,413.37,23,23,2017-02-16 12:58:36,2018-08-19 20:46:26,4.304347826086956,23,2,-10.782608695652174,9.608695652173912,1.0434782608695652,417.76956521739123,17.972608695652173,2,0.08695652173913043,0.08695652173913043,549,False,True
0432ead42b6c8a0bdf68154add917fdf,9320,maua,SP,90,85,56,3,7792.1,1207.52,85,85,2017-04-02 16:31:42,2018-07-27 18:03:57,4.458823529411765,85,2,-13.182926829268293,8.378048780487806,1.0588235294117647,91.67176470588235,14.206117647058823,8,0.023529411764705882,0.09411764705882353,481,False,True
7e959205cebc10adefcb331f934238a4,1223,sao paulo,SP,2,2,2,1,513.9000000000001,32.65,2,2,2017-02-10 11:11:05,2017-02-25 17:39:11,1.0,2,0,,,1.0,256.95000000000005,16.325,2,0.0,1.0,15,True,True
2a261b5b644fa05f4f2700eb93544f2c,13660,porto ferreira,SP,82,51,21,1,5355.0,2041.73,51,50,2017-10-16 12:29:49,2018-08-01 16:43:40,3.843137254901961,51,8,-9.666666666666666,13.627450980392156,1.607843137254902,105.0,40.03392156862745,11,0.1568627450980392,0.21568627450980393,289,False,True
f680f85bee2d253556ac91be391d2c82,6365,carapicuiba,SP,54,45,10,2,5183.92,893.42,45,44,2017-09-30 19:19:56,2018-08-24 21:06:11,4.333333333333333,45,1,-12.777777777777779,9.28888888888889,1.2,115.19822222222223,19.853777777777776,3,0.022222222222222223,0.06666666666666667,328,False,True
3785b653b1b82de85ab47dd139938091,85640,ampere,PR,24,21,7,1,1552.0,481.27,21,20,2017-08-24 11:34:24,2018-08-01 22:44:09,4.714285714285714,21,0,-18.285714285714285,11.523809523809524,1.1428571428571428,73.9047619047619,22.91761904761905,0,0.0,0.0,342,False,True
d379f449f2a3b271bc01c0782020f705,35500,divinopolis,MG,29,28,13,3,4423.06,1076.74,28,28,2017-01-28 13:23:50,2018-08-22 10:48:54,3.892857142857143,28,1,-14.714285714285714,12.785714285714286,1.0357142857142858,157.9664285714286,38.455,6,0.03571428571428571,0.21428571428571427,570,False,True
7ea5bfa6c340f58f8e71fc1f0412b0d6,30180,belo horizonte,MG,104,98,9,3,11002.89,1660.99,98,98,2017-11-20 16:35:55,2018-08-11 12:01:37,4.123711340206185,97,6,-10.09375,12.666666666666666,1.0612244897959184,112.27438775510204,16.94887755102041,11,0.061224489795918366,0.11224489795918367,263,False,True
dc120d932ddf9d4dfb6fd68beefda622,83010,sao jose dos pinhais,PR,1,1,1,1,130.0,14.44,1,1,2018-04-25 09:00:27,2018-04-25 09:00:27,1.0,1,0,-6.0,14.0,1.0,130.0,14.44,1,0.0,1.0,0,True,True
6902157ee16728322d61a1321fa79e58,1026,sao paulo,SP,2,2,1,1,159.8,31.630000000000003,2,2,2017-09-21 22:46:26,2017-10-07 19:27:08,3.0,2,0,-20.0,10.0,1.0,79.9,15.815000000000001,1,0.0,0.5,15,False,True
f3041c2e75ec683697a6a5ea82192210,35680,itauna,MG,1,1,1,1,145.0,24.0,1,1,2017-02-05 20:43:42,2017-02-05 20:43:42,5.0,1,0,-21.0,4.0,1.0,145.0,24.0,0,0.0,0.0,0,False,True
c54679b132454625907c773d273d4126,11443,guaruja,SP,8,7,2,1,1032.0,107.92999999999999,7,7,2018-03-27 14:16:24,2018-07-28 18:11:21,4.857142857142857,7,0,-13.0,5.571428571428571,1.1428571428571428,147.42857142857142,15.418571428571427,0,0.0,0.0,123,False,True
d26aa40b90272d4843d63be7c1462c8d,3065,sao paulo,SP,2,2,2,1,152.9,24.52,2,2,2018-07-11 20:15:42,2018-08-01 12:43:05,4.5,2,0,-12.0,4.0,1.0,76.45,12.26,0,0.0,0.0,20,False,True
a2fa0bdc798ee84cdb08281337cf4fb6,88063,florianopolis,SC,13,10,7,1,392.75,218.27,10,10,2017-03-08 10:33:45,2018-03-16 04:11:03,4.0,10,0,-7.5,17.625,1.3,39.275,21.827,2,0.0,0.2,372,False,True
bd697db56ff8e7c9cd1abeb7f72029b2,3533,sao paulo,SP,22,22,18,1,3069.78,345.42,22,22,2017-02-12 12:32:38,2018-08-10 12:30:45,4.181818181818182,22,0,-12.666666666666666,10.476190476190476,1.0,139.53545454545454,15.700909090909091,3,0.0,0.13636363636363635,543,False,True
2aafae69bf4c41fbd94053d9413e87ee,91901,porto alegre,RS,2,2,2,1,94.0,29.869999999999997,2,2,2018-05-24 15:22:39,2018-07-24 19:04:45,4.5,2,0,-27.5,8.0,1.0,47.0,14.934999999999999,0,0.0,0.0,61,False,True
483ca627d131e18f988349b1655c0acd,13800,mogi mirim,SP,1,1,1,1,264.0,19.73,1,1,2018-03-27 16:37:34,2018-03-27 16:37:34,5.0,1,0,-5.0,15.0,1.0,264.0,19.73,0,0.0,0.0,0,False,True
1a3df491d1c4f1589fc2b934ada68bf2,89224,joinville,SC,178,167,5,1,23302.7,4291.42,167,167,2017-04-29 20:57:32,2018-08-15 20:49:33,4.191616766467066,167,6,-13.10625,14.33125,1.0658682634730539,139.537125748503,25.697125748502994,19,0.03592814371257485,0.11377245508982035,472,False,True
e81e1f9c3e762e620f3fb60a51499e16,89520,curitibanos,SC,18,17,7,3,4465.99,513.5,17,17,2017-05-02 11:14:08,2018-04-25 20:10:45,4.0,16,1,-18.176470588235293,24.941176470588236,1.0588235294117647,262.70529411764704,30.205882352941178,2,0.058823529411764705,0.11764705882352941,358,False,True
4170f6a9367e6b5d6401d03ce6d54569,71906,brasilia df,DF,5,4,3,2,568.78,93.03,4,4,2017-10-20 16:51:47,2017-12-20 00:40:45,4.0,4,1,-0.5,24.25,1.25,142.195,23.2575,1,0.25,0.25,60,False,True
4e480be820e37de1444325ff358c9296,37410,tres coracoes,MG,2,1,1,1,430.3,143.44,1,1,2018-07-11 20:01:00,2018-07-11 20:01:00,5.0,1,0,-10.0,12.0,2.0,430.3,143.44,0,0.0,0.0,0,False,True
6560211a19b47992c3666cc44a7e94c0,5849,sao paulo,SP,2033,1854,256,7,123304.83,27960.94,1854,1824,2017-02-17 07:39:19,2018-08-29 09:14:11,3.9341675734494017,1838,96,-11.490379329301815,9.14678394722375,1.0965480043149947,66.50745954692557,15.081413160733549,319,0.05177993527508091,0.1720604099244876,558,False,True
3da38366e7bd9baf6369071f782ecdf0,60346,fortaleza,CE,1,1,1,1,59.47,26.96,1,1,2018-01-04 13:37:09,2018-01-04 13:37:09,1.0,1,1,6.0,53.0,1.0,59.47,26.96,1,1.0,1.0,0,True,True
e3e290b38963293022cdcd6db8328103,1403,sao paulo,SP,3,3,2,1,135.7,46.34,3,3,2017-11-25 01:04:21,2017-12-03 20:13:13,3.3333333333333335,3,0,-11.0,9.0,1.0,45.23333333333333,15.446666666666667,1,0.0,0.3333333333333333,8,False,True
70b52a4cfc823994561b00bad161b4ed,2727,sao paulo,SP,10,8,1,1,585.0,100.35,8,8,2017-02-21 16:17:51,2018-07-18 13:50:09,4.375,8,0,-25.125,12.5,1.25,73.125,12.54375,0,0.0,0.0,511,False,True
c1552b1dab6e6f760950368ae61fb600,12215,sao jose dos campos,SP,2,2,2,1,53.8,14.89,2,2,2018-08-22 14:24:54,2018-08-25 11:00:52,2.5,2,0,-1.0,5.0,1.0,26.9,7.445,1,0.0,0.5,2,False,True
596849622429351f47b32e6cae1055ff,8710,mogi das cruses,SP,14,14,12,4,1104.7,160.49,14,14,2018-06-04 14:51:21,2018-08-21 20:32:25,4.0,13,0,-9.923076923076923,4.769230769230769,1.0,78.90714285714286,11.463571428571429,2,0.0,0.14285714285714285,78,False,True
e6ffc9ac6a7adc9d16a1cfc2286dd546,2565,sao paulo,SP,1,1,1,1,34.99,8.29,1,1,2018-03-29 09:57:50,2018-03-29 09:57:50,1.0,1,0,,,1.0,34.99,8.29,1,0.0,1.0,0,True,True
bf0045791395e66460eb04749c68672a,4256,sao paulo,SP,2,2,1,1,119.8,35.45,2,2,2017-02-07 13:50:56,2017-03-15 21:04:08,4.0,2,0,-21.5,13.5,1.0,59.9,17.725,0,0.0,0.0,36,False,True
718539d38d07dd351c76db862760e2e2,13088,campinas,SP,45,37,14,3,1318.9,659.05,37,37,2017-04-26 11:19:47,2018-02-22 17:09:58,4.4324324324324325,37,0,-14.028571428571428,8.2,1.2162162162162162,35.64594594594594,17.81216216216216,3,0.0,0.08108108108108109,302,False,True
b76f4d90e85657a240495c876313adc5,13185,hortolandia,SP,1,1,1,1,299.0,19.3,1,1,2018-08-25 22:28:18,2018-08-25 22:28:18,5.0,1,0,-6.0,2.0,1.0,299.0,19.3,0,0.0,0.0,0,False,True
979e9f8b5b39dd243a2550c8b05aecf0,4160,sao paulo,SP,4,3,2,1,525.0,46.88,3,3,2018-01-25 12:48:59,2018-04-04 21:49:23,5.0,3,0,-13.0,9.0,1.3333333333333333,175.0,15.626666666666667,0,0.0,0.0,69,False,True
22a23e5ac7061fc538cc2a019afaaf16,30310,belo horizonte,MG,1,1,1,1,95.0,14.42,1,1,2017-05-18 11:00:04,2017-05-18 11:00:04,3.0,1,0,-16.0,11.0,1.0,95.0,14.42,0,0.0,0.0,0,False,True
0b90b6df587eb83608a64ea8b390cf07,87025,maringa,PR,210,164,46,1,28592.32,3615.32,164,163,2017-10-24 14:48:29,2018-08-16 22:03:02,4.012269938650307,163,6,-18.404907975460123,14.061349693251534,1.2804878048780488,174.34341463414634,22.044634146341465,28,0.036585365853658534,0.17073170731707318,296,False,True
9200e6ce317b67196b6b0bad4d4bd567,20771,rio de janeiro,RJ,1,1,1,1,36.9,14.52,1,1,2017-03-25 10:31:25,2017-03-25 10:31:25,3.0,1,0,-8.0,16.0,1.0,36.9,14.52,0,0.0,0.0,0,False,True
4c60877808f4318ef1107fbeb8f89afa,12940,atibaia,SP,2,2,2,1,118.0,32.63,2,2,2017-12-01 18:40:44,2018-01-16 14:33:54,4.0,2,0,-9.0,14.5,1.0,59.0,16.315,0,0.0,0.0,45,False,True
3bb32fedaa74e4ad20f4ce067733bd31,88210,porto belo,SC,3,2,2,1,103.69999999999999,58.86,2,2,2018-08-03 13:32:54,2018-08-05 20:48:32,4.5,2,0,-10.0,6.5,1.5,51.849999999999994,29.43,0,0.0,0.0,2,False,True
ae8bfdbf1c2a2a2dee92d799db0a31c6,85900,toledo,PR,8,8,6,4,339.92,146.22,8,8,2017-02-15 09:34:07,2017-05-15 17:58:25,4.125,8,0,-15.625,8.375,1.0,42.49,18.2775,0,0.0,0.0,89,False,True
1927cdb9fa74f5270097f6250e8e8f34,17511,marilia,SP,1,1,1,1,120.0,58.92,1,1,2018-08-06 15:47:47,2018-08-06 15:47:47,5.0,1,0,-9.0,8.0,1.0,120.0,58.92,0,0.0,0.0,0,False,True
8a87611c08849ffeeccab52aa798b6c7,82940,curitiba,PR,14,13,7,4,2369.8,485.32,13,13,2017-01-26 23:48:56,2017-03-04 20:05:28,2.769230769230769,13,0,-30.0,8.333333333333334,1.0769230769230769,182.2923076923077,37.332307692307694,7,0.0,0.5384615384615384,36,False,True
679769a98cfcc6da877c8486ff1c13f3,35162,ipatinga,MG,21,21,2,1,7029.0,438.39,21,21,2017-03-01 12:40:04,2018-08-27 15:03:18,4.571428571428571,21,0,-15.619047619047619,9.095238095238095,1.0,334.7142857142857,20.875714285714285,1,0.0,0.047619047619047616,544,False,True
acf974e4d5950ad143a247471b831eb9,95059,caxias do sul,RS,12,5,3,1,423.8,329.82,5,5,2017-03-07 16:20:35,2017-10-30 13:27:55,4.75,4,0,-16.6,11.2,2.4,84.76,65.964,0,0.0,0.0,236,False,True
20a7efa9721046319bdde5d60b6b5365,88790,laguna,SP,6,3,2,1,501.20000000000005,95.39,3,3,2018-01-08 10:50:24,2018-02-08 14:19:47,5.0,3,0,-13.666666666666666,19.0,2.0,167.0666666666667,31.796666666666667,0,0.0,0.0,31,False,True
febab0275244b9a49a623f0bd613ca2f,13920,pedreira,SP,129,109,45,3,7272.42,3016.75,109,108,2017-02-15 20:49:15,2018-08-17 20:05:53,4.376146788990826,109,4,-11.650943396226415,8.141509433962264,1.18348623853211,66.7194495412844,27.676605504587155,10,0.03669724770642202,0.09174311926605505,547,False,True
f3da5b2ff499efb8d4a6d371d175d7dd,2407,sao paulo,SP,84,79,30,11,3702.29,1124.57,79,79,2017-11-04 09:24:45,2018-07-10 15:47:15,3.8205128205128207,78,9,-7.961038961038961,11.116883116883116,1.0632911392405062,46.864430379746835,14.23506329113924,16,0.11392405063291139,0.20253164556962025,248,False,True
436bf27f2f18474fc6047702e9f8a866,13041,campinas,SP,1,1,1,1,29.9,14.52,1,1,2017-01-18 12:51:23,2017-01-18 12:51:23,5.0,1,0,-10.0,19.0,1.0,29.9,14.52,0,0.0,0.0,0,False,True
d2f3e277560ed4c6361284429b00f037,12942,atibaia,SP,7,7,7,1,320.55,134.11,7,7,2017-07-08 11:34:46,2017-10-08 13:26:33,4.714285714285714,7,0,-16.0,7.571428571428571,1.0,45.792857142857144,19.15857142857143,0,0.0,0.0,92,False,True
cd843d4cf8ef32827de0396605163ba3,36071,juiz de fora,MG,5,5,3,1,1915.0,697.56,5,5,2017-07-28 10:36:12,2018-08-13 16:25:25,3.8,5,0,-6.2,15.6,1.0,383.0,139.512,0,0.0,0.0,381,False,True
67883baaae6134ee81b271a542613728,1310,sao paulo,SP,19,19,16,2,8167.9,328.12,19,19,2018-07-17 13:21:24,2018-08-22 11:39:32,4.105263157894737,19,1,-6.105263157894737,5.368421052631579,1.0,429.8894736842105,17.269473684210528,2,0.05263157894736842,0.10526315789473684,35,False,True
7dc9a3355bae96dd82008b313d3a456c,36213,dores de campos,MG,1,1,1,1,899.0,50.62,1,1,2018-06-20 07:42:30,2018-06-20 07:42:30,5.0,1,0,-14.0,12.0,1.0,899.0,50.62,0,0.0,0.0,0,False,True
05e107217c7266362fd44b75b2cd4cc4,5353,sao paulo - sp,SP,8,5,3,1,193.38,82.00999999999999,5,5,2018-06-29 23:02:10,2018-08-21 05:26:43,4.2,5,1,-5.8,7.8,1.6,38.676,16.401999999999997,0,0.2,0.0,52,False,True
1acde099eb406aa220b1169b188b42da,2532,sao paulo,SP,10,9,9,1,311.1,147.4,9,9,2017-09-10 22:32:14,2017-11-06 12:41:01,4.222222222222222,9,0,-8.0,11.444444444444445,1.1111111111111112,34.56666666666667,16.37777777777778,1,0.0,0.1111111111111111,56,False,True
d97df38225e5abadaff1e72cb72b823c,9560,sao caetano do sul,SP,29,29,19,1,1846.0,516.92,29,29,2017-11-03 16:38:02,2018-08-08 17:25:12,3.925925925925926,27,4,-9.321428571428571,11.607142857142858,1.0,63.6551724137931,17.824827586206894,6,0.13793103448275862,0.20689655172413793,278,False,True
45213867cefbf2cd4c6177e10216a951,13603,araras,SP,14,14,9,2,4955.42,433.74,14,14,2017-01-27 18:16:50,2017-10-11 11:41:40,3.857142857142857,14,1,-13.285714285714286,14.285714285714286,1.0,353.9585714285714,30.981428571428573,3,0.07142857142857142,0.21428571428571427,256,False,True
61b893c57e33626afb104d4112b1be76,37142,divisa nova,MG,1,1,1,1,74.99,13.1,1,1,2017-03-23 17:21:23,2017-03-23 17:21:23,1.0,1,0,,,1.0,74.99,13.1,1,0.0,1.0,0,True,True
a420f60ff1aa9acc80d0e42959f2b313,5138,sao paulo,SP,69,67,23,9,7443.3,1099.97,67,67,2017-08-16 01:00:34,2018-08-13 10:05:23,3.953846153846154,65,5,-13.014925373134329,11.104477611940299,1.0298507462686568,111.09402985074627,16.417462686567166,10,0.07462686567164178,0.14925373134328357,362,False,True
ff4ea69c2a729e83e63c7579e4ef8170,7071,guarulhos,SP,9,9,4,1,7017.0,171.62,9,9,2017-02-28 19:07:02,2017-07-21 12:54:47,4.5,8,0,-12.25,10.875,1.0,779.6666666666666,19.06888888888889,1,0.0,0.1111111111111111,142,False,True
fa5fdc4e4bb6bd1009ad0e4ac4096562,9111,santo andre,SP,1,1,1,1,161.99,32.86,1,1,2016-10-10 12:39:06,2016-10-10 12:39:06,5.0,1,0,-58.0,7.0,1.0,161.99,32.86,0,0.0,0.0,0,False,True
916748bc99315c2d202898ae58b1617e,18040,sorocaba,SP,32,25,5,2,369.40000000000003,377.11,25,25,2017-02-12 22:05:47,2017-11-25 14:37:15,4.28,25,0,-10.08,10.0,1.28,14.776000000000002,15.0844,2,0.0,0.08,285,False,True
bc2ac6b95e1accce9858528ee566c17e,13085,campinas,SP,22,18,14,1,2045.0,234.56,18,17,2017-08-21 19:07:53,2018-05-21 17:38:06,4.555555555555555,18,0,-10.055555555555555,4.277777777777778,1.2222222222222223,113.61111111111111,13.03111111111111,2,0.0,0.1111111111111111,272,False,True
25debeafbce801fdd479539350185eee,17350,igaracu do tiete,SP,7,6,3,2,302.84000000000003,100.01,6,6,2017-06-05 10:45:54,2018-05-15 13:17:14,2.6666666666666665,6,0,-8.8,14.4,1.1666666666666667,50.473333333333336,16.668333333333333,3,0.0,0.5,344,False,True
02c988090b766852e088c69d7fb3b551,13473,americana,SP,17,13,11,2,1618.65,218.3,13,13,2017-07-16 12:39:50,2018-08-15 09:44:30,4.583333333333333,12,0,-11.083333333333334,9.083333333333334,1.3076923076923077,124.51153846153846,16.792307692307695,1,0.0,0.07692307692307693,394,False,True
e5f9e61ceb5f523cc966e0f34095032f,88353,brusque,SC,4,4,2,2,2238.0,115.44,4,4,2017-07-10 14:25:38,2018-02-28 11:29:07,4.0,4,1,-6.5,20.0,1.0,559.5,28.86,1,0.25,0.25,232,False,True
ad97a199236354e53fcd91a5a913e9a2,88350,brusque,SC,18,17,8,3,13205.9,868.8,17,17,2017-11-16 20:47:34,2018-07-23 23:29:17,4.529411764705882,17,2,-10.4375,15.125,1.0588235294117647,776.8176470588235,51.10588235294117,1,0.11764705882352941,0.058823529411764705,249,False,True
3606774ec64634822d78dc2db6d37045,9510,sao caetano do sul,SP,2,2,2,1,299.8,45.400000000000006,2,2,2016-10-04 23:39:01,2017-01-25 15:28:32,3.0,2,0,-35.0,15.0,1.0,149.9,22.700000000000003,1,0.0,0.5,112,False,True
94165aea8a35c3c21499cbcae239b16c,38412,uberlandia,MG,1,1,1,1,180.0,16.11,1,1,2018-06-07 18:01:09,2018-06-07 18:01:09,2.0,1,0,-13.0,6.0,1.0,180.0,16.11,1,0.0,1.0,0,True,True
c8665a4dd081a2c436b1cd921079d0d9,14750,pitangueiras,SP,1,1,1,1,79.39,14.14,1,1,2018-06-18 12:48:25,2018-06-18 12:48:25,5.0,1,0,-24.0,4.0,1.0,79.39,14.14,0,0.0,0.0,0,False,True
c7dcd301ecfe5ab7f778ac172cf74be7,30120,belo horizonte,MG,4,4,3,2,457.69,62.14,4,4,2016-10-04 12:06:11,2016-10-06 16:34:16,2.5,4,0,-29.0,24.666666666666668,1.0,114.4225,15.535,2,0.0,0.5,2,False,True
6c17baf138731a4aaacc3210adf2037b,14400,franca,SP,5,4,5,1,538.8,89.92,4,4,2018-08-06 15:08:47,2018-08-20 23:20:11,5.0,4,0,-8.75,7.0,1.25,134.7,22.48,0,0.0,0.0,14,False,True
50c361bcf670d16f6df4d52de3dff924,4131,sao paulo,SP,1,1,1,1,35.0,16.6,1,1,2018-02-13 21:48:17,2018-02-13 21:48:17,1.0,1,0,,,1.0,35.0,16.6,1,0.0,1.0,0,True,True
32e5635e63cb374eb63afdd242fb6134,22451,rio de janeiro,RJ,1,1,1,1,910.0,17.82,1,1,2017-08-15 21:29:06,2017-08-15 21:29:06,5.0,1,0,-5.0,7.0,1.0,910.0,17.82,0,0.0,0.0,0,False,True
c1f12f926d0ba950578b4fa41115cbb6,4317,sao paulo,SP,4,2,2,2,479.6,76.96,2,2,2018-02-24 12:00:07,2018-08-01 17:20:32,4.0,2,1,15.5,36.5,2.0,239.8,38.48,0,0.5,0.0,158,False,True
8602a61d680a10a82cceeeda0d99ea3d,1001,sao paulo,SP,19,17,10,1,826.99,252.91,17,17,2017-08-04 16:41:25,2018-08-02 16:31:11,4.411764705882353,17,0,-11.411764705882353,7.411764705882353,1.1176470588235294,48.646470588235296,14.877058823529412,2,0.0,0.11764705882352941,362,False,True
c3acdfac4e3e97ff87529454fbc03642,5705,sao paulo,SP,12,12,9,1,16788.0,269.28000000000003,12,12,2018-03-24 13:40:27,2018-08-16 18:52:14,4.25,12,1,-9.5,10.75,1.0,1399.0,22.44,1,0.08333333333333333,0.08333333333333333,145,False,True
fde0cc9ea29c8ccfc0a2c22256a58c71,81650,curitiba,PR,35,35,9,3,3922.0,999.27,35,33,2017-10-11 13:27:29,2018-08-19 19:06:06,4.485714285714286,35,1,-16.34285714285714,8.17142857142857,1.0,112.05714285714286,28.550571428571427,3,0.02857142857142857,0.08571428571428572,312,False,True
e63e8bfa530fb16910dd6956e592bb81,7160,guarulhos,SP,43,42,12,2,1311.7,667.47,42,42,2017-08-07 09:14:30,2018-08-28 10:44:03,4.238095238095238,42,2,-13.560975609756097,8.926829268292684,1.0238095238095237,31.23095238095238,15.892142857142858,5,0.047619047619047616,0.11904761904761904,386,False,True
c4f7fee5b0db50e87766f5a4d1b1b758,18085,sorocaba,SP,9,8,5,4,11961.829999999998,571.77,8,8,2018-04-15 13:07:03,2018-07-12 12:14:56,2.875,8,0,-15.6,11.2,1.125,1495.2287499999998,71.47125,4,0.0,0.5,87,False,True
d7485b33791774c36108f8c69602d48d,81020,curitiba,PR,10,10,8,1,399.82,219.32,10,10,2018-04-06 12:25:07,2018-07-24 22:56:00,3.7,10,1,-12.3,8.2,1.0,39.982,21.932,1,0.1,0.1,109,False,True
515d781150feed28a6ac091bb0e3cb8c,79090,campo grande,MS,6,6,3,2,1002.35,152.37,6,6,2016-10-07 21:50:26,2017-05-11 15:19:44,4.166666666666667,6,0,-24.166666666666668,9.333333333333334,1.0,167.05833333333334,25.395,0,0.0,0.0,215,False,True
e908c0f3646e8b60375734a350d95d71,1226,sao paulo,SP,1,1,1,1,2951.0,58.53,1,1,2017-04-05 16:12:50,2017-04-05 16:12:50,4.0,1,0,-9.0,27.0,1.0,2951.0,58.53,0,0.0,0.0,0,False,True
2646baaf662d4d92ac48f047e35db92d,3303,sao paulo,SP,18,15,10,4,1263.05,286.34,15,15,2018-04-29 22:00:59,2018-08-09 19:37:47,4.466666666666667,15,1,-10.8,5.333333333333333,1.2,84.20333333333333,19.089333333333332,2,0.06666666666666667,0.13333333333333333,101,False,True
13fa2a6c6b9d0f43cb588d7c82117a12,3567,sao paulo,SP,10,9,4,1,4528.0,191.44,9,9,2017-06-09 17:38:12,2017-09-27 21:06:35,4.111111111111111,9,3,-5.777777777777778,20.666666666666668,1.1111111111111112,503.1111111111111,21.27111111111111,1,0.3333333333333333,0.1111111111111111,110,False,True
5343d0649eca2a983820bfe93fc4d17e,9270,santo andre,SP,111,71,48,1,10000.64,2392.59,71,70,2017-12-18 19:26:02,2018-07-29 19:42:00,3.8285714285714287,70,7,-13.128571428571428,10.7,1.5633802816901408,140.85408450704224,33.69845070422535,17,0.09859154929577464,0.23943661971830985,223,False,True
7c9130f5f3729edd32aa059141d92484,17400,garca,SP,4,3,1,1,126.0,67.15,3,3,2018-06-20 18:53:42,2018-08-23 11:30:22,3.3333333333333335,3,0,-14.333333333333334,7.333333333333333,1.3333333333333333,42.0,22.383333333333336,1,0.0,0.3333333333333333,63,False,True
e4ebd3f87bf70440014f07ddda7fbe03,19470,presidente epitacio,SP,7,7,4,2,671.5,115.75999999999999,7,7,2017-12-07 21:14:24,2018-03-05 18:13:14,4.571428571428571,7,0,-8.285714285714286,17.571428571428573,1.0,95.92857142857143,16.537142857142857,0,0.0,0.0,87,False,True
33a17d60c64393351ebf1ef860f4e0f2,91510,porto alegre,RS,47,43,11,1,8152.4800000000005,1279.38,43,43,2017-07-08 11:40:20,2018-08-14 19:12:16,4.627906976744186,43,1,-15.604651162790697,10.186046511627907,1.0930232558139534,189.5925581395349,29.753023255813957,1,0.023255813953488372,0.023255813953488372,402,False,True
640e21a7d01df7614a3b4923e990d40c,14940,ibitinga,SP,137,116,12,1,7598.88,2446.24,116,115,2018-03-17 19:47:48,2018-08-25 20:27:21,4.301724137931035,116,5,-10.373913043478261,9.878260869565217,1.1810344827586208,65.50758620689655,21.088275862068965,10,0.04310344827586207,0.08620689655172414,161,False,True
d57e18d5f73c7ccb7f7339b61166898d,3613,sao paulo,SP,63,61,25,3,3187.7,923.49,61,60,2017-09-10 12:54:36,2018-08-21 13:41:26,4.426229508196721,61,0,-11.426229508196721,8.836065573770492,1.0327868852459017,52.25737704918033,15.139180327868853,5,0.0,0.08196721311475409,345,False,True
dd2bdf855a9172734fbc3744021ae9b9,31255,belo horizonte,MG,113,108,43,8,10816.7,2037.18,108,107,2016-10-05 12:44:09,2018-01-03 10:05:57,3.855769230769231,104,6,-23.00952380952381,14.847619047619048,1.0462962962962963,100.15462962962964,18.86277777777778,19,0.05555555555555555,0.17592592592592593,454,False,True
9d213f303afae4983637247556438ede,14940,ibitinga,SP,3,2,2,1,47.7,73.11,2,2,2018-07-14 00:04:42,2018-07-24 12:43:00,5.0,2,0,-11.5,6.5,1.5,23.85,36.555,0,0.0,0.0,10,False,True
aadfe0417e61315688b6bd7043361e25,74340,goiania,GO,1,1,1,1,289.9,14.28,1,1,2017-08-03 08:40:25,2017-08-03 08:40:25,4.0,1,0,-16.0,6.0,1.0,289.9,14.28,0,0.0,0.0,0,False,True
079d295dcbf06ee8bb1b65ba964eb2b6,2124,sao paulo,SP,10,5,3,1,349.3,190.79,5,5,2018-06-25 12:37:03,2018-08-09 20:00:05,4.6,5,0,-11.2,7.6,2.0,69.86,38.158,0,0.0,0.0,45,False,True
55c26bcb609f480eb7868594245febb5,14910,tabatinga,SP,6,6,4,2,664.4000000000001,161.82999999999998,6,6,2018-04-09 13:11:49,2018-08-09 11:44:40,4.0,6,0,-10.166666666666666,9.333333333333334,1.0,110.73333333333335,26.971666666666664,1,0.0,0.16666666666666666,121,False,True
cbf09e831b0c11f6f23ffb51004db972,9726,sbc/sp,SP,10,10,4,2,1535.2,280.2,10,10,2018-05-03 11:21:25,2018-08-21 17:40:41,4.4,10,0,-13.5,4.7,1.0,153.52,28.02,0,0.0,0.0,110,False,True
7fdb0720c8d7c9075538b365dc8c3a22,85904,toledo,PR,10,9,3,3,1804.0,484.31,9,9,2018-04-21 11:38:28,2018-07-22 20:00:05,2.4444444444444446,9,1,-14.777777777777779,18.88888888888889,1.1111111111111112,200.44444444444446,53.812222222222225,5,0.1111111111111111,0.5555555555555556,92,False,True
933446e9a59dece7ae9175103820ca8f,81730,curitiba,PR,3,2,2,1,381.39,57.459999999999994,2,2,2017-01-24 15:37:05,2017-02-22 09:59:09,3.0,2,0,-66.0,24.0,1.5,190.695,28.729999999999997,1,0.0,0.5,28,False,True
3f8247d0f772ffa58560e5c682521ad5,89211,joinville,SC,1,1,1,1,139.9,18.55,1,1,2017-06-11 05:05:03,2017-06-11 05:05:03,3.0,1,0,,,1.0,139.9,18.55,0,0.0,0.0,0,False,True
e46bc031f2c5bae4ccb40bb90712e9b4,5174,sao paulo,SP,1,1,1,1,277.3,50.09,1,1,2018-04-06 22:13:21,2018-04-06 22:13:21,1.0,1,0,,,1.0,277.3,50.09,1,0.0,1.0,0,True,True
4aba391bc3b88717ce08eb11e44937b2,45816,arraial d'ajuda (porto seguro),BA,30,29,27,2,7595.87,839.34,29,29,2017-02-02 01:00:37,2018-08-04 10:49:08,3.896551724137931,29,4,-13.11111111111111,16.666666666666668,1.0344827586206897,261.92655172413794,28.942758620689656,6,0.13793103448275862,0.20689655172413793,548,False,True
fcba71d4d5db057f43249145e4eb1e27,13481,limeira,SP,3,3,3,1,494.55,53.72,3,3,2017-10-30 21:45:33,2018-02-26 21:43:45,4.666666666666667,3,0,-7.666666666666667,18.0,1.0,164.85,17.906666666666666,0,0.0,0.0,118,False,True
c747d5b92c7648417faea95d36d763e8,61800,pacatuba,CE,1,1,1,1,139.0,85.75,1,1,2017-11-24 22:46:55,2017-11-24 22:46:55,5.0,1,0,-15.0,12.0,1.0,139.0,85.75,0,0.0,0.0,0,False,True
715bbd5ba4e6b74cb0d2f29eb45058b0,13930,serra negra,SP,64,62,28,5,4043.3,1272.58,62,62,2017-09-10 00:34:50,2018-08-19 15:25:29,4.467741935483871,62,5,-13.46774193548387,11.451612903225806,1.032258064516129,65.21451612903226,20.52548387096774,4,0.08064516129032258,0.06451612903225806,343,False,True
1430239a858e7682bbc43b20758af153,4087,sao paulo,SP,23,18,10,3,660.79,268.75,18,18,2017-08-22 16:56:24,2018-08-21 18:22:34,4.111111111111111,18,0,-10.411764705882353,7.235294117647059,1.2777777777777777,36.71055555555555,14.930555555555555,2,0.0,0.1111111111111111,364,False,True
bb7a14e229b1c95156719c3d9552eeee,23095,rio de janeiro,RJ,11,11,6,3,3190.1,329.34999999999997,11,11,2017-10-09 08:49:32,2018-04-20 12:56:37,4.181818181818182,11,1,-10.6,11.3,1.0,290.0090909090909,29.940909090909088,2,0.09090909090909091,0.18181818181818182,193,False,True
d598f929fc44e1e38678e7f47250ec04,73801,formosa,GO,1,1,1,1,69.9,37.4,1,1,2018-06-22 10:43:09,2018-06-22 10:43:09,5.0,1,0,-23.0,11.0,1.0,69.9,37.4,0,0.0,0.0,0,False,True
edc518ba25576a0188a0e8f2c3af186f,7023,guarulhos,SP,8,6,5,4,1647.3899999999999,262.15999999999997,6,6,2018-06-30 20:06:44,2018-08-20 13:02:40,3.6666666666666665,6,0,-8.333333333333334,6.166666666666667,1.3333333333333333,274.565,43.69333333333333,2,0.0,0.3333333333333333,50,False,True
4c18691b6037662be2df78a765d98ab5,3167,sao paulo,SP,67,63,31,6,3195.52,1120.99,63,63,2018-02-25 18:55:59,2018-08-28 10:57:13,3.873015873015873,63,4,-11.253968253968255,8.873015873015873,1.0634920634920635,50.72253968253968,17.793492063492064,11,0.06349206349206349,0.1746031746031746,183,False,True
8f2b51a30523cdecddc2f179f351c7d6,4833,sao paulo,SP,8,7,4,1,1027.9,148.32999999999998,7,7,2017-04-13 16:53:02,2017-07-01 18:50:04,4.142857142857143,7,0,-15.714285714285714,12.428571428571429,1.1428571428571428,146.84285714285716,21.19,1,0.0,0.14285714285714285,79,False,True
6b536a23086fba0d58c08d68814397f6,24346,niteroi,RJ,23,19,5,2,2068.8,369.17,19,19,2017-10-25 14:35:46,2018-07-28 23:06:54,3.9473684210526314,19,1,-12.055555555555555,11.61111111111111,1.2105263157894737,108.8842105263158,19.43,4,0.05263157894736842,0.21052631578947367,276,False,True
95f83f51203c626648c875dd41874c7f,37564,borda da mata,MG,67,52,11,2,3217.46,1609.05,52,52,2017-11-24 14:22:48,2018-08-20 17:06:21,3.673076923076923,52,2,-13.76,11.3,1.2884615384615385,61.87423076923077,30.94326923076923,15,0.038461538461538464,0.28846153846153844,269,False,True
6b243f80ed07b10f0e8aa0f21a205f3c,81825,curitiba,PR,89,79,31,1,6260.1,1547.3,79,76,2017-07-18 12:35:54,2018-08-23 03:31:57,4.265822784810126,79,3,-14.60759493670886,10.721518987341772,1.1265822784810127,79.24177215189874,19.58607594936709,8,0.0379746835443038,0.10126582278481013,400,False,True
e7f3bf1ecd8526eb7f3b18059e6716e5,11680,ubatuba,SP,19,18,10,3,1471.54,276.15,18,18,2017-02-28 17:39:47,2017-09-25 20:16:38,4.555555555555555,18,0,-15.294117647058824,8.411764705882353,1.0555555555555556,81.75222222222222,15.341666666666665,1,0.0,0.05555555555555555,209,False,True
4d600e08ecbe08258c79e536c5a42fee,85988,entre rios do oeste,PR,8,8,8,2,4465.34,168.12,8,8,2016-10-06 07:53:10,2017-03-15 19:08:27,4.0,8,0,-27.857142857142858,12.428571428571429,1.0,558.1675,21.015,2,0.0,0.25,160,False,True
2089a6d640999f9b9141ac719b2af596,13566,sao carlos,SP,44,44,25,3,8830.82,695.12,44,41,2017-04-17 07:25:25,2018-07-17 11:16:54,3.727272727272727,44,5,-11.439024390243903,19.024390243902438,1.0,200.70045454545453,15.798181818181819,13,0.11363636363636363,0.29545454545454547,456,False,True
2a167ca73899c85001a837d8fb4962f6,37540,sao paulo,SP,3,2,2,1,4097.0,100.62,2,2,2018-07-17 13:27:40,2018-07-24 23:09:26,4.5,2,0,-14.5,6.0,1.5,2048.5,50.31,0,0.0,0.0,7,False,True
458c6fa920810ce2492da71bc26d9eec,15813,catanduva,SP,2,2,1,1,756.76,105.61,2,2,2017-12-12 12:05:08,2017-12-21 15:09:09,2.5,2,0,-10.0,25.0,1.0,378.38,52.805,1,0.0,0.5,9,False,True
7494d0dcba8551df6cf37f1b905dc2f7,11013,santos,SP,1,1,1,1,45.9,17.07,1,1,2018-05-03 00:03:53,2018-05-03 00:03:53,3.0,1,0,-15.0,6.0,1.0,45.9,17.07,0,0.0,0.0,0,False,True
698f5fa55a5f73d0740e9d9a773e8093,20751,rio de janeiro,RJ,6,4,2,1,120.0,83.99,4,4,2018-06-12 17:26:43,2018-06-20 08:57:50,4.75,4,0,-16.5,5.75,1.5,30.0,20.9975,0,0.0,0.0,7,False,True
4f0d637c1197fd65405ebd755ac9f86b,6768,taboao da serra,SP,2,2,2,1,199.8,32.67,2,2,2018-05-30 21:48:24,2018-06-20 20:30:31,5.0,2,0,-17.0,6.5,1.0,99.9,16.335,0,0.0,0.0,20,False,True
3969863bb8af7f72580b3b1ffd3a17b3,3550,sao paulo,SP,13,12,5,4,623.15,226.87,12,12,2017-11-25 00:32:14,2018-08-14 16:18:52,4.083333333333333,12,0,-12.0,9.75,1.0833333333333333,51.92916666666667,18.905833333333334,1,0.0,0.08333333333333333,262,False,True
2a5b78b41cd05baeac8df54c6606b92c,35570,formiga,MG,60,49,23,1,19025.36,1107.47,49,47,2017-07-02 15:37:04,2018-08-15 18:01:23,4.326530612244898,49,1,-19.369565217391305,8.58695652173913,1.2244897959183674,388.2726530612245,22.60142857142857,5,0.02040816326530612,0.10204081632653061,409,False,True
1f7dfad2cb384ea4d2d7e1ffbd78c407,1139,sao paulo,SP,1,1,1,1,49.0,8.29,1,1,2018-05-05 13:16:14,2018-05-05 13:16:14,1.0,1,0,-4.0,6.0,1.0,49.0,8.29,1,0.0,1.0,0,True,True
08f5819815f3d06545011850bd70f0a8,11075,santos,SP,3,3,3,1,452.0,70.83,3,3,2018-06-21 00:56:22,2018-08-12 16:01:35,4.666666666666667,3,0,-15.333333333333334,7.666666666666667,1.0,150.66666666666666,23.61,0,0.0,0.0,52,False,True
b32be1695eb7ec5f10f72d9610a12527,95012,caxias do sul,RS,46,45,14,4,26874.0,2957.02,45,45,2017-11-24 22:29:43,2018-08-13 12:59:34,4.068181818181818,44,2,-13.613636363636363,11.863636363636363,1.0222222222222221,597.2,65.71155555555555,6,0.044444444444444446,0.13333333333333333,261,False,True
b94cc9f10ddc85e4ba73a6f7974e7101,27930,macae,RJ,39,39,7,2,25346.1,1022.39,39,39,2017-11-02 09:30:52,2018-06-12 16:20:38,4.297297297297297,37,2,-12.717948717948717,10.102564102564102,1.0,649.9,26.215128205128206,5,0.05128205128205128,0.1282051282051282,222,False,True
53243585a1d6dc2643021fd1853d8905,42738,lauro de freitas,BA,410,358,23,2,222776.05,13080.63,358,349,2017-08-28 18:29:21,2018-08-21 09:52:32,4.132022471910112,356,12,-11.479885057471265,12.982758620689655,1.1452513966480447,622.279469273743,36.53807262569832,43,0.0335195530726257,0.12011173184357542,357,False,True
6df688df543f90e9b38f4319e75a9d88,31230,belo horizonte,MG,56,40,23,1,1949.96,783.6,40,40,2017-01-31 13:01:10,2017-11-22 09:09:01,4.575,40,0,-15.41025641025641,7.384615384615385,1.4,48.749,19.59,1,0.0,0.025,294,False,True
7f40d06aa0b5f1aa4f41af8c0480e2ef,13506,rio claro,SP,6,6,4,2,1309.94,125.67999999999999,6,6,2018-08-09 08:17:42,2018-08-27 19:21:58,4.833333333333333,6,0,-10.166666666666666,3.6666666666666665,1.0,218.32333333333335,20.946666666666665,0,0.0,0.0,18,False,True
dd88d13bea9e4c2bf47daf224f8141e5,95900,lajeado,RS,1,1,1,1,458.0,29.38,1,1,2018-04-10 23:09:48,2018-04-10 23:09:48,5.0,1,0,-7.0,5.0,1.0,458.0,29.38,0,0.0,0.0,0,False,True
72c38a04bd6a1c3dbc5298425a0db86d,85804,cascavel,PR,5,4,4,3,647.3,113.35,4,4,2018-05-13 22:30:46,2018-07-05 10:00:59,3.75,4,0,-22.0,8.0,1.25,161.825,28.3375,1,0.0,0.25,52,False,True
9e17b9d64683aebcbb9ee362d06463b4,14020,ribeirao preto,SP,3,2,2,2,98.69999999999999,37.97,2,2,2017-02-19 11:03:43,2017-02-22 21:14:33,1.0,2,0,,,1.5,49.349999999999994,18.985,2,0.0,1.0,3,True,True
b5bb2b985208834bd5bd86c7a402bbad,95800,venancio aires,RS,2,2,1,1,621.06,38.66,2,2,2018-01-31 21:10:29,2018-04-21 22:27:34,5.0,2,0,-19.0,10.5,1.0,310.53,19.33,0,0.0,0.0,80,False,True
b1fecf4da1fa2689bccffa0121953643,79107,campo grande,MS,20,19,8,1,3669.64,397.08,19,18,2016-10-04 15:35:35,2017-05-27 11:08:23,4.947368421052632,19,0,-21.68421052631579,9.736842105263158,1.0526315789473684,193.13894736842104,20.89894736842105,0,0.0,0.0,234,False,True
7b1222c3624aa89b9558b50a2594188c,15041,sao jose do rio preto,SP,22,22,9,3,10103.52,457.57,22,22,2017-02-18 20:50:28,2018-06-26 14:07:10,4.454545454545454,22,3,-13.045454545454545,17.272727272727273,1.0,459.2509090909091,20.798636363636362,2,0.13636363636363635,0.09090909090909091,492,False,True
e595809a6c31ec4314fd06ef198c244d,88370,navegantes,SC,1,1,1,1,39.0,18.23,1,1,2018-03-12 03:12:59,2018-03-12 03:12:59,5.0,1,0,-13.0,15.0,1.0,39.0,18.23,0,0.0,0.0,0,False,True
ba6b68b55fe8704377a7d43c8e5c0185,30130,belo horizonte,MG,5,5,3,2,739.77,92.44999999999999,5,5,2017-05-02 06:49:31,2017-06-03 14:27:54,4.2,5,0,-13.4,10.2,1.0,147.954,18.49,1,0.0,0.2,32,False,True
b8114f2f589a6804810f04f99b36b498,9633,sao bernardo do campo,SP,11,8,4,1,1399.62,292.41,8,8,2018-04-04 16:05:12,2018-08-17 10:28:31,4.75,8,0,-10.0,4.375,1.375,174.9525,36.55125,0,0.0,0.0,134,False,True
83d7070a0b9a8b4625fa8682b819fabb,6717,cotia,SP,2,2,2,1,694.77,127.63,2,2,2018-03-23 17:02:33,2018-04-02 18:20:00,1.0,2,0,,,1.0,347.385,63.815,2,0.0,1.0,10,True,True
570d4583587a5fe2d47c7be89b91ad27,2220,sao paulo,SP,2,2,2,1,125.25,23.67,2,2,2017-06-30 20:48:51,2017-07-05 21:55:49,5.0,2,0,-10.5,5.0,1.0,62.625,11.835,0,0.0,0.0,5,False,True
9591fc341b1bfb7ef561e2968ec6e011,4456,sao paulo,SP,1,1,1,1,79.9,14.31,1,1,2017-09-20 16:30:26,2017-09-20 16:30:26,1.0,1,0,,,1.0,79.9,14.31,1,0.0,1.0,0,True,True
0af977692321d895349eded183341d28,11070,santos,SP,2,2,2,1,257.75,19.47,2,2,2018-04-01 02:54:21,2018-08-20 16:20:58,4.5,2,0,-8.5,2.0,1.0,128.875,9.735,0,0.0,0.0,141,False,True
b33aaadd1a8891d2dfef0c4c3bdf0371,13481,limeira,SP,17,16,4,1,1504.0,359.04,16,16,2018-01-12 10:45:12,2018-06-21 12:44:54,3.9375,16,2,-8.625,13.75,1.0625,94.0,22.44,3,0.125,0.1875,160,False,True
5d9dc90a686a8fddacffab6bab5653a3,6513,santana de parnaiba,SP,12,12,5,1,3761.94,369.33,12,12,2017-10-01 10:11:40,2018-08-15 17:00:49,4.166666666666667,12,1,-9.583333333333334,8.166666666666666,1.0,313.495,30.7775,1,0.08333333333333333,0.08333333333333333,318,False,True
cc80e2f693fa6e2408f47ccf62413fc1,81050,curitiba,PR,2,2,1,1,420.0,88.63,2,2,2017-11-27 17:51:39,2017-12-01 16:49:36,4.0,2,0,-17.0,14.0,1.0,210.0,44.315,0,0.0,0.0,3,False,True
dee656f0f566ed1aa85bd137c943f08f,12701,cruzeiro,SP,95,93,32,12,6271.9800000000005,1696.69,93,92,2017-10-10 19:29:16,2018-08-22 10:16:30,4.369565217391305,92,4,-14.08695652173913,12.119565217391305,1.021505376344086,67.44064516129033,18.243978494623658,7,0.043010752688172046,0.07526881720430108,315,False,True
ace601496e211a664100321f038f50af,2372,sao paulo,SP,1,1,1,1,165.0,14.92,1,1,2017-02-15 23:00:16,2017-02-15 23:00:16,2.0,1,0,,,1.0,165.0,14.92,1,0.0,1.0,0,True,True
d673a59aac7a70d8b01e6902bf090a11,14940,ibitinga,SP,84,79,16,2,3908.94,1590.62,79,79,2017-10-31 18:03:11,2018-08-23 00:20:45,3.911392405063291,79,6,-12.025316455696203,13.645569620253164,1.0632911392405062,49.48025316455696,20.134430379746835,12,0.0759493670886076,0.1518987341772152,295,False,True
966cb4760537b1404caedd472cc610a5,9920,diadema,SP,75,75,17,1,51286.05,1649.82,75,74,2018-03-19 14:48:23,2018-08-08 14:49:25,3.864864864864865,74,2,-15.537313432835822,9.522388059701493,1.0,683.8140000000001,21.9976,14,0.02666666666666667,0.18666666666666668,142,False,True
d4a5e99e0dd915df64ba55a7fbd583fd,5041,sao paulo,SP,6,2,2,1,65.15,84.6,2,2,2017-10-26 11:22:23,2017-10-26 22:55:40,3.0,2,0,-11.0,12.0,3.0,32.575,42.3,1,0.0,0.5,0,False,True
6bcb2352a2a0c38b845f598298ab9d26,87050,maringa,PR,2,2,1,1,31.8,27.58,2,2,2017-06-16 17:30:04,2017-09-29 00:54:27,3.0,2,0,-14.0,11.0,1.0,15.9,13.79,1,0.0,0.5,104,False,True
2c2c9832d1bb38c5b0034a3b47d313ee,97050,santa maria,RS,1,1,1,1,49.9,18.45,1,1,2018-07-27 10:44:02,2018-07-27 10:44:02,3.0,1,0,-14.0,12.0,1.0,49.9,18.45,0,0.0,0.0,0,False,True
f3b80352b986ab4d1057a4b724be19d0,71200,brasilia,DF,92,87,4,2,10505.1,2187.63,87,86,2017-02-14 10:49:41,2018-07-26 19:00:25,4.172413793103448,87,0,-13.162790697674419,9.94186046511628,1.0574712643678161,120.74827586206897,25.145172413793105,11,0.0,0.12643678160919541,527,False,True
b452cb0ae35044c4a53179c39f49fb06,18047,sorocaba,SP,2,2,2,2,63.699999999999996,38.29,2,2,2018-06-01 17:13:00,2018-06-02 13:16:37,4.0,2,0,-9.0,16.5,1.0,31.849999999999998,19.145,0,0.0,0.0,0,False,True
0307f7565ff85b299b6e5ef162b1b1a9,15085,sao jose do rio preto,SP,7,7,6,3,4728.8,274.77,7,7,2016-10-10 18:09:39,2017-05-25 07:49:44,3.142857142857143,7,0,-16.666666666666668,14.666666666666666,1.0,675.5428571428572,39.25285714285714,3,0.0,0.42857142857142855,226,False,True
ffeee66ac5d5a62fe688b9d26f83f534,15130,mirassol,SP,14,14,3,1,1839.8600000000001,419.69,14,14,2017-09-30 15:56:56,2018-05-14 08:55:22,4.214285714285714,14,2,-8.357142857142858,17.642857142857142,1.0,131.41857142857143,29.977857142857143,2,0.14285714285714285,0.14285714285714285,225,False,True
3bfad056cf05c00dabe2f895925d83b1,6033,osasco,SP,5,1,1,0,206.64999999999998,46.7,1,1,2017-12-18 10:39:37,2017-12-18 10:39:37,1.0,1,0,,,5.0,206.64999999999998,46.7,1,0.0,1.0,0,True,True
9aa388272ee334b6ae07bc73706e254a,36886,muriae,MG,7,6,2,1,678.0,183.46,6,6,2018-03-30 21:23:29,2018-08-17 00:25:31,4.333333333333333,6,0,-15.166666666666666,8.0,1.1666666666666667,113.0,30.576666666666668,1,0.0,0.16666666666666666,139,False,True
74bafed391319577bce6f4d2acc0589a,1311,sao paulo,SP,3,3,2,2,1847.0,237.73,3,3,2017-09-16 22:28:50,2018-04-16 20:20:19,2.6666666666666665,3,0,-12.666666666666666,6.333333333333333,1.0,615.6666666666666,79.24333333333333,2,0.0,0.6666666666666666,211,False,True
2b03ac196f5ed62ac483960fe0fa3b65,2510,sao paulo,SP,7,7,5,2,843.1,92.09,7,7,2017-11-10 10:51:55,2018-05-02 10:48:44,4.142857142857143,7,1,-9.571428571428571,12.571428571428571,1.0,120.44285714285715,13.155714285714286,1,0.14285714285714285,0.14285714285714285,172,False,True
0b64bcdb0784abc139af04077d49a20e,92420,canoas,RS,4,4,2,1,137.6,68.21000000000001,4,3,2018-04-06 19:54:30,2018-07-13 10:56:30,4.75,4,0,-18.0,8.0,1.0,34.4,17.052500000000002,0,0.0,0.0,97,False,True
0bfd0b434243adc5c2e1aa6baf19c6aa,22745,rio de janeiro,RJ,6,6,6,4,371.20000000000005,65.78999999999999,6,6,2017-10-23 22:16:49,2018-02-03 23:27:28,3.6666666666666665,6,0,-20.5,8.0,1.0,61.866666666666674,10.964999999999998,1,0.0,0.16666666666666666,103,False,True
92d14edfb62ee5ae7fdff70b0f4e7233,9810,sao bernardo do campo,SP,13,8,5,3,322.0,165.65,8,8,2017-09-11 16:51:05,2018-04-04 22:19:10,3.375,8,0,-13.125,7.75,1.625,40.25,20.70625,2,0.0,0.25,205,False,True
5e105f5c9f63f5f1fd75d6cb942e55b1,15076,sao jose do rio preto,SP,8,8,6,1,1471.9,273.83,8,8,2018-05-20 11:35:23,2018-08-25 11:42:43,4.5,8,0,-6.875,9.0,1.0,183.9875,34.22875,1,0.0,0.125,97,False,True
2fb25ab44bdbeae6a4d816e0d0c9d500,27274,volta redonda,RJ,5,5,2,2,683.08,78.21000000000001,5,5,2017-08-18 01:36:03,2018-06-22 21:40:54,4.8,5,0,-19.0,8.0,1.0,136.616,15.642000000000001,0,0.0,0.0,308,False,True
ed4311e67debd72b8610a5347a743087,7170,guarulhos,SP,26,25,7,1,3636.0,706.81,25,25,2017-12-14 14:07:48,2018-08-28 16:33:22,4.625,24,1,-8.64,7.36,1.04,145.44,28.2724,1,0.04,0.04,257,False,True
5bf397d04035b5f45cc41e82ec106803,4144,sao paulo,SP,4,3,2,2,1525.0,47.28,3,3,2018-05-08 22:04:11,2018-07-02 16:45:00,4.333333333333333,3,0,-19.333333333333332,3.3333333333333335,1.3333333333333333,508.3333333333333,15.76,0,0.0,0.0,54,False,True
f9bbdd976532d50b7816d285a22bd01e,5319,sao paulo,SP,2,2,2,1,268.0,30.369999999999997,2,2,2017-05-25 23:22:43,2017-09-14 21:21:35,5.0,2,0,-18.0,14.0,1.0,134.0,15.184999999999999,0,0.0,0.0,111,False,True
e3e15e2c0b9700561efac21c6be48066,5315,sao paulo,SP,4,3,3,1,97.24,42.5,3,3,2018-02-04 17:31:51,2018-07-14 10:27:55,2.0,3,0,,,1.3333333333333333,32.413333333333334,14.166666666666666,2,0.0,0.6666666666666666,159,True,True
a5bff0f43eb51f0cad7c37fac7244c8a,4827,sao paulo,SP,5,4,2,1,445.0,96.27000000000001,4,4,2017-02-20 13:31:57,2017-09-27 14:51:02,4.75,4,0,-11.75,15.25,1.25,111.25,24.067500000000003,0,0.0,0.0,219,False,True
f52c2422904463fdd7741f99045fecb6,9230,santo andre/sao paulo,SP,13,12,10,3,567.79,177.01,12,12,2018-06-15 21:52:01,2018-08-21 18:44:58,4.25,12,0,-10.083333333333334,5.166666666666667,1.0833333333333333,47.31583333333333,14.750833333333333,1,0.0,0.08333333333333333,66,False,True
14f2b3587172b9db894c9bad8dab520b,95240,ipe,RS,2,2,1,1,244.0,86.06,2,2,2018-03-21 13:01:05,2018-07-14 14:55:43,2.5,2,0,-12.5,13.5,1.0,122.0,43.03,1,0.0,0.5,115,False,True
1354d51653f645349064725ed204e85e,1230,sao paulo,SP,20,18,13,3,2410.0,284.72,18,17,2017-06-05 16:49:45,2018-08-21 08:54:00,3.9444444444444446,18,0,-18.833333333333332,9.055555555555555,1.1111111111111112,133.88888888888889,15.81777777777778,3,0.0,0.16666666666666666,441,False,True
eaaa46e98c9e61f6764dd1d7a2ab8b3e,59775,messias targino,RN,1,1,1,1,98.0,27.64,1,1,2018-08-05 14:07:53,2018-08-05 14:07:53,5.0,1,0,-12.0,11.0,1.0,98.0,27.64,0,0.0,0.0,0,False,True
5b664594895aefb418afaee6d40a9a23,25750,petropolis,RJ,22,16,3,3,1008.8,226.38,16,16,2017-01-15 10:14:31,2018-08-05 15:20:44,3.9375,16,0,-12.0,10.0,1.375,63.05,14.14875,3,0.0,0.1875,567,False,True
bf00385a5f7fc1ef39a13c2e9ee50a5f,1224,sao paulo,SP,29,29,18,6,870.3,342.73,29,29,2018-07-03 15:45:08,2018-08-27 19:59:06,4.310344827586207,29,0,-10.821428571428571,5.428571428571429,1.0,30.010344827586206,11.818275862068965,3,0.0,0.10344827586206896,55,False,True
391bbd13b6452244774beff1824006ed,13082,campinas,SP,2,2,1,1,127.8,35.4,2,2,2018-02-04 14:21:50,2018-03-05 11:05:50,1.0,2,1,24.0,44.0,1.0,63.9,17.7,2,0.5,1.0,28,True,True
c714262700f93defc16bf17a51a4cb23,2751,sao paulo,SP,4,4,4,2,421.8,69.53,4,4,2018-03-16 23:37:45,2018-05-15 00:50:44,3.75,4,0,-10.5,9.75,1.0,105.45,17.3825,1,0.0,0.25,59,False,True
bcd2d7510d58e293f20fad6438c1b314,81540,curitiba,PR,1,1,1,1,23.9,15.56,1,1,2017-02-09 11:38:52,2017-02-09 11:38:52,,0,1,4.0,33.0,1.0,23.9,15.56,0,1.0,0.0,0,False,True
ec4608a1f76453166bb312b2968aeaf4,13660,porto ferreira,SP,35,18,5,1,1181.75,939.61,18,18,2017-02-22 15:57:47,2018-08-14 14:19:51,3.1666666666666665,18,3,-6.588235294117647,14.764705882352942,1.9444444444444444,65.65277777777777,52.20055555555555,6,0.16666666666666666,0.3333333333333333,537,False,True
5c603ffb38cbbf25a0e0698941324143,37004,varginha,MG,2,2,2,1,348.8,44.81,2,2,2017-01-23 02:54:13,2017-01-25 10:11:38,1.0,2,0,,,1.0,174.4,22.405,2,0.0,1.0,2,True,True
2bd05d410a8fd26dc4184a15f4f2f588,31130,belo horizonte,MG,7,6,6,2,1316.73,198.54,6,6,2017-01-27 10:29:59,2017-10-21 11:22:57,5.0,6,0,-19.0,9.5,1.1666666666666667,219.455,33.089999999999996,0,0.0,0.0,267,False,True
4dab98ca6cd6d3df586203cefd28a042,91150,porto alegre,RS,1,1,1,1,154.9,18.33,1,1,2018-03-05 13:28:54,2018-03-05 13:28:54,5.0,1,0,-1.0,28.0,1.0,154.9,18.33,0,0.0,0.0,0,False,True
293dee954235e4e4e43f129313625ebe,72125,brasilia,DF,8,8,6,1,1778.92,240.3,8,8,2017-10-11 10:22:56,2018-01-16 16:01:28,5.0,8,0,-17.625,14.125,1.0,222.365,30.0375,0,0.0,0.0,97,False,True
cd68562d3f44870c08922d380acae552,14050,ribeirao preto,SP,132,125,58,9,18569.7,2207.49,125,125,2017-04-16 19:48:10,2018-06-15 23:27:00,3.943548387096774,124,19,-8.19672131147541,15.762295081967213,1.056,148.5576,17.65992,23,0.152,0.184,425,False,True
082e0bf4cb865a6533b1e8e498cc0255,18608,botucatu,SP,23,11,17,2,2073.3,991.03,11,11,2017-10-29 13:42:54,2018-08-17 07:09:44,3.272727272727273,11,2,-14.636363636363637,13.909090909090908,2.090909090909091,188.4818181818182,90.09363636363638,4,0.18181818181818182,0.36363636363636365,291,False,True
c286ec035ee04ba81c97508f0b5df544,81320,curitiba,PR,2,2,2,1,493.0,72.9,2,2,2017-05-12 22:47:15,2017-09-20 16:36:47,2.5,2,0,-9.0,14.0,1.0,246.5,36.45,1,0.0,0.5,130,False,True
dd8a29ce82d5c705ba932d81494600a5,8220,sao paulo,SP,2,2,2,1,205.75,27.5,2,2,2017-05-25 21:25:09,2017-09-01 16:13:42,3.5,2,0,-10.0,8.5,1.0,102.875,13.75,0,0.0,0.0,98,False,True
41da412d33e8da4f22baf55cb1bde82c,29260,domingos martins,ES,21,15,10,1,862.9,374.16,15,14,2018-01-24 19:13:01,2018-06-20 08:46:31,4.666666666666667,15,0,-18.866666666666667,9.8,1.4,57.526666666666664,24.944000000000003,0,0.0,0.0,146,False,True
782f78b632a43875dd5b53e3e49c9564,13030,campinas,SP,3,2,1,1,146.01,41.56,2,2,2017-06-19 16:56:09,2017-08-05 16:11:14,3.0,2,0,-14.0,9.0,1.5,73.005,20.78,1,0.0,0.5,46,False,True
28405831a29823802aa22c084cfd0649,3644,sao paulo,SP,7,7,1,1,245.0,88.18,7,7,2018-06-26 16:00:19,2018-08-18 18:29:46,4.285714285714286,7,0,-6.0,6.5,1.0,35.0,12.597142857142858,0,0.0,0.0,53,False,True
fe19dce63ae80346207c6c55713d1023,38010,uberaba,MG,1,1,1,1,49.9,21.82,1,1,2017-01-31 15:39:27,2017-01-31 15:39:27,5.0,1,0,-22.0,7.0,1.0,49.9,21.82,0,0.0,0.0,0,False,True
a67780aba9dd436e7ac0aa1f889e73ec,19027,presidente prudente,SP,6,6,5,2,863.0,178.04000000000002,6,6,2017-11-24 12:23:11,2018-08-06 18:03:11,3.6666666666666665,6,1,-4.333333333333333,21.333333333333332,1.0,143.83333333333334,29.673333333333336,1,0.16666666666666666,0.16666666666666666,255,False,True
d594982fd877af63ace38ea1fca27c76,1031,sao paulo,SP,7,7,2,2,217.04,92.66,7,7,2018-06-29 18:11:23,2018-08-21 11:11:03,4.428571428571429,7,0,-13.285714285714286,7.714285714285714,1.0,31.005714285714284,13.237142857142857,1,0.0,0.14285714285714285,52,False,True
dda37071807e404c5bb2a1590c66326f,3282,sao paulo,SP,1,1,1,1,199.99,19.28,1,1,2018-04-24 08:37:20,2018-04-24 08:37:20,5.0,1,0,-4.0,16.0,1.0,199.99,19.28,0,0.0,0.0,0,False,True
5bc55dbe2f12b6af6d83ed46023e0dc8,35170,coronel fabriciano,MG,21,17,9,2,2992.1,417.28,17,17,2018-02-21 10:03:23,2018-08-13 20:22:33,2.411764705882353,17,4,-7.882352941176471,13.470588235294118,1.2352941176470589,176.0058823529412,24.545882352941174,10,0.23529411764705882,0.5882352941176471,173,False,True
b1b3948701c5c72445495bd161b83a4c,3390,sao paulo,SP,18,18,4,1,24699.19,486.3,18,17,2017-06-06 08:37:30,2017-08-12 17:08:34,1.7222222222222223,18,9,4.071428571428571,22.928571428571427,1.0,1372.177222222222,27.016666666666666,14,0.5,0.7777777777777778,67,True,True
4e92348462c75b6c842b994ce84a0ed4,94930,cachoeirinha,RS,1,1,1,1,69.9,15.59,1,1,2018-07-03 22:20:41,2018-07-03 22:20:41,5.0,1,0,-19.0,9.0,1.0,69.9,15.59,0,0.0,0.0,0,False,True
6e13dd869aa7185f601c941423abcc8f,5311,sao paulo,SP,6,5,2,1,522.0,76.08,5,5,2018-04-07 18:30:52,2018-07-17 16:29:37,4.8,5,0,-12.4,4.0,1.2,104.4,15.216,0,0.0,0.0,100,False,True
723cd880edaacdb998898b67c8f9da30,14940,ibitinga,SP,12,11,8,2,2136.5299999999997,413.1,11,11,2018-03-27 12:41:26,2018-08-20 14:00:12,4.090909090909091,11,1,-11.272727272727273,9.545454545454545,1.0909090909090908,194.23,37.554545454545455,2,0.09090909090909091,0.18181818181818182,146,False,True
00ee68308b45bc5e2660cd833c3f81cc,3333,sao paulo,SP,172,135,23,2,20260.0,3180.66,135,134,2017-09-19 01:02:44,2018-08-09 20:45:10,4.298507462686567,134,10,-10.792592592592593,9.162962962962963,1.2740740740740741,150.07407407407408,23.560444444444443,15,0.07407407407407407,0.1111111111111111,324,False,True
1fbe10c70e30765ed1de86d9f7e98409,9320,maua,SP,6,2,2,1,98.75,59.36,2,2,2018-06-21 10:09:54,2018-07-18 17:25:29,2.5,2,0,-4.5,13.5,3.0,49.375,29.68,1,0.0,0.5,27,False,True
001e6ad469a905060d959994f1b41e4f,24754,sao goncalo,RJ,1,1,1,1,250.0,17.94,1,1,2018-08-07 22:50:37,2018-08-07 22:50:37,1.0,1,0,,,1.0,250.0,17.94,1,0.0,1.0,0,True,True
685b870da5b52a710782c9c0fefbeb5b,9820,sao bernardo do campo,SP,2,2,2,1,627.0,43.98,2,2,2017-12-09 13:51:24,2018-03-01 16:36:58,2.0,2,2,16.0,39.5,1.0,313.5,21.99,1,1.0,0.5,82,True,True
701938c450705b8ae65fc923b70f35c7,15014,s jose do rio preto,SP,112,75,9,2,11983.28,3808.84,75,74,2017-01-27 19:04:57,2018-04-01 21:48:34,4.013513513513513,74,3,-11.743243243243244,12.45945945945946,1.4933333333333334,159.77706666666668,50.784533333333336,9,0.04,0.12,429,False,True
f3862c2188522d89860c38a3ea8b550d,14092,ribeirao preto,SP,1,1,1,1,15.5,12.79,1,1,2018-05-15 17:41:00,2018-05-15 17:41:00,5.0,1,0,-8.0,5.0,1.0,15.5,12.79,0,0.0,0.0,0,False,True
f5f1f2c5f923f36ad79ea1d07185ddc9,19820,taruma,SP,13,12,6,1,1912.15,203.68,12,12,2018-02-22 14:47:02,2018-04-04 18:42:39,3.25,12,1,-7.9,12.5,1.0833333333333333,159.34583333333333,16.973333333333333,4,0.08333333333333333,0.3333333333333333,41,False,True
cf8ab1616079e2793aa29d524df01bb1,4088,sao paulo,SP,9,9,2,1,14391.0,759.37,9,9,2017-12-01 14:09:20,2018-03-09 00:37:23,2.0,9,1,-9.666666666666666,25.833333333333332,1.0,1599.0,84.37444444444445,7,0.1111111111111111,0.7777777777777778,97,True,True
160851d3ece7aa1a510f8d1a4bb8a8af,17400,garca,SP,2,2,2,1,102.05,39.099999999999994,2,2,2018-07-29 11:15:05,2018-08-20 15:38:49,5.0,2,0,-13.0,5.0,1.0,51.025,19.549999999999997,0,0.0,0.0,22,False,True
61c36f0fc4a47f9532e5512b66668e62,7043,guarulhos,SP,1,1,1,1,750.0,17.69,1,1,2018-03-30 09:27:22,2018-03-30 09:27:22,1.0,1,0,-7.0,12.0,1.0,750.0,17.69,1,0.0,1.0,0,True,True
59b22a78efb79a4797979612b885db36,38414,uberlandia,MG,133,125,67,4,27184.5,4897.57,125,125,2017-07-17 10:29:13,2018-08-24 10:25:51,3.9838709677419355,124,14,-10.08,12.216,1.064,217.476,39.18056,25,0.112,0.2,402,False,True
553a440137d6e0cf776aee0bb83ac9f5,13481,limeira,SP,2,2,2,2,144.8,30.34,2,2,2018-05-11 15:20:39,2018-05-29 14:29:23,1.0,2,1,-6.5,22.5,1.0,72.4,15.17,2,0.5,1.0,17,True,True
ea8482cd71df3c1969d7b9473ff13abc,4160,sao paulo,SP,1203,1146,220,2,37177.52,17544.77,1146,1133,2017-08-15 12:54:48,2018-08-24 09:20:03,3.9964912280701754,1140,96,-9.96113074204947,12.857773851590107,1.049738219895288,32.44111692844677,15.309572425828971,176,0.08376963350785341,0.15357766143106458,373,False,True
72bc2cce903c872fe376a8faaa81d237,4693,sao paulo,SP,18,17,6,2,2149.2,255.77,17,17,2017-09-19 23:12:15,2018-08-21 22:45:58,4.647058823529412,17,0,-8.176470588235293,8.294117647058824,1.0588235294117647,126.42352941176469,15.04529411764706,1,0.0,0.058823529411764705,335,False,True
65c255b299faf2d12050937cc219c46c,3060,sao paulo,SP,2,2,1,1,88.2,21.88,2,2,2017-07-26 10:16:50,2017-08-31 17:20:46,4.5,2,0,-12.5,6.5,1.0,44.1,10.94,0,0.0,0.0,36,False,True
f09e26011d833ddab11593c1a097a92a,13632,pirassununga,SP,1,1,1,1,79.9,22.19,1,1,2018-03-01 11:42:23,2018-03-01 11:42:23,1.0,1,0,,,1.0,79.9,22.19,1,0.0,1.0,0,True,True
72c73be2b085b9d57650dd53eb2004c9,2116,sao paulo,SP,1,1,1,1,29.4,17.92,1,1,2017-07-24 11:29:43,2017-07-24 11:29:43,5.0,1,0,-13.0,17.0,1.0,29.4,17.92,0,0.0,0.0,0,False,True
c2bda99904207edd1834f03e0022b007,8280,sao paulo,SP,2,2,1,1,79.8,21.88,2,2,2017-08-11 11:42:45,2017-09-27 09:25:55,2.5,2,0,-7.0,12.0,1.0,39.9,10.94,1,0.0,0.5,46,False,True
3d4824f20035949c710eaf111f869d39,18015,sorocaba,SP,10,9,8,7,1041.04,173.54,9,9,2018-06-04 19:07:48,2018-08-23 00:20:45,4.111111111111111,9,1,-19.625,8.125,1.1111111111111112,115.6711111111111,19.28222222222222,2,0.1111111111111111,0.2222222222222222,79,False,True
042573af89b6d931f672efaf789d8358,18015,sorocaba,SP,3,3,3,2,413.48,65.09,3,3,2018-01-21 17:44:36,2018-02-11 13:08:02,3.6666666666666665,3,1,-1.0,19.666666666666668,1.0,137.82666666666668,21.69666666666667,1,0.3333333333333333,0.3333333333333333,20,False,True
5b925e1d006e9476d738aa200751b73b,4567,sao paulo,SP,63,63,8,1,7748.5,1053.34,63,58,2017-10-06 11:52:25,2018-08-20 18:43:09,4.603174603174603,63,4,-11.222222222222221,10.46031746031746,1.0,122.9920634920635,16.719682539682537,3,0.06349206349206349,0.047619047619047616,318,False,True
06bb3a2fe5e7b7a845b13e8fb91bd944,31844,belo horizonte,MG,18,17,14,1,1536.19,326.14,17,17,2017-09-11 08:09:15,2018-07-04 22:45:03,4.588235294117647,17,0,-13.823529411764707,8.235294117647058,1.0588235294117647,90.36411764705883,19.18470588235294,0,0.0,0.0,296,False,True
5f5a58930c3c35f3b5af264f34fb8c85,14020,ribeirao preto,SP,3,3,2,2,560.0,68.59,3,2,2018-06-25 09:19:01,2018-07-19 12:04:10,5.0,3,0,-22.0,7.666666666666667,1.0,186.66666666666666,22.863333333333333,0,0.0,0.0,24,False,True
fe2032dab1a61af8794248c8196565c9,13030,campinas,SP,306,294,70,2,65959.61,4721.34,294,293,2017-03-08 11:54:55,2018-08-21 15:12:32,4.375862068965517,290,26,-10.941979522184301,10.286689419795222,1.0408163265306123,224.35241496598638,16.058979591836735,29,0.08843537414965986,0.09863945578231292,531,False,True
3092c0b297aacfb4bb6e056ebe13b9b8,7402,aruja,SP,21,19,17,7,1623.9,360.09,19,19,2018-01-18 22:44:34,2018-06-29 09:18:48,3.6315789473684212,19,0,-28.1875,12.8125,1.105263157894737,85.46842105263158,18.952105263157893,5,0.0,0.2631578947368421,161,False,True
c004e5ea15737026cecaee0447e00b75,2035,sao paulo,SP,2,2,1,1,4700.0,174.32,2,2,2018-08-06 11:06:21,2018-08-10 00:17:59,1.0,2,1,15.0,33.0,1.0,2350.0,87.16,2,0.5,1.0,3,True,True
8629a7efec1aab257e58cda559f03ba7,74223,goiania,GO,1,1,1,1,45.22,18.89,1,1,2018-02-16 13:56:54,2018-02-16 13:56:54,1.0,1,1,33.0,59.0,1.0,45.22,18.89,1,1.0,1.0,0,True,True
1c56ffe0e9dea2657fc6e95b53f40b13,13575,sao carlos,SP,3,3,2,1,183.0,84.39,3,3,2018-07-23 11:36:26,2018-08-22 21:47:41,4.333333333333333,3,0,-9.333333333333334,6.333333333333333,1.0,61.0,28.13,0,0.0,0.0,30,False,True
74a9b9bddf14ece02beb81f52c41a88d,1156,sao paulo,SP,2,2,2,2,95.0,22.06,2,2,2017-11-27 12:25:21,2018-02-07 20:57:16,3.5,2,0,-13.0,11.5,1.0,47.5,11.03,1,0.0,0.5,72,False,True
1cbd32d00d01bb8087a5eb088612fd9c,3363,sp / sp,SP,12,11,11,5,1045.47,244.06,11,11,2018-05-10 14:32:26,2018-08-19 12:31:08,4.181818181818182,11,1,-11.090909090909092,12.090909090909092,1.0909090909090908,95.04272727272728,22.187272727272727,1,0.09090909090909091,0.09090909090909091,100,False,True
850857dfac77488c307e2b1cbd84ab5a,85802,cascavel,PR,1,1,1,1,1599.0,39.72,1,1,2018-06-12 21:05:40,2018-06-12 21:05:40,5.0,1,0,-26.0,2.0,1.0,1599.0,39.72,0,0.0,0.0,0,False,True
e0a366315b1b726b6c7832d664c0f530,2258,sao paulo,SP,51,43,21,4,7400.09,745.08,43,42,2017-06-10 15:22:55,2018-08-16 22:08:23,4.3023255813953485,43,1,-11.651162790697674,7.441860465116279,1.186046511627907,172.09511627906977,17.327441860465118,6,0.023255813953488372,0.13953488372093023,432,False,True
4049512728d969bec69f84088b012416,30310,belo horizonte,MG,9,7,7,2,389.84,160.43,7,7,2017-04-23 22:08:43,2018-01-31 23:46:01,5.0,7,0,-18.428571428571427,9.857142857142858,1.2857142857142858,55.69142857142857,22.91857142857143,0,0.0,0.0,283,False,True
120476eb7a04c149d14772edaf5d9bf2,23954,angra dos reis,RJ,6,4,4,3,2368.8,150.83,4,4,2018-07-14 09:19:17,2018-08-10 11:56:30,4.25,4,0,-13.25,7.5,1.5,592.2,37.7075,0,0.0,0.0,27,False,True
cd6efc47efaabf134f8bdb654e10b4f1,23050,rio de janeiro,RJ,32,31,10,6,4158.55,598.61,31,31,2017-11-13 08:04:09,2018-08-15 14:18:13,4.483870967741935,31,2,-14.064516129032258,8.193548387096774,1.032258064516129,134.1467741935484,19.31,2,0.06451612903225806,0.06451612903225806,275,False,True
2a7c6c0b0d5efde2bf75ec1e1cec2d41,87015,maringa,PR,3,3,3,1,147.6,44.44,3,3,2017-11-14 12:03:44,2017-12-11 14:48:45,3.3333333333333335,3,0,-15.333333333333334,10.333333333333334,1.0,49.199999999999996,14.813333333333333,1,0.0,0.3333333333333333,27,False,True
4e17c65a516f69d023a2ae78b84f28d6,8673,suzano,SP,74,61,47,5,7639.26,1155.54,61,61,2017-03-13 23:46:04,2018-08-26 19:22:51,4.229508196721311,61,3,-22.114754098360656,12.950819672131148,1.2131147540983607,125.23377049180328,18.94327868852459,11,0.04918032786885246,0.18032786885245902,530,False,True
a8739afb32aaa45e01815ca76f76f54b,9850,sao bernardo do campo,SP,15,13,8,1,298.83,264.73,13,13,2018-06-07 22:47:32,2018-08-06 19:31:50,3.769230769230769,13,0,-10.384615384615385,9.0,1.1538461538461537,22.986923076923077,20.363846153846154,3,0.0,0.23076923076923078,59,False,True
d4828feed4cda2cd9d6b37899a95a71e,63020,juzeiro do norte,CE,1,1,1,1,39.9,22.21,1,1,2018-08-07 00:33:24,2018-08-07 00:33:24,2.0,1,0,-23.0,13.0,1.0,39.9,22.21,1,0.0,1.0,0,True,True
e3d3b3efac954a60d61be70b7e05b49b,3370,sao paulo,SP,3,3,3,1,1282.05,123.78,3,3,2018-06-06 12:18:34,2018-06-25 01:28:11,4.333333333333333,3,0,-17.666666666666668,10.666666666666666,1.0,427.34999999999997,41.26,0,0.0,0.0,18,False,True
d558ebe531605a1285ab2b1bc3256dfb,35501,divinopolis,MG,3,3,2,1,709.0,73.23,3,3,2018-03-16 18:48:02,2018-06-09 18:56:00,4.666666666666667,3,0,-13.0,9.0,1.0,236.33333333333334,24.41,0,0.0,0.0,85,False,True
c7a0a13cbcf29d5ce51c8f80afdc0b89,89170,laurentino,SC,9,8,4,2,483.08,174.72,8,8,2017-10-04 23:18:03,2018-08-08 23:12:35,4.125,8,0,-14.125,10.125,1.125,60.385000000000005,21.84,1,0.0,0.125,307,False,True
33ac3e28642ab8bda860a2f693000e78,6717,cotia,SP,35,34,18,2,3661.03,490.09000000000003,34,34,2017-02-09 21:17:20,2018-07-23 11:42:25,4.205882352941177,34,0,-13.029411764705882,8.235294117647058,1.0294117647058822,107.67735294117648,14.414411764705884,4,0.0,0.11764705882352941,528,False,True
8936ba0de1073ee888cb3185ae5dc661,3372,sao paulo,SP,1,1,1,1,389.99,22.22,1,1,2017-04-05 08:53:24,2017-04-05 08:53:24,5.0,1,0,-10.0,13.0,1.0,389.99,22.22,0,0.0,0.0,0,False,True
18a349e75d307f4b4cc646a691ed4216,1319,sao paulo,SP,148,121,42,17,8711.53,2198.03,121,120,2017-08-21 12:54:37,2018-08-26 19:04:40,3.441666666666667,120,6,-14.568807339449542,10.743119266055047,1.2231404958677685,71.99611570247934,18.165537190082645,38,0.049586776859504134,0.3140495867768595,370,False,True
a72c2f59332659e361d647515c698798,95270,flores da cunha,RS,6,5,3,2,802.9,131.03,5,5,2018-01-14 17:09:25,2018-07-16 21:37:24,4.8,5,0,-17.4,9.8,1.2,160.57999999999998,26.206,0,0.0,0.0,183,False,True
b55638ad525e906c698fa2ce742c1742,88780,imbituba,SC,12,11,6,1,1094.8,290.87,11,11,2017-11-06 19:23:13,2018-08-08 12:51:29,4.181818181818182,11,2,-9.636363636363637,22.90909090909091,1.0909090909090908,99.52727272727272,26.44272727272727,0,0.18181818181818182,0.0,274,False,True
be9a160a9011f627c3e121d076c1ec7b,89256,jaragua do sul,SC,7,7,7,2,2934.0,248.52,7,7,2017-03-26 11:36:32,2017-12-08 13:25:28,3.5714285714285716,7,0,-17.4,14.4,1.0,419.14285714285717,35.502857142857145,2,0.0,0.2857142857142857,257,False,True
ed859002ad59dbf8cf3602696a6c3000,86035,londrina,PR,13,7,5,3,2421.7,268.94,7,7,2016-10-04 20:41:55,2017-01-23 20:35:00,3.7142857142857144,7,0,-31.166666666666668,18.0,1.8571428571428572,345.95714285714286,38.42,2,0.0,0.2857142857142857,110,False,True
12b9676b00f60f3b700e83af21824c0e,95780,montenegro,RS,135,135,37,3,26774.0,3568.69,135,135,2017-03-07 22:10:46,2018-08-26 21:55:14,4.537313432835821,134,1,-21.2406015037594,14.631578947368421,1.0,198.32592592592593,26.43474074074074,6,0.007407407407407408,0.044444444444444446,536,False,True
ef2fbc2b607d8492bcffe657a4645434,20051,rio de janeiro,RJ,22,20,7,5,970.8,362.89,20,20,2018-07-02 16:44:40,2018-08-26 11:44:34,3.85,20,2,-10.263157894736842,6.578947368421052,1.1,48.54,18.1445,5,0.1,0.25,54,False,True
a080fc8a850289b27500f6b49cca2553,3382,sao paulo,SP,4,4,4,2,383.0,52.57,4,4,2018-03-13 20:28:59,2018-06-25 19:03:18,4.75,4,0,-9.5,4.75,1.0,95.75,13.1425,0,0.0,0.0,103,False,True
9c57bc60cfad5ee62d35d3f1ce4593a1,81200,curitiba,PR,1,1,1,1,180.0,15.43,1,1,2017-04-26 13:34:20,2017-04-26 13:34:20,1.0,1,1,14.0,37.0,1.0,180.0,15.43,1,1.0,1.0,0,True,True
9539213aa8e023c01937bef95dc006da,3673,sao paulo,SP,9,9,2,1,229.1,89.94,9,9,2017-11-29 18:10:01,2018-03-11 22:52:36,4.555555555555555,9,1,-4.333333333333333,11.222222222222221,1.0,25.455555555555556,9.993333333333332,0,0.1111111111111111,0.0,102,False,True
69a43819c758c65a5befb0b471c954d7,86802,apucarana,PR,3,2,3,1,299.85,100.91,2,2,2017-06-15 11:48:29,2017-09-16 20:40:17,4.0,2,0,-25.0,12.5,1.5,149.925,50.455,0,0.0,0.0,93,False,True
8fdca8e349553f99bc738833a62c8802,2189,sao paulo,SP,29,22,4,3,989.34,380.88,22,22,2016-10-06 12:51:54,2017-08-09 10:26:30,4.190476190476191,21,1,-12.454545454545455,10.045454545454545,1.3181818181818181,44.97,17.312727272727273,2,0.045454545454545456,0.09090909090909091,306,False,True
0bb27263628258b8111a0262769fa9db,3077,sao paulo,SP,1,1,1,1,22.2,10.96,1,1,2017-04-01 17:24:26,2017-04-01 17:24:26,5.0,1,0,-17.0,41.0,1.0,22.2,10.96,0,0.0,0.0,0,False,True
08061dc0fc165ed41288cc7acde738ee,6036,osasco,SP,4,4,3,1,123.80000000000001,58.42,4,4,2017-03-23 00:48:00,2017-11-14 12:48:34,4.5,4,1,-1.0,19.5,1.0,30.950000000000003,14.605,0,0.25,0.0,236,False,True
4ebdc7e6cd6102a022dadc49156d4ea8,5030,sao paulo,SP,32,29,23,4,928.6999999999999,369.2,29,29,2017-02-22 10:39:37,2018-07-19 19:38:57,3.793103448275862,29,1,-11.0,9.517241379310345,1.103448275862069,32.02413793103448,12.73103448275862,6,0.034482758620689655,0.20689655172413793,512,False,True
f918546be4bec7104d117789ba758b2b,5634,sao paulo,SP,23,20,3,1,1483.0,347.15,20,20,2017-12-05 09:22:52,2018-06-26 15:07:53,3.85,20,3,-8.55,11.95,1.15,74.15,17.357499999999998,4,0.15,0.2,203,False,True
eb4a59a06b3948e851a7d7a830bcbc42,41820,salvador,BA,2,2,1,1,64.0,44.0,2,2,2018-02-23 17:55:18,2018-05-14 15:12:30,3.0,2,0,-10.0,11.0,1.0,32.0,22.0,1,0.0,0.5,79,False,True
80146bc52c4f6af5239b23de2a20262b,6753,taboao da serra,SP,2,1,1,1,27.1,49.68,1,1,2017-02-24 13:50:32,2017-02-24 13:50:32,3.0,1,0,,,2.0,27.1,49.68,0,0.0,0.0,0,False,True
4091f77d8c768fc3e81c20761471761d,3059,sao paulo,SP,8,8,6,1,1079.0,230.87,8,8,2018-01-06 14:14:53,2018-08-07 09:12:17,2.75,8,2,-5.375,17.5,1.0,134.875,28.85875,3,0.25,0.375,212,False,True
0dfbed20065e425d2eaefb101f9816c0,13660,porto ferreira,SP,3,3,2,2,84.35,49.25,3,3,2018-05-12 23:13:36,2018-06-04 21:18:04,2.6666666666666665,3,1,-2.0,21.0,1.0,28.116666666666664,16.416666666666668,2,0.3333333333333333,0.6666666666666666,22,False,True
26bad72add1f86e08a776ce4ffdaf1ca,14470,pedregulho,SP,7,7,5,1,622.0,123.92,7,7,2017-09-13 14:44:40,2018-05-21 11:08:51,4.428571428571429,7,0,-13.571428571428571,10.571428571428571,1.0,88.85714285714286,17.702857142857145,0,0.0,0.0,249,False,True
e174dc2de86d60fee178170a154c05e7,9210,santo andre,SP,1,1,1,1,19.8,14.1,1,1,2017-08-17 12:18:55,2017-08-17 12:18:55,1.0,1,0,,,1.0,19.8,14.1,1,0.0,1.0,0,True,True
612170e34b97004b3ba37eae81836b4c,93542,novo hamburgo,RS,110,107,48,12,23065.02,2307.06,107,107,2018-06-11 14:32:25,2018-08-22 10:02:13,4.429906542056075,107,1,-18.373831775700936,10.57943925233645,1.02803738317757,215.56093457943925,21.561308411214952,8,0.009345794392523364,0.07476635514018691,71,False,True
2a84855fd20af891be03bc5924d2b453,30111,belo horizonte,MG,168,164,55,8,15819.1,3451.51,164,163,2017-12-28 12:31:49,2018-08-29 14:18:28,4.253086419753086,162,4,-12.419354838709678,8.12258064516129,1.024390243902439,96.45792682926829,21.04579268292683,18,0.024390243902439025,0.10975609756097561,244,False,True
cf2384dd2f1dddea3f838efed0945e65,13930,serra negra,SP,16,16,5,2,2101.5,433.44,16,16,2017-03-09 20:28:23,2018-08-02 12:14:15,3.9375,16,0,-8.6875,13.8125,1.0,131.34375,27.09,2,0.0,0.125,510,False,True
377bc18334c78dd2f1535ef22a3ad225,83015,sao jose dos pinhais,PR,1,1,1,1,135.98,88.46,1,1,2018-08-18 20:59:58,2018-08-18 20:59:58,5.0,1,0,-13.0,9.0,1.0,135.98,88.46,0,0.0,0.0,0,False,True
439a47cc365d6e3bd526812ea9de3c29,8730,mogi das cruzes,SP,13,8,5,1,1186.5,224.43,8,8,2017-08-21 15:37:43,2018-07-05 01:16:37,4.25,8,0,-11.25,6.75,1.625,148.3125,28.05375,1,0.0,0.125,317,False,True
6ba4733aa33f6386e9fb0c0fd3993b38,95560,torres,RS,3,3,3,1,149.79,60.09,3,3,2018-04-16 21:43:52,2018-08-17 10:32:19,4.666666666666667,3,0,-11.333333333333334,12.0,1.0,49.93,20.03,0,0.0,0.0,122,False,True
4b39558c138930b9e5489c93b6df5fe3,49055,aracaju,SE,5,4,3,2,1096.7,132.4,4,4,2017-11-15 00:16:15,2018-01-14 16:43:17,4.5,4,0,-13.75,12.25,1.25,274.175,33.1,0,0.0,0.0,60,False,True
4b9750c8ad28220fe6702d4ecb7c898f,13484,limeira,SP,222,218,34,2,15915.3,3389.8,218,217,2017-10-12 12:42:46,2018-08-27 12:11:07,4.362385321100917,218,13,-9.36405529953917,9.0,1.018348623853211,73.00596330275229,15.54954128440367,15,0.05963302752293578,0.06880733944954129,318,False,True
278b6e0b20c4f61fefaa0577943d7a35,88316,itajai,SC,2,1,1,1,1078.0,74.62,1,1,2018-05-10 13:10:44,2018-05-10 13:10:44,1.0,1,0,,,2.0,1078.0,74.62,1,0.0,1.0,0,True,True
ba8e85df286308fe68a2ce83a8f8b2d6,88135,santa catarina,SC,1,1,1,1,80.9,16.76,1,1,2018-06-12 22:21:34,2018-06-12 22:21:34,5.0,1,0,-21.0,9.0,1.0,80.9,16.76,0,0.0,0.0,0,False,True
2059c39f76271d4ca3f15b5ffaccc8b8,81930,curitiba,PR,12,12,2,1,604.9,186.39000000000001,12,12,2017-02-01 13:18:42,2017-09-07 20:12:30,4.5,12,0,-13.333333333333334,8.916666666666666,1.0,50.40833333333333,15.5325,0,0.0,0.0,218,False,True
5a05a16bb50629ee31afab8a6d4c2674,95076,caxias do sul,RS,15,14,5,1,794.3,281.18,14,14,2018-03-06 17:45:41,2018-07-02 17:52:02,4.214285714285714,14,0,-11.857142857142858,6.642857142857143,1.0714285714285714,56.73571428571428,20.084285714285716,1,0.0,0.07142857142857142,118,False,True
edb65fe661681b1c0de8bd47c8655855,8111,sao paulo,SP,1,1,1,1,69.0,15.24,1,1,2017-04-26 12:37:33,2017-04-26 12:37:33,3.0,1,0,-7.0,14.0,1.0,69.0,15.24,0,0.0,0.0,0,False,True
8cbac7e12637ed9cffa18c7875207478,89254,jaragua do sul,SC,82,67,21,4,2990.98,1663.37,67,67,2017-01-26 14:29:25,2018-08-27 18:25:28,4.119402985074627,67,4,-13.621212121212121,13.515151515151516,1.2238805970149254,44.64149253731343,24.82641791044776,8,0.05970149253731343,0.11940298507462686,578,False,True
fdb9095204a334cd8872252ffec6f2db,3331,sao paulo,SP,61,46,14,1,8156.0,1133.37,46,46,2017-06-27 23:21:05,2018-05-28 10:55:14,4.173913043478261,46,3,-11.130434782608695,8.195652173913043,1.326086956521739,177.30434782608697,24.63847826086956,6,0.06521739130434782,0.13043478260869565,334,False,True
0cab2da43793a6f3c5ed8514c5f54627,80060,curitiba,PR,3,3,2,2,309.70000000000005,57.2,3,3,2018-05-11 10:26:01,2018-07-27 10:30:54,5.0,3,0,-21.333333333333332,4.666666666666667,1.0,103.23333333333335,19.066666666666666,0,0.0,0.0,77,False,True
5b97c06a046398e7005b2b7c0d707a92,38770,joao pinheiro,MG,4,4,1,1,1519.96,249.63,4,4,2017-05-27 00:14:22,2017-07-27 12:29:26,3.25,4,1,-2.6666666666666665,25.666666666666668,1.0,379.99,62.4075,1,0.25,0.25,61,False,True
aae3bfea055532c57fb453ed3ec80b30,9271,santo andre,SP,50,48,5,1,3057.92,799.25,48,48,2017-01-18 17:20:39,2018-05-15 16:01:56,3.595744680851064,47,0,-13.770833333333334,12.0625,1.0416666666666667,63.70666666666667,16.651041666666668,10,0.0,0.20833333333333334,481,False,True
866558b3bccef2dbc6d29a2b5995016f,86706,arapongas,PR,6,5,4,2,1519.3999999999999,351.35,5,5,2017-10-22 14:36:12,2018-07-20 17:57:36,4.8,5,0,-13.0,11.4,1.2,303.88,70.27000000000001,0,0.0,0.0,271,False,True
cb5df0dcb9e280b1780e9d589889f2c7,15115,bady bassitt,SP,19,16,15,5,2934.7200000000003,754.49,16,16,2017-01-29 14:57:59,2017-06-14 17:06:33,2.6,15,2,-15.454545454545455,21.0,1.1875,183.42000000000002,47.155625,8,0.125,0.5,136,False,True
9bcdfa7b615b3abb9461d9e3ad9886ae,89053,blumenau,SC,20,14,10,1,2126.07,397.72,14,14,2017-01-31 21:14:52,2018-04-16 20:07:14,4.428571428571429,14,1,-14.571428571428571,12.0,1.4285714285714286,151.86214285714286,28.408571428571427,1,0.07142857142857142,0.07142857142857142,439,False,True
271c58a1d139c45eaf3316107c6d3a3b,3632,sao paulo,SP,29,29,6,1,3897.52,671.19,29,29,2018-05-02 13:55:37,2018-08-14 18:45:08,4.068965517241379,29,2,-11.222222222222221,12.666666666666666,1.0,134.39724137931034,23.14448275862069,5,0.06896551724137931,0.1724137931034483,104,False,True
2dee2ce60de9709b1a24083217181a1f,78552,sinop,MT,55,54,8,1,7784.5,2060.06,54,54,2017-07-18 19:49:49,2018-06-28 14:29:37,4.425925925925926,54,1,-17.537037037037038,13.648148148148149,1.0185185185185186,144.15740740740742,38.14925925925926,3,0.018518518518518517,0.05555555555555555,344,False,True
a154d7316f158bb42e6fa18bbe3afd3a,3804,sao paulo,SP,2,2,1,0,139.8,50.33,2,2,2017-03-06 16:42:52,2017-03-10 19:32:26,3.0,2,1,16.5,47.0,1.0,69.9,25.165,1,0.5,0.5,4,False,True
f84fa566034f5e8e880a07ec624c56af,13330,indaiatuba,SP,102,91,8,3,5093.79,1232.91,91,91,2017-07-21 00:45:06,2018-08-14 16:22:27,4.211111111111111,90,9,-7.573033707865169,11.55056179775281,1.120879120879121,55.97571428571428,13.54846153846154,11,0.0989010989010989,0.12087912087912088,389,False,True
4c1c7281388a33dd06daac44f9fadbd1,17510,marilia,SP,5,5,5,3,188.32,81.59,5,5,2018-04-04 09:12:02,2018-06-20 19:31:47,4.8,5,0,-16.4,8.4,1.0,37.664,16.318,0,0.0,0.0,77,False,True
2063dd1b9f568df1c16741ea7d3e6adb,85065,guarapuava,PR,3,3,3,1,763.1,57.17,3,3,2017-03-05 20:31:56,2017-11-15 21:27:34,5.0,3,0,-26.333333333333332,12.333333333333334,1.0,254.36666666666667,19.05666666666667,0,0.0,0.0,255,False,True
9cea4682e16655f7da87f406902e989e,83707,araucaria,PR,9,4,2,1,87.75999999999999,131.47,4,4,2017-03-22 23:39:13,2018-02-02 23:31:10,4.0,4,0,-17.75,9.25,2.25,21.939999999999998,32.8675,1,0.0,0.25,316,False,True
b1ac6ea7895bc3dd6f0f6f4abbdd2821,92030,canoas,RS,41,40,3,1,3139.0,825.33,40,40,2017-03-11 17:05:35,2018-01-15 06:16:49,4.35,40,0,-16.81578947368421,9.710526315789474,1.025,78.475,20.63325,3,0.0,0.075,309,False,True
851773c885feb5e2da3b4f82bc2b17ce,18683,lencois paulista,SP,10,10,8,1,585.3,251.82999999999998,10,10,2018-02-08 13:55:48,2018-08-26 13:33:43,4.2,10,2,-8.5,16.2,1.0,58.529999999999994,25.183,1,0.2,0.1,198,False,True
0ff83046c3fa22efee8ecf291888b191,95110,caxias do sul,RS,11,10,6,1,768.9000000000001,254.48000000000002,10,10,2017-04-01 18:33:06,2018-04-01 22:36:20,4.8,10,0,-17.7,12.1,1.1,76.89000000000001,25.448,0,0.0,0.0,365,False,True
2b2fed75b8e5ea3a052fc4c0825da485,36015,juiz de fora,MG,4,3,3,1,510.9,59.93,3,3,2017-04-23 15:20:31,2017-07-29 22:32:22,5.0,3,0,-20.333333333333332,4.666666666666667,1.3333333333333333,170.29999999999998,19.976666666666667,0,0.0,0.0,97,False,True
9f50216bfd01913736a55a11b55ea842,12020,taubate,SP,19,17,14,8,1354.0,317.1,17,17,2018-06-22 00:07:03,2018-08-18 13:46:39,4.411764705882353,17,2,-8.176470588235293,9.647058823529411,1.1176470588235294,79.6470588235294,18.65294117647059,1,0.11764705882352941,0.058823529411764705,57,False,True
2d518637f53161b973e01f56ea4bb88e,2992,sao paulo,SP,13,13,2,1,1219.8899999999999,319.81,13,13,2018-04-13 14:37:55,2018-07-30 20:33:35,4.923076923076923,13,0,-21.615384615384617,13.307692307692308,1.0,93.8376923076923,24.60076923076923,0,0.0,0.0,108,False,True
aafe36600ce604f205b86b5084d3d767,88115,sao jose,SC,131,129,30,4,9251.4,2421.8,129,129,2017-02-18 22:42:34,2018-08-16 09:28:54,4.403100775193798,129,5,-13.131782945736434,12.03875968992248,1.0155038759689923,71.71627906976744,18.773643410852713,12,0.03875968992248062,0.09302325581395349,543,False,True
efff9341f3f8f5237b44ff67ed36a7bf,29090,vitoria,ES,5,5,4,3,872.99,99.66,5,5,2018-05-01 22:37:30,2018-08-15 19:42:43,4.4,5,0,-9.4,11.4,1.0,174.598,19.932,0,0.0,0.0,105,False,True
a7d0f8dd44f57ef6de7f7f02e3d82630,3225,sao paulo,SP,2,2,2,2,73.78999999999999,25.88,2,2,2018-06-25 12:06:07,2018-08-19 20:26:26,4.5,2,0,-11.0,5.5,1.0,36.894999999999996,12.94,0,0.0,0.0,55,False,True
5b07547f10dd980738a1a27f685af669,7013,guarulhos,SP,14,13,3,2,1134.6000000000001,185.47,13,13,2018-08-01 10:27:42,2018-08-24 10:46:25,4.461538461538462,13,2,-5.846153846153846,5.846153846153846,1.0769230769230769,87.27692307692308,14.266923076923076,1,0.15384615384615385,0.07692307692307693,23,False,True
a99504ac23ed125aaf5302af6cc30af9,14300,batatais,SP,1,1,1,1,978.0,47.24,1,1,2017-10-14 14:45:58,2017-10-14 14:45:58,5.0,1,0,-8.0,16.0,1.0,978.0,47.24,0,0.0,0.0,0,False,True
5882820ef11c4c068eea0677a7a879b4,95082,caxias do sul,RS,14,14,6,2,9925.5,739.31,14,14,2017-04-04 09:36:12,2018-07-20 10:32:03,4.153846153846154,13,0,-17.357142857142858,14.428571428571429,1.0,708.9642857142857,52.80785714285714,0,0.0,0.0,472,False,True
7357b52d27cbaa90f81a96cbc1279396,33400,lagoa santa,MG,12,12,3,2,1328.02,217.81,12,12,2018-05-15 18:17:45,2018-08-22 21:33:00,4.333333333333333,12,1,-9.083333333333334,9.416666666666666,1.0,110.66833333333334,18.150833333333335,1,0.08333333333333333,0.08333333333333333,99,False,True
180c3376aff0e43dd5788709df48a843,9911,sao paulo,SP,10,5,3,2,4513.0,209.97,5,5,2017-08-11 11:35:58,2018-01-03 17:24:21,4.4,5,1,-4.8,20.2,2.0,902.6,41.994,1,0.2,0.2,145,False,True
b4b447d715f9ab302a188fb43d3e96b3,4711,sao paulo,SP,5,5,2,1,685.9300000000001,93.73,5,5,2018-07-03 15:00:40,2018-08-26 22:19:40,4.8,5,0,-6.4,3.0,1.0,137.186,18.746000000000002,0,0.0,0.0,54,False,True
5e25c632f9db6cfb8bc100421c2737b6,89801,chapeco,SC,1,1,1,1,259.0,19.91,1,1,2018-06-12 21:32:28,2018-06-12 21:32:28,5.0,1,0,-24.0,6.0,1.0,259.0,19.91,0,0.0,0.0,0,False,True
f4c4daa86e30c7e5a553a8d518ac03a5,85801,cascavel,PR,20,20,20,2,6301.91,369.29,20,20,2017-03-21 14:37:07,2017-11-27 13:26:43,3.7,20,1,-13.555555555555555,16.11111111111111,1.0,315.0955,18.4645,5,0.05,0.25,250,False,True
398cb257329ef7af7f1943a8974a3cbc,40285,salvador,BA,1,1,1,1,145.9,15.47,1,1,2018-07-20 09:42:40,2018-07-20 09:42:40,5.0,1,0,-18.0,7.0,1.0,145.9,15.47,0,0.0,0.0,0,False,True
4003520d80d0bad1d5623f7aa3c63cda,20520,rio de janeiro,RJ,1,1,1,1,70.0,16.74,1,1,2017-09-26 20:50:49,2017-09-26 20:50:49,1.0,1,0,-5.0,17.0,1.0,70.0,16.74,1,0.0,1.0,0,True,True
3289d8c3eef4873f91ce0b1343c0dd58,11701,praia grande,SP,1,1,1,1,199.99,19.28,1,1,2018-05-25 18:44:29,2018-05-25 18:44:29,5.0,1,0,-20.0,13.0,1.0,199.99,19.28,0,0.0,0.0,0,False,True
b0f2a6122a90a93eb03e68653dd960e3,80710,curitiba,PR,7,6,4,1,1620.3,137.98,6,5,2018-04-28 17:05:06,2018-08-08 16:54:04,4.833333333333333,6,0,-17.333333333333332,7.666666666666667,1.1666666666666667,270.05,22.996666666666666,0,0.0,0.0,101,False,True
6c1b6d0c604b776f844125f911eb7377,5051,sao paulo,SP,5,5,3,3,443.06,81.44,5,5,2017-02-01 15:42:59,2017-03-12 21:28:55,3.4,5,0,-15.0,17.25,1.0,88.612,16.288,1,0.0,0.2,39,False,True
c4af86330efa7a2620772227d2d670c9,8840,mogi das cruzes,SP,4,4,1,1,5396.0,364.96,4,4,2018-01-02 19:00:43,2018-06-15 20:46:53,4.333333333333333,3,0,-18.75,14.75,1.0,1349.0,91.24,0,0.0,0.0,164,False,True
a888faf2d1baececa6baf9c3d603ee1f,87502,umuarama,PR,55,54,19,1,17765.8,1121.52,54,54,2017-01-28 21:51:24,2018-05-02 03:50:02,4.037037037037037,54,5,-10.679245283018869,17.49056603773585,1.0185185185185186,328.9962962962963,20.76888888888889,9,0.09259259259259259,0.16666666666666666,458,False,True
681fce914360217db47784ae28905a96,83709,araucaria,PR,24,23,9,3,4127.33,444.47,23,22,2017-10-20 11:05:57,2018-07-30 18:54:21,4.0,22,3,-13.08695652173913,12.217391304347826,1.0434782608695652,179.4491304347826,19.324782608695653,5,0.13043478260869565,0.21739130434782608,283,False,True
31be790e64fc99f8ff48ec2bd18a3104,9690,sao bernardo do campo,SP,6,6,3,1,241.39999999999998,72.28,6,6,2018-07-29 23:08:40,2018-08-17 20:53:26,4.333333333333333,6,2,-2.8333333333333335,6.166666666666667,1.0,40.23333333333333,12.046666666666667,0,0.3333333333333333,0.0,18,False,True
7b3447b497e55af8c15fc7bd89d7b81a,8225,sao paulo,SP,1,1,1,1,49.9,20.75,1,1,2017-11-17 19:53:15,2017-11-17 19:53:15,5.0,1,0,-13.0,13.0,1.0,49.9,20.75,0,0.0,0.0,0,False,True
e560e4022d8f7aebf155db95946c5c0f,31110,belo horizonte,MG,2,2,1,1,780.0,90.21000000000001,2,2,2018-06-12 11:26:51,2018-07-11 20:39:58,5.0,2,0,-11.5,9.5,1.0,390.0,45.105000000000004,0,0.0,0.0,29,False,True
2f9b7ce230a057a98a9f5df5893ee36c,6460,barueri,SP,2,2,2,1,141.82,30.03,2,2,2017-05-17 10:45:24,2017-06-18 16:13:28,4.5,2,0,-6.5,10.0,1.0,70.91,15.015,0,0.0,0.0,32,False,True
41b39e28db005d9731d9d485a83b4c38,9220,santo andre,SP,231,195,132,5,17112.55,3930.36,195,193,2017-01-19 15:21:44,2018-08-20 14:19:56,4.035897435897436,195,9,-17.983957219251337,11.877005347593583,1.1846153846153846,87.75666666666666,20.15569230769231,33,0.046153846153846156,0.16923076923076924,577,False,True
809413606dbfe5deefd2db646693ef67,4602,sao paulo,SP,5,3,3,1,196.68,50.37,3,3,2017-11-05 22:41:44,2018-05-06 20:41:35,4.333333333333333,3,0,-8.0,6.666666666666667,1.6666666666666667,65.56,16.79,0,0.0,0.0,181,False,True
609e1a9a6c2539919b8205cf7c4e6ff0,88359,brusque,SC,130,87,69,3,6595.23,2687.19,87,87,2018-01-27 11:28:32,2018-08-24 00:35:51,3.8117647058823527,85,1,-16.862068965517242,9.735632183908047,1.4942528735632183,75.80724137931034,30.887241379310346,18,0.011494252873563218,0.20689655172413793,208,False,True
c3e2398fcc7e581cda2e546557bf6968,4781,sao paulo,SP,1,1,1,1,14.9,15.23,1,1,2018-06-23 20:33:24,2018-06-23 20:33:24,5.0,1,0,-14.0,11.0,1.0,14.9,15.23,0,0.0,0.0,0,False,True
740205fedfe4e90ca6857bc77db0f2b4,95055,caxias do sul,SP,1,1,1,1,229.9,21.93,1,1,2017-02-17 03:09:22,2017-02-17 03:09:22,5.0,1,0,-31.0,3.0,1.0,229.9,21.93,0,0.0,0.0,0,False,True
c79151301b9d90985d1fa52879213105,87083,maringa,PR,8,4,3,1,322.3,130.81,4,4,2017-11-18 11:32:47,2018-04-16 20:22:37,3.75,4,0,-17.666666666666668,8.666666666666666,2.0,80.575,32.7025,1,0.0,0.25,149,False,True
3e46a38ee171c503c3b4a3f23fe3bf0c,18040,sorocaba,SP,1,1,1,1,59.9,9.11,1,1,2018-06-22 13:20:40,2018-06-22 13:20:40,5.0,1,0,-9.0,4.0,1.0,59.9,9.11,0,0.0,0.0,0,False,True
3d4b1ae7539303b5704493798893e82c,3244,sao paulo,SP,9,6,6,2,1076.0,145.69,6,6,2017-12-06 20:43:07,2018-02-28 16:31:53,4.833333333333333,6,0,-11.0,11.666666666666666,1.5,179.33333333333334,24.281666666666666,0,0.0,0.0,83,False,True
bdf0d02d36a1d839d0c39c4a887cdd49,16200,birigui,SP,7,5,2,1,120.0,95.95,5,5,2018-01-07 18:31:16,2018-02-04 20:00:08,5.0,5,0,-23.6,8.0,1.4,24.0,19.189999999999998,0,0.0,0.0,28,False,True
65a7c0788e4d632ccb5e1b594b87f0bb,5782,sao paulo,SP,9,3,6,1,266.7,117.42,3,3,2017-08-15 21:20:12,2017-12-22 14:45:15,4.333333333333333,3,0,-14.0,10.666666666666666,3.0,88.89999999999999,39.14,0,0.0,0.0,128,False,True
d7f1cfc638473be93baedbfd02208016,26112,belford roxo,RJ,1,1,1,1,30.0,17.14,1,1,2018-07-19 01:00:07,2018-07-19 01:00:07,5.0,1,0,-10.0,12.0,1.0,30.0,17.14,0,0.0,0.0,0,False,True
001cca7ae9ae17fb1caed9dfb1094831,29156,cariacica,ES,239,200,11,2,25080.03,8854.14,200,200,2017-02-04 19:06:04,2018-07-12 21:38:26,3.984771573604061,197,12,-12.882051282051282,12.938461538461539,1.195,125.40015,44.2707,32,0.06,0.16,523,False,True
7f35f9daf223da737b78738fbae4d977,13272,valinhos,SP,5,5,2,2,252.0,101.01,5,5,2018-06-18 05:22:00,2018-07-04 18:15:26,4.0,5,0,-19.8,7.4,1.0,50.4,20.202,1,0.0,0.2,16,False,True
2eb70248d66e0e3ef83659f71b244378,13101,campinas,SP,212,202,33,11,42628.61,3231.4900000000002,202,201,2018-02-06 14:25:14,2018-07-19 00:41:35,2.696969696969697,198,21,-10.053475935828876,17.55614973262032,1.0495049504950495,211.03272277227722,15.997475247524754,99,0.10396039603960396,0.4900990099009901,162,False,True
6061155addc1e54b4cfb51c1c2a32ad8,13043,campinas,SP,33,28,15,2,15633.4,879.91,28,27,2018-06-01 01:20:55,2018-08-26 07:38:38,4.642857142857143,28,1,-9.428571428571429,5.571428571428571,1.1785714285714286,558.3357142857143,31.42535714285714,1,0.03571428571428571,0.03571428571428571,86,False,True
8b87cd0d43d49b9bdf40f56229364d59,4111,sao paulo,SP,5,5,5,2,1552.9,301.0,5,5,2017-10-10 00:45:51,2017-12-04 17:22:25,2.6,5,0,-7.5,14.5,1.0,310.58000000000004,60.2,3,0.0,0.6,55,False,True
52a50b42accf164f9f019941e5759d9b,13820,monte alegre do sul,SP,4,4,2,1,139.96,57.059999999999995,4,4,2018-08-02 19:52:43,2018-08-22 12:32:55,4.75,4,0,-3.5,5.0,1.0,34.99,14.264999999999999,0,0.0,0.0,19,False,True
c6bda72e4dbf5c5866b13cb1810c6d03,3087,sao paulo,SP,59,59,27,4,14059.380000000001,1136.74,59,59,2017-07-12 18:18:00,2018-08-23 18:06:57,4.389830508474576,59,2,-12.271186440677965,9.745762711864407,1.0,238.29457627118646,19.26677966101695,5,0.03389830508474576,0.0847457627118644,406,False,True
270572bb714b00531be85e16e1550f26,9370,maua,SP,1,1,1,1,96.99,14.77,1,1,2018-05-24 21:26:55,2018-05-24 21:26:55,5.0,1,0,-16.0,11.0,1.0,96.99,14.77,0,0.0,0.0,0,False,True
16bdc8cefd0e32a6f0824d296c5ad14a,12903,sp,SP,1,1,1,1,41.76,19.32,1,1,2018-04-11 08:22:30,2018-04-11 08:22:30,5.0,1,0,-12.0,9.0,1.0,41.76,19.32,0,0.0,0.0,0,False,True
4a82c4af97ffc0fb2dc26bfdc03b1842,35590,lagoa da prata,MG,3,3,3,1,143.7,67.2,3,3,2017-05-30 19:12:37,2017-08-15 14:31:33,5.0,3,0,-15.0,12.333333333333334,1.0,47.9,22.400000000000002,0,0.0,0.0,76,False,True
3985a3c45be355a4c57fde108bfabd1c,95690,rolante,RS,8,7,5,1,344.2,172.0,7,7,2017-01-27 00:34:10,2017-06-19 15:25:29,4.0,7,0,-17.714285714285715,10.857142857142858,1.1428571428571428,49.17142857142857,24.571428571428573,1,0.0,0.14285714285714285,143,False,True
07e8e8fc5222bb358e6f259da3197074,4216,sao paulo,SP,2,2,2,0,51.8,23.06,2,2,2018-02-21 06:27:09,2018-08-08 22:13:19,4.0,2,0,-6.5,8.0,1.0,25.9,11.53,0,0.0,0.0,168,False,True
cd06602b43d8800bd0afad514919d35c,4119,sao paulo,SP,53,44,20,3,2588.07,747.26,44,44,2017-01-26 11:48:46,2018-08-04 16:19:07,3.6818181818181817,44,2,-11.372093023255815,12.046511627906977,1.2045454545454546,58.81977272727273,16.98318181818182,12,0.045454545454545456,0.2727272727272727,555,False,True
8f0fbe2cd4d472157dc1cdef6edecaa9,2755,sao paulo,SP,2,2,2,2,71.88,22.88,2,2,2017-07-14 09:21:51,2017-09-11 22:51:42,3.0,2,0,-11.5,7.0,1.0,35.94,11.44,1,0.0,0.5,59,False,True
f44b6f775a2b390380e0e30b5c9d3eee,3057,sao paulo,SP,10,10,10,2,2930.0,258.24,10,10,2017-06-30 20:06:54,2018-08-26 13:49:27,4.9,10,0,-12.3,8.3,1.0,293.0,25.824,0,0.0,0.0,421,False,True
365e4bce19bda0082c3d15d83fdb8bcd,9570,sao caetano do sul,SP,7,6,6,2,796.4,98.61999999999999,6,6,2018-01-22 13:52:39,2018-06-29 23:18:47,4.666666666666667,6,0,-12.666666666666666,9.666666666666666,1.1666666666666667,132.73333333333332,16.436666666666664,0,0.0,0.0,158,False,True
2e0dba2da448400b1c11d7b4b22f32a4,9070,santo andre,SP,13,7,5,1,235.87,171.83,7,7,2017-02-10 11:11:16,2017-05-21 19:21:32,3.142857142857143,7,0,-16.0,8.142857142857142,1.8571428571428572,33.69571428571429,24.54714285714286,3,0.0,0.42857142857142855,100,False,True
e882b2a25a10b9c057cc49695f222c19,25963,teresopolis,RJ,58,57,19,8,51057.54,2856.22,57,56,2018-01-04 19:07:29,2018-08-18 15:49:58,4.578947368421052,57,0,-19.105263157894736,9.105263157894736,1.0175438596491229,895.7463157894737,50.10912280701754,3,0.0,0.05263157894736842,225,False,True
734def04b237117a09321dd6d8f3f2a2,13604,araras,SP,2,2,2,2,1252.43,28.8,2,2,2018-04-08 22:50:52,2018-06-21 04:46:11,5.0,2,0,-16.5,1.5,1.0,626.215,14.4,0,0.0,0.0,73,False,True
28c7d8743fbc8679f484868cc0fcaefb,18480,itaporanga,SP,3,3,2,1,201.5,68.86,3,3,2018-05-05 12:40:10,2018-08-10 00:40:57,5.0,3,0,-11.0,13.0,1.0,67.16666666666667,22.953333333333333,0,0.0,0.0,96,False,True
9baf5cb77970f539089d09a38bcec5c3,13330,indaiatuba,SP,33,32,25,7,6129.67,543.73,32,32,2017-01-21 09:44:46,2018-08-05 19:32:36,4.3125,32,0,-18.06451612903226,14.612903225806452,1.03125,191.5521875,16.9915625,3,0.0,0.09375,561,False,True
e3dd723429d1b23614b7fa85e2c7a853,9810,sao bernardo do campo,SP,8,7,4,2,471.05,126.57,7,7,2018-03-25 14:10:37,2018-06-08 17:19:34,3.7142857142857144,7,1,-6.285714285714286,13.285714285714286,1.1428571428571428,67.29285714285714,18.08142857142857,1,0.14285714285714285,0.14285714285714285,75,False,True
f4a04f7be452aa3bb31760bf00055dd0,9010,santo andre,SP,18,18,8,1,1312.1,241.85,18,18,2017-10-31 21:47:13,2018-08-17 16:02:15,4.666666666666667,18,0,-19.88888888888889,8.61111111111111,1.0,72.89444444444445,13.43611111111111,0,0.0,0.0,289,False,True
dbc22125167c298ef99da25668e1011f,37564,borda da mata,MG,429,406,101,4,33776.78,8012.38,406,404,2017-04-09 13:43:53,2018-08-23 19:09:34,4.269135802469136,405,10,-13.692893401015228,11.01522842639594,1.0566502463054188,83.194039408867,19.734926108374385,37,0.024630541871921183,0.09113300492610837,501,False,True
bc302730ea8cf49b5c74f579febb5bbf,13015,campinas,SP,11,11,9,3,2640.9,289.27,11,11,2017-08-07 12:44:28,2018-08-02 18:35:44,3.8181818181818183,11,1,-10.090909090909092,10.727272727272727,1.0,240.0818181818182,26.297272727272727,2,0.09090909090909091,0.18181818181818182,360,False,True
e64ddbe1cbcf4f2fc3092b7c481f3f9d,3513,sao paulo,SP,1,1,1,1,20.9,7.39,1,1,2018-03-30 12:00:06,2018-03-30 12:00:06,5.0,1,0,-7.0,5.0,1.0,20.9,7.39,0,0.0,0.0,0,False,True
56e361f411e38dcef17cdc2a3d99628b,7113,guarulhos,SP,10,5,4,2,1298.0,1857.7600000000002,5,5,2018-07-02 16:39:17,2018-08-23 14:41:37,4.0,5,1,-7.8,10.0,2.0,259.6,371.552,1,0.2,0.2,51,False,True
048c2757535328e0d7dac690ad3c0aae,14406,franca,SP,51,51,20,1,9264.78,1286.28,51,50,2017-03-04 15:23:15,2018-08-21 16:31:46,4.18,50,6,-10.0,18.04,1.0,181.6623529411765,25.221176470588233,8,0.11764705882352941,0.1568627450980392,535,False,True
bdb3edbaee43a761e2d4f258dc08f348,18680,lencois paulista,SP,5,5,3,2,259.5,68.86,5,5,2017-11-21 22:22:38,2017-12-18 11:50:01,3.8,5,1,-10.8,11.2,1.0,51.9,13.772,1,0.2,0.2,26,False,True
b127efdabeffb5d559349c7b172eb75d,4308,sao paulo,SP,10,10,10,1,308.5,112.77,10,10,2017-01-26 13:51:54,2017-05-17 19:12:52,4.8,10,1,-19.8,9.3,1.0,30.85,11.277,0,0.1,0.0,111,False,True
951e8cef368f09bb3f3d03c00ca4702c,14940,ibitinga,SP,71,64,49,2,4092.29,1400.8,64,64,2018-04-16 17:55:25,2018-08-21 18:24:35,4.081967213114754,61,4,-10.35483870967742,8.903225806451612,1.109375,63.94203125,21.8875,9,0.0625,0.140625,127,False,True
33d677f27a69b84051204ee4ae76eaca,89218,joinville,SC,10,9,5,3,165.0,173.49,9,9,2018-03-17 19:07:43,2018-07-20 19:11:27,4.555555555555555,9,0,-20.11111111111111,8.444444444444445,1.1111111111111112,18.333333333333332,19.276666666666667,1,0.0,0.1111111111111111,125,False,True
b88e7c57cb2d8b973b7dd4a2bfa14b36,81350,curitiba,PR,4,4,3,1,353.9,65.77,4,4,2017-05-21 13:09:50,2017-12-01 00:13:14,4.25,4,0,-15.5,8.75,1.0,88.475,16.4425,0,0.0,0.0,193,False,True
1967a9e2ad6f51802b093147d861df58,1209,sao paulo,SP,2,2,1,1,380.0,45.760000000000005,2,2,2017-03-07 20:57:33,2017-03-15 21:29:20,1.0,2,0,,,1.0,190.0,22.880000000000003,2,0.0,1.0,8,True,True
9da15f4a4ea758d9eeb49000dbe57e22,6290,osasco,SP,1,1,1,1,196.9,37.71,1,1,2018-07-31 12:52:57,2018-07-31 12:52:57,2.0,1,1,6.0,22.0,1.0,196.9,37.71,1,1.0,1.0,0,True,True
d91fb3b7d041e83b64a00a3edfb37e4f,11704,praia grande,SP,536,535,315,6,40889.74,9290.77,535,491,2017-02-07 23:53:13,2018-08-24 17:59:20,4.0998116760828625,531,20,-12.679389312977099,10.856870229007633,1.0018691588785047,76.42942056074766,17.365925233644862,78,0.037383177570093455,0.14579439252336449,562,False,True
749e7cdabbaf72f16677859e27874ba5,7122,guarulhos,SP,1,1,1,0,41.9,19.84,1,1,2017-09-03 17:20:56,2017-09-03 17:20:56,1.0,1,0,-7.0,11.0,1.0,41.9,19.84,1,0.0,1.0,0,True,True
3d5d0dc7073a299e31fa718ce1bc00b6,22785,rio de janeiro,RJ,24,23,8,6,790.7,387.43,23,23,2018-06-13 15:23:50,2018-08-06 19:55:49,4.304347826086956,23,1,-13.761904761904763,8.0,1.0434782608695652,34.37826086956522,16.844782608695652,4,0.043478260869565216,0.17391304347826086,54,False,True
688756f717c462a206ad854c5027a64a,7094,guarulhos,SP,101,83,40,5,5966.54,1934.91,83,83,2018-04-10 16:07:47,2018-08-22 09:01:17,3.8658536585365852,82,3,-8.45679012345679,10.320987654320987,1.216867469879518,71.88602409638554,23.312168674698796,15,0.03614457831325301,0.18072289156626506,133,False,True
56a8b450e802502ba53a9885ee38e29f,9895,sao bernardo do campo,SP,1,1,1,1,62.45,15.2,1,1,2017-07-06 09:57:31,2017-07-06 09:57:31,1.0,1,0,,,1.0,62.45,15.2,1,0.0,1.0,0,True,True
9b00ed88b7fdb95d6ff76e27c1b52d16,8215,sao paulo,SP,51,47,19,2,1627.88,575.48,47,47,2017-08-25 23:02:45,2018-08-03 15:05:58,4.468085106382978,47,3,-10.521739130434783,8.891304347826088,1.0851063829787233,34.63574468085107,12.244255319148937,4,0.06382978723404255,0.0851063829787234,342,False,True
4be6b962d83299498bae2190f95d6566,13561,sao carlos,SP,12,11,6,2,508.8,182.29,11,11,2018-03-07 16:53:53,2018-08-12 16:08:03,4.1,10,1,-12.090909090909092,7.363636363636363,1.0909090909090908,46.25454545454546,16.57181818181818,1,0.09090909090909091,0.09090909090909091,157,False,True
c13fb473e7cb8b83ccd543c094df0608,5319,sao paulo,SP,2,2,2,2,54.8,28.72,2,2,2017-01-30 22:18:53,2017-03-20 10:48:56,3.5,2,0,-20.5,12.5,1.0,27.4,14.36,0,0.0,0.0,48,False,True
17998cf586426bf0f2c3726cb0a4b211,30710,belo horizonte,MG,2,2,2,2,69.8,45.72,2,2,2017-07-28 04:06:33,2018-01-01 14:06:06,4.0,2,0,-22.5,8.0,1.0,34.9,22.86,0,0.0,0.0,157,False,True
c88f62b4c386a59281014d677864d016,86707,arapongas,PR,1,1,1,1,1099.0,251.5,1,1,2017-03-04 14:08:26,2017-03-04 14:08:26,1.0,1,0,,,1.0,1099.0,251.5,1,0.0,1.0,0,True,True
c864036feaab8c1659f65ea4faebe1da,83605,campo largo,PR,58,58,29,1,10454.2,1845.57,58,58,2017-07-19 16:15:37,2018-08-09 16:23:03,4.568965517241379,58,2,-13.362068965517242,11.793103448275861,1.0,180.2448275862069,31.820172413793102,3,0.034482758620689655,0.05172413793103448,386,False,True
8d899e15a5925f097cca50faa49b15e3,18131,sao roque,SP,10,4,3,2,645.0,150.98000000000002,4,4,2018-05-28 11:02:23,2018-08-17 12:58:36,3.75,4,1,-12.0,5.5,2.5,161.25,37.745000000000005,1,0.25,0.25,81,False,True
79565f7d5603b24ddf07ade262547f2f,14804,araraquara,SP,8,8,5,2,385.0,109.07000000000001,8,8,2017-02-07 10:07:01,2017-05-24 22:42:55,4.0,8,2,-11.0,12.714285714285714,1.0,48.125,13.633750000000001,2,0.25,0.25,106,False,True
ba143b05f0110f0dc71ad71b4466ce92,2274,sao paulo,SP,86,85,22,3,6110.58,1343.01,85,84,2018-04-24 13:18:10,2018-08-18 21:58:12,4.416666666666667,84,10,-8.481927710843374,9.855421686746988,1.011764705882353,71.88917647058824,15.800117647058823,8,0.11764705882352941,0.09411764705882353,116,False,True
4e0d109ccfba9a1151c103049880c857,25550,sao joao de meriti,RJ,2,2,2,1,279.89,67.84,2,2,2017-11-24 02:25:07,2018-05-31 17:29:44,3.0,2,0,-15.5,18.5,1.0,139.945,33.92,1,0.0,0.5,188,False,True
89dda63a3c907c468ec88c310ed91213,9380,maua/sao paulo,SP,2,2,2,1,734.99,42.14,2,2,2018-04-08 09:41:45,2018-04-11 10:45:26,3.0,2,0,-6.0,25.0,1.0,367.495,21.07,1,0.0,0.5,3,False,True
c522be04e020c1e7b79f3acff36513d5,6501,santana de parnaiba,SP,7,7,4,4,739.9300000000001,98.37,7,7,2018-04-23 01:40:58,2018-08-23 13:33:34,3.5714285714285716,7,2,-6.333333333333333,15.0,1.0,105.70428571428572,14.052857142857144,2,0.2857142857142857,0.2857142857142857,122,False,True
5f5b43b2bffa8656e4bc6efeb13cc649,4880,sao paulo,SP,29,27,18,4,3677.2,555.45,27,27,2017-11-25 23:53:16,2018-06-18 17:35:29,4.407407407407407,27,1,-13.74074074074074,13.444444444444445,1.0740740740740742,136.19259259259258,20.572222222222223,2,0.037037037037037035,0.07407407407407407,204,False,True
87f3e35268860433e13d577825aada95,12955,bom jesus dos perdoes,SP,3,3,3,1,161.7,41.78,3,3,2016-10-05 20:20:59,2017-06-15 22:25:11,1.0,2,0,-3.0,51.0,1.0,53.9,13.926666666666668,2,0.0,0.6666666666666666,253,True,True
c5e60e39c0f42b8e827daa13cff74afa,3449,sao paulo,SP,8,6,4,1,134.0,89.10000000000001,6,6,2018-08-15 16:58:08,2018-08-26 11:02:58,4.5,6,0,-5.5,3.3333333333333335,1.3333333333333333,22.333333333333332,14.85,0,0.0,0.0,10,False,True
bca9230d3bbb4efa51872bf605a2f1ad,4296,sao paulo,SP,5,5,3,1,117.57,50.63,5,5,2018-06-07 14:01:50,2018-08-27 23:30:28,4.0,5,1,-5.0,6.6,1.0,23.514,10.126000000000001,1,0.2,0.2,81,False,True
4bc3d93e4a5f88a598d3d8ce4ae510b3,4564,sao paulo,SP,1,1,1,1,169.0,19.28,1,1,2018-07-08 13:34:57,2018-07-08 13:34:57,1.0,1,0,,,1.0,169.0,19.28,1,0.0,1.0,0,True,True
6e864f5c4669eff3d98140a07cc50202,5639,sao paulo,SP,13,13,5,3,740.59,191.77,13,13,2017-08-02 13:12:25,2018-05-30 14:51:11,4.461538461538462,13,1,-11.461538461538462,9.538461538461538,1.0,56.96846153846154,14.751538461538463,1,0.07692307692307693,0.07692307692307693,301,False,True
7bcd7c5f8631701474db233ccf1c094b,2047,sao paulo,SP,11,11,5,2,666.0,194.94,11,11,2017-04-14 14:28:24,2017-08-27 17:51:48,3.6363636363636362,11,0,-12.5,13.625,1.0,60.54545454545455,17.721818181818183,2,0.0,0.18181818181818182,135,False,True
8b2d4ab22f42c5cfc338b846decfda60,83820,fazenda rio grande,PR,9,6,3,2,458.0,185.32,6,6,2018-03-28 00:32:25,2018-08-20 00:11:37,4.833333333333333,6,0,-12.833333333333334,15.0,1.5,76.33333333333333,30.886666666666667,0,0.0,0.0,144,False,True
d9bd94811c3338dceb4181f3dbc0c73e,4186,sao paulo,SP,61,54,20,5,6911.02,771.09,54,54,2018-05-01 12:25:50,2018-08-21 15:39:07,4.796296296296297,54,3,-7.944444444444445,7.537037037037037,1.1296296296296295,127.98185185185186,14.279444444444445,2,0.05555555555555555,0.037037037037037035,112,False,True
e70053bf73d1b5863932e53a9fa47496,5059,sao paulo,SP,7,7,7,2,4025.0,133.58,7,7,2018-02-14 13:38:33,2018-08-04 16:22:05,4.285714285714286,7,0,-9.857142857142858,13.0,1.0,575.0,19.082857142857144,0,0.0,0.0,171,False,True
dbd66278cbfe1aa1000f90a217ca4695,5588,sao paulo,SP,99,85,18,5,4928.9,1543.87,85,84,2017-11-25 20:26:00,2018-08-23 00:09:30,4.5058823529411764,85,3,-12.24705882352941,8.75294117647059,1.1647058823529413,57.98705882352941,18.163176470588233,2,0.03529411764705882,0.023529411764705882,270,False,True
e7d5b006eb624f13074497221eb37807,9291,santo andre,SP,63,28,8,2,3478.93,741.49,28,27,2017-08-12 11:02:56,2018-07-19 13:03:38,3.9285714285714284,28,2,-10.0,10.678571428571429,2.25,124.24749999999999,26.481785714285714,6,0.07142857142857142,0.21428571428571427,341,False,True
6c9875b2f94ba781186f0c1aed8d1687,17380,brotas,SP,4,2,2,1,25.0,38.05,2,2,2017-05-21 18:55:49,2017-08-13 10:33:17,5.0,2,0,-17.0,3.5,2.0,12.5,19.025000000000002,0,0.0,0.0,83,False,True
d63f306de130e0391d38a792541723b8,3236,sao paulo,SP,1,1,1,1,49.0,7.6,1,1,2018-08-20 10:09:33,2018-08-20 10:09:33,5.0,1,0,-4.0,3.0,1.0,49.0,7.6,0,0.0,0.0,0,False,True
2f74af7a0ee5636f12c2336f9fffed47,2376,sao paulo,SP,13,13,12,3,560.6999999999999,163.76999999999998,13,13,2017-06-04 12:09:58,2017-11-20 18:50:52,4.3076923076923075,13,0,-8.76923076923077,9.307692307692308,1.0,43.130769230769225,12.597692307692306,1,0.0,0.07692307692307693,169,False,True
c7fdb77fdbff3c41981bc52f787e959e,9111,santo andre,SP,12,10,8,1,696.32,175.56,10,10,2018-01-10 02:05:46,2018-07-21 19:34:46,3.3,10,1,-6.333333333333333,16.444444444444443,1.2,69.632,17.556,4,0.1,0.4,192,False,True
04fdea0c111866e6cf812f1570d6b5bd,8411,sao paulo,SP,10,10,2,2,1055.0,206.95,10,10,2017-10-14 09:11:45,2018-01-31 13:57:40,3.2,10,1,-10.25,17.5,1.0,105.5,20.695,3,0.1,0.3,109,False,True
63b464dbf392c7b80d12d932fa7cafed,2034,sao paulo,SP,39,37,17,1,6781.0,881.25,37,37,2017-02-01 15:47:22,2018-01-28 22:03:43,3.7837837837837838,37,2,-14.805555555555555,12.694444444444445,1.054054054054054,183.27027027027026,23.81756756756757,7,0.05405405405405406,0.1891891891891892,361,False,True
747c1cdcd1737dcfbd1547f6eb6f2cf3,14940,ibitinga,SP,2,2,2,1,193.1,29.27,2,2,2017-09-17 18:20:45,2018-01-27 11:28:32,2.5,2,0,-15.0,15.0,1.0,96.55,14.635,1,0.0,0.5,131,False,True
2b402d5dc42554061f8ea98d1916f148,44900,irece,BA,1,1,1,1,299.89,63.9,1,1,2018-04-28 16:17:34,2018-04-28 16:17:34,5.0,1,0,-25.0,6.0,1.0,299.89,63.9,0,0.0,0.0,0,False,True
9c068d10aca38e85c50202e17b4a7e88,79400,coxim,MS,17,17,13,1,2658.9,449.93,17,17,2017-10-12 09:57:12,2018-07-30 14:26:27,4.125,16,3,-13.411764705882353,16.11764705882353,1.0,156.40588235294118,26.466470588235296,3,0.17647058823529413,0.17647058823529413,291,False,True
7c67e1448b00f6e969d365cea6b010ab,8577,itaquaquecetuba,SP,1364,982,198,6,187923.89,51612.55,982,971,2017-01-26 22:44:11,2018-08-07 18:58:53,3.487704918032787,976,89,-11.383350462487153,21.874614594039056,1.3890020366598779,191.3685234215886,52.55860488798371,251,0.09063136456211812,0.2556008146639511,557,False,True
9ef932e837d8b7f392c0bfee9d359dc2,14940,ibitinga,SP,1,1,1,0,59.9,19.66,1,1,2017-11-20 12:49:35,2017-11-20 12:49:35,3.0,1,1,9.0,36.0,1.0,59.9,19.66,0,1.0,0.0,0,False,True
d8bf0fc082fd4a77fc2e5679b6c00133,3184,sao paulo,SP,1,1,1,1,139.9,9.14,1,1,2018-07-20 14:50:31,2018-07-20 14:50:31,5.0,1,0,-5.0,7.0,1.0,139.9,9.14,0,0.0,0.0,0,False,True
66dc1b1632bd6a3e508510c5b3492107,17210,jau,SP,42,37,20,7,3721.39,727.87,37,37,2017-07-19 17:27:37,2018-08-12 11:16:23,3.5675675675675675,37,1,-14.75,9.833333333333334,1.135135135135135,100.57810810810811,19.672162162162163,10,0.02702702702702703,0.2702702702702703,388,False,True
a7ecf689b40a44361e259b28939023e4,29102,vila velha,ES,1,1,1,1,389.0,21.91,1,1,2018-07-13 22:05:44,2018-07-13 22:05:44,5.0,1,0,-9.0,10.0,1.0,389.0,21.91,0,0.0,0.0,0,False,True
939e6227d6964a11a70aa91243e418f2,36408,conselheiro lafaiete,MG,4,4,2,1,425.0,63.25,4,4,2018-08-15 00:46:23,2018-08-25 20:26:07,4.25,4,0,-7.0,4.75,1.0,106.25,15.8125,0,0.0,0.0,10,False,True
db1f0f7c7e5e87f40b62226f020bb297,83322,pinhais,PR,3,3,3,1,59.01,64.72,3,3,2017-04-03 18:04:29,2017-05-09 10:19:17,4.666666666666667,3,0,-33.0,9.0,1.0,19.669999999999998,21.573333333333334,0,0.0,0.0,35,False,True
91f0eec23d4a61d7d7caeefa3f0ad1ca,88704,tubarao,SC,11,11,2,1,2190.8,354.46,11,11,2017-02-08 13:05:17,2018-07-27 15:46:55,3.5454545454545454,11,3,-5.7272727272727275,25.727272727272727,1.0,199.16363636363639,32.22363636363636,3,0.2727272727272727,0.2727272727272727,534,False,True
edf3fabebcc20f7463cc9c53da932ea8,8320,sao paulo,SP,1,1,1,1,219.9,24.12,1,1,2018-05-22 21:13:21,2018-05-22 21:13:21,4.0,1,1,4.0,21.0,1.0,219.9,24.12,0,1.0,0.0,0,False,True
b335c59ab742f751a85db9c411a86739,38442,araguari,MG,35,33,21,2,2873.34,607.38,33,33,2016-10-04 13:22:56,2017-12-12 19:45:01,3.8484848484848486,33,1,-11.733333333333333,15.666666666666666,1.0606060606060606,87.0709090909091,18.405454545454546,4,0.030303030303030304,0.12121212121212122,434,False,True
c24173065483e421f9e5e7f599de101d,3548,sao paulo,SP,9,9,4,1,373.91,117.3,9,9,2017-07-11 14:17:47,2017-11-24 14:46:52,3.5555555555555554,9,1,-6.0,15.555555555555555,1.0,41.54555555555556,13.033333333333333,2,0.1111111111111111,0.2222222222222222,136,False,True
01fdefa7697d26ad920e9e0346d4bd1b,86050,londrina,PR,131,129,21,1,14921.43,2768.64,129,129,2017-04-26 15:57:39,2018-08-20 21:50:59,4.3515625,128,7,-13.7421875,10.25,1.0155038759689923,115.67,21.462325581395348,8,0.05426356589147287,0.06201550387596899,481,False,True
d9e8c084b68fe958861d8f2c21202e6b,5528,sao paulo,SP,12,9,2,2,3050.0,181.86,9,9,2017-10-05 11:57:47,2018-07-20 16:14:47,4.333333333333333,9,0,-9.0,9.88888888888889,1.3333333333333333,338.8888888888889,20.206666666666667,1,0.0,0.1111111111111111,288,False,True
466222e777149751370e7e98fb623b0c,20931,rio de janeiro,RJ,1,1,1,1,87.9,17.55,1,1,2018-08-06 23:14:27,2018-08-06 23:14:27,5.0,1,0,-9.0,6.0,1.0,87.9,17.55,0,0.0,0.0,0,False,True
43f8c9950d11ecd03a0304a49e010da6,6341,carapicuiba,SP,41,41,21,1,4249.59,557.63,41,41,2017-07-27 10:31:56,2018-05-29 19:22:17,4.560975609756097,41,2,-12.292682926829269,11.0,1.0,103.64853658536586,13.600731707317074,1,0.04878048780487805,0.024390243902439025,306,False,True
4450bd8327d471c4a11a83d1445b1b62,6714,cotia,SP,1,1,1,1,199.0,15.56,1,1,2017-04-11 06:33:17,2017-04-11 06:33:17,5.0,1,0,-21.0,7.0,1.0,199.0,15.56,0,0.0,0.0,0,False,True
257e61d3251fb5efb9daadddbc2cf7ca,86804,apucarana,PR,12,12,12,2,7729.0,1077.18,12,12,2018-04-06 17:16:18,2018-08-15 16:12:57,4.75,12,0,-17.666666666666668,7.666666666666667,1.0,644.0833333333334,89.765,0,0.0,0.0,130,False,True
5d76d80a2f5f39c891b996a1bf4c9853,5727,sao paulo,SP,6,6,5,3,1238.5,171.25,6,6,2018-07-25 13:18:32,2018-08-18 14:48:50,4.833333333333333,6,0,-10.5,9.833333333333334,1.0,206.41666666666666,28.541666666666668,0,0.0,0.0,24,False,True
e5def42655b7490edac5a56fe8e9e603,13900,amparo,SP,1,1,1,1,129.9,11.52,1,1,2017-03-28 21:56:39,2017-03-28 21:56:39,5.0,1,0,-14.0,5.0,1.0,129.9,11.52,0,0.0,0.0,0,False,True
091065b789659bc3cd9af9cb3a6253ff,92120,canoas,RS,2,2,1,1,1359.0,85.37,2,2,2017-10-15 13:01:37,2018-01-18 17:13:29,3.5,2,0,-11.0,11.0,1.0,679.5,42.685,1,0.0,0.5,95,False,True
c74f14c1e26cf1bd5bd34b6a1e274426,89900,sao miguel do oeste,SC,1,1,1,1,39.0,16.79,1,1,2018-01-27 19:05:19,2018-01-27 19:05:19,5.0,1,0,-26.0,24.0,1.0,39.0,16.79,0,0.0,0.0,0,False,True
c26a2be5b53b7db6b276280da212a779,28630,nova friburgo,RJ,18,13,4,1,7482.0,806.85,13,13,2017-08-08 13:37:37,2018-08-03 16:58:12,3.3846153846153846,13,0,-11.384615384615385,13.538461538461538,1.3846153846153846,575.5384615384615,62.065384615384616,5,0.0,0.38461538461538464,360,False,True
cfa5ab0e4d3fc212fd0b3410e7081c62,36500,uba,MG,21,16,11,6,6180.8,1039.01,16,16,2017-10-15 16:50:20,2018-08-20 21:59:32,3.6875,16,0,-16.6,11.533333333333333,1.3125,386.3,64.938125,4,0.0,0.25,309,False,True
19d62d484cba71963c93f0f00ab42013,89114,gaspar,SC,1,1,1,1,139.9,22.69,1,1,2018-04-26 16:49:29,2018-04-26 16:49:29,4.0,1,0,-8.0,13.0,1.0,139.9,22.69,0,0.0,0.0,0,False,True
6750d71153f00fc58829af2a8ef1bcf1,28800,rio bonito,RJ,6,6,6,1,3514.0,112.5,6,6,2017-03-28 15:29:43,2017-08-08 23:13:27,4.166666666666667,6,0,-16.833333333333332,9.0,1.0,585.6666666666666,18.75,1,0.0,0.16666666666666666,133,False,True
c60b801f2d52c7f7f91de00870882a75,7174,guarulhos,SP,41,41,18,5,12913.5,739.39,41,41,2018-01-27 19:13:48,2018-08-21 12:26:53,3.317073170731707,41,6,-10.666666666666666,15.512820512820513,1.0,314.9634146341463,18.03390243902439,13,0.14634146341463414,0.3170731707317073,205,False,True
b57e8460909fa137df7951b4a3b5ea84,90640,porto alegre,RS,2,1,2,1,198.0,84.14,1,1,2017-03-02 07:53:29,2017-03-02 07:53:29,2.0,1,0,,,2.0,198.0,84.14,1,0.0,1.0,0,True,True
eeb6de78f79159600292e314a77cbd18,88501,lages,SC,84,83,46,3,43739.84,3055.44,83,82,2017-02-18 18:28:46,2018-08-11 08:30:03,4.445783132530121,83,3,-16.878048780487806,11.646341463414634,1.0120481927710843,526.9860240963854,36.81253012048193,5,0.03614457831325301,0.060240963855421686,538,False,True
abe021b01ba992245271b9aa422032df,80420,curitiba,PR,2,2,2,0,6720.0,117.24000000000001,2,2,2017-02-04 18:54:15,2017-05-09 14:46:34,3.5,2,0,-31.0,17.5,1.0,3360.0,58.620000000000005,1,0.0,0.5,93,False,True
5305693ffae2d3463377b1f6fe67b15a,16300,penapolis,SP,1,1,1,0,93.56,12.99,1,1,2018-01-02 10:35:07,2018-01-02 10:35:07,5.0,1,0,-9.0,13.0,1.0,93.56,12.99,0,0.0,0.0,0,False,True
f049a72cf58fd31b11f8919cade515e7,1023,sao paulo,SP,4,3,3,3,138.75,32.24,3,3,2018-07-25 12:03:29,2018-08-06 18:48:35,3.3333333333333335,3,0,-17.0,4.0,1.3333333333333333,46.25,10.746666666666668,1,0.0,0.3333333333333333,12,False,True
e51f22821f0c12a16ad5c020cdcd55e9,6341,carapicuiba,SP,4,4,4,1,898.71,98.13,4,4,2018-05-29 09:23:00,2018-08-07 15:17:28,4.75,4,0,-16.25,9.75,1.0,224.6775,24.5325,0,0.0,0.0,70,False,True
a2a41aedb70551d4a85aa04dc2fced48,4447,sao paulo,SP,2,2,1,1,52.79,26.94,2,2,2017-11-16 13:53:55,2017-12-03 10:52:08,4.0,2,0,-14.5,8.5,1.0,26.395,13.47,0,0.0,0.0,16,False,True
4bf2f4ee540798a61f9636d12cd9cc80,19814,assis,SP,30,29,18,3,4995.56,505.45,29,29,2017-03-29 10:31:33,2018-08-09 09:12:58,4.137931034482759,29,0,-12.551724137931034,13.206896551724139,1.0344827586206897,172.26068965517243,17.429310344827584,3,0.0,0.10344827586206896,497,False,True
c0e0b73d039eb9a99b6ce4cb7a429cd3,89170,laurentino,SC,1,1,1,1,29.88,7.68,1,1,2018-06-15 15:53:06,2018-06-15 15:53:06,5.0,1,0,-13.0,4.0,1.0,29.88,7.68,0,0.0,0.0,0,False,True
19484c79cef6c062cb177aa4ef2fcc3c,13275,valinhos,SP,1,1,1,1,201.9,10.16,1,1,2018-08-03 01:50:48,2018-08-03 01:50:48,1.0,1,1,3.0,21.0,1.0,201.9,10.16,1,1.0,1.0,0,True,True
25e6ffe976bd75618accfe16cefcbd0d,5503,sao paulo,SP,117,108,54,6,11691.61,1705.24,108,108,2016-10-02 22:07:52,2018-06-24 20:26:36,4.407407407407407,108,3,-13.584905660377359,9.61320754716981,1.0833333333333333,108.25564814814815,15.789259259259259,9,0.027777777777777776,0.08333333333333333,629,False,True
9dda5bbacd45e18d6485fee649205d09,37540,santa rita do sapucai,MG,22,19,18,2,1912.6000000000001,506.73,19,19,2017-03-27 16:26:18,2018-08-07 11:29:30,4.105263157894737,19,1,-8.473684210526315,14.68421052631579,1.1578947368421053,100.66315789473686,26.67,3,0.05263157894736842,0.15789473684210525,497,False,True
2528744c5ef5d955adc318720a94d2e7,13202,jundiai,SP,5,5,3,1,6245.0,263.7,5,5,2017-10-28 12:57:36,2018-06-27 13:33:58,2.4,5,0,-9.4,9.8,1.0,1249.0,52.739999999999995,3,0.0,0.6,242,False,True
b8d890108a7a80e4f5d59eea9f362438,81110,curitiba,PR,3,2,2,1,89.69999999999999,34.59,2,2,2017-09-05 08:05:20,2017-10-19 12:07:22,3.5,2,0,-2.5,13.5,1.5,44.849999999999994,17.295,0,0.0,0.0,44,False,True
2c9005d8043aff18b8557ffb7b13cda4,29304,cachoeiro de itapemirim,ES,1,1,1,1,109.9,19.74,1,1,2018-05-07 21:00:33,2018-05-07 21:00:33,5.0,1,0,-8.0,7.0,1.0,109.9,19.74,0,0.0,0.0,0,False,True
062c325cd6a2b87845fab56b4ec2eeae,8150,sao paulo,SP,2,2,2,2,133.22,23.86,2,2,2018-05-07 11:48:13,2018-08-01 21:33:30,5.0,2,0,-9.5,5.0,1.0,66.61,11.93,0,0.0,0.0,86,False,True
1d8dbc4f32378d715c717c1c1fc57bae,86706,arapongas,PR,98,92,25,1,11315.89,2105.16,92,91,2017-03-20 16:41:25,2018-06-24 18:49:49,4.022222222222222,90,8,-11.54945054945055,15.065934065934066,1.065217391304348,122.99880434782608,22.882173913043477,14,0.08695652173913043,0.15217391304347827,461,False,True
fc906263ca5083d09dce42fe02247800,31030,belo horizonte,MG,119,114,17,3,4497.7,1885.58,114,114,2017-04-11 12:45:06,2017-12-23 18:17:06,4.350877192982456,114,0,-14.830357142857142,8.964285714285714,1.043859649122807,39.453508771929826,16.540175438596492,12,0.0,0.10526315789473684,256,False,True
1d2732ef8321502ee8488e8bed1ab8cd,20031,rio de janeiro,RJ,5,4,4,1,1148.0,80.18,4,4,2017-04-19 11:58:54,2018-05-03 16:46:51,3.0,4,1,-5.25,12.0,1.25,287.0,20.044999999999998,1,0.25,0.25,379,False,True
626ab1cd96932367f0eeec2e47046c12,5048,sao paulo,SP,3,3,3,2,1310.0,80.47,3,3,2018-01-16 11:20:57,2018-07-28 16:45:10,4.666666666666667,3,0,-14.0,6.666666666666667,1.0,436.6666666666667,26.823333333333334,0,0.0,0.0,193,False,True
a70e9066dbfd10b6b97a3f54a1356762,86975,mandaguari,PR,4,2,2,1,1716.0,311.4,2,2,2017-04-25 13:46:24,2017-11-20 18:11:00,5.0,2,0,-8.5,17.5,2.0,858.0,155.7,0,0.0,0.0,209,False,True
ce69a8021d18961dd2a40269b7c2c293,81070,curitiba,PR,19,19,13,4,4818.0,471.05,19,19,2018-03-27 20:39:09,2018-08-20 19:34:29,4.473684210526316,19,1,-11.473684210526315,9.736842105263158,1.0,253.57894736842104,24.792105263157897,2,0.05263157894736842,0.10526315789473684,145,False,True
9596c870880d900012f2e8e6e30d06d7,37074,varginha,MG,24,22,11,4,8606.25,2009.08,22,22,2017-04-20 13:47:11,2018-08-06 13:05:58,4.136363636363637,22,1,-12.380952380952381,13.476190476190476,1.0909090909090908,391.1931818181818,91.32181818181817,2,0.045454545454545456,0.09090909090909091,472,False,True
4b98b0428fc1932cc2514ef9ce2505e6,6795,taboao da serra,SP,2,2,2,0,327.63,35.8,2,2,2017-09-11 11:28:21,2017-11-16 17:01:40,1.0,2,1,-4.5,22.5,1.0,163.815,17.9,2,0.5,1.0,66,True,True
1da366cade6d8276e7d8beea7af5d4bf,36500,uba,MG,49,43,15,3,6917.589999999999,1756.14,43,43,2017-02-04 17:33:35,2017-12-21 17:43:41,3.9285714285714284,42,3,-8.428571428571429,17.023809523809526,1.1395348837209303,160.8741860465116,40.84046511627907,8,0.06976744186046512,0.18604651162790697,320,False,True
a3082f442524a1be452e3189e003b361,81560,curitiba,SP,4,3,3,1,301.6,97.65,3,3,2017-07-10 20:27:30,2018-08-09 20:36:13,4.333333333333333,3,0,-12.333333333333334,11.0,1.3333333333333333,100.53333333333335,32.550000000000004,0,0.0,0.0,395,False,True
a56a8043ebf66e42119618fb8cf232c6,89219,joinville,SC,1,1,1,1,83.0,23.73,1,1,2018-08-03 22:23:06,2018-08-03 22:23:06,5.0,1,0,-9.0,10.0,1.0,83.0,23.73,0,0.0,0.0,0,False,True
184725737946a1a938bbbd1a9e978103,9370,maua,SP,3,3,2,2,359.70000000000005,43.870000000000005,3,3,2018-08-12 23:15:08,2018-08-21 15:56:19,4.666666666666667,3,0,-2.6666666666666665,8.0,1.0,119.90000000000002,14.623333333333335,0,0.0,0.0,8,False,True
3820c6537b3853be1a0687d5a60807ec,6717,cotia,SP,1,1,1,1,25.0,10.96,1,1,2017-03-05 01:03:51,2017-03-05 01:03:51,,0,0,,,1.0,25.0,10.96,0,0.0,0.0,0,False,True
244b04680fdbded0acf5aebd9c92b44a,13211,jundiai,SP,3,3,3,1,3477.7000000000003,138.81,3,3,2017-12-12 10:52:09,2018-03-28 21:25:36,1.0,2,1,4.5,37.5,1.0,1159.2333333333333,46.27,2,0.3333333333333333,0.6666666666666666,106,True,True
e96498ed8daaa3e9c23f7a62da76591c,5373,sao paulo,SP,34,34,23,1,9619.09,713.1,34,34,2017-10-10 17:26:22,2018-07-19 20:37:53,3.9411764705882355,34,5,-10.235294117647058,14.735294117647058,1.0,282.9144117647059,20.973529411764705,7,0.14705882352941177,0.20588235294117646,282,False,True
5741dc2bf5044c34d0698681c5081bed,12226,sao jose dos campos,SP,3,3,2,1,89.69999999999999,34.05,3,3,2018-05-28 10:54:51,2018-07-16 22:56:18,5.0,3,0,-8.333333333333334,6.666666666666667,1.0,29.899999999999995,11.35,0,0.0,0.0,49,False,True
ad781527c93d00d89a11eecd9dcad7c1,15015,sao jose do rio preto,SP,44,44,2,1,6899.570000000001,2379.69,44,44,2017-07-17 20:24:19,2018-05-16 09:44:37,3.0681818181818183,44,12,-9.078947368421053,25.026315789473685,1.0,156.8084090909091,54.08386363636364,18,0.2727272727272727,0.4090909090909091,302,False,True
b5e3e38609125694d2ea2417522a60b7,88020,florianopolis,SC,17,16,10,1,995.04,301.14,16,16,2017-04-16 20:39:21,2017-09-19 13:30:18,4.3125,16,2,-7.1875,17.625,1.0625,62.19,18.82125,1,0.125,0.0625,155,False,True
bacb1f0ed56ad24198f5810d2b3fe9a5,12328,jacarei,SP,42,42,22,3,6940.45,892.94,42,42,2017-04-30 21:10:28,2018-01-17 22:58:43,4.075,40,1,-13.342105263157896,9.289473684210526,1.0,165.2488095238095,21.26047619047619,6,0.023809523809523808,0.14285714285714285,262,False,True
980640c45d7a4635885491d077167e4d,13501,rio claro,SP,14,14,12,3,1004.29,242.37,14,14,2018-07-01 09:14:54,2018-08-22 15:43:52,4.642857142857143,14,1,-10.357142857142858,7.142857142857143,1.0,71.735,17.312142857142856,0,0.07142857142857142,0.0,52,False,True
ae45ad30c2d2e5913094769690a239d2,14405,franca,SP,2,1,1,1,251.8,31.26,1,1,2017-12-08 13:21:55,2017-12-08 13:21:55,5.0,1,0,-15.0,19.0,2.0,251.8,31.26,0,0.0,0.0,0,False,True
2cb98e27ce1c18abdb42209b34c382a7,14085,ribeirao preto,SP,1,1,1,1,62.49,57.21,1,1,2018-06-19 14:30:42,2018-06-19 14:30:42,4.0,1,0,-16.0,19.0,1.0,62.49,57.21,0,0.0,0.0,0,False,True
2156f2671501a81034d7d07f217609d0,4776,sp,SP,22,22,12,4,2981.5,452.39,22,22,2017-08-28 20:12:09,2018-07-26 13:59:29,3.8636363636363638,22,3,-6.476190476190476,14.761904761904763,1.0,135.52272727272728,20.563181818181818,4,0.13636363636363635,0.18181818181818182,331,False,True
de0c78824586e9a5f5f04fd84e25df39,6730,vargem grande paulista,SP,16,14,4,1,2489.3,208.53,14,14,2018-04-08 10:59:17,2018-08-03 14:39:54,4.642857142857143,14,0,-20.071428571428573,6.285714285714286,1.1428571428571428,177.80714285714288,14.895,1,0.0,0.07142857142857142,117,False,True
128639473a139ac0f3e5f5ade55873a5,87050,maringa,PR,560,533,66,6,11908.849999999999,9785.6,533,532,2017-05-12 23:12:12,2018-08-18 11:11:55,4.185958254269449,527,22,-12.246679316888045,13.884250474383302,1.050656660412758,22.343058161350843,18.359474671669794,59,0.04127579737335835,0.11069418386491557,462,False,True
0791d9fc1e30678ecf03d3e55fa108d3,30775,belo horizonte,MG,11,5,5,1,842.0,186.99,5,5,2018-05-15 14:03:08,2018-07-24 16:03:03,4.0,5,0,-16.4,7.4,2.2,168.4,37.398,1,0.0,0.2,70,False,True
7a241947449cc45dbfda4f9d0798d9d0,37590,jacutinga,MG,72,62,17,3,8027.63,1990.47,62,62,2017-03-10 10:24:46,2018-08-09 17:18:57,3.8688524590163933,61,4,-13.589285714285714,12.732142857142858,1.1612903225806452,129.47790322580644,32.104354838709675,11,0.06451612903225806,0.1774193548387097,517,False,True
cfd7ddab722b902f7ac5b5f3ba6d723d,32372,contagem,MG,13,12,8,5,3385.0299999999997,673.0799999999999,12,12,2018-06-07 18:54:10,2018-08-02 20:52:16,4.75,12,0,-13.166666666666666,5.0,1.0833333333333333,282.0858333333333,56.089999999999996,1,0.0,0.08333333333333333,56,False,True
0e72c1a751b496722a6cb1f10653b62a,6280,sao paulo,SP,3,3,3,2,140.8,51.300000000000004,3,3,2018-05-11 00:18:02,2018-07-30 21:42:57,4.666666666666667,3,0,-12.333333333333334,6.333333333333333,1.0,46.93333333333334,17.1,0,0.0,0.0,80,False,True
7e1fb0a3ebfb01ffb3a7dae98bf3238d,14403,franca,SP,174,159,25,2,27349.53,2986.4,159,149,2017-02-04 21:39:14,2018-08-23 19:57:18,4.159235668789809,157,18,-10.63225806451613,15.116129032258064,1.0943396226415094,172.00962264150942,18.78238993710692,18,0.11320754716981132,0.11320754716981132,564,False,True
376a891762bbdecbc02b4b6adec3fdda,74323,goiania,GO,58,57,13,5,6406.23,1287.4,57,57,2017-05-20 00:26:11,2018-05-02 22:17:41,4.666666666666667,57,2,-15.175438596491228,11.807017543859649,1.0175438596491229,112.38999999999999,22.585964912280705,1,0.03508771929824561,0.017543859649122806,347,False,True
90b36c5aeb728d5504a39f435bef0c5f,13835,conchal,SP,7,5,3,3,207.85999999999999,132.37,5,5,2018-07-11 10:34:33,2018-08-02 14:29:13,4.2,5,0,-10.25,11.5,1.4,41.572,26.474,1,0.0,0.2,22,False,True
e76ecc7e9a1a1e3c6df9d2a8261c423d,30140,belo horizonte,MG,1,1,1,1,20.0,14.1,1,1,2017-08-13 10:23:44,2017-08-13 10:23:44,5.0,1,0,-11.0,12.0,1.0,20.0,14.1,0,0.0,0.0,0,False,True
1dfe5347016252a7884b694d4f10f5c4,14940,ibitinga,SP,27,21,15,1,1693.5,436.23,21,21,2017-10-28 15:55:01,2018-04-08 22:20:03,3.4,20,5,-7.5,18.55,1.2857142857142858,80.64285714285714,20.772857142857145,6,0.23809523809523808,0.2857142857142857,162,False,True
528bcf6680c36dddf07620bd35b33a6f,3178,sao paulo,SP,2,2,2,1,969.98,43.86,2,2,2017-06-11 21:57:20,2017-10-17 01:08:50,4.5,2,1,-4.5,20.5,1.0,484.99,21.93,0,0.5,0.0,127,False,True
f114dca2828bf718548db175ebe2cfcd,86192,cambe,PR,1,1,1,1,139.0,13.99,1,1,2018-01-06 01:06:31,2018-01-06 01:06:31,1.0,1,0,-22.0,10.0,1.0,139.0,13.99,1,0.0,1.0,0,True,True
33dd941c27854f7625b968cc6195a552,29107,vila velha,ES,5,5,1,1,6787.5,380.91,5,5,2018-05-27 16:26:55,2018-08-03 00:45:12,4.4,5,0,-19.8,11.2,1.0,1357.5,76.182,1,0.0,0.2,67,False,True
579891617139df7d8671d373f0669622,20061,rio de janeiro,RJ,8,8,7,2,280.3,128.2,8,8,2017-06-07 20:09:55,2018-07-02 08:00:35,4.5,8,2,-10.75,17.875,1.0,35.0375,16.025,1,0.25,0.125,389,False,True
48985c61529077fa4f1e38bcff0f2ed3,90020,porto alegre,RS,7,7,2,1,879.3000000000001,148.07,7,7,2017-01-31 08:37:02,2017-08-01 13:29:51,4.428571428571429,7,0,-21.428571428571427,10.0,1.0,125.61428571428573,21.15285714285714,0,0.0,0.0,182,False,True
25c5c91f63607446a97b143d2d535d31,35680,itauna,MG,269,158,18,1,54679.22,7000.11,158,152,2017-03-08 08:58:11,2018-03-28 11:26:02,3.8343949044585988,157,11,-11.852564102564102,14.076923076923077,1.7025316455696202,346.07101265822786,44.304493670886075,31,0.06962025316455696,0.1962025316455696,385,False,True
f205b1a3ca9a34e0f8a228bae6e4c7b3,94965,cachoeirinha,RS,8,8,7,1,1088.0,396.9,8,8,2018-07-13 12:35:28,2018-08-26 17:28:44,4.875,8,0,-10.375,8.125,1.0,136.0,49.6125,0,0.0,0.0,44,False,True
d2374cbcbb3ca4ab1086534108cc3ab7,14940,ibitinga,SP,631,524,111,4,21223.92,9593.88,524,509,2017-02-10 15:36:37,2018-08-21 11:28:41,3.7644787644787643,518,27,-14.805447470817121,14.130350194552529,1.2041984732824427,40.5036641221374,18.308931297709922,106,0.05152671755725191,0.20229007633587787,556,False,True
ef728fa1f17436c91ed1ccd03dcf9631,17201,jau,SP,4,3,4,1,128.7,58.12,3,3,2018-07-23 18:35:14,2018-08-23 12:31:37,4.333333333333333,3,0,-9.666666666666666,4.0,1.3333333333333333,42.9,19.37333333333333,0,0.0,0.0,30,False,True
1eade46fba20122dc4aefb379f8c636b,2066,sao paulo,SP,75,58,8,1,3635.37,1038.34,58,55,2017-02-13 00:28:28,2018-07-22 22:00:38,4.431034482758621,58,7,-7.637931034482759,11.862068965517242,1.293103448275862,62.67879310344827,17.902413793103445,5,0.1206896551724138,0.08620689655172414,524,False,True
b9de031b671cd48b28fae9d828cbf2b4,4283,sao paulo,SP,1,1,1,1,155.32,43.37,1,1,2018-07-18 13:52:45,2018-07-18 13:52:45,5.0,1,0,-13.0,9.0,1.0,155.32,43.37,0,0.0,0.0,0,False,True
6f835fd4be26989b1b064399da346143,81280,curitiba,PR,2,2,1,1,197.8,31.450000000000003,2,2,2018-05-26 08:26:02,2018-06-18 22:59:35,5.0,2,0,-21.0,6.5,1.0,98.9,15.725000000000001,0,0.0,0.0,23,False,True
c9a06ece156bb057372c68718ec8909b,73020,brasilia,DF,14,14,3,3,4688.9,540.72,14,14,2016-10-05 14:36:55,2017-02-28 12:49:50,3.0,14,0,-32.90909090909091,10.909090909090908,1.0,334.9214285714285,38.62285714285714,5,0.0,0.35714285714285715,145,False,True
6b2612338467c08c9b25f0cc55b1578d,86990,marialva,PR,1,1,1,1,92.9,20.97,1,1,2017-02-12 20:42:26,2017-02-12 20:42:26,4.0,1,0,-22.0,16.0,1.0,92.9,20.97,0,0.0,0.0,0,False,True
40d54b51e962dbe09cabbcfd33298dee,9230,santo andre,SP,31,30,13,3,6785.5599999999995,537.69,30,30,2017-07-08 14:21:09,2018-08-25 14:20:27,4.0,30,0,-12.4,6.833333333333333,1.0333333333333334,226.18533333333332,17.923000000000002,6,0.0,0.2,412,False,True
70c27847eca8195c983ed7e798c56743,20930,rio de janeiro,RJ,98,77,20,1,12077.52,1451.66,77,77,2018-04-03 09:02:42,2018-08-22 21:34:37,4.233766233766234,77,5,-11.753246753246753,10.753246753246753,1.2727272727272727,156.85090909090908,18.852727272727275,14,0.06493506493506493,0.18181818181818182,141,False,True
b98b715fe9e276204e2a3464f48cd796,3827,sao paulo,SP,6,6,4,3,450.58000000000004,67.03999999999999,6,6,2017-02-03 15:20:03,2018-04-24 08:53:11,3.3333333333333335,6,0,-22.75,11.0,1.0,75.09666666666668,11.173333333333332,2,0.0,0.3333333333333333,444,False,True
0b1ca3ef18a63d7eb0c8897fa0849c08,18131,sao roque,SP,1,1,1,1,55.0,7.87,1,1,2018-04-12 00:10:10,2018-04-12 00:10:10,5.0,1,0,-6.0,6.0,1.0,55.0,7.87,0,0.0,0.0,0,False,True
37ceb404da208418c9032f0674e57804,4615,sao paulo,SP,3,1,1,1,204.93,69.17999999999999,1,1,2018-05-22 18:50:55,2018-05-22 18:50:55,1.0,1,0,,,3.0,204.93,69.17999999999999,1,0.0,1.0,0,True,True
05d2173d43ea568aa0540eba70d2ca76,37135,alfenas,MG,66,62,48,3,5759.66,1679.27,62,61,2017-09-27 12:01:09,2018-08-12 20:44:16,4.183333333333334,60,3,-11.64516129032258,14.64516129032258,1.064516129032258,92.89774193548386,27.085,7,0.04838709677419355,0.11290322580645161,319,False,True
661ad5fcc28cdfb8bcadb12bb2272475,88330,balneario camboriu,SC,7,4,1,1,209.92999999999998,119.78,4,4,2018-01-15 10:56:46,2018-07-17 17:28:51,5.0,4,0,-19.75,12.25,1.75,52.4825,29.945,0,0.0,0.0,183,False,True
999f6d9a1c7c81f43be44c6b7d076210,5269,sao paulo,SP,2,2,1,1,28.0,22.83,2,2,2017-01-26 14:26:43,2017-03-05 21:27:29,4.5,2,0,-23.5,4.0,1.0,14.0,11.415,0,0.0,0.0,38,False,True
101a3a003516bc11253298b2fad3cb65,13503,rio claro,SP,6,5,2,2,450.0,74.0,5,5,2018-06-21 20:47:22,2018-07-26 19:02:58,4.8,5,0,-8.6,6.0,1.2,90.0,14.8,0,0.0,0.0,34,False,True
b839e41795b7f3ad94cc2014a52f6796,9541,sao caetano do sul,SP,36,33,10,3,42829.0,920.93,33,33,2018-03-01 10:18:57,2018-08-25 15:12:30,4.090909090909091,33,1,-12.787878787878787,6.2727272727272725,1.0909090909090908,1297.8484848484848,27.906969696969696,6,0.030303030303030304,0.18181818181818182,177,False,True
a20d8058c866dbaeca014d2cd20ac62e,12209,sao jose dos campos,SP,2,2,1,1,1194.0,44.9,2,2,2017-12-20 14:52:29,2018-05-16 01:18:19,5.0,2,0,-3.5,23.0,1.0,597.0,22.45,0,0.0,0.0,146,False,True
6824a69c9ea0313eba299dd4a2dba09a,35570,formiga,MG,7,6,6,3,666.9,117.18,6,6,2018-07-24 14:23:37,2018-08-20 15:12:42,4.666666666666667,6,0,-13.166666666666666,4.333333333333333,1.1666666666666667,111.14999999999999,19.529999999999998,0,0.0,0.0,27,False,True
058cb5aeb36d7c0fcae20fc85d5e0a59,21635,rio de janeiro,RJ,13,12,8,1,1328.0,779.42,12,11,2017-09-25 22:41:26,2018-08-14 23:23:38,3.5833333333333335,12,1,-11.090909090909092,9.727272727272727,1.0833333333333333,110.66666666666667,64.95166666666667,3,0.08333333333333333,0.25,323,False,True
48efc9d94a9834137efd9ea76b065a38,81130,curitiba,PR,34,33,17,8,345.6,320.40000000000003,33,18,2016-12-23 23:16:47,2017-01-26 10:00:37,5.0,33,0,-24.454545454545453,10.545454545454545,1.0303030303030303,10.472727272727273,9.70909090909091,0,0.0,0.0,33,False,True
218f991754f360af9c2daa5e0b8e990c,1123,sao paulo,SP,17,14,4,1,3554.32,265.22,14,14,2017-12-18 18:19:07,2018-08-19 19:09:43,3.642857142857143,14,2,-6.714285714285714,13.5,1.2142857142857142,253.88000000000002,18.944285714285716,3,0.14285714285714285,0.21428571428571427,244,False,True
5dc4bdaf869e8c77c648078cbe8d59c2,88035,florianopolis,SC,1,1,1,1,292.99,34.5,1,1,2017-09-16 21:43:02,2017-09-16 21:43:02,1.0,1,0,,,1.0,292.99,34.5,1,0.0,1.0,0,True,True
9261d76c62caaf0b24677c2ceb7f8f20,88138,palhoca,SC,7,6,4,1,968.7,247.54000000000002,6,6,2018-07-05 09:49:54,2018-08-20 23:41:45,3.8333333333333335,6,0,-16.5,7.5,1.1666666666666667,161.45000000000002,41.25666666666667,0,0.0,0.0,46,False,True
a3b0df0065e264a91b7bbf5f844af5cd,9721,sao bernardo do capo,SP,2,2,2,1,186.69,32.06,2,2,2017-09-20 15:08:28,2017-09-23 17:59:17,5.0,2,0,-6.5,13.5,1.0,93.345,16.03,0,0.0,0.0,3,False,True
37dd29b36c458d82f74a953c40c43645,13480,limeira,SP,8,7,5,1,4536.99,479.44,7,7,2017-10-08 16:50:45,2018-05-28 13:37:22,3.857142857142857,7,1,-10.285714285714286,18.142857142857142,1.1428571428571428,648.1414285714285,68.49142857142857,2,0.14285714285714285,0.2857142857142857,231,False,True
077c5fae4bea9500e3737b16f71b9d3a,18052,sorocaba,SP,6,4,3,1,106.80000000000001,70.44,4,4,2017-09-19 12:44:23,2018-06-22 13:20:25,4.5,4,0,-7.75,7.75,1.5,26.700000000000003,17.61,0,0.0,0.0,276,False,True
0dd184061fb0eaa7ca37932c68ab91c5,7031,guarulhos,SP,193,161,11,3,18446.92,5319.5,161,160,2017-12-04 19:18:09,2018-08-16 13:52:25,4.03125,160,17,-10.490683229813664,11.391304347826088,1.1987577639751552,114.57714285714285,33.04037267080745,22,0.10559006211180125,0.13664596273291926,254,False,True
5b35136197710e16ac5e7b7c2bd4ea85,22640,rio de janeiro,RJ,9,7,5,1,3104.2000000000003,246.08999999999997,7,7,2017-08-16 12:02:50,2018-03-31 12:04:24,2.5714285714285716,7,2,-6.0,17.857142857142858,1.2857142857142858,443.4571428571429,35.15571428571428,4,0.2857142857142857,0.5714285714285714,227,False,True
60562ab00b8054280520d390c8c0045c,4809,sao paulo,SP,17,17,5,1,2943.0,304.09,17,17,2017-10-18 08:46:18,2018-08-03 18:20:50,4.764705882352941,17,0,-14.294117647058824,9.764705882352942,1.0,173.11764705882354,17.88764705882353,0,0.0,0.0,289,False,True
1d29dfba02015238dfbe2449a5eaa361,36576,vicosa,MG,12,12,3,1,612.8,177.12,12,12,2017-02-01 09:54:31,2018-05-10 13:09:26,4.5,12,1,-9.5,14.833333333333334,1.0,51.06666666666666,14.76,1,0.08333333333333333,0.08333333333333333,463,False,True
ad273c9eb54ecb4532de4bf75bae9e4e,80420,curitiba,PR,11,10,8,2,645.0,184.75,10,10,2017-03-01 11:31:23,2018-08-09 01:14:45,4.1,10,0,-11.7,11.8,1.1,64.5,18.475,1,0.0,0.1,525,False,True
7813ea3ebd9411dc600b4dd01f7a97b9,6018,osasco,SP,9,9,8,2,1599.4,146.59,9,9,2017-08-03 17:22:24,2018-06-07 12:57:35,3.888888888888889,9,1,-9.88888888888889,12.666666666666666,1.0,177.7111111111111,16.287777777777777,2,0.1111111111111111,0.2222222222222222,307,False,True
559d56f3b8f0bc2e5a9a62fe2ce2a39f,89220,joinville,SC,2,2,2,1,385.0,48.72,2,2,2018-08-05 09:19:13,2018-08-05 23:10:33,2.5,2,1,-2.0,12.0,1.0,192.5,24.36,1,0.5,0.5,0,False,True
57df9869a600bd6b7c405f2a862eccfb,37540,santa rita do sapucai,MG,5,5,1,1,125.0,72.21000000000001,5,5,2018-04-12 21:38:02,2018-08-14 18:05:19,4.4,5,0,-19.4,6.6,1.0,25.0,14.442000000000002,0,0.0,0.0,123,False,True
777a0c55737f34ffeb78010f7542ab41,1541,sao paulo,SP,6,6,3,2,452.5,75.83,6,6,2018-06-27 09:02:19,2018-08-20 17:59:47,4.333333333333333,6,0,-9.833333333333334,3.8333333333333335,1.0,75.41666666666667,12.638333333333334,1,0.0,0.16666666666666666,54,False,True
2aa3443d7bf9d9bb11133f420d75e083,22713,rio de janeiro,RJ,10,10,7,3,647.0,134.12,10,10,2017-11-14 12:43:54,2018-08-13 01:18:39,3.0,10,2,-8.9,10.0,1.0,64.7,13.412,4,0.2,0.4,271,False,True
c3867b4666c7d76867627c2f7fb22e21,14580,guara,SP,259,245,98,1,37153.4,5043.78,245,243,2017-03-30 13:28:48,2018-07-09 00:04:47,3.905349794238683,243,25,-9.758771929824562,14.960526315789474,1.0571428571428572,151.6465306122449,20.58685714285714,50,0.10204081632653061,0.20408163265306123,465,False,True
0bae85eb84b9fb3bd773911e89288d54,88301,itajai,SP,146,137,45,13,7482.21,2924.19,137,135,2017-03-24 21:48:54,2018-08-21 20:24:33,4.2700729927007295,137,1,-15.139705882352942,9.808823529411764,1.0656934306569343,54.614671532846714,21.344452554744525,10,0.0072992700729927005,0.072992700729927,514,False,True
35fb511489d9ee3ee27a76debce9df06,86061,londrina,PR,7,7,4,1,414.5,172.29000000000002,7,7,2017-02-22 18:45:58,2018-04-09 08:57:49,3.5714285714285716,7,1,-10.571428571428571,16.428571428571427,1.0,59.214285714285715,24.612857142857145,1,0.14285714285714285,0.14285714285714285,410,False,True
df91910b6a03bb2e3358fa6a35e32f6f,9560,sao paulo,SP,14,14,4,1,2312.1,395.02,14,14,2018-06-24 09:54:00,2018-08-14 21:21:39,4.357142857142857,14,0,-13.307692307692308,8.846153846153847,1.0,165.15,28.215714285714284,1,0.0,0.07142857142857142,51,False,True
7e3dde9ffba72d5340f9aaf09b4424be,86185,cambe,PR,1,1,1,1,220.0,22.03,1,1,2017-08-29 17:18:49,2017-08-29 17:18:49,1.0,1,0,,,1.0,220.0,22.03,1,0.0,1.0,0,True,True
dbdd0ec73a4817971d962698f2fea022,60710,fortaleza,CE,16,16,3,1,6384.0,1790.8,16,16,2018-04-30 11:04:32,2018-08-19 21:21:03,4.375,16,1,-17.25,12.1875,1.0,399.0,111.925,2,0.0625,0.125,111,False,True
8ff38bc3969e67c36c48343a07090f66,8260,sao paulo,SP,8,2,1,1,3472.0,387.56,2,2,2017-08-01 09:24:06,2017-09-29 13:19:51,2.5,2,0,-11.0,16.5,4.0,1736.0,193.78,1,0.0,0.5,59,False,True
6e1862e15f33d9994bc25922a85e1efc,13505,rio claro,SP,14,8,7,2,732.49,147.47,8,8,2018-06-08 09:47:41,2018-08-21 15:44:52,4.428571428571429,7,0,-16.571428571428573,3.2857142857142856,1.75,91.56125,18.43375,1,0.0,0.125,74,False,True
058fd0aa2bfdb2274e05e1ae971dabb6,9020,santo andre,SP,64,61,11,2,7667.9,887.9,61,60,2017-08-03 11:36:18,2018-06-07 19:45:30,4.377049180327869,61,4,-11.933333333333334,9.7,1.0491803278688525,125.70327868852459,14.555737704918032,6,0.06557377049180328,0.09836065573770492,308,False,True
f615fe7efbef0f4f08fd3086bc7a3e60,12940,atibaia,SP,24,23,18,4,2359.27,389.69,23,23,2017-07-12 17:40:18,2017-10-21 11:08:42,4.3478260869565215,23,2,-12.954545454545455,7.2727272727272725,1.0434782608695652,102.57695652173913,16.94304347826087,4,0.08695652173913043,0.17391304347826086,100,False,True
aa1eb17b9fdf6dfd546e25c45c7b9235,4794,sao paulo,SP,4,3,2,1,117.99,36.269999999999996,3,3,2017-12-01 11:14:08,2018-04-25 19:27:16,4.666666666666667,3,0,-9.0,7.0,1.3333333333333333,39.33,12.089999999999998,0,0.0,0.0,145,False,True
07bf9669d84d1f11be443a9dd938f698,4761,sao paulo,SP,24,18,11,2,1776.0,646.22,18,18,2017-03-08 16:34:25,2018-06-27 09:01:34,3.7222222222222223,18,0,-18.166666666666668,7.944444444444445,1.3333333333333333,98.66666666666667,35.90111111111111,5,0.0,0.2777777777777778,475,False,True
08633c14ef2db992c11f840f04fad4cd,9416,ribeirao pires,SP,97,74,16,5,7644.3,1424.52,74,72,2017-12-13 09:15:58,2018-08-24 14:57:19,4.364864864864865,74,4,-10.891891891891891,9.567567567567568,1.3108108108108107,103.30135135135136,19.25027027027027,5,0.05405405405405406,0.06756756756756757,254,False,True
b0398568231ba5e6734af1881671a317,29704,colatina,ES,4,4,3,3,656.77,113.35,4,4,2018-03-22 14:59:06,2018-04-10 09:24:49,4.0,4,0,-12.75,13.0,1.0,164.1925,28.3375,1,0.0,0.25,18,False,True
f419677537694f0462a91990df6ca44f,9750,sao bernardo do campo,SP,6,6,6,0,220.5,78.78,6,5,2017-12-27 08:36:53,2018-03-14 15:47:48,4.0,6,1,-6.333333333333333,14.0,1.0,36.75,13.13,1,0.16666666666666666,0.16666666666666666,77,False,True
e88c9b79e592e370d6bd852eeefbf057,85501,pato branco,PR,9,8,7,1,251.87,142.10999999999999,8,8,2017-05-21 19:53:52,2017-07-13 11:44:22,4.75,8,0,-17.375,8.125,1.125,31.48375,17.763749999999998,0,0.0,0.0,52,False,True
70bf57d811208f8923b41bbd499a67a4,7866,franco da rocha,SP,7,7,3,2,780.8000000000001,88.93,7,7,2018-06-26 20:41:56,2018-08-27 17:24:25,4.142857142857143,7,0,-6.714285714285714,4.285714285714286,1.0,111.54285714285716,12.704285714285716,1,0.0,0.14285714285714285,61,False,True
8c0de775f52fe41590b376a3b7c50f68,13178,sumare,SP,9,9,6,1,672.7,135.32999999999998,9,9,2018-03-15 22:24:24,2018-07-03 15:02:54,3.888888888888889,9,0,-11.5,5.75,1.0,74.74444444444445,15.036666666666665,1,0.0,0.1111111111111111,109,False,True
7a91bf945c6fae0779f1c61ce97fe45c,26562,mesquita,RJ,5,5,3,1,799.5,82.57,5,5,2017-07-17 00:25:55,2017-11-20 22:03:16,3.8,5,1,16.0,43.5,1.0,159.9,16.514,1,0.2,0.2,126,False,True
6dc9bec584588412a6a338830946a3e4,3270,sao paulo,SP,2,2,1,1,560.0,107.83,2,2,2017-02-03 20:08:53,2017-02-17 13:53:06,1.5,2,0,-44.0,21.0,1.0,280.0,53.915,2,0.0,1.0,13,True,True
b19c48688808720822399ffa9f2dbe2f,4801,sao paulo,SP,1,1,1,1,959.99,24.82,1,1,2018-08-22 14:14:50,2018-08-22 14:14:50,5.0,1,0,-17.0,6.0,1.0,959.99,24.82,0,0.0,0.0,0,False,True
5b8154610ebb21fb90eb587365e673df,12246,sao jose dos campos,SP,41,38,17,5,9397.54,1077.44,38,38,2017-07-10 17:44:35,2018-07-28 17:56:15,4.184210526315789,38,4,-9.972972972972974,12.621621621621621,1.0789473684210527,247.30368421052634,28.353684210526318,5,0.10526315789473684,0.13157894736842105,383,False,True
bb2afe2061d53c6968aa0cffa233a8ec,4307,sao paulo,SP,6,5,4,1,549.4,94.62,5,5,2018-05-09 17:11:55,2018-07-21 23:56:29,4.8,5,0,-10.8,4.0,1.2,109.88,18.924,0,0.0,0.0,73,False,True
1cbdc7cf130a41fd13a3c2a7d2fcfda7,37480,lambari,MG,2,2,1,1,165.8,59.81,2,2,2018-05-06 11:15:20,2018-07-03 10:46:01,5.0,2,0,-13.5,8.5,1.0,82.9,29.905,0,0.0,0.0,57,False,True
fb89df7f89fd1b8f03fa2acca1ba7364,85853,foz do iguacu,PR,25,22,10,1,2220.0,467.43,22,22,2017-10-10 20:21:15,2018-08-18 21:18:15,3.8636363636363638,22,2,-9.227272727272727,15.636363636363637,1.1363636363636365,100.9090909090909,21.24681818181818,4,0.09090909090909091,0.18181818181818182,312,False,True
b18871c324516afa228a13e8f1ef0ae9,4186,sao paulo,SP,23,9,5,1,1064.6,243.8,9,9,2018-02-28 22:21:37,2018-06-18 18:47:16,3.4444444444444446,9,1,-8.11111111111111,8.333333333333334,2.5555555555555554,118.28888888888888,27.08888888888889,4,0.1111111111111111,0.4444444444444444,109,False,True
17ca9b9e9b9ef8fdb529001b49ebb50f,32677,betim,MG,129,116,46,4,9754.83,2365.89,116,116,2017-07-11 09:36:46,2018-08-21 12:21:04,4.043103448275862,116,1,-14.121739130434783,7.808695652173913,1.1120689655172413,84.09336206896552,20.39560344827586,17,0.008620689655172414,0.14655172413793102,406,False,True
3f0e48d209018b466fcd3bb4ccfeb520,80215,curitiba,PR,10,9,3,1,5399.0,255.79999999999998,9,9,2017-08-02 14:10:38,2018-01-21 16:56:40,3.888888888888889,9,0,-16.555555555555557,9.11111111111111,1.1111111111111112,599.8888888888889,28.42222222222222,2,0.0,0.2222222222222222,172,False,True
9add47bf45ce8e8c7db6b9cf670b1e09,83830,fazenda rio grande,PR,45,43,12,6,4829.24,1158.04,43,43,2017-02-05 11:05:44,2018-08-18 10:11:14,4.166666666666667,42,1,-13.731707317073171,11.707317073170731,1.0465116279069768,112.30790697674418,26.931162790697673,4,0.023255813953488372,0.09302325581395349,558,False,True
acce39e832338debb07b02385cde5967,32110,contagem,MG,44,44,30,2,4748.1,1175.56,44,44,2018-05-12 17:10:13,2018-08-26 15:11:20,4.4772727272727275,44,0,-10.295454545454545,6.636363636363637,1.0,107.91136363636365,26.717272727272725,3,0.0,0.06818181818181818,105,False,True
397c4d0c005b6f41f90098ac724e28cb,9182,santo andre,SP,5,5,4,4,8177.0,445.37,5,5,2018-04-09 21:35:35,2018-08-04 14:32:55,4.4,5,2,-5.8,15.8,1.0,1635.4,89.074,0,0.4,0.0,116,False,True
b2c97074649f92197d9387d9033dda5f,18604,botucatu,SP,11,10,9,2,684.71,279.37,10,10,2018-04-23 10:28:37,2018-08-14 13:27:56,4.7,10,1,-9.2,11.8,1.1,68.471,27.937,0,0.1,0.0,113,False,True
f262cbc1c910c83959f849465454ddd3,3564,sao paulo,SP,207,192,80,9,10482.83,2507.02,192,191,2017-11-04 10:25:02,2018-08-27 07:18:36,4.141361256544503,191,14,-9.724867724867725,8.656084656084657,1.078125,54.598072916666666,13.057395833333333,29,0.07291666666666667,0.15104166666666666,295,False,True
c113b8df1fc375bc3d73d29c1b1144d1,8021,sao paulo,SP,5,3,2,0,333.0,67.87,3,3,2017-06-15 10:15:14,2017-08-02 16:17:16,4.333333333333333,3,0,-21.666666666666668,6.333333333333333,1.6666666666666667,111.0,22.623333333333335,0,0.0,0.0,48,False,True
bd65d163ded559eb90a10cd09fec178f,3526,sao paulo,SP,2,1,2,1,19.8,18.68,1,1,2017-08-21 10:31:19,2017-08-21 10:31:19,4.0,1,0,-17.0,4.0,2.0,19.8,18.68,0,0.0,0.0,0,False,True
720e6cf846ea7572cbb66b743fb91e6c,8717,mogi das cruzes / sp,SP,1,1,1,1,54.0,14.55,1,1,2017-03-18 12:23:46,2017-03-18 12:23:46,5.0,1,0,-7.0,16.0,1.0,54.0,14.55,0,0.0,0.0,0,False,True
8f580d36c1e9d6fbce95283403c7d447,14090,ribeirao preto,SP,8,8,7,1,4813.25,180.15,8,8,2017-12-18 09:12:41,2018-08-14 16:04:40,4.375,8,1,-10.375,11.875,1.0,601.65625,22.51875,1,0.125,0.125,239,False,True
be7a093e5b4d147b36b72bb1f9e415e5,85900,toledo,PR,1,1,1,1,60.9,22.36,1,1,2018-07-07 10:44:58,2018-07-07 10:44:58,5.0,1,0,-22.0,5.0,1.0,60.9,22.36,0,0.0,0.0,0,False,True
cb4a705d00e100b9732d0ca34817d441,88032,florianopolis,SC,2,1,1,1,998.0,82.56,1,1,2017-11-24 22:07:05,2017-11-24 22:07:05,1.0,1,0,-2.0,24.0,2.0,998.0,82.56,1,0.0,1.0,0,True,True
f266295f49a28eee21f413e0cbb0521d,84020,ponta grossa,PR,2,2,2,2,149.8,28.14,2,2,2017-11-08 18:18:31,2017-11-09 15:06:08,4.5,2,0,-9.0,11.5,1.0,74.9,14.07,0,0.0,0.0,0,False,True
31eec405c9bb71dec8e2629a92e764fa,29300,cachoeiro de itapemirim,ES,5,5,5,5,256.89,170.24,5,5,2018-06-27 12:28:47,2018-08-10 13:10:40,4.6,5,0,-14.4,8.0,1.0,51.378,34.048,0,0.0,0.0,44,False,True
6235903333ba7de1928c869e268e5964,89650,treze tilias,SC,1,1,1,1,94.06,41.42,1,1,2018-05-13 18:19:47,2018-05-13 18:19:47,5.0,1,0,-17.0,4.0,1.0,94.06,41.42,0,0.0,0.0,0,False,True
c360e4787614ed31ac7a2f95d3b22dc6,18681,lencois paulista,SP,1,1,1,1,188.9,30.05,1,1,2018-06-13 09:32:06,2018-06-13 09:32:06,2.0,1,0,-17.0,12.0,1.0,188.9,30.05,1,0.0,1.0,0,True,True
1e47d8b6546eb3a77b1acddcc9406242,13015,campinas,SP,1,1,1,1,149.9,16.81,1,1,2017-05-15 08:59:57,2017-05-15 08:59:57,1.0,1,0,-11.0,35.0,1.0,149.9,16.81,1,0.0,1.0,0,True,True
cf1313c6e2c01c2f4b014f97db4bcd2b,22050,rio de janeiro \rio de janeiro,RJ,5,5,3,2,315.70000000000005,81.3,5,5,2018-06-15 15:55:16,2018-08-06 20:55:21,5.0,5,0,-11.2,8.0,1.0,63.14000000000001,16.259999999999998,0,0.0,0.0,52,False,True
14ee35374a7876217954b5fa08e50463,15015,sao jose do rio preto,SP,6,6,2,1,809.0,114.05,6,6,2017-10-04 19:55:43,2018-01-17 11:42:31,4.333333333333333,6,1,-7.833333333333333,17.0,1.0,134.83333333333334,19.008333333333333,0,0.16666666666666666,0.0,104,False,True
8fe8786ee000001ab51d030dfd4a7bf1,88490,paulo lopes,SC,5,5,2,1,2255.0,201.44,5,5,2017-11-20 20:34:03,2018-06-22 21:16:19,4.6,5,0,-21.6,15.6,1.0,451.0,40.288,0,0.0,0.0,214,False,True
e72b4feb7abe210c52aa667abc25a3a2,3122,sao paulo,SP,2,1,1,1,38.2,17.44,1,1,2017-06-17 11:54:02,2017-06-17 11:54:02,5.0,1,0,-13.0,4.0,2.0,38.2,17.44,0,0.0,0.0,0,False,True
373ee4a3a775a733770ca3f790b8b9ac,22793,rio de janeiro,RJ,22,13,9,5,2141.49,290.32,13,13,2017-02-06 18:57:19,2018-05-08 14:23:15,3.923076923076923,13,1,-11.461538461538462,9.538461538461538,1.6923076923076923,164.73,22.33230769230769,3,0.07692307692307693,0.23076923076923078,455,False,True
432c37c9dfba871172ec162e20118b8c,70235,brasilia,DF,57,46,17,6,2968.87,969.67,46,46,2017-03-02 14:06:01,2018-04-12 22:26:18,4.108695652173913,46,4,-11.613636363636363,14.068181818181818,1.2391304347826086,64.54065217391305,21.079782608695652,7,0.08695652173913043,0.15217391304347827,406,False,True
daf565f087a52def0fd5c5825b3661bc,88350,brusque,SC,9,9,5,1,813.9000000000001,307.93,9,9,2018-06-16 21:14:44,2018-08-22 12:44:03,3.625,8,0,-17.666666666666668,8.88888888888889,1.0,90.43333333333334,34.214444444444446,3,0.0,0.3333333333333333,66,False,True
ea3ebea5317b0efbc663ecc8ce5e9bc2,88036,florianopolis,SC,3,3,3,1,299.70000000000005,57.65,3,3,2018-05-03 08:15:45,2018-05-20 20:16:42,4.0,3,0,-16.333333333333332,8.666666666666666,1.0,99.90000000000002,19.216666666666665,0,0.0,0.0,17,False,True
1fe61aa5494bd3ae92a2c13e067c810f,89540,santa cecilia,SC,2,1,1,1,537.76,100.82,1,1,2017-11-27 12:12:28,2017-11-27 12:12:28,4.0,1,0,-17.0,7.0,2.0,537.76,100.82,0,0.0,0.0,0,False,True
e9511df20ccd82658a30c37b7fb343af,17026,bauru,SP,30,22,9,2,2096.6,726.5,22,22,2017-11-23 19:55:23,2018-08-08 14:23:32,4.318181818181818,22,0,-14.045454545454545,9.272727272727273,1.3636363636363635,95.3,33.02272727272727,2,0.0,0.09090909090909091,257,False,True
4c8545742faaf58fafd5fd14d25d75cf,15603,fernandopolis,SP,4,4,4,2,3020.0,196.31,4,4,2018-03-15 22:07:54,2018-05-19 18:08:37,4.5,4,0,-14.25,9.5,1.0,755.0,49.0775,0,0.0,0.0,64,False,True
27a56ff04b34c2ba34ce6ba4d3b9d616,13033,campinas,SP,8,8,7,2,349.28999999999996,102.98,8,8,2017-04-05 15:45:38,2017-10-13 10:53:47,4.125,8,1,-10.0,12.25,1.0,43.661249999999995,12.8725,1,0.125,0.125,190,False,True
888faa8bfb0b159c37de6d898b961c31,88750,braco do norte,SC,23,19,14,8,2418.2999999999997,526.7,19,19,2017-08-07 14:10:09,2018-08-22 09:20:10,4.2105263157894735,19,0,-15.736842105263158,7.894736842105263,1.2105263157894737,127.27894736842104,27.72105263157895,2,0.0,0.10526315789473684,379,False,True
0aa2205ca24f113f4658a5c536667426,4281,sao paulo,SP,11,4,3,1,815.62,172.48,4,4,2018-04-18 11:16:54,2018-08-14 17:39:49,4.0,4,0,-11.25,8.25,2.75,203.905,43.12,1,0.0,0.25,118,False,True
432c67955c0acd1fd6b0b5d678766a71,5571,sao paulo,SP,3,3,3,1,1151.0,137.41,3,3,2016-10-04 16:28:25,2017-02-01 09:24:38,2.3333333333333335,3,0,-48.0,6.0,1.0,383.6666666666667,45.803333333333335,2,0.0,0.6666666666666666,119,False,True
d8c7ba53e7e38711eaef8c2849d6d2e1,87120,floresta,PR,22,22,6,3,1190.87,597.47,22,22,2018-05-08 23:46:50,2018-08-21 06:58:44,4.5,22,0,-18.545454545454547,7.636363636363637,1.0,54.13045454545454,27.157727272727275,0,0.0,0.0,104,False,True
8a43128d7f9a3db592b866e6861a6cce,8080,sao paulo,SP,4,3,3,3,990.5999999999999,67.89,3,3,2018-06-25 20:37:05,2018-08-23 09:57:21,2.3333333333333335,3,0,-19.666666666666668,5.666666666666667,1.3333333333333333,330.2,22.63,2,0.0,0.6666666666666666,58,False,True
7cb946b1ad19faebe28c3e86c2794ec3,35701,sete lagoas,MG,1,1,1,1,25.0,15.1,1,1,2017-11-16 21:01:25,2017-11-16 21:01:25,5.0,1,0,-3.0,18.0,1.0,25.0,15.1,0,0.0,0.0,0,False,True
6338ea67c41078a46ad99cc009654956,95170,farroupilha,RS,44,37,21,1,2286.09,924.3,37,35,2017-02-02 17:56:17,2018-08-16 22:28:49,4.6,35,0,-16.0,12.64864864864865,1.1891891891891893,61.78621621621622,24.98108108108108,2,0.0,0.05405405405405406,560,False,True
6c12e40690c335dbc2f68a4134d30dc1,84178,castro,PR,18,16,12,3,9139.2,485.06,16,16,2017-02-20 13:35:27,2018-08-06 09:57:33,4.071428571428571,14,0,-13.6875,13.0,1.125,571.2,30.31625,2,0.0,0.125,531,False,True
65febd49fd28ec955651299159b1f527,3275,sao paulo,SP,40,35,14,1,4319.7,981.44,35,35,2018-04-17 10:14:25,2018-08-22 14:00:26,4.314285714285714,35,0,-12.969696969696969,6.181818181818182,1.1428571428571428,123.42,28.04114285714286,4,0.0,0.11428571428571428,127,False,True
9a84ba99f5367fdbd4598363496f1ea2,72801,luziania,GO,16,16,3,1,2284.98,435.95,16,16,2017-03-17 19:59:42,2018-07-03 10:00:13,3.625,16,0,-22.266666666666666,9.933333333333334,1.0,142.81125,27.246875,3,0.0,0.1875,472,False,True
954e95f20808d7e5d11f0de292d078e0,35930,joao monlevade,MG,4,3,2,0,158.78,119.17999999999999,3,3,2017-09-09 12:49:12,2017-11-26 19:11:30,4.666666666666667,3,0,-14.0,9.0,1.3333333333333333,52.92666666666667,39.72666666666667,0,0.0,0.0,78,False,True
fb503a924a0b9db19d83dd0ac6dbef8c,96020,pelotas,RS,1,1,1,1,13.9,17.92,1,1,2017-05-16 00:48:59,2017-05-16 00:48:59,5.0,1,0,-18.0,6.0,1.0,13.9,17.92,0,0.0,0.0,0,False,True
4ba52dfeba874da5b9ee7b17c7494f04,8790,mogi das cruzes,SP,11,11,11,1,1463.0,204.91,11,11,2017-07-31 15:18:44,2017-10-23 18:48:32,4.363636363636363,11,1,-11.727272727272727,10.0,1.0,133.0,18.62818181818182,1,0.09090909090909091,0.09090909090909091,84,False,True
5b581417df4480f632484ba681e53944,88050,florianopolis,SC,13,12,9,2,1790.6,585.7,12,12,2017-07-19 23:37:44,2018-02-03 13:37:35,3.5,12,2,-6.2727272727272725,17.727272727272727,1.0833333333333333,149.21666666666667,48.80833333333334,3,0.16666666666666666,0.25,198,False,True
d0d70d21e2234dd7cd3cf63fe414148a,58865,sao bento,PB,9,8,6,1,598.4,366.59,8,8,2018-06-28 00:41:07,2018-08-15 20:43:17,4.25,8,0,-18.125,8.875,1.125,74.8,45.823750000000004,1,0.0,0.125,48,False,True
c7c7b2682c648339a0e9846bb1023a39,12916,braganca paulista,SP,3,2,2,0,168.0,31.68,2,2,2017-10-12 23:15:50,2017-12-13 18:53:25,4.5,2,0,-11.5,9.5,1.5,84.0,15.84,0,0.0,0.0,61,False,True
06e5eefc71ec47ae763c5c6f8db7064f,91350,porto alegre,RS,95,92,35,6,22188.56,2193.28,92,92,2017-04-25 16:33:00,2018-08-22 17:14:07,3.922222222222222,90,0,-16.733333333333334,10.5,1.0326086956521738,241.18,23.840000000000003,14,0.0,0.15217391304347827,484,False,True
28ea411b354f14b1a494be4e79f0ce02,5685,sao paulo,SP,6,6,6,2,820.0,76.93,6,6,2017-02-28 13:40:03,2018-01-30 16:34:50,4.666666666666667,6,0,-11.333333333333334,8.333333333333334,1.0,136.66666666666666,12.821666666666667,0,0.0,0.0,336,False,True
2a6fbeaa7ab9e5d59a35841a8da71ce4,89259,jaragua do sul,SC,30,30,10,4,1632.79,632.49,30,30,2017-03-08 15:46:42,2018-07-01 09:42:35,3.9310344827586206,29,2,-12.8,13.9,1.0,54.42633333333333,21.083000000000002,5,0.06666666666666667,0.16666666666666666,479,False,True
77fccaae319668a8ab6cd0fd16aec48c,28035,campos dos goytacazes,RJ,12,11,5,3,1667.0,221.44,11,11,2018-05-13 16:45:22,2018-07-30 15:38:45,4.454545454545454,11,0,-11.545454545454545,9.0,1.0909090909090908,151.54545454545453,20.13090909090909,1,0.0,0.09090909090909091,77,False,True
3fadb4cba4c35bce6a7eaf9872d5623a,95013,caxias do sul,RS,5,3,1,1,209.5,68.02000000000001,3,3,2017-04-07 20:18:18,2017-05-31 22:12:33,3.3333333333333335,3,0,-22.333333333333332,8.666666666666666,1.6666666666666667,69.83333333333333,22.673333333333336,1,0.0,0.3333333333333333,54,False,True
1987cd4be10fe09ee50454f9c354d1c6,37570,ouro fino,MG,16,14,7,1,2877.7,257.53000000000003,14,14,2017-10-08 16:38:54,2018-03-02 23:16:28,4.357142857142857,14,1,-13.714285714285714,14.857142857142858,1.1428571428571428,205.54999999999998,18.395000000000003,1,0.07142857142857142,0.07142857142857142,145,False,True
aae5e7b457a3c72ee230a47d98fceda5,83040,sao jose dos pinhas,PR,7,5,2,1,604.8,140.77,5,5,2018-04-05 14:35:51,2018-08-17 18:21:02,4.2,5,0,-19.4,11.4,1.4,120.96,28.154000000000003,0,0.0,0.0,134,False,True
2d22fc3089eb907b29ebff50581fb472,27972,macae,RJ,3,3,1,1,317.70000000000005,59.69,3,3,2018-04-13 17:26:09,2018-04-29 18:43:21,3.6666666666666665,3,0,-10.666666666666666,9.333333333333334,1.0,105.90000000000002,19.896666666666665,0,0.0,0.0,16,False,True
ff1fb4c404b2efe68b03350a8dc24122,8710,mogi das cruzes,SP,49,46,21,6,6771.0,895.95,46,45,2018-01-20 23:30:17,2018-08-21 06:06:38,4.0,46,6,-8.73913043478261,9.869565217391305,1.065217391304348,147.19565217391303,19.47717391304348,8,0.13043478260869565,0.17391304347826086,212,False,True
817f85dbb65aa3e70831d90fe75cdf89,18530,tiete,SP,11,11,6,2,1552.27,231.62,11,11,2016-10-03 22:44:10,2017-03-15 12:25:24,4.545454545454546,11,0,-25.545454545454547,17.636363636363637,1.0,141.11545454545455,21.05636363636364,0,0.0,0.0,162,False,True
2b5ed0c9139dae8883a200dfcb272ece,4087,sao paulo,SP,4,4,1,1,85.41,59.34,4,4,2017-04-03 17:25:59,2017-11-06 12:03:52,4.25,4,1,-5.25,16.5,1.0,21.3525,14.835,0,0.25,0.0,216,False,True
86bf77bdb52e615674772d5817c6212f,94410,viamao,RS,5,4,3,2,281.8,97.58,4,4,2018-04-24 18:39:22,2018-07-31 21:12:24,4.75,4,0,-13.75,6.75,1.25,70.45,24.395,0,0.0,0.0,98,False,True
9b1585752613ec342d03bbab9997ec48,22745,rio de janeiro,RJ,3,3,3,2,4248.98,100.06,3,3,2018-08-07 10:52:58,2018-08-19 09:35:34,3.6666666666666665,3,0,-6.333333333333333,7.666666666666667,1.0,1416.3266666666666,33.35333333333333,1,0.0,0.3333333333333333,11,False,True
9b00cad94ef3078faf6fba2e792c158f,39442,janauba,MG,1,1,1,1,354.9,18.92,1,1,2017-12-20 12:04:33,2017-12-20 12:04:33,5.0,1,0,-16.0,19.0,1.0,354.9,18.92,0,0.0,0.0,0,False,True
6860153b69cc696d5dcfe1cdaaafcf62,13360,capivari,SP,84,74,22,3,3827.63,1490.6,74,74,2017-11-21 15:13:52,2018-08-24 00:07:22,4.095890410958904,73,6,-9.445945945945946,9.783783783783784,1.135135135135135,51.72472972972973,20.143243243243244,11,0.08108108108108109,0.14864864864864866,275,False,True
903037660cf848a717166eb7a06d616e,5734,sao paulo,SP,60,45,36,4,7991.51,1091.77,45,45,2017-01-23 21:38:10,2018-08-13 17:23:09,3.888888888888889,45,5,-16.318181818181817,11.363636363636363,1.3333333333333333,177.58911111111112,24.261555555555557,9,0.1111111111111111,0.2,566,False,True
f08c008c8a8d31417763738a1788a2a8,85875,santa terezinha de itaipu,PR,23,22,3,1,1291.72,422.96999999999997,22,22,2017-10-10 23:58:26,2018-01-22 18:14:24,3.1904761904761907,21,3,-6.1,18.95,1.0454545454545454,58.71454545454546,19.225909090909088,7,0.13636363636363635,0.3181818181818182,103,False,True
bf3c6d2a28b2b5501e6c15448982dcc9,4180,sao paulo,SP,43,35,10,2,3956.5,691.65,35,34,2017-05-29 22:47:27,2018-05-09 12:03:22,4.6,35,1,-11.942857142857143,11.342857142857143,1.2285714285714286,113.04285714285714,19.76142857142857,1,0.02857142857142857,0.02857142857142857,344,False,True
e99e927c81e3f51739c94fcdfca9f10f,38400,uberlandia,MG,25,22,6,3,2702.83,657.64,22,22,2017-01-26 22:15:22,2018-03-23 16:00:33,3.6363636363636362,22,1,-9.142857142857142,14.142857142857142,1.1363636363636365,122.8559090909091,29.89272727272727,5,0.045454545454545456,0.22727272727272727,420,False,True
49cdc90518a4f82676b38b3c1aa43ff6,3031,sao paulo,SP,5,5,5,3,1539.5,82.61,5,5,2018-06-11 11:10:56,2018-08-28 17:39:38,3.8,5,0,-11.0,5.4,1.0,307.9,16.522,1,0.0,0.2,78,False,True
066a6914e1ebf3ea95a216c73a986b91,85863,foz do iguacu,PR,74,68,44,7,9410.380000000001,1705.57,68,68,2016-10-06 17:10:05,2018-08-10 12:12:35,4.08955223880597,67,2,-17.136363636363637,12.803030303030303,1.088235294117647,138.3879411764706,25.081911764705882,8,0.029411764705882353,0.11764705882352941,672,False,True
3cfa1358a6caa965278721344c8d76f2,9831,sao bernardo do campo,SP,5,5,4,2,3140.2799999999997,81.25,5,5,2018-04-18 13:37:54,2018-06-13 21:59:30,4.8,5,0,-16.0,5.6,1.0,628.0559999999999,16.25,0,0.0,0.0,56,False,True
6d66611d7c44cc30ce351abc49a68421,4378,sao paulo,SP,176,166,59,6,13593.4,3260.97,166,165,2017-02-02 07:05:42,2018-08-25 11:43:42,3.951219512195122,164,9,-11.097560975609756,11.542682926829269,1.0602409638554218,81.88795180722892,19.644397590361443,26,0.05421686746987952,0.1566265060240964,569,False,True
e48cc16ab70bfa09e1401740dce0b3d7,16022,aracatuba,SP,17,14,9,1,1084.83,326.3,14,14,2017-05-27 10:15:14,2018-06-14 10:51:59,3.5714285714285716,14,0,-10.357142857142858,14.214285714285714,1.2142857142857142,77.48785714285714,23.307142857142857,4,0.0,0.2857142857142857,383,False,True
da20530872245d6cd9d2f5725613c430,95650,igrejinha,RS,3,2,2,1,314.96000000000004,79.25999999999999,2,2,2017-10-18 23:22:09,2017-10-26 23:51:35,4.5,2,0,-14.0,9.5,1.5,157.48000000000002,39.629999999999995,0,0.0,0.0,8,False,True
3d8fa2f5b647373c8620330c4e077a9f,3031,sao paulo,SP,48,43,11,6,3571.73,818.82,43,43,2018-04-30 14:17:06,2018-08-15 14:57:55,4.166666666666667,42,1,-11.5,8.69047619047619,1.1162790697674418,83.06348837209302,19.04232558139535,6,0.023255813953488372,0.13953488372093023,107,False,True
57d2ba47f7a3209aa347532ae75c1165,89287,sao bento do sul,SC,2,2,2,1,318.0,140.24,2,2,2018-06-21 22:32:27,2018-07-18 11:23:07,4.0,2,0,-14.0,15.0,1.0,159.0,70.12,0,0.0,0.0,26,False,True
76d5af76d0271110f9af36c92573f765,3194,sao paulo,SP,159,131,82,7,33461.6,4079.96,131,124,2016-10-04 21:35:54,2018-08-01 16:57:20,4.115384615384615,130,12,-12.3359375,11.4609375,1.213740458015267,255.43206106870227,31.144732824427482,19,0.0916030534351145,0.1450381679389313,665,False,True
729f06993dac8e860d4f02d7088ca48a,13481,limeira,SP,115,96,17,2,20485.079999999998,4994.57,96,96,2017-03-24 10:57:40,2018-08-27 19:39:33,4.168421052631579,95,9,-10.808510638297872,11.24468085106383,1.1979166666666667,213.38625,52.02677083333333,11,0.09375,0.11458333333333333,521,False,True
9e9b539eb2806acee3f5c28085c1db9f,32315,contagem,MG,3,3,3,2,967.0,72.47,3,3,2017-11-22 00:37:30,2017-12-07 13:19:30,3.6666666666666665,3,1,-3.0,24.333333333333332,1.0,322.3333333333333,24.156666666666666,1,0.3333333333333333,0.3333333333333333,15,False,True
fa18c782a4866d313cadab567097f8f1,31535,belo horizonte,MG,1,1,1,1,58.99,19.65,1,1,2017-05-16 22:17:00,2017-05-16 22:17:00,1.0,1,0,,,1.0,58.99,19.65,1,0.0,1.0,0,True,True
b77a27b1864483e721dc831d5ba4afa0,25251,duque de caxias,RJ,2,2,2,1,41.8,28.619999999999997,2,2,2017-03-30 06:24:14,2017-05-10 20:35:15,3.5,2,0,-21.0,8.0,1.0,20.9,14.309999999999999,1,0.0,0.5,41,False,True
41c9d3997dd3c072c31139dc5bb5761f,38182,araxa,MG,3,3,1,1,998.8,111.74000000000001,3,3,2017-01-27 12:31:05,2017-03-05 14:28:33,4.333333333333333,3,0,-10.333333333333334,21.666666666666668,1.0,332.93333333333334,37.24666666666667,0,0.0,0.0,37,False,True
700f03c207639c22d933381ff60b35c2,14784,barretos,SP,4,4,3,1,1189.8600000000001,136.45,4,4,2016-10-07 21:30:12,2017-11-29 17:43:31,4.0,4,2,0.5,29.5,1.0,297.46500000000003,34.1125,1,0.5,0.25,417,False,True
762fafdaa57a532ee0119731697579dd,13311,itu,SP,5,5,4,2,206.7,54.17,5,5,2018-06-08 02:18:40,2018-08-11 11:01:19,5.0,5,0,-13.2,3.6,1.0,41.339999999999996,10.834,0,0.0,0.0,64,False,True
50770d25768b0486d89be26afca3108f,9271,santo andre,SP,6,6,5,1,171.76999999999998,76.08999999999999,6,6,2017-12-12 19:09:19,2018-07-18 12:16:33,4.0,6,1,-6.833333333333333,13.166666666666666,1.0,28.62833333333333,12.681666666666665,1,0.16666666666666666,0.16666666666666666,217,False,True
b3b17aab11f273023a5f22ca52e1eb70,86065,londrina,PR,13,7,7,1,6850.0,475.34999999999997,7,7,2018-01-25 13:07:28,2018-06-09 10:24:21,4.857142857142857,7,1,-9.857142857142858,16.142857142857142,1.8571428571428572,978.5714285714286,67.90714285714286,0,0.14285714285714285,0.0,134,False,True
b19f3ca2ea475913750f25a5c37c8d8f,35501,divinopolis,MG,24,24,19,2,6202.91,1346.6399999999999,24,24,2017-10-05 22:22:48,2018-08-07 22:04:34,2.7916666666666665,24,6,-7.052631578947368,18.0,1.0,258.45458333333335,56.10999999999999,12,0.25,0.5,305,False,True
6179a28a13a726c29b3bf54c070dccab,37048,varginha,MG,2,2,1,1,600.0,86.24000000000001,2,2,2017-07-06 17:11:14,2017-08-29 09:16:06,3.0,2,0,-10.0,25.0,1.0,300.0,43.120000000000005,1,0.0,0.5,53,False,True
cc419e0650a3c5ba77189a1882b7556a,9015,santo andre,SP,1775,1706,37,4,104288.42,25668.99,1706,1657,2017-01-31 17:15:33,2018-08-27 16:12:22,4.071849234393404,1698,87,-12.993337371290128,11.109024833434281,1.0404454865181711,61.13037514654162,15.046301289566237,254,0.050996483001172335,0.1488862837045721,572,False,True
0df3984f9dfb3d49ac6366acbd3bbb85,32604,betim,MG,89,87,25,2,10021.49,1498.72,87,85,2017-03-12 09:25:41,2018-06-17 15:32:09,4.344827586206897,87,1,-14.80232558139535,9.081395348837209,1.0229885057471264,115.18954022988505,17.226666666666667,9,0.011494252873563218,0.10344827586206896,462,False,True
7008613ea464bad5cb9b83456e1e6a8f,89460,canoinhas,SC,156,127,19,1,7777.0,3083.05,127,126,2016-10-09 22:36:49,2018-08-21 16:08:39,4.261904761904762,126,6,-13.902439024390244,13.991869918699187,1.2283464566929134,61.23622047244095,24.275984251968506,10,0.047244094488188976,0.07874015748031496,680,False,True
7f152321c60a266edc53af1925ef96c1,88801,criciuma,SC,20,20,3,1,3919.8,552.12,20,20,2017-08-29 17:24:40,2018-08-02 18:04:17,3.8,20,6,-6.4,23.1,1.0,195.99,27.606,5,0.3,0.25,338,False,True
c4fb51fb1c5b7c07bc5e67be6e7e8f6e,80060,curitiba,PR,16,15,5,5,1567.9,558.71,15,15,2017-07-24 13:37:49,2018-08-12 18:23:47,3.533333333333333,15,2,-10.8,16.266666666666666,1.0666666666666667,104.52666666666667,37.24733333333334,3,0.13333333333333333,0.2,384,False,True
52ac6f920b7280e4c6d30dd94de6259b,83321,pinhais,PR,7,6,5,1,5657.3,726.59,6,6,2017-02-28 11:27:39,2018-05-23 08:20:07,3.6666666666666665,6,0,-11.166666666666666,12.5,1.1666666666666667,942.8833333333333,121.09833333333334,1,0.0,0.16666666666666666,448,False,True
7d7d2b7a51328016102d4528c411d630,14940,ibitinga,SP,7,7,5,2,918.8,180.05,7,7,2018-04-07 18:26:07,2018-08-18 08:17:21,4.142857142857143,7,1,-9.142857142857142,9.857142857142858,1.0,131.25714285714284,25.72142857142857,1,0.14285714285714285,0.14285714285714285,132,False,True
9e94fa26a70ede4d26226e918e8706a2,13570,sao carlos,SP,1,1,1,1,62.8,9.94,1,1,2017-08-04 03:06:27,2017-08-04 03:06:27,5.0,1,0,-8.0,5.0,1.0,62.8,9.94,0,0.0,0.0,0,False,True
eddd1991bd6d9309995a480c39b95137,84010,ponta grossa,PR,3,3,2,0,866.0,132.41,3,3,2017-10-07 17:31:53,2017-11-06 18:48:57,2.6666666666666665,3,0,-7.5,14.5,1.0,288.6666666666667,44.13666666666666,1,0.0,0.3333333333333333,30,False,True
994f04b3718c2bab35c2adfa8afecd2a,13912,jaguariuna,SP,57,49,26,3,3445.7,775.51,49,48,2017-11-13 18:09:53,2018-08-10 21:20:04,4.244897959183674,49,3,-8.148936170212766,13.574468085106384,1.163265306122449,70.3204081632653,15.826734693877551,3,0.061224489795918366,0.061224489795918366,270,False,True
3f3486b61f45078d4f31ee5e43d8c5bb,3035,sao paulo,SP,40,40,12,3,3829.73,896.84,40,40,2017-12-04 19:22:50,2018-08-17 10:48:14,4.325,40,4,-10.333333333333334,13.461538461538462,1.0,95.74325,22.421,3,0.1,0.075,255,False,True
5db42a6cd9bf1bf0d3aab9582767f168,29010,vitoria,ES,1,1,1,1,200.0,19.33,1,1,2018-05-05 20:10:05,2018-05-05 20:10:05,5.0,1,0,-6.0,16.0,1.0,200.0,19.33,0,0.0,0.0,0,False,True
a06c8ff043abea0528ee44171e2140a2,35501,divinopolis,MG,8,8,6,3,514.5,92.42999999999999,8,8,2018-02-22 16:33:54,2018-08-09 21:16:06,4.75,8,0,-10.875,3.25,1.0,64.3125,11.553749999999999,0,0.0,0.0,168,False,True
6b3bd31ad8fcda4b2635ec9f3ff2ecdf,22775,rio de janeiro,RJ,43,36,19,2,4198.9,757.02,36,36,2018-03-24 14:57:23,2018-08-10 21:12:29,4.0,36,3,-9.057142857142857,12.742857142857142,1.1944444444444444,116.6361111111111,21.028333333333332,7,0.08333333333333333,0.19444444444444445,139,False,True
977f9f63dd360c2a32ece2f93ad6d306,14910,tabatinga,SP,25,24,19,1,2858.8700000000003,934.98,24,24,2017-09-26 10:51:26,2018-08-20 23:35:44,3.75,24,2,-11.130434782608695,12.347826086956522,1.0416666666666667,119.11958333333335,38.9575,5,0.08333333333333333,0.20833333333333334,328,False,True
2c43fb513632d29b3b58df74816f1b06,30421,belo horizonte,MG,3,3,3,2,858.0,72.17,3,3,2018-06-20 21:40:18,2018-07-23 20:50:50,3.6666666666666665,3,0,-16.666666666666668,3.6666666666666665,1.0,286.0,24.05666666666667,1,0.0,0.3333333333333333,32,False,True
910a922b426b7ff95eaee129ad6c0e1f,15025,sao jose do rio preto,SP,2,2,1,1,119.8,31.16,2,2,2018-04-04 12:36:36,2018-04-11 21:06:07,5.0,2,0,-6.0,14.5,1.0,59.9,15.58,0,0.0,0.0,7,False,True
d9442042130b7fe579d1295f9f4a248f,3550,sao paulo,SP,22,19,8,4,772.16,338.88,19,19,2017-04-23 00:17:47,2017-09-11 20:01:57,4.368421052631579,19,1,-7.947368421052632,10.105263157894736,1.1578947368421053,40.64,17.835789473684212,2,0.05263157894736842,0.10526315789473684,141,False,True
da2782c804606d2a5d8e1760dbb3e7ec,2022,sao paulo,SP,1,1,1,1,89.0,14.37,1,1,2017-11-26 00:47:01,2017-11-26 00:47:01,1.0,1,1,13.0,32.0,1.0,89.0,14.37,1,1.0,1.0,0,True,True
ce248b21cb2adc36282ede306b7660e5,89251,jaragua do sul,SC,66,65,37,8,15230.06,2066.89,65,62,2017-07-18 15:19:37,2018-08-04 12:12:10,4.184615384615385,65,5,-10.46875,15.296875,1.0153846153846153,234.30861538461536,31.79830769230769,9,0.07692307692307693,0.13846153846153847,381,False,True
5b0cc932433fa5184b5b94bfe6bcc256,14940,ibitinga,SP,17,12,4,2,1437.8,556.29,12,12,2018-06-20 15:02:35,2018-08-05 21:34:54,3.5833333333333335,12,3,-8.0,11.333333333333334,1.4166666666666667,119.81666666666666,46.357499999999995,4,0.25,0.3333333333333333,46,False,True
7ff588a03c2aeae4fbd23f9ae64b760d,7183,guarulhos,SP,16,14,11,1,1182.2,221.18,14,14,2018-06-06 08:34:53,2018-08-26 21:47:50,4.642857142857143,14,0,-9.714285714285714,4.285714285714286,1.1428571428571428,84.44285714285715,15.79857142857143,1,0.0,0.07142857142857142,81,False,True
08cdbae123ff67ca4e36d9d641ce0119,36504,uba,MG,6,4,3,1,3098.99,1096.47,4,4,2018-02-20 08:12:25,2018-07-29 15:29:19,3.25,4,2,1.25,23.75,1.5,774.7475,274.1175,2,0.5,0.5,159,False,True
77dcbb67ccb3659bd58eaf5661560a30,95900,lajeado,RS,2,2,2,2,984.0,98.56,2,2,2017-02-01 23:33:26,2017-02-14 14:28:17,1.0,2,0,,,1.0,492.0,49.28,2,0.0,1.0,12,True,True
7ad32824caee82087b3e2e5f33b1bf32,14940,ibitinga,SP,184,151,75,1,22505.1,3545.22,151,149,2018-01-26 15:36:01,2018-08-27 20:47:15,3.8378378378378377,148,19,-10.061224489795919,11.619047619047619,1.218543046357616,149.04039735099337,23.478278145695363,30,0.12582781456953643,0.1986754966887417,213,False,True
de722cd6dad950a92b7d4f82673f8833,51250,recife,PE,379,339,7,2,55426.1,9686.65,339,338,2018-01-09 15:59:12,2018-08-23 13:48:07,4.293768545994065,337,12,-15.504451038575668,12.29080118694362,1.1179941002949854,163.49882005899704,28.57418879056047,32,0.035398230088495575,0.0943952802359882,225,False,True
70849ca4f400aaabb62cb7462a6f1428,31210,belo horizonte,MG,12,12,9,5,909.58,233.66,12,11,2017-12-14 18:10:22,2018-08-18 23:19:12,4.416666666666667,12,2,-11.0,10.333333333333334,1.0,75.79833333333333,19.471666666666668,1,0.16666666666666666,0.08333333333333333,247,False,True
b16d3dadc47d4eb18be3d88bad0775ce,93608,estancia velha,RS,11,10,10,3,722.1,178.44,10,10,2018-05-29 23:02:46,2018-08-16 22:06:01,4.3,10,0,-21.2,5.9,1.1,72.21000000000001,17.844,1,0.0,0.1,78,False,True
5c3460cd3e8a984382ae254e7dd20d9f,15085,sao jose do rio preto,SP,10,9,5,1,775.76,198.54,9,9,2018-02-23 21:00:11,2018-08-16 15:40:31,4.666666666666667,9,0,-14.333333333333334,9.555555555555555,1.1111111111111112,86.19555555555556,22.06,0,0.0,0.0,173,False,True
22c32ec35d0116ef02c281798a25bf8b,87043,maringa,PR,6,4,2,1,119.58,90.43,4,4,2018-01-30 05:33:26,2018-02-22 19:15:25,3.75,4,0,-15.0,11.0,1.5,29.895,22.6075,0,0.0,0.0,23,False,True
8d46553a36e68f95350a200c12f8f2e2,13056,campinas,SP,16,13,9,2,746.6,223.0,13,13,2017-08-19 10:08:37,2018-03-15 17:34:36,3.230769230769231,13,0,-11.666666666666666,17.11111111111111,1.2307692307692308,57.43076923076923,17.153846153846153,4,0.0,0.3076923076923077,208,False,True
45ba18c210d42734ec52c0c1c574e9ee,18130,sao roque,SP,41,38,29,9,5589.13,972.96,38,38,2018-04-03 00:54:42,2018-08-23 19:03:09,3.8684210526315788,38,2,-11.742857142857142,6.9714285714285715,1.0789473684210527,147.08236842105262,25.60421052631579,8,0.05263157894736842,0.21052631578947367,142,False,True
10cdd491d1dbea8fb4ead97b19c334ce,37540,santa rita do sapucai,MG,3,3,2,1,208.9,78.86,3,3,2018-06-26 20:11:26,2018-07-24 21:26:25,5.0,3,0,-18.0,6.333333333333333,1.0,69.63333333333334,26.286666666666665,0,0.0,0.0,28,False,True
dc317f341ab0e22f39acbd9dbf9b4a1f,94910,cachoeirinha,RS,58,55,7,3,18988.4,3581.73,55,54,2017-01-16 14:04:11,2018-07-01 17:40:56,4.1454545454545455,55,3,-14.981818181818182,12.0,1.0545454545454545,345.24363636363637,65.12236363636363,9,0.05454545454545454,0.16363636363636364,531,False,True
fe9d9cf8631285d5982c6e2cf27fb114,36200,barbacena/ minas gerais,MG,1,1,1,1,69.9,23.64,1,1,2018-07-19 21:58:43,2018-07-19 21:58:43,4.0,1,0,-14.0,4.0,1.0,69.9,23.64,0,0.0,0.0,0,False,True
d93844a9c55ba7ce353388bcf849ea56,82320,curitiba,PR,14,12,12,1,2708.5,521.02,12,12,2017-03-15 08:19:58,2018-04-29 09:43:34,4.25,12,0,-9.75,16.333333333333332,1.1666666666666667,225.70833333333334,43.41833333333333,1,0.0,0.08333333333333333,410,False,True
52b53f7061969fe471d119b6195da864,88301,itajai,SP,1,1,1,1,90.0,8.37,1,1,2017-08-28 13:15:21,2017-08-28 13:15:21,5.0,1,0,-8.0,3.0,1.0,90.0,8.37,0,0.0,0.0,0,False,True
1b8356dabde1d35e17cef975c3f82730,3477,sao paulo,SP,61,56,14,4,3426.39,987.22,56,56,2017-02-03 16:13:58,2017-11-13 22:06:58,4.160714285714286,56,1,-13.872727272727273,9.981818181818182,1.0892857142857142,61.18553571428571,17.62892857142857,6,0.017857142857142856,0.10714285714285714,283,False,True
43402bdf22aa2310e8f99e2f94f78628,9434,ribeirao pires,SP,5,4,3,2,649.95,187.15,4,4,2018-05-14 18:13:58,2018-06-28 00:15:39,2.5,4,0,-34.5,16.0,1.25,162.4875,46.7875,2,0.0,0.5,44,False,True
c4b911d06343b21dd906651f8101cb49,17560,vera cruz,SP,2,2,2,1,90.98,50.349999999999994,2,2,2017-11-08 19:49:12,2017-11-09 06:13:41,1.0,2,0,,,1.0,45.49,25.174999999999997,2,0.0,1.0,0,True,True
f44bdc12aa39f5271f0b95f66cd4c289,12914,braganca paulista,SP,7,5,4,1,357.5,74.57,5,5,2017-11-20 15:39:42,2018-08-07 19:58:03,3.2,5,1,-5.0,11.2,1.4,71.5,14.913999999999998,2,0.2,0.4,260,False,True
9bf11dfc0bec77e5a23028043c3c5a8f,32140,contagem,MG,1,1,1,1,115.0,17.06,1,1,2017-11-24 22:36:53,2017-11-24 22:36:53,1.0,1,1,12.0,31.0,1.0,115.0,17.06,1,1.0,1.0,0,True,True
13f57c12a00ed4610db646b913a7f5c6,11015,santos,SP,13,7,6,1,645.2,175.95,7,7,2017-09-25 10:08:28,2018-05-04 06:35:42,4.857142857142857,7,1,-7.857142857142857,11.857142857142858,1.8571428571428572,92.17142857142858,25.135714285714283,0,0.14285714285714285,0.0,220,False,True
54c04bdb5ec46762f8f08c7e8f86ed4a,88037,florianopolis,SC,19,18,12,1,3281.66,476.12,18,18,2018-02-06 15:10:03,2018-08-09 10:00:38,4.333333333333333,18,2,-10.277777777777779,15.166666666666666,1.0555555555555556,182.31444444444443,26.45111111111111,2,0.1111111111111111,0.1111111111111111,183,False,True
b5dd7151a92ccaaa282cbe9681a05f44,14020,ribeirao preto,SP,1,1,1,1,85.0,18.7,1,1,2018-07-18 10:09:15,2018-07-18 10:09:15,5.0,1,0,-6.0,13.0,1.0,85.0,18.7,0,0.0,0.0,0,False,True
447d377bdb757058acb569025ee18a93,99500,carazinho,RS,1,1,1,1,64.99,18.02,1,1,2018-02-02 18:46:41,2018-02-02 18:46:41,5.0,1,0,-14.0,18.0,1.0,64.99,18.02,0,0.0,0.0,0,False,True
52562a9f449c3dc3d53f5f5b9ed74903,59152,parnamirim,RN,14,14,4,4,3266.6,444.03999999999996,14,14,2017-04-27 22:05:13,2018-04-14 14:59:46,4.785714285714286,14,0,-18.428571428571427,12.928571428571429,1.0,233.32857142857142,31.717142857142854,0,0.0,0.0,351,False,True
2a73cba571d90c694b7caca072ccf6ce,9560,sao caetano do sul,SP,2,1,1,1,342.78,38.7,1,1,2018-07-26 09:13:04,2018-07-26 09:13:04,5.0,1,0,0.0,21.0,2.0,342.78,38.7,0,0.0,0.0,0,False,True
3d2400ac620cffa23ac81bd192f7f555,9810,sao bernardo do campo,SP,1,1,1,1,105.0,8.9,1,1,2018-08-13 13:36:05,2018-08-13 13:36:05,5.0,1,0,-1.0,7.0,1.0,105.0,8.9,0,0.0,0.0,0,False,True
968268a686aa05d1f529fb07dff08130,1530,sao paulo,SP,12,12,4,2,4677.29,203.55,12,12,2018-01-26 23:07:13,2018-08-10 16:12:00,3.5,12,0,-11.833333333333334,9.0,1.0,389.77416666666664,16.962500000000002,4,0.0,0.3333333333333333,195,False,True
7c462184585ae80bd6e5774c62ce50f2,13086,campinas,SP,2,1,1,1,60.0,17.64,1,1,2018-05-07 12:38:04,2018-05-07 12:38:04,3.0,1,1,8.0,16.0,2.0,60.0,17.64,0,1.0,0.0,0,False,True
3ea00e1dea2b0659dbaf654735929220,80020,curitiba,PR,7,7,2,1,505.0,144.97,7,7,2017-02-22 16:04:36,2018-03-14 23:13:24,4.857142857142857,7,0,-20.285714285714285,10.714285714285714,1.0,72.14285714285714,20.71,0,0.0,0.0,385,False,True
54965bbe3e4f07ae045b90b0b8541f52,85851,foz do iguacu,PR,86,78,53,1,10961.300000000001,2203.54,78,78,2017-10-18 21:56:13,2018-07-03 19:59:42,3.0,74,22,-3.5753424657534247,25.65753424657534,1.1025641025641026,140.5294871794872,28.25051282051282,33,0.28205128205128205,0.4230769230769231,257,False,True
4965a7002cca77301c82d3f91b82e1a9,18074,sorocaba,SP,1,1,1,1,8.49,7.87,1,1,2018-04-21 09:36:56,2018-04-21 09:36:56,5.0,1,0,-13.0,6.0,1.0,8.49,7.87,0,0.0,0.0,0,False,True
2d8cfba3fcd3170555941605edaa196a,6080,osasco,SP,1,1,1,1,45.0,10.96,1,1,2017-03-15 11:41:46,2017-03-15 11:41:46,5.0,1,0,-14.0,4.0,1.0,45.0,10.96,0,0.0,0.0,0,False,True
6039e27294dc75811c0d8a39069f52c0,6162,osasco,SP,75,64,10,3,13670.7,2376.4700000000003,64,64,2017-02-27 16:01:28,2018-08-22 22:04:26,3.6875,64,11,-7.333333333333333,17.46031746031746,1.171875,213.6046875,37.132343750000004,13,0.171875,0.203125,541,False,True
b45d7ebfb7378630f1bcd74b6ff86ff7,30285,belo horizonte,MG,5,5,3,1,1007.5,102.51,5,5,2017-09-03 15:21:44,2018-02-26 00:11:02,3.8,5,0,-12.333333333333334,29.333333333333332,1.0,201.5,20.502000000000002,1,0.0,0.2,175,False,True
e2a1ac9bf33e5549a2a4f834e70df2f8,1210,sao paulo,SP,5,5,1,1,14999.449999999999,201.11,5,5,2017-03-08 18:51:06,2017-07-06 14:51:37,4.8,5,0,-9.8,11.8,1.0,2999.89,40.222,0,0.0,0.0,119,False,True
bc07d855eac23aab5ac8a120f21d16b2,8710,mogi das cruzes,SP,13,12,9,4,1283.1100000000001,213.07,12,12,2018-03-08 19:38:25,2018-08-12 13:26:21,4.166666666666667,12,2,-10.363636363636363,12.818181818181818,1.0833333333333333,106.92583333333334,17.75583333333333,2,0.16666666666666666,0.16666666666666666,156,False,True
3492e68f37fd1df87f4f2f2ea247f445,13322,salto,SP,9,8,5,3,787.86,169.4,8,8,2018-05-09 22:09:32,2018-08-08 19:53:48,3.875,8,0,-8.625,8.75,1.125,98.4825,21.175,2,0.0,0.25,90,False,True
93bef6edaa84956e8e575016449b6351,3568,sao paulo,SP,1,1,1,1,115.0,14.56,1,1,2017-07-28 21:49:59,2017-07-28 21:49:59,5.0,1,0,-21.0,9.0,1.0,115.0,14.56,0,0.0,0.0,0,False,True
05ff92fedb5be47920fea08e501238b9,98803,santo angelo,RS,62,59,16,3,21992.78,1815.39,59,58,2016-10-04 16:02:18,2018-08-07 21:31:29,4.237288135593221,59,2,-17.736842105263158,11.87719298245614,1.0508474576271187,372.75898305084746,30.769322033898305,4,0.03389830508474576,0.06779661016949153,672,False,True
68f86ba270525243e68ae74044f992b9,21941,rio de janeiro,RJ,12,11,7,1,876.5,194.81,11,11,2017-08-21 16:49:22,2018-08-10 15:14:50,4.363636363636363,11,0,-13.7,9.6,1.0909090909090908,79.68181818181819,17.71,0,0.0,0.0,353,False,True
aeb36d67f1414f234d42a29e27cf1f17,9060,santo andre,SP,4,4,4,1,3263.8,284.3,4,4,2018-05-14 21:03:30,2018-08-06 20:17:40,4.5,4,1,-2.75,18.75,1.0,815.95,71.075,0,0.25,0.0,83,False,True
916c9de0b5ad957346eeeb12f332687e,80240,curitiba,PR,28,23,5,1,5480.25,493.53,23,23,2017-06-23 12:52:21,2018-07-25 10:31:43,4.565217391304348,23,0,-17.954545454545453,8.409090909090908,1.2173913043478262,238.27173913043478,21.45782608695652,1,0.0,0.043478260869565216,396,False,True
c68fb906c8f4b4b946d8386bfa6e5467,14870,jaboticabal,SP,48,45,36,8,4541.16,892.45,45,45,2017-03-18 17:09:49,2018-07-30 17:46:46,4.5227272727272725,44,1,-13.222222222222221,10.422222222222222,1.0666666666666667,100.91466666666666,19.832222222222224,3,0.022222222222222223,0.06666666666666667,499,False,True
53d00c40e32aeb924a84ce72b1af869d,14940,ibitinga,SP,17,17,9,1,2165.85,296.22,17,17,2018-01-04 22:09:33,2018-08-04 19:54:42,4.352941176470588,17,2,-7.470588235294118,15.705882352941176,1.0,127.40294117647058,17.424705882352942,1,0.11764705882352941,0.058823529411764705,211,False,True
93dc87703c046b603023e75222018b45,30315,belo horizonte,MG,36,35,26,3,8517.35,688.9399999999999,35,35,2017-11-08 16:32:33,2018-07-28 07:54:14,3.9696969696969697,33,3,-10.969696969696969,19.545454545454547,1.0285714285714285,243.35285714285715,19.683999999999997,5,0.08571428571428572,0.14285714285714285,261,False,True
10076e5788b8ee532724bcd460baf762,14315,batatais,SP,26,23,13,2,821.48,377.29999999999995,23,23,2017-05-11 17:19:02,2018-07-24 16:05:58,4.565217391304348,23,1,-12.347826086956522,9.565217391304348,1.1304347826086956,35.716521739130435,16.404347826086955,1,0.043478260869565216,0.043478260869565216,438,False,True
804287717b9156fb7a787acd9af4fac1,87030,maringa,PR,1,1,1,1,18.8,15.1,1,1,2017-06-07 11:49:07,2017-06-07 11:49:07,5.0,1,0,-27.0,9.0,1.0,18.8,15.1,0,0.0,0.0,0,False,True
4dc646b9b9e8e411ef48ba000ea3ac6f,13272,valinhos,SP,5,4,4,1,289.7,63.56,4,4,2018-02-03 18:28:57,2018-08-16 16:49:11,2.75,4,1,-7.0,11.25,1.25,72.42500000000001,15.89,2,0.25,0.5,193,False,True
e9c6969d40e6a3d2d0f90013165c2b98,3448,sao paulo,SP,10,10,8,1,5239.98,242.0,10,10,2017-11-06 08:57:51,2018-06-03 13:31:36,4.4,10,0,-18.3,8.7,1.0,523.9979999999999,24.2,1,0.0,0.1,209,False,True
bd0a1b0aadca9a83d9304f7e8ff5fbd5,1212,sao paulo,SP,4,4,4,1,150.6,54.59,4,4,2018-07-15 21:50:53,2018-07-29 20:39:20,4.5,4,0,-7.25,5.5,1.0,37.65,13.6475,0,0.0,0.0,13,False,True
340636a908b13bbe0f4fb63fbe1d0c03,12240,sao jose dos campos,SP,6,5,4,1,823.2,169.95,5,5,2018-02-25 14:44:31,2018-05-06 11:40:23,3.4,5,0,-10.0,7.333333333333333,1.2,164.64000000000001,33.99,2,0.0,0.4,69,False,True
cf654707ed6a99f112c7ec3d6f314b8b,4615,sao paulo,SP,4,3,4,1,756.0,33.54,3,3,2018-05-14 08:59:51,2018-08-14 21:18:48,4.666666666666667,3,0,-6.666666666666667,5.0,1.3333333333333333,252.0,11.18,0,0.0,0.0,92,False,True
01c97ebb5cdac52891c0ed1c37ba0012,15804,catanduva,SP,12,9,3,1,577.5,178.5,9,9,2017-04-13 23:47:01,2018-07-31 19:13:20,4.222222222222222,9,0,-8.222222222222221,13.555555555555555,1.3333333333333333,64.16666666666667,19.833333333333332,1,0.0,0.1111111111111111,473,False,True
f0b47fbbc6dee9aafe415a6e33051b3f,9360,maua,SP,86,68,38,4,3795.91,1336.28,68,67,2017-07-25 10:57:26,2018-08-28 19:32:05,4.220588235294118,68,7,-12.238805970149254,9.701492537313433,1.2647058823529411,55.82220588235294,19.651176470588236,9,0.10294117647058823,0.1323529411764706,399,False,True
bd149ed516d4c5d418d5781f8e18919f,7241,guarulhos,SP,9,8,3,1,414.0,141.94,8,8,2017-10-31 14:13:14,2018-08-23 23:04:04,4.875,8,0,-7.0,7.875,1.125,51.75,17.7425,0,0.0,0.0,296,False,True
3dbbce181edfaa4a597ec858c382d2ec,82515,curitiba,PR,20,17,13,2,848.3,440.27,17,17,2017-04-17 10:11:29,2017-12-11 19:56:32,4.235294117647059,17,1,-9.823529411764707,13.588235294117647,1.1764705882352942,49.9,25.898235294117647,2,0.058823529411764705,0.11764705882352941,238,False,True
06532f10282704ef4c69168b914b77be,87140,paincandu,PR,9,8,8,2,10220.5,698.24,8,8,2017-03-03 14:12:45,2017-08-18 16:26:37,4.25,8,0,-12.714285714285714,16.142857142857142,1.125,1277.5625,87.28,1,0.0,0.125,168,False,True
1127b7f2594683f2510f1c2c834a486b,13087,campinas,SP,132,114,74,4,6851.33,1821.71,114,114,2017-02-24 21:36:00,2018-08-22 20:38:11,4.087719298245614,114,2,-11.245454545454546,8.845454545454546,1.1578947368421053,60.09938596491228,15.979912280701754,20,0.017543859649122806,0.17543859649122806,543,False,True
cd52a8efd71af3336b14b5039b951cc1,88136,palhoca,SP,3,3,1,1,170.8,59.74,3,3,2017-09-11 15:20:28,2017-11-25 01:15:04,2.3333333333333335,3,0,-8.5,11.0,1.0,56.93333333333334,19.913333333333334,1,0.0,0.3333333333333333,74,False,True
79ed755314cfe6df0daef2c6cd3022cd,13503,rio claro,SP,25,23,12,3,3907.5,459.16,23,22,2017-02-24 09:06:40,2018-08-08 20:06:57,4.7272727272727275,22,0,-13.695652173913043,8.782608695652174,1.0869565217391304,169.8913043478261,19.963478260869568,0,0.0,0.0,530,False,True
2c9e548be18521d1c43cde1c582c6de8,8752,mogi das cruzes,SP,174,126,15,5,6109.44,2493.61,126,125,2017-10-06 17:00:22,2018-08-27 16:17:16,4.112903225806452,124,19,-6.604838709677419,13.233870967741936,1.380952380952381,48.48761904761904,19.790555555555557,17,0.15079365079365079,0.1349206349206349,324,False,True
bc47d5d1490df2b36add65d733eafaba,9163,santo andre,SP,25,24,7,1,1004.8,415.11,24,24,2018-01-11 15:08:00,2018-08-08 14:33:34,3.25,24,2,-12.238095238095237,12.476190476190476,1.0416666666666667,41.86666666666667,17.29625,9,0.08333333333333333,0.375,208,False,True
7caa63f175b1cecbfaadd8b5ab9998c7,2750,sao paulo,SP,2,2,2,1,39.8,20.53,2,2,2018-01-02 17:05:06,2018-06-10 09:04:06,2.0,2,0,-22.0,2.0,1.0,19.9,10.265,1,0.0,0.5,158,True,True
de66a66f2dd06bb9ec37aa96987466a3,20910,rio de janeiro,RJ,8,7,2,2,353.32,115.66,7,7,2016-10-10 11:08:53,2017-02-04 21:38:34,4.142857142857143,7,0,-26.142857142857142,14.714285714285714,1.1428571428571428,50.47428571428571,16.52285714285714,1,0.0,0.14285714285714285,117,False,True
fec6275253471ace26d209bbaa64cd0f,28605,nova friburgo,RJ,10,9,2,1,2840.0,355.66999999999996,9,9,2018-01-22 11:14:54,2018-07-06 16:38:58,4.555555555555555,9,0,-17.333333333333332,13.777777777777779,1.1111111111111112,315.55555555555554,39.51888888888888,1,0.0,0.1111111111111111,165,False,True
c31eff8334d6b3047ed34bebd4d62c36,13322,salto,SP,123,122,5,2,13191.5,2394.55,122,122,2017-11-25 11:48:45,2018-08-17 08:05:07,3.8512396694214877,121,14,-10.25,12.175,1.0081967213114753,108.12704918032787,19.62745901639344,22,0.11475409836065574,0.18032786885245902,264,False,True
c87abc38c8ed3240861729e1aeadf221,5713,sao paulo,SP,1,1,1,1,133.0,15.68,1,1,2017-12-26 02:35:27,2017-12-26 02:35:27,1.0,1,0,-31.0,10.0,1.0,133.0,15.68,1,0.0,1.0,0,True,True
07a9bc7f61396b658ddf3ac534efe44c,2925,sao paulo,SP,1,1,1,1,119.9,15.59,1,1,2017-06-26 11:44:22,2017-06-26 11:44:22,3.0,1,0,-5.0,5.0,1.0,119.9,15.59,0,0.0,0.0,0,False,True
822166ed1e47908f7cfb49946d03c726,25803,tres rios,RJ,108,69,34,3,3714.83,1821.12,69,68,2017-05-25 00:33:44,2018-07-22 15:19:05,3.985294117647059,68,1,-13.246376811594203,12.391304347826088,1.565217391304348,53.838115942028985,26.393043478260868,13,0.014492753623188406,0.18840579710144928,423,False,True
a45314082d50d578a4721c9787ce09ab,15130,mirassol,SP,2,2,2,2,424.9,29.020000000000003,2,2,2018-08-02 13:57:47,2018-08-18 12:56:03,5.0,2,0,-6.0,5.0,1.0,212.45,14.510000000000002,0,0.0,0.0,15,False,True
98e164d549402270247f3c96a1a158ef,5083,sao paulo,SP,2,2,2,1,162.7,24.72,2,2,2017-06-06 21:40:11,2017-08-18 23:34:56,2.5,2,0,-11.0,8.0,1.0,81.35,12.36,1,0.0,0.5,73,False,True
59bbc819b99a733f02f0d6b49d1c253d,13043,campinas,SP,2,2,1,1,139.8,22.950000000000003,2,2,2018-05-08 20:24:56,2018-06-26 23:09:41,5.0,2,0,-12.5,4.5,1.0,69.9,11.475000000000001,0,0.0,0.0,49,False,True
2e3be8a987a30d7544dbbda6861cc14e,30620,belo horizonte,MG,19,18,16,1,4430.84,346.71000000000004,18,18,2017-02-07 17:03:30,2018-07-18 21:37:46,3.1666666666666665,18,1,-11.214285714285714,14.0,1.0555555555555556,246.1577777777778,19.26166666666667,6,0.05555555555555555,0.3333333333333333,526,False,True
b6c6854d4d92a5f6f46be8869da3fa1a,1042,sao paulo,SP,1,1,1,1,69.9,17.92,1,1,2017-04-28 07:04:04,2017-04-28 07:04:04,1.0,1,0,,,1.0,69.9,17.92,1,0.0,1.0,0,True,True
f1b93673502375d491780bb49d615dbc,12228,sao jose dos campos,SP,10,8,8,3,2638.9300000000003,320.35,8,8,2018-03-11 19:07:43,2018-08-18 11:57:34,3.125,8,1,-6.125,14.0,1.25,329.86625000000004,40.04375,3,0.125,0.375,159,False,True
bbd3acfe6de99892e73940d3fdceaf68,9111,santo andre,SP,2,2,2,1,69.0,24.55,2,2,2018-08-18 15:57:06,2018-08-21 10:38:28,3.0,2,0,-8.0,3.0,1.0,34.5,12.275,1,0.0,0.5,2,False,True
b3f19518fcec265b2e97af287725f981,15170,tanabi,SP,9,9,4,1,486.91,137.57,9,9,2017-03-20 20:01:39,2017-08-26 12:44:06,4.222222222222222,9,0,-13.0,10.25,1.0,54.101111111111116,15.285555555555554,0,0.0,0.0,158,False,True
b2ba3715d723d245138f291a6fe42594,3470,sao paulo,SP,363,337,183,27,51676.88,6496.14,337,336,2016-10-04 16:41:59,2018-08-22 08:25:48,4.098802395209581,334,22,-9.842592592592593,13.592592592592593,1.0771513353115727,153.34385756676556,19.276379821958457,49,0.06528189910979229,0.14540059347181009,686,False,True
b410bdd36d5db7a65dcd42b7ead933b8,74645,goiania,GO,44,44,2,1,7726.9,1006.71,44,44,2018-01-24 15:42:08,2018-08-21 10:48:37,4.659090909090909,44,0,-15.452380952380953,8.761904761904763,1.0,175.61136363636362,22.879772727272726,2,0.0,0.045454545454545456,208,False,True
31344c16881c08a8a72c6d2eb29918c1,36500,uba,MG,43,43,10,1,9615.7,2296.92,43,43,2017-01-26 21:58:21,2018-08-20 12:03:54,4.348837209302325,43,2,-10.333333333333334,15.238095238095237,1.0,223.62093023255815,53.416744186046515,5,0.046511627906976744,0.11627906976744186,570,False,True
4e42581f08e8cfc7c090f930bac4552a,13660,portoferreira,SP,4,3,3,3,336.0,117.8,3,3,2017-11-24 18:11:33,2017-12-07 10:29:18,1.0,3,1,12.0,47.0,1.3333333333333333,112.0,39.266666666666666,3,0.3333333333333333,1.0,12,True,True
9a208dee8f95cfdf00760c4d627828ec,26125,belford roxo,RJ,1,1,1,1,269.9,26.09,1,1,2017-02-16 19:56:08,2017-02-16 19:56:08,1.0,1,0,,,1.0,269.9,26.09,1,0.0,1.0,0,True,True
d58d521f3789def2e7a22715e0badd93,3643,sao paulo,SP,2,2,1,1,65.98,18.22,2,2,2017-11-10 10:25:55,2018-03-20 12:08:39,3.5,2,0,-9.0,4.5,1.0,32.99,9.11,0,0.0,0.0,130,False,True
0aea4c6ae1505b3228ddf3dd7822ee5b,18080,sorocaba,SP,8,8,8,1,1427.91,151.75,8,8,2017-10-09 20:23:13,2018-04-30 07:04:12,3.875,8,2,-6.5,17.875,1.0,178.48875,18.96875,1,0.25,0.125,202,False,True
b3809b8d4394588a47c8470ea331e135,4810,sao paulo,SP,1,1,1,1,89.0,7.88,1,1,2018-07-06 19:46:58,2018-07-06 19:46:58,4.0,1,0,-8.0,5.0,1.0,89.0,7.88,0,0.0,0.0,0,False,True
fcb5ace8bcc92f75707dc0f01a27d269,7032,guarulhos,SP,73,62,43,11,8318.63,954.7,62,61,2017-11-20 11:47:07,2018-08-09 23:10:26,3.8524590163934427,61,2,-9.338983050847459,10.11864406779661,1.1774193548387097,134.1714516129032,15.398387096774194,11,0.03225806451612903,0.1774193548387097,262,False,True
6a0cbc8af2e8abd1bdfb777943d174c6,14312,batatais,SP,35,35,5,2,3894.05,745.37,35,35,2017-05-08 18:46:53,2018-07-04 15:45:43,4.0588235294117645,34,3,-8.941176470588236,15.117647058823529,1.0,111.25857142857143,21.296285714285716,4,0.08571428571428572,0.11428571428571428,421,False,True
1b0b0f4f95e962d6f32fe90c759d0479,2737,sao paulo,SP,2,2,2,1,139.8,23.37,2,2,2017-12-01 12:05:20,2018-08-16 13:45:11,5.0,2,0,-9.5,9.0,1.0,69.9,11.685,0,0.0,0.0,258,False,True
70126eecc6aa1274392a1743866e9678,6449,barueri,SP,3,3,2,2,97.39999999999999,47.34,3,3,2018-06-25 21:19:06,2018-07-25 10:27:00,5.0,3,0,-12.0,5.0,1.0,32.46666666666666,15.780000000000001,0,0.0,0.0,29,False,True
cb0b3bcf14e0a709df412a99424a59d7,4255,sao paulo,SP,2,2,2,1,460.0,47.43,2,2,2018-04-05 22:53:51,2018-04-16 17:46:55,4.5,2,0,-10.0,21.5,1.0,230.0,23.715,0,0.0,0.0,10,False,True
8931a84a914b3fe9b1ddaa4d704947ca,8410,sao paulo,SP,32,29,16,1,4668.3,424.59,29,28,2017-03-29 02:00:08,2018-07-19 22:57:19,4.071428571428571,28,2,-10.793103448275861,11.379310344827585,1.103448275862069,160.9758620689655,14.64103448275862,5,0.06896551724137931,0.1724137931034483,477,False,True
7681ef142fd2c19048da7430856b5588,7074,guarulhos,SP,77,59,24,7,31941.81,2916.12,59,58,2018-02-09 21:38:59,2018-08-22 16:21:33,4.172413793103448,58,5,-9.379310344827585,10.120689655172415,1.305084745762712,541.3866101694915,49.42576271186441,8,0.0847457627118644,0.13559322033898305,193,False,True
3771c85bac139d2344864ede5d9341e3,18087,sorocaba,SP,30,26,7,1,1433.3,408.96,26,26,2017-05-25 16:39:50,2017-12-12 22:53:35,3.8461538461538463,26,3,-7.6923076923076925,12.807692307692308,1.1538461538461537,55.12692307692308,15.72923076923077,6,0.11538461538461539,0.23076923076923078,201,False,True
7ddcbb64b5bc1ef36ca8c151f6ec77df,4403,sao paulo,SP,343,334,19,9,55578.57,7946.72,334,332,2017-07-19 08:55:10,2018-06-17 14:13:41,3.9546827794561934,331,27,-10.083076923076923,12.283076923076923,1.026946107784431,166.40290419161676,23.792574850299403,57,0.08083832335329341,0.17065868263473055,333,False,True
02b72cdeb9cfcc429f1af6f4e3f3b737,14940,ibitinga,SP,4,4,3,1,522.65,225.99,4,4,2018-07-25 21:20:47,2018-08-22 20:09:46,4.75,4,0,-9.0,12.0,1.0,130.6625,56.4975,0,0.0,0.0,27,False,True
3481aa57cd91f9f9d3fa1fa12d9a3bf7,13360,capivari,SP,25,25,7,2,1773.03,774.14,25,24,2016-10-04 09:06:10,2017-08-22 11:02:26,3.88,25,0,-16.88,9.76,1.0,70.9212,30.9656,5,0.0,0.2,322,False,True
a218df5c097b0ca409cfaac1488cc7f6,14806,araraquara,SP,4,4,4,3,130.69,110.00999999999999,4,4,2018-05-03 22:16:54,2018-06-26 09:10:21,2.75,4,0,-18.25,11.25,1.0,32.6725,27.502499999999998,1,0.0,0.25,53,False,True
bd0389da23d89b726abf911cccc54596,71691,brasilia,DF,90,87,57,5,7472.16,1656.31,87,87,2017-03-13 19:41:54,2018-08-14 14:48:11,4.172413793103448,87,6,-12.505747126436782,13.149425287356323,1.0344827586206897,85.88689655172415,19.038045977011492,10,0.06896551724137931,0.11494252873563218,518,False,True
af3ef48d0e13835e529c29ac573c63e5,14802,araraquara,SP,21,21,12,2,1405.63,467.5,21,21,2018-05-16 08:11:59,2018-08-22 19:43:54,3.761904761904762,21,1,-11.380952380952381,7.476190476190476,1.0,66.93476190476191,22.261904761904763,5,0.047619047619047616,0.23809523809523808,98,False,True
855668e0971d4dfd7bef1b6a4133b41b,13257,itatiba,SP,327,312,73,3,32208.16,7797.2,312,309,2017-05-02 13:41:42,2018-08-26 11:01:05,3.771986970684039,307,38,-9.03,15.83,1.0480769230769231,103.23128205128205,24.99102564102564,70,0.12179487179487179,0.22435897435897437,480,False,True
77e4abfd739aed9c46480f90f81c0eb4,70767,brasilia,DF,18,18,9,4,3736.99,355.21999999999997,18,18,2018-01-30 17:55:06,2018-08-14 14:42:14,4.777777777777778,18,0,-15.5,9.61111111111111,1.0,207.61055555555555,19.734444444444442,0,0.0,0.0,195,False,True
bac44fa8e13424950488659b5f765c41,4534,sao paulo,SP,1,1,1,1,19.9,14.52,1,1,2016-10-04 22:43:33,2016-10-04 22:43:33,5.0,1,0,-46.0,8.0,1.0,19.9,14.52,0,0.0,0.0,0,False,True
863d2ebcd347ce4922de7a0f9a5581d6,21041,rio de janeiro,RJ,19,18,8,1,1382.36,308.81,18,18,2017-07-04 17:45:29,2018-08-13 14:51:14,3.888888888888889,18,2,-10.411764705882353,11.0,1.0555555555555556,76.79777777777777,17.156111111111112,3,0.1111111111111111,0.16666666666666666,404,False,True
1c68394e931a64f90ea236c5ea590300,87114,sarandi,PR,171,142,39,2,24832.75,2896.41,142,138,2017-07-15 11:56:44,2018-08-13 10:39:55,3.9014084507042255,142,5,-15.309859154929578,15.640845070422536,1.204225352112676,174.87852112676057,20.39725352112676,24,0.035211267605633804,0.16901408450704225,393,False,True
95b293867b5862941c9cd74f756a3c68,8223,sao paulo,SP,9,9,5,2,648.1,98.12,9,9,2017-11-27 11:34:56,2018-02-22 09:55:25,3.5555555555555554,9,4,2.6666666666666665,21.0,1.0,72.01111111111112,10.902222222222223,3,0.4444444444444444,0.3333333333333333,86,False,True
e62b2d6ac10570a035a30bafcf01d263,5767,sao paulo,SP,71,62,24,12,5340.39,1035.08,62,61,2017-09-16 20:43:05,2018-08-20 13:42:28,3.9661016949152543,59,7,-9.419354838709678,13.612903225806452,1.1451612903225807,86.13532258064517,16.69483870967742,9,0.11290322580645161,0.14516129032258066,337,False,True
f63d8f293af3a6454377546bd9dd19ff,18110,votorantim,SP,28,17,11,2,1751.82,495.13,17,17,2017-05-14 14:59:05,2018-02-13 16:01:40,4.470588235294118,17,1,-12.941176470588236,15.764705882352942,1.6470588235294117,103.04823529411766,29.12529411764706,2,0.058823529411764705,0.11764705882352941,275,False,True
7a425d299613df3e613bcf9d2eaf5c49,22790,rio de janeiro,RJ,18,18,14,1,1218.8,286.67,18,18,2017-11-09 18:22:26,2018-08-01 23:12:08,4.111111111111111,18,1,-12.11111111111111,11.38888888888889,1.0,67.71111111111111,15.926111111111112,3,0.05555555555555555,0.16666666666666666,265,False,True
6bb0724edf0b62fb91ac404873a97241,6700,cotia,SP,18,17,10,1,3653.0,763.52,17,17,2017-02-20 00:34:48,2018-04-01 21:51:22,4.466666666666667,15,1,-10.352941176470589,13.941176470588236,1.0588235294117647,214.88235294117646,44.91294117647059,1,0.058823529411764705,0.058823529411764705,405,False,True
112453736dbe3889cfb74e1aaa0ba0c1,3520,sao paulo,SP,14,7,2,2,1890.0,264.77,7,7,2018-06-13 09:39:17,2018-08-18 20:19:40,4.142857142857143,7,0,-7.0,12.857142857142858,2.0,270.0,37.824285714285715,1,0.0,0.14285714285714285,66,False,True
f593898ec748b7a8cb81fc04edafd98a,13920,pedreira,SP,23,20,8,4,2813.04,728.08,20,20,2017-09-17 16:34:35,2018-02-06 20:34:19,3.7,20,3,-13.894736842105264,16.105263157894736,1.15,140.652,36.404,5,0.15,0.25,142,False,True
96f7c797de9ca20efbe14545bed63eec,14140,cravinhos,SP,3,1,1,1,138.60000000000002,38.37,1,1,2018-04-10 21:46:56,2018-04-10 21:46:56,1.0,1,0,-14.0,1.0,3.0,138.60000000000002,38.37,1,0.0,1.0,0,True,True
77530e9772f57a62c906e1c21538ab82,80310,curitiba,PR,389,320,171,2,46610.4,8453.59,320,316,2016-10-04 11:03:14,2018-08-25 22:41:57,4.1069182389937104,318,29,-10.948717948717949,14.525641025641026,1.215625,145.6575,26.41746875,50,0.090625,0.15625,690,False,True
297d5eccd19fa9a83b2630071ff105e4,80710,curitiba,PR,8,8,3,1,834.97,141.76,8,8,2018-07-19 22:48:13,2018-08-23 09:35:05,5.0,8,0,-12.625,6.5,1.0,104.37125,17.72,0,0.0,0.0,34,False,True
191d55f7edb8524d525ed01b20fe32e8,73020,brasilia,DF,3,3,3,1,747.0,65.8,3,3,2017-11-27 23:57:41,2018-01-18 00:19:41,2.3333333333333335,3,1,-3.0,22.0,1.0,249.0,21.933333333333334,2,0.3333333333333333,0.6666666666666666,51,False,True
ff69aa92bb6b1bf9b8b7a51c2ed9cf8b,8140,sao paulo,SP,20,20,13,2,21940.8,1754.4,20,20,2017-12-02 19:55:21,2018-06-18 22:43:08,3.65,20,4,-9.1,11.0,1.0,1097.04,87.72,6,0.2,0.3,198,False,True
5733d806668f8712c24b9abaefbfa642,89803,chapeco,SP,2,2,2,2,243.8,85.88,2,2,2018-01-26 14:21:17,2018-04-26 00:13:51,5.0,2,0,-17.0,14.5,1.0,121.9,42.94,0,0.0,0.0,89,False,True
65b081a070633e057c462abdd6fb9dd8,75650,morrinhos,GO,20,19,16,1,1885.09,441.58,19,19,2017-10-26 12:25:47,2018-05-07 17:39:18,4.315789473684211,19,0,-17.473684210526315,11.526315789473685,1.0526315789473684,99.21526315789474,23.241052631578945,2,0.0,0.10526315789473684,193,False,True
edf96ef93ed595084bbcbd9224bd2894,1545,sao paulo,SP,28,25,8,2,3757.0,608.78,25,25,2017-02-07 23:16:34,2018-08-16 15:32:45,3.88,25,2,-8.76,13.28,1.12,150.28,24.3512,3,0.08,0.12,554,False,True
6a8b085f816a1f75f92dbac6eb545f8f,14709,bebedouro,SP,135,127,71,1,6018.97,2177.99,127,126,2017-07-29 17:28:18,2018-08-23 12:04:18,4.110236220472441,127,10,-10.048,14.28,1.062992125984252,47.39346456692913,17.149527559055116,15,0.07874015748031496,0.11811023622047244,389,False,True
f3295428338a40977a03f555246a70f4,29032,vitoria,ES,7,7,7,1,644.98,124.4,7,7,2017-10-23 14:59:46,2018-02-05 23:24:02,3.5714285714285716,7,1,-10.285714285714286,14.285714285714286,1.0,92.14,17.771428571428572,2,0.14285714285714285,0.2857142857142857,105,False,True
75fbb52eda0cbc24f479d3b2fbfa8d3e,74560,goiania,GO,43,40,37,1,1130.99,943.52,40,39,2017-01-31 10:48:02,2018-06-16 17:34:31,4.358974358974359,39,2,-14.157894736842104,13.289473684210526,1.075,28.27475,23.588,4,0.05,0.1,501,False,True
e5d4b2b0c3bca22085f7a19a28de0c42,89201,joinville,SC,4,4,4,2,205.8,63.76,4,4,2017-08-26 13:41:37,2017-11-26 05:27:45,4.5,4,0,-11.5,12.25,1.0,51.45,15.94,0,0.0,0.0,91,False,True
6187a137b2af59dfdbad8d9f8c373c14,6268,osasco,SP,2,2,1,1,74.8,30.22,2,2,2017-11-28 21:53:19,2018-01-06 18:54:39,3.0,2,0,-11.5,13.0,1.0,37.4,15.11,1,0.0,0.5,38,False,True
062ce95fa2ad4dfaedfc79260130565f,95913,lajeado,RS,60,55,14,5,7521.0,1200.44,55,55,2017-01-26 18:48:30,2017-09-10 00:14:56,4.036363636363636,55,2,-13.166666666666666,12.925925925925926,1.0909090909090908,136.74545454545455,21.82618181818182,6,0.03636363636363636,0.10909090909090909,226,False,True
c200c73f9d7e5a08ca439d6a0803da7c,83507,almirante tamandare,PR,2,1,1,1,40.0,28.2,1,1,2017-05-23 12:55:16,2017-05-23 12:55:16,1.0,1,0,,,2.0,40.0,28.2,1,0.0,1.0,0,True,True
2ee0a0689f2f6a72f35a7cb6033f6e7e,19025,presidente prudente,SP,4,4,2,1,272.0,52.84,4,3,2017-11-14 20:08:30,2017-11-26 14:31:13,4.0,4,0,-11.75,9.0,1.0,68.0,13.21,0,0.0,0.0,11,False,True
a08692680c77d30a0b4280da5df01c5a,4719,sao paulo,SP,17,6,4,1,2433.0,227.91000000000003,6,5,2017-04-07 15:09:26,2018-01-26 08:17:40,5.0,6,0,-9.833333333333334,9.0,2.8333333333333335,405.5,37.985,0,0.0,0.0,293,False,True
dd533b429f380718b70ad9922c294bae,14781,barretos,SP,45,41,15,2,2819.77,1151.21,41,41,2017-03-31 13:22:29,2018-03-07 10:43:39,3.7804878048780486,41,4,-9.307692307692308,16.82051282051282,1.0975609756097562,68.7748780487805,28.07829268292683,8,0.0975609756097561,0.1951219512195122,340,False,True
582d4f8675b945722eda7c0cb61ba4c7,11250,bertioga,SP,71,59,25,5,4702.96,980.97,59,59,2017-01-20 12:04:03,2018-08-03 19:21:12,4.1525423728813555,59,1,-13.610169491525424,10.661016949152541,1.2033898305084745,79.71118644067796,16.626610169491524,9,0.01694915254237288,0.15254237288135594,560,False,True
74636e24f01da9268b0ed88dacd8513e,2941,sao paulo,SP,4,4,2,2,776.0,272.61,4,4,2018-04-25 14:50:27,2018-08-14 07:54:20,4.0,4,1,-4.75,12.75,1.0,194.0,68.1525,1,0.25,0.25,110,False,True
09bad886111255c5b5030314fc7f1a4a,1022,sao paulo,SP,5,5,1,1,487.5,72.86,5,5,2018-08-08 18:25:48,2018-08-27 19:37:48,5.0,5,0,-4.4,6.0,1.0,97.5,14.572,0,0.0,0.0,19,False,True
94144541854e298c2d976cb893b81343,94451,viamao,RS,76,68,23,3,17286.28,1429.37,68,68,2017-02-23 22:06:24,2018-02-06 09:17:35,4.253731343283582,67,3,-14.279411764705882,12.411764705882353,1.1176470588235294,254.20999999999998,21.02014705882353,8,0.04411764705882353,0.11764705882352941,347,False,True
bf84056e679dbe9c69929847a40e338f,2537,sao paulo,SP,40,36,3,2,2024.04,453.28000000000003,36,36,2018-02-19 11:58:17,2018-04-29 13:50:30,3.75,36,2,-6.6571428571428575,12.257142857142858,1.1111111111111112,56.22333333333333,12.591111111111111,6,0.05555555555555555,0.16666666666666666,69,False,True
21c62b998a043ebe31161d38f84929fc,60110,fortaleza,CE,4,4,2,1,750.49,90.84,4,4,2018-07-16 17:15:06,2018-08-08 22:21:23,4.5,4,0,-16.0,12.5,1.0,187.6225,22.71,0,0.0,0.0,23,False,True
02d35243ea2e497335cd0f076b45675d,59077,natal,RN,16,14,3,1,5794.0,605.95,14,14,2017-04-29 22:33:10,2018-08-02 17:53:47,2.642857142857143,14,4,-6.142857142857143,25.785714285714285,1.1428571428571428,413.85714285714283,43.28214285714286,6,0.2857142857142857,0.42857142857142855,459,False,True
1c129092bf23f28a5930387c980c0dfc,2972,sao paulo,SP,220,201,15,2,9553.619999999999,3035.67,201,200,2017-10-02 14:50:52,2018-08-11 14:36:54,4.235,200,9,-10.055,11.29,1.0945273631840795,47.530447761194026,15.102835820895523,24,0.04477611940298507,0.11940298507462686,312,False,True
a1040efe9ff4a6f93c28b0499eada8f5,13210,jundiai,SP,1,1,1,1,1658.83,34.48,1,1,2018-02-03 14:07:04,2018-02-03 14:07:04,5.0,1,0,-15.0,17.0,1.0,1658.83,34.48,0,0.0,0.0,0,False,True
2d9e8987a2ea5cf88dce330249043ff1,15155,jaci,SP,2,2,2,1,239.8,104.37,2,2,2018-08-02 13:07:42,2018-08-18 02:42:23,4.5,2,0,-5.5,8.5,1.0,119.9,52.185,0,0.0,0.0,15,False,True
fdf736c18c589ed030e058312203e1b2,37704,pocos de caldas,MG,1,1,1,1,30.0,14.51,1,1,2018-08-02 12:07:30,2018-08-02 12:07:30,5.0,1,0,-3.0,5.0,1.0,30.0,14.51,0,0.0,0.0,0,False,True
e433f5fd4050e3352b5d83522b7fe24b,86702,arapongas,PR,1,1,1,1,548.06,48.71,1,1,2018-08-23 11:45:59,2018-08-23 11:45:59,4.0,1,0,-7.0,7.0,1.0,548.06,48.71,0,0.0,0.0,0,False,True
b01c2b7b8599b325103ebcddc67413e1,95800,venancio aires,RS,4,4,1,1,169.45,72.67,4,4,2018-07-13 09:52:00,2018-08-18 21:10:16,4.75,4,0,-10.25,8.0,1.0,42.3625,18.1675,0,0.0,0.0,36,False,True
bb5d956dece964a06c12bceb66b923ae,20930,rio de janeiro,RJ,2,2,2,1,1278.36,50.14,2,2,2018-01-21 15:52:24,2018-02-19 12:18:48,5.0,2,0,-13.5,10.0,1.0,639.18,25.07,0,0.0,0.0,28,False,True
3afc536624bc2e65bddfb5db33cc01f3,30150,belo horizonte,MG,6,6,1,1,312.0,107.07000000000001,6,6,2018-01-23 17:56:14,2018-06-12 10:55:06,3.5,6,0,-9.5,9.5,1.0,52.0,17.845000000000002,2,0.0,0.3333333333333333,139,False,True
8090490573c6c0aa343a7231ebcb8c86,4130,sao paulo - sp,SP,26,26,9,4,3871.1200000000003,426.91,26,26,2017-09-01 22:51:39,2018-08-16 10:27:30,4.1923076923076925,26,2,-11.5,9.653846153846153,1.0,148.88923076923078,16.419615384615387,3,0.07692307692307693,0.11538461538461539,348,False,True
26d6bbee02420494d471c9f6436929c0,81530,curitiba,PR,13,12,10,4,434.51,247.19,12,12,2018-04-05 12:14:30,2018-08-25 19:15:56,4.666666666666667,12,0,-10.833333333333334,7.916666666666667,1.0833333333333333,36.20916666666667,20.599166666666665,0,0.0,0.0,142,False,True
602044f2c16190c2c6e45eb35c2e21cb,14940,ibitinga,SP,57,50,27,1,3739.16,938.28,50,50,2017-10-20 10:00:43,2018-08-23 12:32:01,3.142857142857143,49,8,-8.8125,14.354166666666666,1.14,74.7832,18.7656,19,0.16,0.38,307,False,True
b347677812ea483b0f528eaf8cbc09b7,82540,curitiba,PR,21,21,11,1,7288.99,762.35,21,21,2017-11-24 12:12:36,2018-06-22 22:10:44,4.523809523809524,21,0,-17.0,12.857142857142858,1.0,347.09476190476187,36.30238095238095,1,0.0,0.047619047619047616,210,False,True
d94ba08b99bedd6a5f6c875ecc4a6fac,86800,apucarana,PR,10,9,1,1,599.0,179.27,9,9,2017-04-12 11:02:29,2017-07-27 10:15:39,4.777777777777778,9,0,-12.0,12.0,1.1111111111111112,66.55555555555556,19.91888888888889,0,0.0,0.0,105,False,True
880ce4951cf857ab1d9e0b75c1d856f4,31255,belo horizont,MG,1,1,1,1,178.9,18.82,1,1,2018-02-13 21:06:34,2018-02-13 21:06:34,5.0,1,0,-19.0,15.0,1.0,178.9,18.82,0,0.0,0.0,0,False,True
b499c00f28f4b7069ff6550af8c1348a,13481,limeira,SP,187,152,68,12,10327.130000000001,2577.95,152,149,2016-10-03 22:31:31,2018-08-24 14:09:35,4.118421052631579,152,19,-11.408163265306122,10.884353741496598,1.230263157894737,67.94164473684211,16.960197368421053,20,0.125,0.13157894736842105,689,False,True
7a2d2949aea47fab95fd98d6c9f618b1,81350,curitiba,PR,12,11,5,2,1638.99,211.24,11,10,2017-02-04 23:28:25,2018-06-25 20:15:05,4.2727272727272725,11,0,-17.545454545454547,10.090909090909092,1.0909090909090908,148.9990909090909,19.203636363636363,1,0.0,0.09090909090909091,505,False,True
fad44952713764836814be105382aee5,21340,rio de janeiro,RJ,32,32,1,1,5129.0,507.88,32,32,2018-01-04 19:21:49,2018-08-14 08:38:20,4.28125,32,0,-11.96875,10.28125,1.0,160.28125,15.87125,2,0.0,0.0625,221,False,True
f1ed6bd0a9b11b581f16c851c6a5a527,90240,porto alegre,RS,18,17,3,3,1622.77,373.81,17,17,2017-03-04 21:08:40,2018-05-19 00:41:02,4.470588235294118,17,1,-9.352941176470589,20.470588235294116,1.0588235294117647,95.45705882352941,21.988823529411764,1,0.058823529411764705,0.058823529411764705,440,False,True
624f4ece8da4aafb77699233d480f8ef,5138,sao paulo,SP,55,53,9,2,9205.0,1722.37,53,52,2016-10-04 10:16:04,2018-08-19 10:47:22,4.25,52,4,-10.596153846153847,13.134615384615385,1.0377358490566038,173.67924528301887,32.49754716981132,6,0.07547169811320754,0.11320754716981132,684,False,True
95e03ca3d4146e4011985981aeb959b9,21210,rio de janeiro,RJ,193,175,55,13,11009.960000000001,3233.54,175,174,2017-05-14 12:47:08,2018-08-15 08:44:39,4.005780346820809,173,6,-15.151162790697674,12.05813953488372,1.1028571428571428,62.914057142857146,18.477371428571427,25,0.03428571428571429,0.14285714285714285,457,False,True
1771297ac436903d1dd6b0e9279aa505,7025,guarulhos,SP,36,28,9,3,2881.27,585.16,28,27,2017-01-19 22:41:52,2018-08-17 12:46:57,4.62962962962963,27,1,-15.25,9.0,1.2857142857142858,102.9025,20.898571428571426,0,0.03571428571428571,0.0,574,False,True
1d503743d2526f03f0c2c89540ee008c,1035,sao paulo,SP,17,12,7,5,516.04,204.49,12,12,2018-01-25 15:23:17,2018-07-15 12:57:22,3.9166666666666665,12,1,-9.416666666666666,10.333333333333334,1.4166666666666667,43.00333333333333,17.040833333333335,2,0.08333333333333333,0.16666666666666666,170,False,True
fc5a0d7a310a7a41abf86a458585ff2b,3655,sao paulo,SP,2,2,2,1,162.8,27.36,2,2,2017-06-02 16:34:22,2018-05-16 08:53:35,2.5,2,0,-19.0,13.0,1.0,81.4,13.68,1,0.0,0.5,347,False,True
e1bed63d68ac36fe1f3061befe196af5,13848,mogi guacu,SP,1,1,1,1,199.0,18.0,1,1,2017-01-30 18:30:53,2017-01-30 18:30:53,5.0,1,0,-26.0,8.0,1.0,199.0,18.0,0,0.0,0.0,0,False,True
73da1880b39c71de2b262bc7720c1494,13560,sao carlos,SP,2,2,1,1,398.0,46.99,2,2,2017-07-26 11:19:21,2018-01-09 12:25:33,5.0,2,0,-14.0,8.0,1.0,199.0,23.495,0,0.0,0.0,167,False,True
df560393f3a51e74553ab94004ba5c87,87900,loanda,PR,29,28,10,2,3661.1800000000003,606.15,28,28,2016-10-04 14:13:22,2018-03-10 21:24:16,3.6785714285714284,28,2,-13.615384615384615,17.923076923076923,1.0357142857142858,130.7564285714286,21.648214285714285,4,0.07142857142857142,0.14285714285714285,522,False,True
253f95b3a0e6983ae18aed49fbc2b845,4141,sao paulo,SP,5,5,2,1,799.5,91.44,5,5,2018-03-21 08:26:56,2018-06-11 11:52:05,4.4,5,0,-14.0,9.0,1.0,159.9,18.288,0,0.0,0.0,82,False,True
834f3294fba9f932f56edc879193f925,14808,araraquara,SP,66,66,3,2,39907.5,4299.92,66,66,2017-05-10 16:57:39,2018-08-15 09:57:51,4.545454545454546,66,4,-9.56060606060606,13.878787878787879,1.0,604.6590909090909,65.15030303030304,3,0.06060606060606061,0.045454545454545456,461,False,True
6c177e38df6d3f34182b1f1d427231bf,80430,curitiba,PR,56,55,20,6,8341.89,1034.64,55,55,2017-02-06 16:00:46,2018-08-21 13:32:24,4.036363636363636,55,1,-14.49056603773585,13.981132075471699,1.018181818181818,151.67072727272725,18.811636363636364,9,0.01818181818181818,0.16363636363636364,560,False,True
08d0949a9a17c027262db1f3c450c26c,85804,cascavel,PR,12,12,9,1,324.8,233.04000000000002,12,12,2017-08-21 13:38:52,2018-08-23 00:54:22,3.75,12,0,-11.75,13.75,1.0,27.066666666666666,19.42,3,0.0,0.25,366,False,True
11fb6f6d341adbe19e81733701704635,4133,sao paulo,SP,3,3,1,1,1197.0,399.65999999999997,3,3,2018-08-07 17:16:36,2018-08-25 18:36:46,5.0,3,0,-7.333333333333333,4.666666666666667,1.0,399.0,133.22,0,0.0,0.0,18,False,True
04843805947f0fc584fc1969b6e50fe7,93900,ivoti,RS,2,1,1,1,1400.0,74.76,1,1,2018-08-05 14:55:14,2018-08-05 14:55:14,5.0,1,0,0.0,15.0,2.0,1400.0,74.76,0,0.0,0.0,0,False,True
e3b4998c7a498169dc7bce44e6bb6277,3635,sao paulo,SP,3,3,3,3,6897.9,216.79,3,3,2017-01-16 16:24:13,2017-02-12 20:37:36,2.6666666666666665,3,0,-6.0,18.0,1.0,2299.2999999999997,72.26333333333334,2,0.0,0.6666666666666666,27,False,True
a37c340b91cb0169e8b029db6440fba2,4424,sao paulo,SP,5,5,1,0,345.0,94.95,5,5,2017-06-26 16:37:01,2017-09-14 16:37:03,4.8,5,0,-12.4,10.8,1.0,69.0,18.990000000000002,0,0.0,0.0,80,False,True
e628d4a53c109f09ca88098338b3a3f5,30170,belo horizonte,MG,1,1,1,1,285.0,58.9,1,1,2017-12-11 09:25:26,2017-12-11 09:25:26,1.0,1,0,,,1.0,285.0,58.9,1,0.0,1.0,0,True,True
381c83fdca332ea6afd896da20bf6e4a,80010,curitiba,PR,46,46,37,2,7355.8,999.21,46,46,2017-08-17 08:58:53,2018-08-14 07:04:43,4.391304347826087,46,1,-15.847826086956522,12.26086956521739,1.0,159.90869565217392,21.72195652173913,4,0.021739130434782608,0.08695652173913043,361,False,True
6fd52c528dcb38be2eea044946b811f8,8180,sao paulo,SP,84,67,48,1,7743.0199999999995,1138.56,67,67,2017-08-18 16:58:56,2018-08-11 23:56:26,3.393939393939394,66,9,-10.791044776119403,21.01492537313433,1.2537313432835822,115.56746268656715,16.993432835820894,24,0.13432835820895522,0.3582089552238806,358,False,True
189ca3538ce9f920cacf0f982cbe223b,3589,sao paulo,SP,5,4,4,1,419.0,62.67,4,4,2018-06-21 19:06:28,2018-08-07 14:50:14,4.25,4,0,-9.75,3.75,1.25,104.75,15.6675,1,0.0,0.25,46,False,True
20cb7c2fde3e5bf10f0bbe7394e1c6a9,86385,andira-pr,PR,51,32,2,1,861.9,798.38,32,32,2017-03-14 19:26:29,2018-08-21 19:23:38,4.0,32,3,-12.161290322580646,11.774193548387096,1.59375,26.934375,24.949375,5,0.09375,0.15625,524,False,True
7e79d65b5c6f1f544b7daea036acf720,9572,sao caetano do sul,SP,4,4,2,1,517.8,62.09,4,4,2017-06-14 14:13:14,2017-10-24 12:11:43,4.5,4,0,-14.75,8.5,1.0,129.45,15.5225,0,0.0,0.0,131,False,True
fd435faa3c0422b60440ea3480d0e77c,58073,joao pessoa,PB,1,1,1,1,749.0,133.87,1,1,2018-08-20 07:36:53,2018-08-20 07:36:53,5.0,1,0,-14.0,9.0,1.0,749.0,133.87,0,0.0,0.0,0,False,True
6bef34c5be6f2bbd70aa5165f6df94b1,89120,timbo,SC,2,2,1,1,1198.0,132.88,2,2,2018-07-14 16:12:14,2018-07-31 23:31:44,2.0,2,0,-10.0,16.0,1.0,599.0,66.44,1,0.0,0.5,17,True,True
ae9690c6e8fee182c28c9ff8e11ca52c,4361,sao paulo,SP,1,1,1,1,47.4,12.41,1,1,2016-10-09 23:25:13,2016-10-09 23:25:13,5.0,1,0,-47.0,4.0,1.0,47.4,12.41,0,0.0,0.0,0,False,True
f7720c4fa8e3aba4546301ab80ea1f1b,81350,curitiba,PR,78,60,28,3,2083.45,1335.52,60,59,2017-03-28 23:13:25,2018-08-17 18:16:56,4.2,60,3,-14.05084745762712,10.542372881355933,1.3,34.72416666666666,22.258666666666667,5,0.05,0.08333333333333333,506,False,True
5bba18b40e8c973b0f32e748004775b0,15840,itajobi,SP,1,1,1,1,739.98,44.82,1,1,2016-10-10 13:57:41,2016-10-10 13:57:41,5.0,1,0,-46.0,7.0,1.0,739.98,44.82,0,0.0,0.0,0,False,True
7b7f91e98f8c6def45a1407923304402,6154,osasco,SP,14,11,9,3,417.47,203.01999999999998,11,11,2018-04-15 22:34:55,2018-07-22 00:22:32,4.181818181818182,11,1,-10.0,12.909090909090908,1.2727272727272727,37.95181818181818,18.456363636363637,2,0.09090909090909091,0.18181818181818182,97,False,True
4c2b230173bb36f9b240f2b8ac11786e,3933,sao paulo,SP,346,261,20,2,14592.27,4397.57,261,256,2017-02-14 14:24:24,2018-08-20 21:37:48,3.972762645914397,257,24,-8.062015503875969,12.445736434108527,1.3256704980842913,55.90908045977011,16.848927203065134,47,0.09195402298850575,0.18007662835249041,552,False,True
a23266650e7c84bb93fbbba502137478,90220,porto alegre,RS,16,11,8,5,1512.4,279.04,11,11,2017-08-04 13:52:59,2017-12-29 18:39:33,3.8181818181818183,11,0,-16.818181818181817,10.818181818181818,1.4545454545454546,137.4909090909091,25.367272727272724,2,0.0,0.18181818181818182,147,False,True
d2df77822373f19934e87694d8640767,86706,arapongas,PR,2,2,2,2,155.9,40.5,2,2,2018-04-18 19:29:53,2018-04-26 10:46:49,3.0,2,0,-16.5,22.0,1.0,77.95,20.25,1,0.0,0.5,7,False,True
8fbd63429be6d3e5e6d1a709b6464802,9130,santo andre,SP,8,6,4,1,1061.4,179.57,6,6,2018-04-18 00:27:01,2018-06-28 09:17:04,4.833333333333333,6,0,-18.166666666666668,8.0,1.3333333333333333,176.9,29.92833333333333,0,0.0,0.0,71,False,True
ac6417315ae5da8f9a38ee11de6f7780,7400,aruja,SP,8,8,7,4,788.9,182.53,8,8,2017-04-27 09:34:25,2018-04-27 21:28:24,3.75,8,1,-13.571428571428571,10.857142857142858,1.0,98.6125,22.81625,2,0.125,0.25,365,False,True
81336a0f57a33776419727a300249e90,13560,sao carlos,SP,19,16,10,2,1374.8500000000001,296.03,16,16,2017-07-19 14:08:55,2018-04-22 22:07:08,3.875,16,2,-8.4,16.933333333333334,1.1875,85.92812500000001,18.501875,3,0.125,0.1875,277,False,True
02f623a8eb246f3c5f7c2f96462654e6,18611,botucatu,SP,44,44,23,2,6378.0,829.63,44,44,2018-04-25 15:13:02,2018-08-22 23:52:12,4.558139534883721,43,3,-10.704545454545455,8.068181818181818,1.0,144.95454545454547,18.855227272727273,2,0.06818181818181818,0.045454545454545456,119,False,True
56db5c0782e8f7ddc9343f9576ff6d16,88132,palhoca,SC,2,2,2,1,734.8,57.15,2,2,2017-01-27 22:01:41,2018-08-07 20:45:25,3.0,2,0,-21.5,9.0,1.0,367.4,28.575,1,0.0,0.5,556,False,True
29fe9f200d3fa0c668d2aa1ec7e08dfb,88330,balneario camboriu,SC,5,5,4,1,400.0,114.16,5,5,2017-06-16 15:16:41,2017-09-03 16:15:17,4.0,5,0,-16.0,10.4,1.0,80.0,22.832,1,0.0,0.2,79,False,True
271b8923c6a549e02d3c9fd1f8c0422b,11704,praia grande,SP,1,1,1,1,105.19,13.4,1,1,2018-07-30 19:39:13,2018-07-30 19:39:13,4.0,1,1,4.0,14.0,1.0,105.19,13.4,0,1.0,0.0,0,False,True
4e06067cc08b3f41d837768d392c3ee3,32604,betim,MG,46,31,28,1,941.72,572.53,31,31,2017-07-16 15:27:12,2018-08-04 19:38:07,4.129032258064516,31,1,-13.0,9.870967741935484,1.4838709677419355,30.378064516129033,18.468709677419355,6,0.03225806451612903,0.1935483870967742,384,False,True
ec933281fb017b5020d06df29c3f77e8,3820,sao paulo,SP,8,8,3,1,1432.0,230.85,8,8,2017-10-16 10:45:42,2018-07-30 21:21:05,5.0,8,0,-13.25,9.0,1.0,179.0,28.85625,0,0.0,0.0,287,False,True
49e7217cfe4e427191c378ec626d8737,35570,formiga,MG,14,13,9,2,3002.7,375.61,13,13,2017-05-20 15:56:32,2018-05-27 20:45:09,3.8461538461538463,13,0,-11.5,15.666666666666666,1.0769230769230769,230.97692307692307,28.893076923076926,2,0.0,0.15384615384615385,372,False,True
34f563c82a85b99ae9e6d60db5fc2e28,93700,campo bom,RS,8,8,4,3,2332.3,246.2,8,8,2018-04-13 15:09:55,2018-08-06 20:19:36,4.625,8,0,-12.625,10.125,1.0,291.5375,30.775,0,0.0,0.0,115,False,True
4ddeb3e828550cddc8d45c8bc36ab2d1,1131,sao paulo,SP,1,1,1,1,152.0,12.45,1,1,2017-03-15 12:19:23,2017-03-15 12:19:23,5.0,1,0,-11.0,7.0,1.0,152.0,12.45,0,0.0,0.0,0,False,True
90d4125885ab6c86e8820a722be71974,6780,taboao da serra,SP,5,3,1,1,1299.5500000000002,43.4,3,3,2018-04-13 05:18:38,2018-04-13 10:52:21,1.0,3,0,,,1.6666666666666667,433.1833333333334,14.466666666666667,3,0.0,1.0,0,True,True
3a734b715d333a2588a3d54a0c9b8746,6132,osasco,SP,24,18,10,6,2463.52,395.64,18,18,2017-08-04 10:08:27,2018-01-14 20:54:13,3.9444444444444446,18,1,-11.6,11.8,1.3333333333333333,136.86222222222221,21.98,3,0.05555555555555555,0.16666666666666666,163,False,True
f5b84683a9bf9e1df748cf40f601b39c,1127,sao paulo,SP,1,1,1,1,83.9,9.07,1,1,2016-10-08 22:11:57,2016-10-08 22:11:57,5.0,1,0,-46.0,6.0,1.0,83.9,9.07,0,0.0,0.0,0,False,True
392e0502231ae2f8b29994ef6398cd77,18760,cerqueira cesar,SP,20,20,12,1,1871.7,355.89,20,20,2017-01-09 21:40:42,2018-07-17 23:30:05,4.157894736842105,19,2,-7.9411764705882355,17.058823529411764,1.0,93.58500000000001,17.7945,2,0.1,0.1,554,False,True
5d0363b33554b373851fc1622e4d5f3c,12952,atibaia,SP,95,94,54,4,6610.79,2192.18,94,94,2017-11-07 19:31:50,2018-08-21 19:44:49,4.042553191489362,94,8,-8.96774193548387,12.096774193548388,1.0106382978723405,70.32755319148936,23.32106382978723,12,0.0851063829787234,0.1276595744680851,287,False,True
6e85dc5ecd97a61094b89b046a509d8e,15845,marapoama,SP,1,1,1,1,169.9,12.69,1,1,2017-05-14 00:32:26,2017-05-14 00:32:26,1.0,1,0,,,1.0,169.9,12.69,1,0.0,1.0,0,True,True
417a1e6c7321084d2a0ae0d023cfad93,95885,imigrante,RS,1,1,1,1,48.9,12.48,1,1,2018-01-31 12:13:17,2018-01-31 12:13:17,5.0,1,0,-17.0,6.0,1.0,48.9,12.48,0,0.0,0.0,0,False,True
013900e863eace745d3ec7614cab5b1a,80740,curitiba,PR,26,23,19,3,1619.7,469.67,23,23,2017-03-04 10:02:28,2018-04-13 16:35:16,4.695652173913044,23,0,-15.478260869565217,11.73913043478261,1.1304347826086956,70.42173913043479,20.420434782608698,1,0.0,0.043478260869565216,405,False,True
c157bdeedcbc9a8e3c8bf0d87ff24428,18120,mairinque,SP,10,7,4,1,514.27,208.7,7,7,2017-05-05 16:46:55,2017-08-20 12:22:14,4.428571428571429,7,0,-13.285714285714286,11.571428571428571,1.4285714285714286,73.46714285714286,29.814285714285713,0,0.0,0.0,106,False,True
fa3a0b5aabb344b9a92e3524b0202123,83020,sao jose dos pinhais,SP,7,7,3,1,1789.0,164.41,7,7,2018-01-26 00:09:45,2018-06-16 21:53:42,4.142857142857143,7,1,-14.571428571428571,11.0,1.0,255.57142857142858,23.487142857142857,1,0.14285714285714285,0.14285714285714285,141,False,True
88cf19ec1fc2c58f161aee259d57142c,13570,sao carlos,SP,14,14,11,3,1372.97,234.71,14,13,2018-05-20 17:16:24,2018-08-20 18:44:49,4.5,14,0,-13.285714285714286,6.071428571428571,1.0,98.06928571428571,16.765,0,0.0,0.0,92,False,True
c13ef0cfbe42f190780f621ce81f2234,1207,sao paulo sp,SP,1,1,1,1,390.0,61.28,1,1,2018-01-18 13:36:21,2018-01-18 13:36:21,3.0,1,1,6.0,28.0,1.0,390.0,61.28,0,1.0,0.0,0,False,True
fc908879b9ca1bd65419e54e50432d38,4558,sao paulo,SP,4,4,2,1,119.19999999999999,52.68,4,4,2017-12-18 10:29:38,2018-07-25 21:39:51,5.0,4,0,-11.25,8.25,1.0,29.799999999999997,13.17,0,0.0,0.0,219,False,True
c679fb69a36e1d8349e8c50a217b4d58,95020,caxias do sul,RS,17,14,13,2,1825.68,388.21000000000004,14,14,2018-07-22 21:45:44,2018-08-20 15:12:17,3.8461538461538463,13,1,-9.642857142857142,10.642857142857142,1.2142857142857142,130.40571428571428,27.729285714285716,3,0.07142857142857142,0.21428571428571427,28,False,True
17a053fcb14bd219540cbde0df490be0,13843,mogi guacu,SP,149,125,87,1,40703.14,8828.43,125,124,2017-07-06 12:53:06,2018-08-13 21:46:36,4.227642276422764,123,7,-10.096774193548388,11.85483870967742,1.192,325.62512,70.62744,13,0.056,0.104,403,False,True
2d34636518ba88f5349b732fcf8ba2e4,1039,sao paulo,SP,1,1,1,1,150.0,18.63,1,1,2018-04-30 20:25:31,2018-04-30 20:25:31,5.0,1,0,-28.0,10.0,1.0,150.0,18.63,0,0.0,0.0,0,False,True
d79e8478eed9999493990b44955fb22e,20081,rio de janeiro / rio de janeiro,RJ,5,5,3,2,721.89,80.72,5,5,2018-06-28 09:14:43,2018-08-19 12:33:05,4.0,4,1,-10.0,7.8,1.0,144.378,16.144,1,0.2,0.2,52,False,True
458d868c9642f55f18f04e951a3fdde6,90670,porto alegre,RS,2,2,1,1,2718.0,104.75,2,2,2017-05-31 18:30:10,2017-08-01 10:25:49,5.0,2,0,-19.0,17.0,1.0,1359.0,52.375,0,0.0,0.0,61,False,True
41b14765bd56c8ad10971074380f9c0c,9070,santo andre,SP,10,8,2,1,395.5,119.13,8,8,2018-03-20 14:33:00,2018-07-29 00:48:48,4.625,8,0,-11.625,6.5,1.25,49.4375,14.891250000000001,1,0.0,0.125,130,False,True
e439f7176d763f92de325271111b2fd5,89219,joinville,SC,7,7,4,1,1348.4,235.62,7,7,2018-05-01 16:18:19,2018-08-01 11:11:04,5.0,7,0,-9.166666666666666,9.333333333333334,1.0,192.62857142857143,33.660000000000004,0,0.0,0.0,91,False,True
7f2617c58d5d06806987308b45654351,4571,sao paulo,SP,23,22,2,1,3656.8,326.47,22,22,2017-04-12 22:14:49,2018-06-21 20:53:59,3.8181818181818183,22,2,-9.272727272727273,11.954545454545455,1.0454545454545454,166.21818181818182,14.839545454545457,3,0.09090909090909091,0.13636363636363635,434,False,True
cac63f48c38cd7d002a7e846dcd99a23,13170,sumare,SP,10,10,7,1,874.0,140.62,10,8,2017-11-27 22:26:08,2018-08-18 19:39:10,4.8,10,0,-12.7,6.7,1.0,87.4,14.062000000000001,0,0.0,0.0,263,False,True
04ee0ec01589969663ba5967c0e0bdc0,95910,lajeado,RS,1,1,1,1,289.49,24.83,1,1,2018-08-21 11:29:05,2018-08-21 11:29:05,5.0,1,0,-13.0,3.0,1.0,289.49,24.83,0,0.0,0.0,0,False,True
f00e21b1e91a79653163b7fd8f293ff1,37795,andradas,SP,31,31,29,5,3900.09,570.97,31,31,2017-03-25 21:54:29,2017-12-02 18:38:46,4.1,30,1,-16.225806451612904,12.516129032258064,1.0,125.80935483870968,18.418387096774193,4,0.03225806451612903,0.12903225806451613,251,False,True
9140ef75cc8211c4035935e80e567204,87015,maringa,PR,1,1,1,1,49.9,22.28,1,1,2018-08-01 18:58:49,2018-08-01 18:58:49,5.0,1,0,-14.0,12.0,1.0,49.9,22.28,0,0.0,0.0,0,False,True
79a679c36c08d606b3fd47ead9de109b,2611,sao paulo,SP,7,3,2,1,935.0,137.22,3,3,2018-03-02 12:01:02,2018-05-03 17:57:35,2.0,3,1,-4.333333333333333,11.333333333333334,2.3333333333333335,311.6666666666667,45.74,2,0.3333333333333333,0.6666666666666666,62,True,True
cc5a78bbad32776dc4e3af205218368c,35501,divinopolis,MG,38,33,25,5,4269.18,1304.17,33,33,2018-05-08 13:49:19,2018-08-24 02:24:29,4.454545454545454,33,1,-16.87878787878788,7.7272727272727275,1.1515151515151516,129.36909090909091,39.52030303030303,3,0.030303030303030304,0.09090909090909091,107,False,True
6eeed17989b0ae47c9f11ece6f38ea90,4123,sao paulo,SP,3,3,2,1,557.0,119.01,3,3,2018-07-03 18:58:41,2018-08-27 21:28:43,3.6666666666666665,3,0,-13.333333333333334,6.0,1.0,185.66666666666666,39.67,1,0.0,0.3333333333333333,55,False,True
b5f0712d22a873b6797ab6cc65c3fcba,2316,sao paulo,SP,1,1,1,1,12.99,8.29,1,1,2018-08-13 12:22:49,2018-08-13 12:22:49,4.0,1,0,-4.0,3.0,1.0,12.99,8.29,0,0.0,0.0,0,False,True
3f9c56764fabca627406093dcb3ef0b4,22745,rio de janeiro,RJ,7,7,3,1,909.3000000000001,105.64999999999999,7,7,2018-01-22 09:47:40,2018-04-24 18:02:40,4.714285714285714,7,0,-11.142857142857142,8.0,1.0,129.9,15.092857142857142,0,0.0,0.0,92,False,True
efb628aa07c8ca93d7db0d85b91a4f5a,26230,nova iguacu,RJ,1,1,1,1,204.0,58.1,1,1,2017-11-17 08:47:34,2017-11-17 08:47:34,4.0,1,1,1.0,25.0,1.0,204.0,58.1,0,1.0,0.0,0,False,True
4e922959ae960d389249c378d1c939f5,12327,jacarei,SP,454,420,136,23,46030.37,7274.38,420,419,2016-10-10 17:49:21,2018-08-28 19:44:25,3.9542168674698797,415,37,-12.849514563106796,14.03883495145631,1.0809523809523809,109.59611904761906,17.31995238095238,76,0.0880952380952381,0.18095238095238095,687,False,True
47648caee88ccfe951fbb27fbf7b4cbe,9931,diadema,SP,3,3,3,1,1564.99,68.0,3,3,2018-04-03 09:43:42,2018-05-21 19:01:41,3.6666666666666665,3,1,-6.0,13.333333333333334,1.0,521.6633333333333,22.666666666666668,1,0.3333333333333333,0.3333333333333333,48,False,True
ca4b77513ac2040591b0d8fae6958380,9190,sando andre,SP,15,14,12,1,1772.45,201.17000000000002,14,14,2018-07-15 13:52:04,2018-08-22 10:28:17,4.5,14,2,-3.2142857142857144,7.285714285714286,1.0714285714285714,126.60357142857143,14.369285714285715,1,0.14285714285714285,0.07142857142857142,37,False,True
7957cac1a02f45d0a4a7e45626382ec2,80320,curitiba,PR,1,1,1,1,343.0,21.64,1,1,2017-09-08 10:09:43,2017-09-08 10:09:43,4.0,1,0,-2.0,26.0,1.0,343.0,21.64,0,0.0,0.0,0,False,True
4cc4fd4fdd406a85bbdc1f824b731bd7,85906,toledo,PR,2,1,1,1,539.98,31.24,1,1,2018-02-26 12:08:58,2018-02-26 12:08:58,5.0,1,0,-14.0,8.0,2.0,539.98,31.24,0,0.0,0.0,0,False,True
b8630e1121437d41cb08e3c749c2c2e2,25070,duque de caxias,RJ,12,12,6,2,6988.0,346.1,12,12,2017-11-25 04:02:51,2018-08-06 09:14:27,4.333333333333333,12,1,-9.583333333333334,10.75,1.0,582.3333333333334,28.84166666666667,2,0.08333333333333333,0.16666666666666666,254,False,True
cfe94489ddd337d1e29e12f2a7205d10,3178,sao paulo,SP,24,20,1,1,2376.0,296.82,20,19,2018-02-26 18:44:28,2018-08-22 18:20:04,4.3,20,1,-8.1,6.5,1.2,118.8,14.841,1,0.05,0.05,176,False,True
9cf787a239c1aa29dbd76f153dc13f9a,14403,franca,SP,4,4,2,1,316.0,52.400000000000006,4,4,2018-06-05 17:11:13,2018-08-16 15:54:48,4.75,4,0,-17.5,6.25,1.0,79.0,13.100000000000001,0,0.0,0.0,71,False,True
2a50b7ee5aebecc6fd0ff9784a4747d6,72580,brasilia,DF,2,1,1,1,199.8,64.44,1,1,2017-11-27 21:45:48,2017-11-27 21:45:48,1.0,1,1,17.0,39.0,2.0,199.8,64.44,1,1.0,1.0,0,True,True
d297f1055de2956aedfd3b04113dce3e,13382,nova odessa,SP,1,1,1,1,54.3,7.64,1,1,2018-08-20 22:00:09,2018-08-20 22:00:09,4.0,1,0,-4.0,3.0,1.0,54.3,7.64,0,0.0,0.0,0,False,True
2c3d56f92f360fb89d849b84e8f50eae,6420,barueri,SP,8,8,5,3,465.6,124.84,8,8,2017-10-06 08:49:02,2018-03-23 18:38:45,3.125,8,1,-5.285714285714286,13.285714285714286,1.0,58.2,15.605,4,0.125,0.5,168,False,True
3442033154be05bac582e173ef54fd12,5413,sao paulo,SP,1,1,1,1,161.0,8.39,1,1,2018-08-16 21:55:21,2018-08-16 21:55:21,5.0,1,0,-3.0,3.0,1.0,161.0,8.39,0,0.0,0.0,0,False,True
78744a20ee2f80ba64f6804c25def2b8,50751,recife,PE,6,6,3,1,2715.0,353.85,6,6,2017-09-10 19:53:37,2018-08-19 15:27:35,4.166666666666667,6,1,-7.666666666666667,18.5,1.0,452.5,58.975,1,0.16666666666666666,0.16666666666666666,342,False,True
c990d6cf976a5718aaedc539f383ab88,13145,paulinia,SP,11,10,5,3,200.9,141.09,10,10,2017-10-05 15:37:40,2018-01-20 17:59:58,3.3,10,3,-1.5,19.25,1.1,20.09,14.109,3,0.3,0.3,107,False,True
94e93ce877be27a515118dbfd2c2be41,15502,votuporanga,SP,35,30,18,9,5674.57,868.15,30,29,2017-04-16 19:32:11,2017-09-13 09:21:17,3.9310344827586206,29,0,-11.137931034482758,13.03448275862069,1.1666666666666667,189.15233333333333,28.938333333333333,5,0.0,0.16666666666666666,149,False,True
b566ab0ef88016e00422755e305103c6,37640,extrema,MG,5,5,4,3,1208.0,220.21999999999997,5,5,2018-03-11 10:26:01,2018-07-23 13:26:43,3.2,5,1,-8.8,12.6,1.0,241.6,44.044,2,0.2,0.4,134,False,True
d9cb0052a666de5308b32f32ad5f1b1c,15400,olimpia,SP,3,3,3,1,231.89999999999998,38.59,3,3,2018-01-19 00:21:43,2018-05-15 22:07:28,3.6666666666666665,3,0,-10.666666666666666,12.666666666666666,1.0,77.3,12.863333333333335,1,0.0,0.3333333333333333,116,False,True
a89e143d5211473ae18db9577ee34b64,13486,limeira,SP,2,2,2,1,140.0,19.68,2,2,2017-06-04 12:09:59,2017-10-07 08:35:07,3.0,2,0,-7.0,9.0,1.0,70.0,9.84,1,0.0,0.5,124,False,True
1f2eebc0e970fd3c463e4f5d9652687a,1311,sao paulo,SP,1,1,1,1,44.99,8.48,1,1,2018-08-09 16:06:19,2018-08-09 16:06:19,5.0,1,1,5.0,11.0,1.0,44.99,8.48,0,1.0,0.0,0,False,True
941554c5757b73ba0e50aa7732310afc,4142,sao paulo,SP,4,3,2,1,107.69,58.66,3,3,2017-03-05 20:17:09,2017-05-31 17:23:00,4.666666666666667,3,0,-22.333333333333332,7.333333333333333,1.3333333333333333,35.89666666666667,19.55333333333333,0,0.0,0.0,86,False,True
8581055ce74af1daba164fdbd55a40de,7112,guarulhos,SP,435,387,32,1,64925.3,9659.0,387,377,2017-01-18 17:44:05,2018-04-18 20:55:32,4.261658031088083,386,31,-8.96042216358839,12.614775725593667,1.124031007751938,167.7656330749354,24.958656330749353,42,0.08010335917312661,0.10852713178294573,455,False,True
a9ae440659f48b7849df83e82734150b,9015,santo andre,SP,1,1,1,1,285.0,27.02,1,1,2017-10-13 13:10:42,2017-10-13 13:10:42,5.0,1,0,-32.0,13.0,1.0,285.0,27.02,0,0.0,0.0,0,False,True
c963a25b8671419c6ce9eebe8fd03218,23943,angra dos reis rj,RJ,1,1,1,1,49.0,19.32,1,1,2018-05-01 01:28:38,2018-05-01 01:28:38,5.0,1,0,-15.0,6.0,1.0,49.0,19.32,0,0.0,0.0,0,False,True
9485a23c0430ba1d58d359391606fce6,9015,santo andre,SP,5,5,5,1,1129.9,65.25,5,5,2017-03-21 13:50:46,2017-12-28 11:05:22,3.2,5,1,-7.75,13.0,1.0,225.98000000000002,13.05,1,0.2,0.2,281,False,True
0951a6e282947e09cd47969f4ed0b47f,6763,taboao da serra,SP,7,7,2,2,492.3,88.02,7,7,2018-07-26 09:25:14,2018-08-27 14:39:21,4.857142857142857,7,0,-7.571428571428571,4.285714285714286,1.0,70.32857142857144,12.574285714285713,0,0.0,0.0,32,False,True
52f0fe436a347ddad7ed5f9aa4e27eaa,1129,sao paulo,SP,23,21,16,6,1484.3700000000001,476.53,21,21,2018-01-06 15:42:24,2018-05-18 11:23:17,3.5238095238095237,21,2,-6.7368421052631575,14.421052631578947,1.0952380952380953,70.68428571428572,22.69190476190476,6,0.09523809523809523,0.2857142857142857,131,False,True
9c7fd21e0aa159b20da593371f08ff7c,6180,osasco,SP,8,7,5,4,798.3,123.5,7,7,2018-03-14 09:25:14,2018-08-21 16:50:51,3.2857142857142856,7,1,-11.285714285714286,6.857142857142857,1.1428571428571428,114.04285714285716,17.642857142857142,3,0.14285714285714285,0.42857142857142855,160,False,True
c33847515fa6305ce6feb1e818569f13,88359,brusque,SC,128,114,39,2,15519.85,4374.41,114,114,2018-05-09 20:36:26,2018-08-22 16:38:09,3.8508771929824563,114,4,-15.535087719298245,8.789473684210526,1.1228070175438596,136.1390350877193,38.37201754385965,24,0.03508771929824561,0.21052631578947367,104,False,True
8b8cfc8305aa441e4239358c9f6f2485,86020,londrina,PR,15,15,6,2,11892.0,1218.7,15,15,2017-01-29 21:40:02,2018-04-11 10:48:14,4.2,15,2,-16.066666666666666,12.066666666666666,1.0,792.8,81.24666666666667,2,0.13333333333333333,0.13333333333333333,436,False,True
2c00c85d30361cd2ced2969cffbbffa3,31160,belo horizonte,MG,1,1,1,1,49.8,7.71,1,1,2018-04-16 19:27:56,2018-04-16 19:27:56,5.0,1,0,-8.0,1.0,1.0,49.8,7.71,0,0.0,0.0,0,False,True
d4e4b5192cba4e0e66eb12a9d347239d,85904,toledo,PR,12,12,11,1,441.8,210.29,12,12,2017-03-14 00:25:55,2017-11-06 22:21:20,4.166666666666667,12,0,-16.09090909090909,13.0,1.0,36.81666666666667,17.524166666666666,2,0.0,0.16666666666666666,237,False,True
ade45994b717ccee333492330fbf037b,87505,umuarama,PR,10,10,6,1,7196.0,283.63,10,10,2018-06-09 20:12:15,2018-08-15 18:26:46,4.5,10,0,-25.2,7.7,1.0,719.6,28.363,0,0.0,0.0,66,False,True
bb5bd94c8f59cc050072d2930c869cac,5008,sao paulo,SP,17,16,12,2,2543.87,302.77000000000004,16,16,2017-02-12 18:43:37,2018-06-08 09:43:52,4.1875,16,0,-10.875,14.125,1.0625,158.991875,18.923125000000002,1,0.0,0.0625,480,False,True
b05b432bf68945d4d9783f9e3ca29ee8,16200,birigui,SP,2,2,2,1,224.8,26.09,2,2,2017-09-11 21:19:55,2017-09-12 17:49:55,4.5,2,0,-16.5,5.0,1.0,112.4,13.045,0,0.0,0.0,0,False,True
2a7dc43cecabf23403078e2188437d1d,4142,sao paulo,SP,54,52,14,5,4795.91,833.71,52,52,2017-11-03 00:16:32,2018-06-03 10:59:14,4.096153846153846,52,3,-10.01923076923077,12.711538461538462,1.0384615384615385,92.22903846153847,16.032884615384617,6,0.057692307692307696,0.11538461538461539,212,False,True
578fa3a9cb6b6dceab39231ad59cdaca,60025,fortaleza,CE,3,3,2,1,150.0,37.2,3,3,2017-09-16 10:56:48,2018-04-30 22:39:58,3.6666666666666665,3,1,1.3333333333333333,22.333333333333332,1.0,50.0,12.4,1,0.3333333333333333,0.3333333333333333,226,False,True
615c3462099ffa940d37b17dfda19594,24855,rio de janeiro,RJ,2,2,2,1,229.0,32.05,2,2,2018-06-21 12:07:18,2018-07-31 23:06:21,5.0,2,0,-15.5,7.5,1.0,114.5,16.025,0,0.0,0.0,40,False,True
a3f0b55de503387383c7b1de3ad7f678,82400,curitiba,PR,26,24,13,2,4348.400000000001,1229.34,24,24,2017-09-26 18:54:19,2018-05-21 13:14:36,4.416666666666667,24,1,-14.333333333333334,10.291666666666666,1.0833333333333333,181.18333333333337,51.2225,1,0.041666666666666664,0.041666666666666664,236,False,True
6d7f8d9d594e28796b6b3205b00f459c,80050,curitiba,PR,3,3,2,1,417.9,59.11,3,3,2017-05-11 15:40:17,2017-07-14 12:28:30,3.6666666666666665,3,0,-5.0,14.666666666666666,1.0,139.29999999999998,19.703333333333333,1,0.0,0.3333333333333333,63,False,True
7b7ed56ae755e2880f2b69632e839c1e,74230,goiania,GO,5,5,4,1,321.5,135.1,5,5,2018-08-07 08:05:25,2018-08-15 19:33:04,4.2,5,0,-5.0,7.0,1.0,64.3,27.02,0,0.0,0.0,8,False,True
4fae87d32467e18eb46e4a76a0a0b9ce,99670,ronda alta,RS,1,1,1,1,100.9,19.9,1,1,2018-08-17 21:45:54,2018-08-17 21:45:54,5.0,1,0,-12.0,6.0,1.0,100.9,19.9,0,0.0,0.0,0,False,True
ea566164622c6b439516ab18062c42cd,5303,sao  paulo,SP,52,50,19,9,10309.42,858.56,50,50,2017-11-12 23:19:39,2018-08-19 22:47:43,3.78,50,9,-8.1,13.62,1.04,206.1884,17.1712,12,0.18,0.24,279,False,True
821fb029fc6e495ca4f08a35d51e53a5,2030,sao paulo,SP,29,28,10,4,19187.42,1552.83,28,27,2018-01-21 19:06:42,2018-08-15 19:03:09,3.4074074074074074,27,8,-4.333333333333333,16.375,1.0357142857142858,685.265,55.458214285714284,9,0.2857142857142857,0.32142857142857145,205,False,True
d6ab728cf30867cf3f1a2e216ae2f9b7,3185,sao paulo,SP,14,12,13,2,2002.0,231.82,12,12,2018-03-12 09:49:18,2018-08-21 15:43:35,4.416666666666667,12,0,-10.0,10.416666666666666,1.1666666666666667,166.83333333333334,19.31833333333333,1,0.0,0.08333333333333333,162,False,True
1a932caad4f9d804097d7f8e615baed1,2976,sao paulo,SP,30,20,4,1,4661.0,1040.45,20,20,2018-05-02 15:14:09,2018-08-22 18:16:55,3.9,20,3,-8.6,9.15,1.5,233.05,52.0225,4,0.15,0.2,112,False,True
173d56ffbd4c56cb80fc3615487d712b,11370,sao vicente,SP,2,2,1,1,358.0,39.61,2,2,2018-08-18 08:27:58,2018-08-20 11:20:51,5.0,2,0,-17.0,6.5,1.0,179.0,19.805,0,0.0,0.0,2,False,True
2be17df1c49978426251562096c3cc09,88704,tubarao,SC,16,16,10,3,2165.0,312.55,16,16,2017-01-17 16:58:06,2018-06-30 20:39:53,4.1875,16,1,-16.125,11.8125,1.0,135.3125,19.534375,1,0.0625,0.0625,529,False,True
f7c31656c19db6275a8acadca289f426,14940,ibitinga,SP,1,1,1,0,61.56,16.19,1,1,2018-02-15 11:26:40,2018-02-15 11:26:40,3.0,1,0,-9.0,13.0,1.0,61.56,16.19,0,0.0,0.0,0,False,True
6025c79c035c3d772133b8b8238463b2,83327,pinhais/pr,PR,4,2,3,1,989.74,108.59,2,1,2018-07-18 16:51:01,2018-08-06 21:19:27,5.0,2,0,-11.5,8.0,2.0,494.87,54.295,0,0.0,0.0,19,False,True
c6381d2d013342748761e906d45aff76,93180,portao,RS,28,15,7,2,2042.98,571.28,15,15,2017-10-31 23:50:58,2018-07-25 01:12:50,3.8666666666666667,15,0,-16.466666666666665,15.533333333333333,1.8666666666666667,136.19866666666667,38.08533333333333,4,0.0,0.26666666666666666,266,False,True
c500367424994318b9e779ff1ae9a330,13145,paulinia,SP,9,9,8,3,4346.4,311.98999999999995,9,9,2017-09-01 09:24:39,2017-12-01 16:51:00,3.7777777777777777,9,1,-12.222222222222221,16.333333333333332,1.0,482.9333333333333,34.66555555555555,2,0.1111111111111111,0.2222222222222222,91,False,True
19e0f40a907ec568c34bfac15de4f4a1,13478,americana,SP,4,4,1,1,178.0,41.620000000000005,4,4,2017-01-31 11:26:49,2017-10-17 10:30:04,5.0,4,0,-13.0,5.25,1.0,44.5,10.405000000000001,0,0.0,0.0,258,False,True
ecccfa2bb93b34a3bf033cc5d1dcdc69,81810,curitiba,PR,19,15,7,1,1338.64,262.71,15,15,2016-09-15 12:16:38,2016-10-10 11:39:06,2.5714285714285716,14,2,-20.25,31.666666666666668,1.2666666666666666,89.24266666666668,17.514,7,0.13333333333333333,0.4666666666666667,24,False,True
c66dccfb3f109511246da627dd5a2498,11900,registro,SP,45,45,44,2,12708.55,973.7,45,45,2018-01-15 13:54:27,2018-08-24 16:32:04,4.488888888888889,45,2,-14.977272727272727,10.886363636363637,1.0,282.4122222222222,21.637777777777778,4,0.044444444444444446,0.08888888888888889,221,False,True
d921b68bf747894be13a97ae52b0f386,35570,formiga,MG,77,77,46,6,15645.8,1758.01,77,77,2018-04-17 08:33:54,2018-08-22 10:59:51,4.558441558441558,77,1,-16.09090909090909,9.493506493506494,1.0,203.1922077922078,22.8312987012987,4,0.012987012987012988,0.05194805194805195,127,False,True
929f342384a6607afe143d789ade1316,86065,londrina,PR,4,4,4,3,209.4,63.36,4,4,2018-06-20 19:25:54,2018-08-06 15:51:24,5.0,4,0,-15.25,4.0,1.0,52.35,15.84,0,0.0,0.0,46,False,True
e256a62e0ac58c0edfba09966142d561,81320,curitiba,PR,14,12,5,2,1474.1100000000001,335.44,12,11,2018-04-15 18:43:59,2018-07-30 09:37:39,4.416666666666667,12,0,-17.0,7.583333333333333,1.1666666666666667,122.84250000000002,27.953333333333333,1,0.0,0.08333333333333333,105,False,True
b5b800c4065bebf4d3442311c9857344,3561,sao paulo,SP,1,1,1,1,79.9,8.91,1,1,2018-05-01 12:29:30,2018-05-01 12:29:30,5.0,1,0,-3.0,6.0,1.0,79.9,8.91,0,0.0,0.0,0,False,True
c8417879a15366a17c30af34c798c332,4445,sao paulo,SP,36,26,15,4,1767.9,487.54,26,26,2017-02-22 10:49:34,2017-09-28 20:11:40,4.28,25,1,-11.44,8.68,1.3846153846153846,67.99615384615385,18.75153846153846,2,0.038461538461538464,0.07692307692307693,218,False,True
8dfbc5ff27df12f6cef751d3b9554222,80220,curitiba,PR,4,4,4,1,226.0,90.12,4,4,2018-05-15 11:48:56,2018-08-15 19:46:26,4.5,4,0,-12.75,9.75,1.0,56.5,22.53,0,0.0,0.0,92,False,True
e732329483fd5f27367dd997b47f598a,89030,blumenau,SC,1,1,1,1,109.9,34.57,1,1,2017-08-31 15:28:40,2017-08-31 15:28:40,5.0,1,0,-14.0,12.0,1.0,109.9,34.57,0,0.0,0.0,0,False,True
989becdce12ebc39863c2bceab6f3ca1,81730,curitiba,PR,18,18,8,3,7840.88,1052.45,18,18,2016-10-07 22:35:59,2018-07-26 19:28:07,4.555555555555555,18,1,-15.533333333333333,13.2,1.0,435.6044444444444,58.46944444444445,1,0.05555555555555555,0.05555555555555555,656,False,True
9f56a7a649097b166d8ed286ad86a15c,21041,rio de janeiro,RJ,2,2,2,1,27.98,23.04,2,2,2017-11-06 15:29:29,2017-11-08 00:11:54,1.0,2,0,,,1.0,13.99,11.52,2,0.0,1.0,1,True,True
c4d51195486dc781531876a7d00453d8,19023,presidente prudente,SP,17,17,6,2,11468.98,569.37,17,17,2018-03-31 21:04:40,2018-06-05 00:43:11,3.9411764705882355,17,5,-12.823529411764707,23.11764705882353,1.0,674.6458823529412,33.49235294117647,2,0.29411764705882354,0.11764705882352941,65,False,True
98115075dd26cb8835946fc6086f5d30,9687,ao bernardo do campo,SP,4,4,3,1,434.96000000000004,56.24,4,4,2018-04-15 23:55:50,2018-08-16 15:02:07,4.75,4,0,-7.0,3.75,1.0,108.74000000000001,14.06,0,0.0,0.0,122,False,True
2305ab43e846518f58dd9d59f3f54e96,8452,sao paulo,SP,3,3,3,1,788.89,42.370000000000005,3,3,2018-04-24 13:42:07,2018-06-18 14:46:06,3.6666666666666665,3,0,-11.333333333333334,11.333333333333334,1.0,262.9633333333333,14.123333333333335,1,0.0,0.3333333333333333,55,False,True
2528513dd95219a6013d4d05176e391a,6060,osasco,SP,167,161,84,3,32689.1,3749.65,161,161,2017-03-22 14:20:09,2018-08-24 11:17:45,3.949367088607595,158,6,-12.3,10.19375,1.0372670807453417,203.03788819875774,23.289751552795032,28,0.037267080745341616,0.17391304347826086,519,False,True
64c9a1db4e73e19aaafd3286dc448c96,82510,curitiba,PR,1,1,1,1,439.0,43.6,1,1,2018-08-18 14:03:10,2018-08-18 14:03:10,5.0,1,0,-9.0,9.0,1.0,439.0,43.6,0,0.0,0.0,0,False,True
44ed138eca6214d572ce1d813fb0049b,92010,canoas,RS,3,2,2,2,129.79,56.01,2,2,2018-08-08 00:43:30,2018-08-21 09:31:11,4.5,2,0,-9.0,8.0,1.5,64.895,28.005,0,0.0,0.0,13,False,True
ce4755084bc097113867e6454f8f5e52,14090,ribeirao preto,SP,1,1,1,1,18.9,12.79,1,1,2018-06-12 11:26:30,2018-06-12 11:26:30,5.0,1,0,-11.0,6.0,1.0,18.9,12.79,0,0.0,0.0,0,False,True
3e51f9cbe317bc3a88f2c76583811ee4,8032,sao paulo,SP,1,1,1,1,76.09,8.69,1,1,2018-08-14 00:22:06,2018-08-14 00:22:06,5.0,1,0,-6.0,8.0,1.0,76.09,8.69,0,0.0,0.0,0,False,True
204b4e07bddef3c9b317f70189135b22,37564,borda da mata,MG,1,1,1,1,73.4,14.73,1,1,2018-07-27 17:29:41,2018-07-27 17:29:41,5.0,1,0,-11.0,10.0,1.0,73.4,14.73,0,0.0,0.0,0,False,True
921323538c9f1c4e816f2720eac02bea,1319,sao paulo,SP,17,15,10,3,1401.84,240.36,15,15,2017-11-25 02:08:25,2018-08-07 23:50:47,3.933333333333333,15,3,-9.266666666666667,8.133333333333333,1.1333333333333333,93.45599999999999,16.024,2,0.2,0.13333333333333333,255,False,True
1464afc72f696af775557a821c2e253f,28630,nova friburgo,RJ,30,29,8,2,1059.36,454.42,29,29,2017-04-12 12:13:43,2018-08-19 09:08:14,4.241379310344827,29,1,-12.517241379310345,11.10344827586207,1.0344827586206897,36.52965517241379,15.669655172413794,3,0.034482758620689655,0.10344827586206896,493,False,True
77a515caa36327151d1cc6c32a9f00e1,9912,diadema,SP,26,26,19,1,2217.39,396.19,26,26,2018-02-28 23:30:36,2018-08-23 15:58:16,4.423076923076923,26,3,-10.73076923076923,9.884615384615385,1.0,85.28423076923076,15.238076923076923,2,0.11538461538461539,0.07692307692307693,175,False,True
32fdd5d44ecb43dfd6a24b9369eca144,35557,carmo do cajuru,MG,8,8,5,1,479.2,138.68,8,8,2017-03-22 12:10:36,2017-05-15 13:20:05,4.375,8,0,-16.75,15.375,1.0,59.9,17.335,0,0.0,0.0,54,False,True
4b0fdb526525f9890eb145bf1534640e,14940,ibitinga,SP,20,18,10,2,2419.0,535.21,18,18,2018-02-25 15:14:28,2018-08-22 15:53:04,4.055555555555555,18,0,-9.944444444444445,8.722222222222221,1.1111111111111112,134.38888888888889,29.73388888888889,3,0.0,0.16666666666666666,178,False,True
1cd9e0cc1839d55516843def5600816d,3951,sao paulo,SP,5,5,2,1,825.0,101.72,5,5,2018-06-18 13:34:26,2018-08-19 15:43:09,5.0,5,0,-10.2,7.4,1.0,165.0,20.344,0,0.0,0.0,62,False,True
7fc87cc3e89b3d1d5cabdca32f8485aa,7123,guarulhos,SP,14,14,9,3,2153.9,681.92,14,14,2018-05-02 12:35:31,2018-08-02 12:06:29,3.5714285714285716,14,3,-9.0,19.357142857142858,1.0,153.85,48.708571428571425,4,0.21428571428571427,0.2857142857142857,91,False,True
0c7f30ae9b147eca07affbef92832a6a,84020,ponta grossa,PR,5,5,4,3,479.5,87.61,5,5,2017-03-03 11:02:44,2017-04-17 20:12:02,5.0,5,0,-16.8,8.0,1.0,95.9,17.522,0,0.0,0.0,45,False,True
e09887ca8c7bf8a4621ce481820414ef,8431,sao paulo,SP,4,3,4,1,119.96000000000001,58.699999999999996,3,3,2017-09-09 08:33:15,2017-11-25 14:10:20,2.3333333333333335,3,1,41.0,57.5,1.3333333333333333,39.98666666666667,19.566666666666666,2,0.3333333333333333,0.6666666666666666,77,False,True
318f287a62ab7ac10b703ac37435a231,4773,sao paulo,SP,62,52,7,2,2517.48,1117.12,52,50,2017-02-08 15:35:42,2018-08-24 16:38:58,3.8653846153846154,52,5,-9.862745098039216,11.058823529411764,1.1923076923076923,48.41307692307692,21.483076923076922,11,0.09615384615384616,0.21153846153846154,562,False,True
52bb00821bcdd358a5a5a27e1f6be5a1,6268,osasco,SP,2,2,2,1,349.8,38.629999999999995,2,2,2018-01-17 20:41:09,2018-04-11 17:20:17,4.5,2,0,-9.0,15.5,1.0,174.9,19.314999999999998,0,0.0,0.0,83,False,True
acb6c2ca5c82411c1fdb88d5fd5eb95e,3423,sao paulo,SP,11,10,5,4,413.88,161.61,10,10,2017-02-16 15:56:11,2018-08-01 15:56:40,3.9,10,0,-14.2,9.6,1.1,41.388,16.161,2,0.0,0.2,531,False,True
26e2e5033827d2ba53929f43e03d8ffe,2611,sao paulo,SP,1,1,1,1,139.49,15.29,1,1,2018-08-25 12:50:59,2018-08-25 12:50:59,5.0,1,0,-14.0,5.0,1.0,139.49,15.29,0,0.0,0.0,0,False,True
55dedd83e501d8248880557d9073cbfd,22061,rio de janeiro,RJ,9,8,8,1,1055.3,110.78999999999999,8,8,2018-08-10 22:50:14,2018-08-28 19:31:41,4.875,8,0,-9.25,4.125,1.125,131.9125,13.848749999999999,0,0.0,0.0,17,False,True
5b179e9e8cc7ab6fd113a46ca584da81,5424,sao paulo,SP,36,34,9,4,5173.5,665.64,34,34,2016-10-04 09:59:03,2017-09-13 16:51:13,3.6666666666666665,33,2,-11.676470588235293,12.5,1.0588235294117647,152.16176470588235,19.57764705882353,7,0.058823529411764705,0.20588235294117646,344,False,True
ffdd9f82b9a447f6f8d4b91554cc7dd3,80030,curitiba,PR,20,18,12,2,2101.2,727.46,18,18,2017-03-05 16:21:27,2018-08-19 14:37:08,4.333333333333333,18,0,-12.38888888888889,10.055555555555555,1.1111111111111112,116.73333333333332,40.41444444444445,2,0.0,0.1111111111111111,531,False,True
4eeb99008a0f59d2c7759c59f9a346eb,6807,embu das artes,SP,2,2,2,1,1282.0,38.95,2,2,2018-04-23 10:39:30,2018-06-18 14:07:12,4.5,2,0,-12.5,7.0,1.0,641.0,19.475,0,0.0,0.0,56,False,True
f3511c85f59f8dec53d140501ee8e7a8,80045,curitiba,PR,1,1,1,1,69.9,8.11,1,1,2017-08-13 20:03:35,2017-08-13 20:03:35,5.0,1,0,-10.0,1.0,1.0,69.9,8.11,0,0.0,0.0,0,False,True
60da8bfa7eebe230b7d66ac4082d79b3,15940,fernando prestes,SP,3,3,2,1,86.6,38.67,3,3,2018-08-02 18:50:46,2018-08-18 13:37:04,4.333333333333333,3,1,-8.333333333333334,7.333333333333333,1.0,28.866666666666664,12.89,0,0.3333333333333333,0.0,15,False,True
2c538755f1ca9540af144f266e70df6c,39801,castro pires,MG,1,1,1,1,334.99,24.92,1,1,2018-05-12 07:21:13,2018-05-12 07:21:13,5.0,1,0,-17.0,6.0,1.0,334.99,24.92,0,0.0,0.0,0,False,True
cb41bfbcbda0aea354a834ab222f9a59,3520,sao paulo,SP,12,12,3,1,4002.0,886.68,12,12,2017-11-28 09:10:12,2018-07-06 16:21:43,3.3333333333333335,12,4,9.545454545454545,37.0,1.0,333.5,73.89,4,0.3333333333333333,0.3333333333333333,220,False,True
2379bdc3888025689a9deb7b141507d5,13806,mogi mirim,SP,9,9,8,2,999.5,126.11,9,9,2018-01-31 16:57:52,2018-08-03 10:17:53,4.333333333333333,9,2,-5.777777777777778,18.11111111111111,1.0,111.05555555555556,14.012222222222222,1,0.2222222222222222,0.1111111111111111,183,False,True
5ee7fd217d08dfe5d3e2f51f96a12c9a,13880,vargem grande do sul,SP,9,9,8,2,1165.5,269.68,9,9,2017-06-17 23:06:16,2018-08-21 09:28:11,3.4444444444444446,9,2,-8.333333333333334,16.333333333333332,1.0,129.5,29.964444444444446,3,0.2222222222222222,0.3333333333333333,429,False,True
a414555ce331b8c8aea4a9cb8395194d,3638,sao paulo,SP,8,7,4,3,1450.95,242.64,7,7,2018-03-10 15:31:45,2018-05-04 14:46:10,3.3333333333333335,6,0,-12.714285714285714,6.571428571428571,1.1428571428571428,207.27857142857144,34.66285714285714,2,0.0,0.2857142857142857,54,False,True
92992bec39dde5766f590d3b1f46d465,4310,sao paulo,SP,1,1,1,1,109.0,12.67,1,1,2018-04-29 10:04:24,2018-04-29 10:04:24,1.0,1,0,,,1.0,109.0,12.67,1,0.0,1.0,0,True,True
834f8533b2ecb6598dd004ff3de7203a,5181,sao paulo,SP,47,43,26,4,4538.29,958.02,43,43,2017-01-17 22:34:59,2018-08-20 20:13:09,3.813953488372093,43,6,-7.317073170731708,14.292682926829269,1.0930232558139534,105.54162790697674,22.27953488372093,9,0.13953488372093023,0.20930232558139536,579,False,True
b5f49fe968dff6b112861e6cd8e192ef,80710,curitiba,PR,2,1,2,1,194.70000000000002,42.97,1,1,2018-01-18 18:21:21,2018-01-18 18:21:21,5.0,1,0,-14.0,13.0,2.0,194.70000000000002,42.97,0,0.0,0.0,0,False,True
b26741d31a563d769b4af0465ab20c56,88061,florianopolis,SC,2,2,2,2,648.0,47.03,2,2,2018-02-20 18:17:18,2018-03-26 16:14:32,4.0,2,0,-18.0,12.0,1.0,324.0,23.515,0,0.0,0.0,33,False,True
f7315bb81aea4ddca2d39e249a801c98,7082,guarulhos,SP,2,2,1,1,379.8,50.28,2,2,2018-06-14 12:12:21,2018-08-01 15:15:05,4.5,2,0,-6.5,10.0,1.0,189.9,25.14,0,0.0,0.0,48,False,True
8e2b3afb420011ef0c88c9d5f11ea526,13060,campinas,SP,11,11,3,2,1384.5,147.93,11,11,2017-11-13 22:31:33,2018-01-29 21:49:38,4.2727272727272725,11,1,-10.727272727272727,10.181818181818182,1.0,125.86363636363636,13.44818181818182,1,0.09090909090909091,0.09090909090909091,76,False,True
8fff28c4263ddec387f28d237fb42773,5594,sao paulo,SP,6,4,4,2,339.4,82.28,4,4,2017-02-25 10:11:17,2018-08-21 08:23:49,3.0,4,0,-5.5,5.5,1.5,84.85,20.57,2,0.0,0.5,541,False,True
0ddefe3c7a032b91f4e25b9c3a08fca1,9721,sao bernardo do campo,SP,10,9,7,4,402.9,150.0,9,8,2018-04-12 15:09:11,2018-08-24 12:41:33,4.555555555555555,9,0,-9.222222222222221,7.555555555555555,1.1111111111111112,44.766666666666666,16.666666666666668,0,0.0,0.0,133,False,True
730937bf88cb151eb2eb849f642fc213,13500,rio claro,SP,26,22,5,1,2821.2,455.96999999999997,22,21,2018-04-05 16:12:14,2018-08-19 10:36:45,4.409090909090909,22,1,-10.727272727272727,6.045454545454546,1.1818181818181819,128.23636363636362,20.72590909090909,2,0.045454545454545456,0.09090909090909091,135,False,True
cc3d14116804f7209f3884f6367f1152,82940,curitiba,PR,30,27,4,3,5477.8,582.79,27,27,2017-05-03 21:07:12,2018-08-21 16:40:15,4.62962962962963,27,0,-17.22222222222222,12.37037037037037,1.1111111111111112,202.8814814814815,21.584814814814813,1,0.0,0.037037037037037035,474,False,True
5dc203c7b84a0e71e878a179de05fb9a,17580,pompeia,SP,5,5,3,3,421.9,128.15,5,5,2018-05-28 20:43:51,2018-08-07 14:32:23,4.0,5,0,-12.2,8.2,1.0,84.38,25.630000000000003,1,0.0,0.2,70,False,True
440dd6ab244315c632130ecfb63827b1,15502,votuporanga,SP,95,94,28,2,13696.9,2096.31,94,94,2016-10-04 13:16:57,2018-08-04 14:55:00,3.849462365591398,93,12,-11.285714285714286,16.175824175824175,1.0106382978723405,145.71170212765958,22.301170212765957,15,0.1276595744680851,0.1595744680851064,669,False,True
66fd84ee7528c0c0de85d0f44a73d5ab,98975,campina das missoes,RS,21,11,9,1,1438.11,453.19,11,11,2017-03-22 14:05:51,2017-07-28 10:24:45,3.3636363636363638,11,1,-15.181818181818182,15.090909090909092,1.9090909090909092,130.73727272727274,41.199090909090906,3,0.09090909090909091,0.2727272727272727,127,False,True
fec6912baad85d41729669edd6b4d3b8,14110,ribeirao preto,SP,1,1,1,1,210.0,51.97,1,1,2018-04-13 20:44:27,2018-04-13 20:44:27,1.0,1,0,,,1.0,210.0,51.97,1,0.0,1.0,0,True,True
666658b8da8370f30e1f89893b1de5e6,3658,sao paulo,SP,2,1,1,1,298.0,23.34,1,1,2018-03-13 10:58:09,2018-03-13 10:58:09,5.0,1,0,,,2.0,298.0,23.34,0,0.0,0.0,0,False,True
f3c38ab652836d21de61fb8314b69182,1206,sao paulo,SP,15,15,11,4,1581.0,247.59,15,15,2018-04-11 13:05:11,2018-08-06 17:54:58,4.266666666666667,15,0,-11.133333333333333,7.8,1.0,105.4,16.506,1,0.0,0.06666666666666667,117,False,True
90b57083da5d803237da74daec6dcb2b,80730,curitiba,PR,2,2,2,2,206.9,34.31,2,2,2018-01-28 01:08:44,2018-04-16 16:44:16,5.0,2,0,-19.0,7.5,1.0,103.45,17.155,0,0.0,0.0,78,False,True
45d33f715e24d15a6ccf5c17b3a23e3c,18015,sorocaba,SP,61,59,32,13,4838.2300000000005,903.93,59,59,2016-10-03 21:13:36,2018-08-17 08:06:17,4.016949152542373,59,3,-11.696428571428571,11.0,1.0338983050847457,82.00389830508476,15.320847457627117,8,0.05084745762711865,0.13559322033898305,682,False,True
1bb3812d5f0747a3ab7348f199001a10,4708,sao paulo,SP,9,9,8,1,834.4000000000001,215.17,9,8,2017-11-06 23:39:18,2018-08-14 19:46:25,4.888888888888889,9,0,-20.11111111111111,12.222222222222221,1.0,92.71111111111112,23.907777777777778,0,0.0,0.0,280,False,True
c33a5c3c983090c8b78a28e65052a20d,88802,criciuma,SC,9,9,3,1,629.1,145.06,9,9,2018-01-15 10:28:06,2018-06-24 23:22:22,4.222222222222222,9,0,-14.75,11.0,1.0,69.9,16.11777777777778,2,0.0,0.2222222222222222,160,False,True
003554e2dce176b5555353e4f3555ac8,74565,goiania,GO,1,1,1,0,120.0,19.38,1,1,2017-12-15 06:52:25,2017-12-15 06:52:25,5.0,1,0,-27.0,4.0,1.0,120.0,19.38,0,0.0,0.0,0,False,True
16090f2ca825584b5a147ab24aa30c86,12940,atibaia,SP,410,402,37,7,25716.44,5456.67,402,400,2017-01-31 17:40:36,2018-08-27 22:54:07,4.06,400,32,-9.698492462311558,8.71608040201005,1.0199004975124377,63.97124378109452,13.573805970149253,56,0.07960199004975124,0.13930348258706468,573,False,True
5659d77e8d90378e39b960ad5956f64e,12062,taubate,SP,2,2,2,2,182.48000000000002,30.65,2,2,2017-09-12 18:03:22,2018-03-24 16:46:37,2.5,2,1,-5.0,20.0,1.0,91.24000000000001,15.325,1,0.5,0.5,192,False,True
b561927807645834b59ef0d16ba55a24,2955,sao paulo,SP,95,85,42,4,4501.99,1305.04,85,85,2018-01-19 00:48:30,2018-08-26 20:57:20,4.341176470588235,85,12,-8.623529411764705,12.141176470588235,1.1176470588235294,52.964588235294116,15.353411764705882,8,0.1411764705882353,0.09411764705882353,219,False,True
28d162ab86bb49d719c32f0ee6186eaa,14079,ribeirao preto,SP,1,1,1,1,109.99,17.21,1,1,2017-09-19 10:20:27,2017-09-19 10:20:27,4.0,1,0,-12.0,16.0,1.0,109.99,17.21,0,0.0,0.0,0,False,True
e06f09ec0a4aca210779cf1cfc63cf19,4773,sao paulo,SP,31,29,25,11,5279.49,621.92,29,29,2017-06-27 23:17:52,2017-12-19 23:35:40,3.9655172413793105,29,2,-16.96551724137931,14.379310344827585,1.0689655172413792,182.05137931034483,21.44551724137931,5,0.06896551724137931,0.1724137931034483,175,False,True
8c9348f33ae3dada25c99c99ade2af78,6340,carapicuiba,SP,2,2,2,2,312.99,51.94,2,2,2018-06-19 11:34:27,2018-07-26 20:18:26,5.0,2,0,-20.0,9.5,1.0,156.495,25.97,0,0.0,0.0,37,False,True
da6a60cc8cc724fe51be021ff8be779c,28941,sao pedro da aldeia,RJ,13,12,9,2,728.79,255.79,12,12,2018-05-21 21:49:53,2018-08-17 00:51:18,4.75,12,0,-13.416666666666666,7.333333333333333,1.0833333333333333,60.732499999999995,21.315833333333334,0,0.0,0.0,87,False,True
461ff5303b6c9c1a4a07f40c5aece516,83323,pinhais,PR,3,3,2,1,102.69999999999999,58.73,3,3,2018-02-23 11:35:10,2018-07-14 19:34:45,3.6666666666666665,3,0,-16.0,6.333333333333333,1.0,34.23333333333333,19.576666666666664,1,0.0,0.3333333333333333,141,False,True
e82de6494d91d3c4c54450f59b227a94,14940,ibitinga,SP,3,3,2,2,118.9,38.8,3,3,2017-10-09 01:17:54,2018-03-02 10:22:22,5.0,2,1,-2.6666666666666665,18.0,1.0,39.63333333333333,12.933333333333332,0,0.3333333333333333,0.0,144,False,True
213b25e6f54661939f11710a6fddb871,13321,salto,SP,194,155,81,3,15379.5,3460.46,155,155,2017-11-21 21:24:19,2018-08-14 07:49:51,3.7857142857142856,154,10,-11.532894736842104,14.802631578947368,1.2516129032258065,99.22258064516129,22.325548387096774,33,0.06451612903225806,0.2129032258064516,265,False,True
78c99c6dff4eeae5be99bf635ed21e3f,17510,marilia,SP,39,31,15,1,2030.88,664.89,31,31,2017-02-08 10:18:09,2017-08-18 11:21:40,4.419354838709677,31,2,-10.483870967741936,13.0,1.2580645161290323,65.51225806451613,21.448064516129033,3,0.06451612903225806,0.0967741935483871,191,False,True
a36ac007a4d18f865c8d32c3b2402c2d,6455,barueri,SP,9,9,3,2,1359.7800000000002,177.19,9,9,2017-01-22 21:25:01,2017-09-06 15:36:32,2.5555555555555554,9,0,-23.125,9.0,1.0,151.0866666666667,19.68777777777778,5,0.0,0.5555555555555556,226,False,True
a2e85714b56b1cb6bb24a9a6e6cad36f,14530,miguelopolis,SP,3,2,3,1,339.70000000000005,40.74,2,2,2017-10-30 14:48:41,2017-10-30 20:40:09,1.0,2,0,,,1.5,169.85000000000002,20.37,2,0.0,1.0,0,True,True
6b333a05bf188ef3e1f1662a86bd9855,72304,brasilia,DF,13,12,9,6,3990.91,563.97,12,12,2018-01-27 20:49:20,2018-08-10 15:03:30,4.333333333333333,12,1,-8.666666666666666,10.083333333333334,1.0833333333333333,332.5758333333333,46.9975,1,0.08333333333333333,0.08333333333333333,194,False,True
56642bcb79900e777d68e91915cb4267,3701,sao paulo,SP,56,48,8,3,3657.64,814.15,48,47,2016-10-10 16:39:37,2018-07-26 12:56:16,4.0625,48,4,-13.604166666666666,12.104166666666666,1.1666666666666667,76.20083333333334,16.961458333333333,7,0.08333333333333333,0.14583333333333334,653,False,True
41b86b552e54e3a7009596125aa8b167,2470,sao paulo,SP,11,10,11,1,1595.3,234.61,10,10,2017-03-20 18:47:14,2017-04-09 19:12:02,4.3,10,0,-18.8,13.3,1.1,159.53000000000003,23.461000000000002,1,0.0,0.1,20,False,True
1d0997ff06b524ce9289ffd75114ecd3,52020,recife,PE,3,3,3,2,3747.0,126.57,3,3,2017-01-27 16:21:48,2017-11-24 09:43:53,3.6666666666666665,3,1,-19.333333333333332,16.333333333333332,1.0,1249.0,42.19,1,0.3333333333333333,0.3333333333333333,300,False,True
73b8eb4a9a729d4019b24ed1be748cbf,13070,campinas,SP,8,8,7,2,692.41,105.57,8,8,2018-06-18 10:32:17,2018-08-07 14:24:49,4.375,8,0,-7.285714285714286,3.5714285714285716,1.0,86.55125,13.19625,1,0.0,0.125,50,False,True
a69aa24cec11168e7e39a3fbc727e925,6330,carapicuiba,SP,3,3,2,1,105.97,34.32,3,3,2018-06-13 11:29:48,2018-07-18 10:05:02,5.0,3,0,-9.666666666666666,8.333333333333334,1.0,35.32333333333333,11.44,0,0.0,0.0,34,False,True
8ea394aed8138685abe1eb9f25e1021d,18053,sorocaba,SP,2,2,1,1,1340.0,77.6,2,2,2017-12-30 10:29:21,2018-06-07 11:31:23,4.0,2,0,-9.5,11.0,1.0,670.0,38.8,0,0.0,0.0,159,False,True
8a130737016f838139d31878787a39c9,3187,sao paulo,SP,62,56,7,2,4222.03,842.2900000000001,56,56,2017-12-07 10:53:40,2018-07-20 21:57:45,4.446428571428571,56,4,-10.714285714285714,9.732142857142858,1.1071428571428572,75.39339285714286,15.040892857142856,3,0.07142857142857142,0.05357142857142857,225,False,True
f682e0f848abafc6f41e0d4e868c66ef,7600,mairipora,SP,2,2,2,1,269.98,34.02,2,2,2017-10-11 12:45:13,2018-05-18 14:37:45,3.5,2,1,-2.0,19.5,1.0,134.99,17.01,0,0.5,0.0,219,False,True
11742f81550ac064cc9a40f67151d9ad,15810,catanduva,SP,2,2,2,1,781.9,49.11,2,2,2018-08-02 14:41:02,2018-08-17 19:00:16,5.0,2,0,-5.0,8.5,1.0,390.95,24.555,0,0.0,0.0,15,False,True
8a40ae794fa3f9892cee24bd5af0488b,82620,curitiba,PR,6,6,4,3,739.85,206.41,6,5,2017-06-12 22:07:23,2018-06-19 14:04:13,3.1666666666666665,6,2,-6.5,27.5,1.0,123.30833333333334,34.401666666666664,2,0.3333333333333333,0.3333333333333333,371,False,True
0936e1837d0c79253456bbb2ffaaef10,2050,sao paulo,SP,2,1,1,1,38.9,31.12,1,1,2017-04-11 22:09:31,2017-04-11 22:09:31,5.0,1,0,-12.0,18.0,2.0,38.9,31.12,0,0.0,0.0,0,False,True
850f4f8af5ea87287ac68de36e29107f,4367,sao paulo,SP,192,187,42,4,45355.36,3114.41,187,187,2017-04-10 23:29:46,2018-06-27 11:10:11,4.293478260869565,184,9,-14.758064516129032,9.71505376344086,1.0267379679144386,242.5420320855615,16.65459893048128,17,0.0481283422459893,0.09090909090909091,442,False,True
4dc2e811a1760953cb7c6a590b498943,17230,itapui,SP,1,1,1,1,175.0,24.84,1,1,2018-08-20 22:32:41,2018-08-20 22:32:41,5.0,1,0,-9.0,6.0,1.0,175.0,24.84,0,0.0,0.0,0,False,True
343e716476e3748b069f980efbaa294e,13033,campinas,SP,24,17,6,1,922.5999999999999,312.1,17,15,2017-04-19 22:03:31,2018-08-10 08:00:25,4.3125,16,1,-12.375,12.625,1.411764705882353,54.27058823529411,18.358823529411765,2,0.058823529411764705,0.11764705882352941,477,False,True
e9729944ba65dc3ce425e0c5a22ae7b2,25730,petropolis,RJ,4,4,3,1,916.7,61.73,4,4,2018-05-03 07:32:52,2018-06-09 13:31:20,3.75,4,1,-23.75,9.75,1.0,229.175,15.4325,0,0.25,0.0,37,False,True
e0eabded302882513ced4ea3eb0c7059,13023,campinas,SP,8,8,3,2,978.4000000000001,138.79,8,8,2018-04-02 03:54:22,2018-06-03 20:14:44,4.625,8,0,-17.125,10.875,1.0,122.30000000000001,17.34875,0,0.0,0.0,62,False,True
643214e62b870443ccbe55ab29a4dccf,2134,sao paulo,SP,68,66,32,2,3270.13,929.65,66,66,2017-09-30 21:44:37,2018-08-22 11:39:52,4.409090909090909,66,7,-10.923076923076923,9.092307692307692,1.0303030303030303,49.54742424242424,14.085606060606061,3,0.10606060606060606,0.045454545454545456,325,False,True
0aa124728afc1131dff5655f4c6f487b,37135,alfenas,MG,2,2,2,2,850.92,107.86,2,2,2018-07-16 10:15:36,2018-08-13 12:56:01,1.0,2,0,,,1.0,425.46,53.93,2,0.0,1.0,28,True,True
ce27a3cc3c8cc1ea79d11e561e9bebb6,3006,sao paulo,SP,164,135,40,11,10682.65,2329.22,135,135,2016-10-04 12:53:17,2018-08-25 13:07:13,3.9,130,2,-12.40983606557377,9.729508196721312,1.2148148148148148,79.13074074074073,17.25348148148148,25,0.014814814814814815,0.18518518518518517,690,False,True
da4d149c0ddbac90557103ac0a0ec356,9861,sbc,SP,1,1,1,1,730.0,45.98,1,1,2018-08-20 12:37:54,2018-08-20 12:37:54,3.0,1,0,,,1.0,730.0,45.98,0,0.0,0.0,0,False,True
0241d4d5d36f10f80c644447315af0bd,80330,curitiba,PR,246,238,56,1,31397.7,6853.91,238,235,2017-10-08 19:00:03,2018-08-28 15:11:49,4.3544303797468356,237,11,-12.995798319327731,10.533613445378151,1.0336134453781514,131.9231092436975,28.797941176470587,25,0.046218487394957986,0.10504201680672269,323,False,True
272f092de69afedd4d2969440b37f18f,3265,sao paulo,SP,40,26,25,4,1935.3300000000002,536.01,26,23,2017-02-05 23:22:30,2017-11-11 10:44:49,3.84,25,0,-16.56,9.72,1.5384615384615385,74.43576923076924,20.61576923076923,6,0.0,0.23076923076923078,278,False,True
d1aa1ec0839dcab73a6161130eb1f94a,80220,curitiba,PR,1,1,1,1,119.9,16.14,1,1,2017-04-19 10:20:51,2017-04-19 10:20:51,4.0,1,1,2.0,35.0,1.0,119.9,16.14,0,1.0,0.0,0,False,True
8e8a7ce9f2f970dc00e2acf6f6e199f6,24710,sao goncalo,RJ,66,65,6,1,9101.0,1183.82,65,65,2017-11-30 16:02:21,2018-08-21 08:16:01,4.0,64,4,-10.984126984126984,11.857142857142858,1.0153846153846153,140.01538461538462,18.212615384615383,8,0.06153846153846154,0.12307692307692308,263,False,True
d7827b2af99326a03b0ed9c7a24db0d3,86076,londrina,SP,1,1,1,1,1455.0,101.7,1,1,2018-04-12 19:18:18,2018-04-12 19:18:18,5.0,1,0,-13.0,13.0,1.0,1455.0,101.7,0,0.0,0.0,0,False,True
3935fe5fe0f82787a9dcb8deb62be09d,4905,sao paulo,SP,17,16,8,3,1681.69,419.65999999999997,16,16,2018-04-17 09:59:30,2018-08-24 16:08:33,4.0,16,2,-10.75,10.75,1.0625,105.105625,26.228749999999998,1,0.125,0.0625,129,False,True
119d1aef1b4144adba89163f6cd9f5d4,13920,pedreira,SP,4,4,3,2,1094.0,204.24,4,4,2017-05-26 20:01:38,2017-11-17 19:46:19,4.75,4,0,-12.0,4.25,1.0,273.5,51.06,0,0.0,0.0,174,False,True
9a1aea68d3efa00862ec88c0768037d0,15806,catanduva,SP,8,7,3,2,1309.2,192.51,7,7,2018-02-09 00:14:41,2018-07-19 17:24:12,4.428571428571429,7,0,-11.714285714285714,12.571428571428571,1.1428571428571428,187.02857142857144,27.50142857142857,0,0.0,0.0,160,False,True
a9b533a26e898b12e8b8d4c07279bf4d,21545,rio de janeiro,RJ,4,4,1,1,119.6,71.46,4,4,2017-07-31 08:08:14,2017-12-08 19:31:04,5.0,4,0,-10.5,15.0,1.0,29.9,17.865,0,0.0,0.0,130,False,True
5b51032eddd242adc84c38acab88f23d,37564,borda da mata,MG,14,12,9,2,3280.0,268.95,12,12,2017-10-30 15:35:32,2018-06-16 21:40:32,4.0,12,0,-15.583333333333334,11.25,1.1666666666666667,273.3333333333333,22.412499999999998,1,0.0,0.08333333333333333,229,False,True
8cc6a0e5738e61a87b03c78b2ba9db4b,37795,andradas,MG,26,24,14,6,13312.4,525.82,24,24,2017-02-02 12:25:09,2017-04-28 15:54:22,4.333333333333333,24,2,-10.608695652173912,16.217391304347824,1.0833333333333333,554.6833333333333,21.909166666666668,2,0.08333333333333333,0.08333333333333333,85,False,True
c53bcd3be457a342a97e39e5a9f0be22,49980,neopolis,SE,5,5,3,1,509.5,186.09,5,5,2017-01-30 23:20:41,2018-07-22 20:44:34,3.2,5,0,-20.6,12.0,1.0,101.9,37.218,2,0.0,0.4,537,False,True
f4db9b37944bcb8873e6b456ee190bbf,8599,itaquaquecetuba,SP,22,21,8,2,3409.78,500.16,21,21,2017-04-08 19:22:41,2018-08-15 10:31:34,4.571428571428571,21,2,-11.333333333333334,12.714285714285714,1.0476190476190477,162.3704761904762,23.81714285714286,0,0.09523809523809523,0.0,493,False,True
729b2d09b2a0bdab221076327f13d050,17320,mineiros do tiete,SP,61,49,21,2,1822.11,946.55,49,49,2017-11-14 17:32:32,2018-08-21 12:27:17,4.489795918367347,49,2,-12.291666666666666,12.020833333333334,1.2448979591836735,37.185918367346936,19.317346938775508,3,0.04081632653061224,0.061224489795918366,279,False,True
18e694e0e48ed6f7aa3f24aade5fd697,13224,varzea paulista,SP,34,31,4,3,701.54,504.23,31,31,2018-06-05 19:28:28,2018-08-26 19:07:32,4.67741935483871,31,1,-12.774193548387096,5.387096774193548,1.096774193548387,22.63032258064516,16.265483870967742,0,0.03225806451612903,0.0,81,False,True
30a81d8cf85fb2ada1b1b094c9583a95,3563,sao paulo,SP,20,17,7,1,1245.42,168.1,17,17,2018-02-22 01:14:05,2018-08-15 10:14:58,4.823529411764706,17,0,-8.176470588235293,3.8823529411764706,1.1764705882352942,73.26,9.888235294117647,0,0.0,0.0,174,False,True
6561d6bf844e464b4019442692b40e02,7859,franco da rocha,SP,1,1,1,1,41.9,7.55,1,1,2018-08-28 09:26:43,2018-08-28 09:26:43,5.0,1,0,-7.0,1.0,1.0,41.9,7.55,0,0.0,0.0,0,False,True
e64d65bc8dbec2accda90c58de5d1246,13500,rio claro,SP,12,12,2,1,1678.8000000000002,221.16,12,12,2017-11-19 13:57:09,2018-03-15 09:38:31,3.0833333333333335,12,3,-7.333333333333333,13.0,1.0,139.9,18.43,5,0.25,0.4166666666666667,115,False,True
3903c788ded8dc03b5ebab37a2f3e9a1,6332,carapicuiba,SP,5,5,4,2,119.97999999999999,51.269999999999996,5,5,2018-05-25 12:51:58,2018-08-05 14:00:06,4.0,5,1,-5.6,10.0,1.0,23.996,10.254,0,0.2,0.0,72,False,True
63191ead8d3b2f937cd1996fdcbbad20,13212,jundiai,SP,1,1,1,1,367.0,53.29,1,1,2018-08-10 16:24:47,2018-08-10 16:24:47,5.0,1,0,-26.0,11.0,1.0,367.0,53.29,0,0.0,0.0,0,False,True
67bf6941ba2f1fa1d02c375766bc3e53,82400,curitiba,PR,22,16,4,3,5610.0,1419.68,16,16,2017-09-17 20:41:21,2018-08-29 14:18:23,4.125,16,1,-9.933333333333334,14.533333333333333,1.375,350.625,88.73,2,0.0625,0.125,345,False,True
897060da8b9a21f655304d50fd935913,14092,ribeirao preto,SP,430,317,106,3,23023.92,6863.55,317,313,2016-10-04 13:02:10,2018-06-14 15:22:53,3.6305732484076434,314,32,-9.769736842105264,14.476973684210526,1.3564668769716088,72.63066246056782,21.651577287066246,81,0.10094637223974763,0.2555205047318612,618,False,True
76c47a299e4a8fe992316a85865acbe9,14075,ribeirao preto,SP,10,6,5,1,1024.46,221.88,6,6,2017-06-22 11:14:21,2018-06-17 21:01:50,4.666666666666667,6,2,-2.8333333333333335,20.0,1.6666666666666667,170.74333333333334,36.98,0,0.3333333333333333,0.0,360,False,True
d1b9d4be4b6f9ebd85f8acd6745ba612,34006,nova lima,MG,11,11,10,1,1154.35,194.18,11,10,2017-10-11 14:49:49,2018-08-21 17:03:40,4.181818181818182,11,0,-17.818181818181817,10.454545454545455,1.0,104.94090909090909,17.652727272727272,1,0.0,0.09090909090909091,314,False,True
3ea08c48e851106d2f584349daba335f,36201,barbacena,MG,1,1,1,1,170.0,22.94,1,1,2018-06-13 21:43:00,2018-06-13 21:43:00,4.0,1,0,-16.0,6.0,1.0,170.0,22.94,0,0.0,0.0,0,False,True
389e45560e33d2d0747f949dcddbc08e,12238,sao jose dos campos,SP,1,1,1,1,39.0,8.43,1,1,2018-08-16 21:58:25,2018-08-16 21:58:25,5.0,1,0,-7.0,3.0,1.0,39.0,8.43,0,0.0,0.0,0,False,True
b81e3a6c866a764974fe849821abeebd,9360,maua,SP,11,8,8,2,836.1500000000001,216.86,8,8,2018-07-14 19:31:09,2018-08-15 22:06:09,4.625,8,0,-7.0,5.75,1.375,104.51875000000001,27.1075,0,0.0,0.0,32,False,True
40536e7ca18e1bce252828e5876466cc,7747,caieiras,SP,4,2,1,1,463.96,499.04,2,2,2017-08-27 15:33:09,2017-09-01 17:22:43,1.0,2,0,,,2.0,231.98,249.52,2,0.0,1.0,5,True,True
b494891378bd8f4560abe576c52deacd,4160,sao paulo,SP,22,20,21,4,2958.9,311.92,20,20,2018-06-28 18:50:51,2018-08-20 00:59:32,4.65,20,0,-7.842105263157895,4.947368421052632,1.1,147.945,15.596,1,0.0,0.05,52,False,True
09f952a5f58d2285b0372551ae8f9b01,9725,sao bernardo do campo,SP,56,50,11,2,11821.5,1524.96,50,50,2017-09-15 09:24:57,2018-08-24 22:21:24,3.84,50,3,-11.8,12.8,1.12,236.43,30.499200000000002,9,0.06,0.18,343,False,True
14d7985702e72162bbf13b6beb74ab2b,9131,santo andre,SP,38,37,26,1,3887.0,554.0,37,37,2017-03-31 14:40:26,2018-08-17 18:49:15,4.324324324324325,37,4,-8.72972972972973,10.486486486486486,1.027027027027027,105.05405405405405,14.972972972972974,3,0.10810810810810811,0.08108108108108109,504,False,True
2c4c47cb51acd5ea5db5e0ae0e26542a,15290,buritama,SP,15,12,4,1,2575.9,341.47,12,11,2017-09-04 09:26:19,2018-07-29 16:04:47,4.666666666666667,12,0,-13.916666666666666,10.166666666666666,1.25,214.6583333333333,28.455833333333334,0,0.0,0.0,328,False,True
b416191c9813d821a295cfabafff4161,14407,franca,SP,2,2,1,0,117.8,32.34,2,2,2017-07-28 14:33:15,2017-08-16 13:35:48,2.5,2,0,-8.5,19.0,1.0,58.9,16.17,1,0.0,0.5,18,False,True
9616352088dcf83a7c06637f4ebf1c80,87504,umuarama,PR,98,92,5,1,5703.0,1787.57,92,92,2017-02-27 18:30:11,2018-08-22 11:44:50,4.315217391304348,92,0,-15.45054945054945,11.923076923076923,1.065217391304348,61.98913043478261,19.430108695652173,8,0.0,0.08695652173913043,540,False,True
557f22c76691849db52d2abccf0015d0,75650,morrinhos,GO,14,13,4,2,865.8599999999999,326.7,13,13,2017-05-08 13:45:25,2017-09-12 23:58:05,3.0833333333333335,12,0,-15.5,13.916666666666666,1.0769230769230769,66.60461538461537,25.13076923076923,4,0.0,0.3076923076923077,127,False,True
968ee78631915a63fef426d6733d7422,99700,erechim,RS,2,2,1,1,450.0,71.67,2,2,2017-06-08 00:06:50,2017-11-27 17:41:30,3.0,2,0,-16.5,15.0,1.0,225.0,35.835,1,0.0,0.5,172,False,True
533d46c1b06970e99f09523a61df4972,18200,itapetininga,SP,2,2,1,1,159.98,32.64,2,2,2018-02-01 19:36:03,2018-02-04 18:39:24,4.5,2,0,-10.0,16.0,1.0,79.99,16.32,0,0.0,0.0,2,False,True
1dd33b8119b3cb1056ed5dc88cd0aaf4,4710,sao paulo,SP,8,8,2,1,1513.0,128.74,8,8,2017-11-09 13:49:13,2018-02-14 12:20:44,3.75,8,1,-15.625,10.5,1.0,189.125,16.0925,1,0.125,0.125,96,False,True
ac137bac82ffa8548e62bd9d01d2a14f,3631,sao paulo,SP,1,1,1,0,49.6,9.34,1,1,2017-05-15 20:39:40,2017-05-15 20:39:40,1.0,1,0,,,1.0,49.6,9.34,1,0.0,1.0,0,True,True
2dcf93836ae3ce0d7c93e2f10876467a,12240,sao jose dos campos,SP,12,9,9,2,1443.8,178.64,9,9,2018-06-23 14:16:49,2018-08-07 20:29:36,4.111111111111111,9,2,-8.555555555555555,5.888888888888889,1.3333333333333333,160.42222222222222,19.848888888888887,1,0.2222222222222222,0.1111111111111111,45,False,True
51702dc2a3e106c76dbff722b5bf0726,13835,conchal,SP,14,13,8,2,2705.1,581.94,13,13,2017-02-23 23:49:22,2018-04-29 12:20:23,4.3076923076923075,13,0,-14.461538461538462,14.461538461538462,1.0769230769230769,208.08461538461538,44.76461538461539,1,0.0,0.07692307692307693,429,False,True
97512d3fc193b2d1dfcdba0f9d1f0f8a,8270,sao paulo,SP,13,12,6,1,1458.8700000000001,341.55,12,12,2018-03-20 10:20:27,2018-08-18 16:49:58,4.25,12,1,-8.666666666666666,8.0,1.0833333333333333,121.5725,28.462500000000002,1,0.08333333333333333,0.08333333333333333,151,False,True
f3975e8a41157005d4bcbb358678cd9b,89870,pinhalzinho,SC,2,2,2,2,178.8,83.97999999999999,2,2,2018-04-02 16:10:57,2018-08-19 14:29:37,5.0,2,0,-5.5,8.5,1.0,89.4,41.989999999999995,0,0.0,0.0,138,False,True
76d336555bb25f3165d2f0d6da719c40,18015,sorocaba,SP,2,2,1,1,330.0,23.63,2,2,2017-02-03 19:52:09,2017-02-16 12:33:56,2.0,2,0,-30.0,11.0,1.0,165.0,11.815,1,0.0,0.5,12,True,True
f08a5b9dd6767129688d001acafc21e5,90230,porto alegre,RS,18,11,7,3,14069.630000000001,496.11,11,11,2017-10-07 14:32:01,2018-01-16 09:15:25,4.2727272727272725,11,0,-9.727272727272727,18.454545454545453,1.6363636363636365,1279.057272727273,45.10090909090909,1,0.0,0.09090909090909091,100,False,True
ae45df84722b1d15c5f32b23a095746c,3062,sao paulo,SP,12,9,10,1,901.83,163.66,9,9,2018-02-22 18:41:33,2018-08-21 10:19:27,4.777777777777778,9,0,-16.444444444444443,6.888888888888889,1.3333333333333333,100.20333333333332,18.184444444444445,0,0.0,0.0,179,False,True
d197aa8fbc64087f61984deef05f6227,12224,sao jose dos campos,SP,7,6,6,2,519.09,111.56,6,6,2018-05-16 21:36:57,2018-08-21 13:46:22,4.833333333333333,6,0,-11.5,6.833333333333333,1.1666666666666667,86.515,18.593333333333334,0,0.0,0.0,96,False,True
afa6714acee029b2dfdf357e5579cc03,13690,descalvado,SP,17,16,8,4,3220.7599999999998,382.82,16,16,2016-10-08 15:42:14,2018-08-20 11:23:16,4.25,16,2,-14.125,12.3125,1.0625,201.29749999999999,23.92625,2,0.125,0.125,680,False,True
520b493b57809f446cb0a233bb3e25c7,11075,santos,SP,73,63,28,3,3698.9,1063.97,63,63,2017-03-10 20:04:32,2017-12-19 11:08:36,4.301587301587301,63,1,-11.666666666666666,7.142857142857143,1.1587301587301588,58.712698412698415,16.888412698412697,6,0.015873015873015872,0.09523809523809523,283,False,True
9b1ab052f5fca308ba743ac789ebb2e1,85200,pitanga,PR,2,2,2,2,294.09000000000003,31.99,2,2,2017-04-05 22:29:43,2017-05-07 14:04:26,4.0,2,0,-16.5,9.5,1.0,147.04500000000002,15.995,0,0.0,0.0,31,False,True
bab0a8cd684e41ba6e2637dca0979d3b,22793,rio de janeiro,RJ,1,1,1,1,269.9,19.14,1,1,2017-08-22 13:33:36,2017-08-22 13:33:36,5.0,1,0,-10.0,13.0,1.0,269.9,19.14,0,0.0,0.0,0,False,True
b83cedfb587e7911540e3f576d6917ce,4870,sao paulo,SP,25,24,16,2,2224.95,343.8,24,24,2017-06-23 17:21:18,2018-05-14 12:20:47,4.208333333333333,24,1,-9.666666666666666,9.791666666666666,1.0416666666666667,92.70625,14.325000000000001,3,0.041666666666666664,0.125,324,False,True
0ef83d7d83ed97cd2a0049ac8be5f88a,80230,curitiba,PR,55,48,14,2,4421.01,1026.8,48,48,2017-11-24 11:01:15,2018-08-28 13:29:17,4.148936170212766,47,1,-14.083333333333334,9.1875,1.1458333333333333,92.104375,21.391666666666666,9,0.020833333333333332,0.1875,277,False,True
d13e50eaa47b4cbe9eb81465865d8cfc,9210,santo andre,SP,69,67,7,2,7155.05,857.79,67,67,2018-08-04 09:09:37,2018-08-28 10:00:01,4.82089552238806,67,6,-4.484848484848484,4.636363636363637,1.0298507462686568,106.79179104477612,12.802835820895522,2,0.08955223880597014,0.029850746268656716,24,False,True
37303482a42fb700d8d127e70a9cd6c8,13070,campinas,SP,2,2,2,1,148.89,22.490000000000002,2,2,2017-12-11 14:52:54,2017-12-14 11:51:34,3.0,2,0,-15.0,2.0,1.0,74.445,11.245000000000001,1,0.0,0.5,2,False,True
b2bdc5e7940a7d7ca8c4a37953b27a42,13880,vargem grande do sul,SP,1,1,1,1,250.0,62.49,1,1,2017-10-30 14:25:15,2017-10-30 14:25:15,5.0,1,0,,,1.0,250.0,62.49,0,0.0,0.0,0,False,True
5c6d4016c2a288f074fa0848a2b653d2,1209,sao paulo,SP,35,32,16,4,3159.0,514.17,32,32,2017-09-27 19:12:25,2018-08-20 09:09:53,4.0625,32,3,-10.258064516129032,10.258064516129032,1.09375,98.71875,16.0678125,5,0.09375,0.15625,326,False,True
88cd3681e0a2ba85e190f7d817629c4c,88354,brusque,SC,1,1,1,1,180.0,19.36,1,1,2018-08-15 21:09:19,2018-08-15 21:09:19,4.0,1,0,-9.0,7.0,1.0,180.0,19.36,0,0.0,0.0,0,False,True
da8622b14eb17ae2831f4ac5b9dab84a,13405,piracicaba,SP,1551,1314,222,4,160236.57,24955.75,1314,1275,2017-02-05 21:46:05,2018-08-28 21:56:30,4.175840978593272,1308,87,-10.984744469870328,10.715484363081616,1.1803652968036529,121.9456392694064,18.992199391171994,155,0.06621004566210045,0.11796042617960426,569,False,True
fe26f3ecb51a15e6d8335cd92da42562,4365,sao paulo,SP,7,7,7,1,2708.96,262.59000000000003,7,7,2017-11-17 13:15:59,2018-02-18 21:05:38,4.428571428571429,7,1,-10.428571428571429,10.285714285714286,1.0,386.9942857142857,37.51285714285715,0,0.14285714285714285,0.0,93,False,True
5151aea44289d6c6b090ee31c2132508,17515,marilia,SP,7,7,1,1,1315.3,167.17,7,7,2017-02-17 15:29:41,2017-02-20 13:50:49,1.8333333333333333,6,0,-27.142857142857142,17.0,1.0,187.9,23.881428571428568,4,0.0,0.5714285714285714,2,True,True
9c351405b754cc5ce3e2ecf277bb034a,3134,sao paulo,SP,1,1,1,1,45.0,14.11,1,1,2017-03-28 16:59:13,2017-03-28 16:59:13,1.0,1,0,,,1.0,45.0,14.11,1,0.0,1.0,0,True,True
13511db12ac61e2f89c53b72a944a60b,95020,caxias do sul,RS,6,6,4,2,798.0,265.97,6,6,2018-04-23 13:50:35,2018-08-18 19:15:41,3.5,6,0,-12.833333333333334,8.833333333333334,1.0,133.0,44.32833333333334,2,0.0,0.3333333333333333,117,False,True
4b90495391ac0bd181a80a459df1e718,96400,bage,RS,1,1,1,1,248.0,18.11,1,1,2016-10-05 22:24:40,2016-10-05 22:24:40,4.0,1,0,-39.0,11.0,1.0,248.0,18.11,0,0.0,0.0,0,False,True
b37c4c02bda3161a7546a4e6d222d5b2,3667,sao paulo,SP,15,4,3,2,24075.0,412.6,4,4,2017-04-23 12:07:48,2018-07-15 14:49:44,2.25,4,0,-5.5,18.5,3.75,6018.75,103.15,3,0.0,0.75,448,False,True
5f1dc28029d2c244352a68107ec2b542,5126,sao paulo,SP,78,62,36,10,2807.3,996.16,62,62,2017-01-17 12:15:42,2018-06-15 12:52:05,4.426229508196721,61,1,-15.951612903225806,9.048387096774194,1.2580645161290323,45.27903225806452,16.067096774193548,4,0.016129032258064516,0.06451612903225806,514,False,True
710e3548e02bc1d2831dfc4f1b5b14d4,86600,rolandia,PR,142,136,33,9,23979.11,3875.96,136,134,2016-10-07 10:18:50,2018-08-16 09:22:47,3.362962962962963,135,5,-21.786259541984734,14.038167938931299,1.0441176470588236,176.31698529411764,28.49970588235294,44,0.03676470588235294,0.3235294117647059,677,False,True
485452467ff670447e84a8370c3fc898,89190,taio,SC,3,3,3,1,175.7,139.74,3,3,2018-02-02 14:32:10,2018-03-01 22:20:35,4.666666666666667,3,0,-15.333333333333334,13.666666666666666,1.0,58.56666666666666,46.580000000000005,0,0.0,0.0,27,False,True
4d8809767a5bafe22909c77951fb6b41,6803,embu das artes,SP,1,1,1,1,50.0,8.72,1,1,2017-10-25 17:17:47,2017-10-25 17:17:47,5.0,1,0,,,1.0,50.0,8.72,0,0.0,0.0,0,False,True
3ab971ce71839580d2ae5b4e40fe8044,3210,sao paulo,SP,38,36,9,2,5002.900000000001,896.15,36,36,2018-06-03 17:41:43,2018-08-20 14:25:47,3.911764705882353,34,2,-12.085714285714285,6.485714285714286,1.0555555555555556,138.96944444444446,24.893055555555556,7,0.05555555555555555,0.19444444444444445,77,False,True
9d4db00d65d7760644ac0c14edb5fd86,18025,sorocaba,SP,100,98,41,7,9979.7,1533.11,98,98,2017-12-24 12:20:23,2018-08-18 09:08:48,4.515463917525773,97,4,-11.463917525773196,7.639175257731959,1.0204081632653061,101.83367346938776,15.643979591836734,5,0.04081632653061224,0.05102040816326531,236,False,True
1dcfa3835714681d4ba4a93bc1e0fd41,16200,birigui,SP,15,13,4,1,1278.5,323.6,13,13,2017-07-27 09:24:18,2018-04-02 11:24:47,4.0,12,0,-15.666666666666666,14.75,1.1538461538461537,98.34615384615384,24.892307692307693,2,0.0,0.15384615384615385,249,False,True
6da1992f915d77be95d7fa48b36904af,1026,sao paulo,SP,9,7,1,0,261.0,122.66,7,7,2017-04-27 16:24:28,2017-08-03 11:13:41,4.0,7,0,-22.857142857142858,8.714285714285714,1.2857142857142858,37.285714285714285,17.52285714285714,1,0.0,0.14285714285714285,97,False,True
d4f117125b59ce73c3302f88ee40c458,4058,sao paulo,SP,17,17,8,1,783.29,215.32,17,17,2017-12-05 19:02:08,2018-08-12 15:55:36,4.823529411764706,17,0,-11.705882352941176,7.294117647058823,1.0,46.07588235294117,12.665882352941177,0,0.0,0.0,249,False,True
1de62b6f2fd96227629786db492433db,16021,sp,SP,2,2,2,1,208.8,28.73,2,2,2018-06-14 21:05:33,2018-08-23 10:43:59,5.0,2,0,-15.5,7.5,1.0,104.4,14.365,0,0.0,0.0,69,False,True
30a2f535bb48308f991d0b9ad4a8c4bb,13457,santa barbara d'oeste,SP,87,71,20,1,4731.3,1084.06,71,71,2017-02-04 15:05:16,2018-07-27 11:20:08,4.28169014084507,71,2,-13.169014084507042,7.788732394366197,1.2253521126760563,66.63802816901409,15.268450704225351,9,0.028169014084507043,0.1267605633802817,537,False,True
a36b125ac6d5fdbc7f50de85c9157bdc,14020,ribeirao preto,SP,26,24,10,3,1843.64,388.99,24,24,2016-10-10 09:23:48,2018-08-04 10:42:49,3.9583333333333335,24,2,-10.826086956521738,12.478260869565217,1.0833333333333333,76.81833333333334,16.207916666666666,3,0.08333333333333333,0.125,663,False,True
1336efc61c316ddf92c899eb817f7cae,19800,assis,SP,85,74,50,8,4837.31,1517.98,74,73,2017-01-22 21:42:56,2018-08-16 01:59:55,4.0,74,6,-11.58108108108108,11.22972972972973,1.1486486486486487,65.36905405405406,20.513243243243245,11,0.08108108108108109,0.14864864864864866,570,False,True
620c87c171fb2a6dd6e8bb4dec959fc6,25645,petropolis,RJ,798,740,129,2,114774.5,14135.21,740,726,2016-10-04 13:15:46,2018-08-24 11:14:21,4.251023192360163,733,63,-13.798342541436464,12.421270718232044,1.0783783783783785,155.1006756756757,19.101635135135133,92,0.08513513513513514,0.12432432432432433,688,False,True
ab91571efab27993ff2f6b36e38055c3,4319,sao paulo,SP,4,3,1,1,102.24,56.69,3,3,2018-03-23 17:02:20,2018-07-25 17:22:27,4.666666666666667,3,1,-4.666666666666667,12.333333333333334,1.3333333333333333,34.08,18.896666666666665,0,0.3333333333333333,0.0,124,False,True
63a79f5a7eb5cb48a7e5787b141c7993,38701,patos de minas,MG,11,11,6,2,815.1,200.82999999999998,11,11,2018-04-11 12:14:12,2018-07-16 12:34:46,4.545454545454546,11,0,-14.090909090909092,5.909090909090909,1.0,74.10000000000001,18.257272727272724,0,0.0,0.0,96,False,True
070d165398b553f3b4b851c216b8a358,3916,sao paulo,SP,39,32,11,1,3393.16,1003.5899999999999,32,31,2017-08-24 10:29:36,2018-08-16 14:21:35,3.3225806451612905,31,4,-8.419354838709678,11.709677419354838,1.21875,106.03625,31.362187499999997,11,0.125,0.34375,357,False,True
b64d51f0435e884e8de603b1655155ae,7077,garulhos,SP,23,17,15,2,416.18,357.36,17,17,2018-04-07 11:00:35,2018-08-24 10:35:52,4.294117647058823,17,2,-10.647058823529411,6.882352941176471,1.3529411764705883,24.48117647058823,21.021176470588237,2,0.11764705882352941,0.11764705882352941,138,False,True
9fc70243fb26800cba56e8f014797004,30270,belo horizonte,MG,7,6,2,2,466.6,104.7,6,6,2017-11-13 15:17:00,2018-07-29 08:32:21,4.5,6,0,-11.0,9.166666666666666,1.1666666666666667,77.76666666666667,17.45,0,0.0,0.0,257,False,True
1cbcd2ee0afb3fc09963b87eb65e7e4f,82640,curitiba,PR,3,1,1,1,90.0,40.650000000000006,1,1,2018-06-18 11:15:23,2018-06-18 11:15:23,5.0,1,0,-13.0,4.0,3.0,90.0,40.650000000000006,0,0.0,0.0,0,False,True
344223b2a90784f64136a8a5da012e7f,89117,gaspar,SC,1,1,1,1,10.9,16.79,1,1,2018-01-17 22:10:43,2018-01-17 22:10:43,2.0,1,0,0.0,32.0,1.0,10.9,16.79,1,0.0,1.0,0,True,True
4c8b8048e33af2bf94f2eb547746a916,14940,ibitinga,SP,27,23,23,5,2020.73,438.08,23,23,2017-08-22 16:50:10,2018-08-24 21:17:00,2.9565217391304346,23,2,-5.157894736842105,18.210526315789473,1.173913043478261,87.85782608695652,19.04695652173913,10,0.08695652173913043,0.43478260869565216,367,False,True
7a704e63bb29c446869efde5d57524c8,85601,francisco beltrao,PR,1,1,1,1,94.49,15.41,1,1,2018-01-25 14:19:53,2018-01-25 14:19:53,5.0,1,0,-19.0,7.0,1.0,94.49,15.41,0,0.0,0.0,0,False,True
88460e8ebdecbfecb5f9601833981930,87030,maringa,PR,302,248,12,1,31546.550000000003,4996.55,248,242,2017-11-21 12:32:07,2018-08-17 07:01:01,3.4129554655870447,247,42,-11.182926829268293,17.369918699186993,1.217741935483871,127.2038306451613,20.147379032258065,77,0.1693548387096774,0.31048387096774194,268,False,True
7d76b645482be4a332374e8223836592,1511,sao paulo,SP,187,176,89,2,3843.93,2587.61,176,176,2017-07-27 20:53:35,2018-08-14 23:20:59,3.9597701149425286,174,16,-9.05813953488372,13.19186046511628,1.0625,21.840511363636363,14.702329545454546,26,0.09090909090909091,0.14772727272727273,383,False,True
296729ffb9b684050dd24836dac4494a,80240,curitiba,SP,2,2,2,2,114.0,35.61,2,2,2018-05-10 10:11:34,2018-08-02 19:54:25,5.0,2,0,-13.0,7.0,1.0,57.0,17.805,0,0.0,0.0,84,False,True
5f06030071324cc52bf0304014ac7234,17514,marilia,SP,4,4,1,1,783.96,100.35000000000001,4,4,2017-08-20 17:34:32,2017-08-26 11:01:38,4.0,4,0,-14.25,9.75,1.0,195.99,25.087500000000002,1,0.0,0.25,5,False,True
c542f5a8c64d973f30e9df8d06f70b4a,2013,sao paulo,SP,1,1,1,1,81.0,17.31,1,1,2017-01-18 09:52:32,2017-01-18 09:52:32,1.0,1,0,,,1.0,81.0,17.31,1,0.0,1.0,0,True,True
d36b07fd3c5088e477a72d1fccfe29d4,18200,itapetininga,SP,1,1,1,1,328.9,10.96,1,1,2017-05-06 11:20:18,2017-05-06 11:20:18,5.0,1,0,-11.0,13.0,1.0,328.9,10.96,0,0.0,0.0,0,False,True
46ef1a25845fc051c2998d878354810c,35530,claudio,MG,5,5,4,2,250.41,98.04,5,5,2017-09-13 22:26:26,2018-08-17 21:23:04,4.4,5,0,-4.8,16.4,1.0,50.082,19.608,0,0.0,0.0,337,False,True
a61cc04793308395a840807104365121,13240,jarinu,SP,1,1,1,1,14.63,23.74,1,1,2018-05-03 09:31:04,2018-05-03 09:31:04,5.0,1,0,-10.0,8.0,1.0,14.63,23.74,0,0.0,0.0,0,False,True
cac4c8e7b1ca6252d8f20b2fc1a2e4af,13347,indaiatuba,SP,83,75,33,7,4168.18,1554.3600000000001,75,75,2016-10-08 17:43:26,2018-08-16 04:29:53,3.527027027027027,74,13,-6.756756756756757,17.756756756756758,1.1066666666666667,55.57573333333334,20.724800000000002,22,0.17333333333333334,0.29333333333333333,676,False,True
cc63f0dd2acba93ffed4fe9f8e0321fa,15025,sao jose do rio preto,SP,63,55,17,2,7096.71,1399.97,55,54,2018-05-10 14:37:54,2018-08-24 09:17:45,4.090909090909091,55,0,-11.872727272727273,8.527272727272727,1.1454545454545455,129.03109090909092,25.454,5,0.0,0.09090909090909091,105,False,True
b29d3380981c51df13fc6fbe87e1763d,14057,ribeirao preto,SP,7,6,5,1,435.3,98.58,6,6,2018-04-28 14:49:58,2018-08-02 18:56:22,3.8333333333333335,6,0,-9.666666666666666,7.333333333333333,1.1666666666666667,72.55,16.43,1,0.0,0.16666666666666666,96,False,True
a53f60f05f822b5c621a50ff6a5cb362,38402,uberlandia,MG,6,4,4,2,415.40000000000003,129.13,4,4,2018-06-25 16:19:23,2018-08-17 22:35:51,3.6666666666666665,3,0,-19.25,11.25,1.5,103.85000000000001,32.2825,1,0.0,0.25,53,False,True
dbec9a0a7efeff029d4d9dce7dc4cc95,31920,belo horizonte,MG,3,3,2,1,1170.0,118.59,3,3,2018-06-15 21:45:12,2018-08-14 18:15:54,4.0,3,0,-12.0,11.333333333333334,1.0,390.0,39.53,1,0.0,0.3333333333333333,59,False,True
8de8fe3af4449ed695d2434c933ed73e,1215,sao paulo,SP,1,1,1,1,2090.0,65.35,1,1,2018-08-04 15:52:54,2018-08-04 15:52:54,5.0,1,0,-20.0,10.0,1.0,2090.0,65.35,0,0.0,0.0,0,False,True
aa762680c40618316a896838866140ea,82510,curitiba,PR,3,3,1,1,261.0,62.46,3,3,2018-04-06 22:32:42,2018-05-11 17:57:27,3.3333333333333335,3,1,-9.333333333333334,22.0,1.0,87.0,20.82,1,0.3333333333333333,0.3333333333333333,34,False,True
577719699805dd125d5b6fdde5943bba,95150,nova petropolis,RS,8,8,8,3,1077.8000000000002,209.56,8,8,2018-04-19 17:28:29,2018-08-21 21:30:35,4.375,8,1,-16.25,9.75,1.0,134.72500000000002,26.195,1,0.125,0.125,124,False,True
13dd308f81fea30cc670c656b2b46cc3,13454,santa barbara d'oeste,SP,3,3,2,1,117.69999999999999,33.440000000000005,3,3,2018-07-30 23:51:39,2018-08-27 19:32:27,5.0,3,0,-6.333333333333333,3.0,1.0,39.23333333333333,11.146666666666668,0,0.0,0.0,27,False,True
01fd077212124329bac32490e8ef80d9,14079,ribeirao preto / sao paulo,SP,39,31,12,7,1208.0,575.36,31,31,2018-04-16 10:44:09,2018-08-24 17:52:59,4.161290322580645,31,1,-11.258064516129032,7.806451612903226,1.2580645161290323,38.96774193548387,18.56,5,0.03225806451612903,0.16129032258064516,130,False,True
7a188843479798ca813108fa7b959286,4276,sao paulo,SP,3,1,1,1,149.7,26.160000000000004,1,1,2017-11-20 11:45:27,2017-11-20 11:45:27,1.0,1,0,,,3.0,149.7,26.160000000000004,1,0.0,1.0,0,True,True
cb32766839f443db85c82a43c4a6c19e,13506,rio claro,SP,2,2,2,1,234.0,31.51,2,2,2017-02-10 15:43:45,2017-02-26 16:03:49,3.0,2,0,-9.0,19.0,1.0,117.0,15.755,1,0.0,0.5,16,False,True
7aa538dd6e114e503a2e6154ea352253,15807,catanduva,SP,5,5,4,2,1016.6800000000001,101.92,5,5,2018-04-23 17:55:31,2018-08-17 15:45:42,4.4,5,0,-11.6,8.6,1.0,203.336,20.384,0,0.0,0.0,115,False,True
e0a3c37054ade6478d923a6efc10f308,88340,camboriu,SC,2,2,2,1,219.8,35.18,2,2,2018-07-03 20:23:05,2018-07-17 21:05:10,5.0,2,0,-16.0,7.0,1.0,109.9,17.59,0,0.0,0.0,14,False,True
0d4c8269e7f0401201794deef160edd6,14076,ribeirao preto,SP,4,3,4,1,792.64,99.39,3,3,2017-10-17 22:36:32,2017-11-07 17:17:18,3.6666666666666665,3,0,-6.0,17.0,1.3333333333333333,264.2133333333333,33.13,1,0.0,0.3333333333333333,20,False,True
3d68c634a99a1ba46dbca3967a69c623,88270,nova trento,SC,2,2,1,1,594.0,263.7,2,2,2018-07-22 15:43:14,2018-08-02 12:07:27,5.0,2,0,-7.5,9.0,1.0,297.0,131.85,0,0.0,0.0,10,False,True
8fbe2ee446b97e128471be4ce983dc0d,18103,sorocaba,SP,3,3,3,1,148.5,40.0,3,3,2018-06-19 14:01:34,2018-08-01 12:52:42,3.0,3,1,-4.666666666666667,7.666666666666667,1.0,49.5,13.333333333333334,2,0.3333333333333333,0.6666666666666666,42,False,True
e0b162a693bc7f9eab00f783a31d60ea,96020,pelotas,RS,1,1,1,1,20.0,29.69,1,1,2018-05-04 13:13:49,2018-05-04 13:13:49,5.0,1,0,-13.0,11.0,1.0,20.0,29.69,0,0.0,0.0,0,False,True
1f867308a0ce13133a4e639ff4de0c02,82510,curitiba,PR,13,7,6,1,875.1,209.82,7,7,2017-09-25 12:07:37,2018-06-02 11:03:09,4.142857142857143,7,0,-15.857142857142858,10.857142857142858,1.8571428571428572,125.01428571428572,29.974285714285713,1,0.0,0.14285714285714285,249,False,True
06a2c3af7b3aee5d69171b0e14f0ee87,65072,sao luis,MA,405,392,44,1,36408.95,12141.29,392,388,2018-01-19 09:51:37,2018-08-22 11:49:11,3.9896907216494846,388,74,-11.367609254498715,17.262210796915166,1.0331632653061225,92.87997448979591,30.972678571428574,65,0.18877551020408162,0.16581632653061223,215,False,True
2e90cb1677d35cfe24eef47d441b7c87,2285,sao paulo,SP,137,127,22,3,13894.710000000001,2887.4500000000003,127,124,2017-03-08 21:55:07,2018-08-26 17:23:02,4.118110236220472,127,16,-10.385826771653543,12.0,1.078740157480315,109.40716535433071,22.735826771653546,18,0.12598425196850394,0.14173228346456693,535,False,True
9315e491484b1b0081ca166fc164108d,86039,londrina,PR,1,1,1,1,29.99,30.41,1,1,2018-07-06 14:41:04,2018-07-06 14:41:04,3.0,1,0,-24.0,7.0,1.0,29.99,30.41,0,0.0,0.0,0,False,True
adbc26658d6c7b4b6219f9d934598091,81770,curitiba,PR,92,88,9,2,11806.4,1885.85,88,88,2017-08-28 11:44:24,2018-08-21 12:31:00,4.125,88,12,-8.261363636363637,16.875,1.0454545454545454,134.16363636363636,21.430113636363636,14,0.13636363636363635,0.1590909090909091,358,False,True
0ffa40d54288e4f3499b8780dd0f144f,19013,presidente prudente,SP,35,33,21,2,2162.8,583.67,33,33,2018-01-10 08:52:43,2018-05-11 10:49:37,4.484848484848484,33,4,-12.0,13.151515151515152,1.0606060606060606,65.53939393939395,17.686969696969697,3,0.12121212121212122,0.09090909090909091,121,False,True
d05ae8f7a5bd1d2a690a44cd079e4e27,22775,rio de janeiro,RJ,81,78,11,1,13436.0,1159.43,78,75,2017-04-22 16:02:43,2018-08-18 12:25:09,3.857142857142857,77,5,-11.25974025974026,10.87012987012987,1.0384615384615385,172.25641025641025,14.864487179487181,17,0.0641025641025641,0.21794871794871795,482,False,True
508808d438fe2ff972ed13bb8f4a82e2,3963,sao paulo,SP,11,10,10,7,294.83,122.64,10,10,2018-08-04 21:13:47,2018-08-27 22:34:17,4.3,10,0,-9.666666666666666,4.333333333333333,1.1,29.482999999999997,12.264,1,0.0,0.1,23,False,True
28fb0829fd777877cdc350d25cb5bd5b,15051,sao jose do rio pret,SP,4,4,2,1,499.6,69.66,4,4,2017-10-29 17:10:13,2018-01-09 23:52:18,3.75,4,0,-11.0,14.0,1.0,124.9,17.415,1,0.0,0.25,72,False,True
c794dab4928dd97beb41d05514441e86,13160,artur nogueira,SP,16,16,9,1,1312.3999999999999,232.19,16,16,2017-12-08 09:46:41,2018-06-24 03:33:48,4.375,16,2,-7.4375,13.375,1.0,82.02499999999999,14.511875,1,0.125,0.0625,197,False,True
1976a05ecf2996d6ffb7b5430e635fe7,19806,assis,SP,9,8,4,4,1796.2,394.46000000000004,8,8,2017-02-25 11:11:52,2017-09-12 16:06:10,3.875,8,2,-8.125,17.125,1.125,224.525,49.307500000000005,2,0.25,0.25,199,False,True
c70a353f02429c00775a46a75fb787da,8275,sao paulo,SP,6,6,4,1,242.0,94.94,6,6,2018-07-17 18:27:15,2018-08-10 15:11:34,4.666666666666667,6,0,-11.166666666666666,6.166666666666667,1.0,40.333333333333336,15.823333333333332,0,0.0,0.0,23,False,True
39d61be7a92eb77b7da367bd4845bc0e,13420,sao paulo,SP,14,7,6,1,700.59,209.03,7,7,2018-03-21 20:35:30,2018-08-07 14:24:03,4.0,7,0,-11.571428571428571,10.285714285714286,2.0,100.08428571428571,29.861428571428572,1,0.0,0.14285714285714285,138,False,True
c510bc1718f0f2961eaa42a23330681a,13330,indaiatuba,SP,13,13,11,1,12251.0,960.87,13,13,2018-04-17 11:10:00,2018-08-13 19:38:49,4.0,13,0,-9.916666666666666,6.583333333333333,1.0,942.3846153846154,73.91307692307693,3,0.0,0.23076923076923078,118,False,True
8cf21434553b02cbd37c0bbd07e041b0,88102,sao jose,SC,2,2,2,1,94.98,67.15,2,2,2017-11-24 15:16:27,2018-03-15 14:49:50,2.5,2,0,-15.0,11.0,1.0,47.49,33.575,1,0.0,0.5,110,False,True
edd066cd02126d7800f9b66e980e9931,70070,brasilia,DF,6,6,6,1,987.6999999999999,186.23,6,6,2017-06-17 11:42:52,2018-06-13 07:25:51,5.0,6,1,-13.333333333333334,11.666666666666666,1.0,164.61666666666665,31.03833333333333,0,0.16666666666666666,0.0,360,False,True
cf281cf8b7affbdfe751b29cc85580e1,61760,eusebio,CE,1,1,1,1,64.9,25.33,1,1,2016-10-06 13:38:39,2016-10-06 13:38:39,1.0,1,0,,,1.0,64.9,25.33,1,0.0,1.0,0,True,True
392353362d22cc2c236e1ee81ff19890,89069,blumenau,SC,10,5,3,2,288.7,191.97,5,5,2018-04-13 22:12:39,2018-08-22 21:48:00,4.6,5,0,-15.6,7.0,2.0,57.739999999999995,38.394,0,0.0,0.0,130,False,True
1f7fd2a6fcd5a6fa5d8a4dabc72aaae0,95800,venancio aires,RS,3,3,2,1,531.8,100.88,3,3,2017-04-05 15:15:05,2018-05-07 09:12:36,5.0,3,0,-16.666666666666668,6.666666666666667,1.0,177.26666666666665,33.626666666666665,0,0.0,0.0,396,False,True
c878515173c84a492ebe50d6b493230b,85880,itaipulandia,PR,10,9,6,4,1118.84,189.2,9,9,2017-03-13 14:28:41,2017-11-15 20:16:54,4.111111111111111,9,2,-12.11111111111111,16.22222222222222,1.1111111111111112,124.31555555555555,21.022222222222222,2,0.2222222222222222,0.2222222222222222,247,False,True
77714512e8d4dda9c234da8e3faf16e4,7056,guarulhos,SP,6,4,5,2,243.39999999999998,105.58,4,4,2018-07-27 09:58:16,2018-08-15 17:34:38,4.25,4,0,-8.25,11.75,1.5,60.85,26.395,0,0.0,0.0,19,False,True
0eaa7e33d73809f1f925f7d07c506cbd,9111,santo andre,SP,15,15,12,2,1552.0,194.9,15,15,2017-04-10 10:28:48,2018-08-27 17:01:43,4.714285714285714,14,0,-14.8,5.466666666666667,1.0,103.46666666666667,12.993333333333334,1,0.0,0.06666666666666667,504,False,True
bcf5566870987da7bc811fbc8c5b9fd9,3378,sao paulo,SP,4,1,1,1,96.0,31.12,1,1,2017-08-10 09:31:59,2017-08-10 09:31:59,1.0,1,0,,,4.0,96.0,31.12,1,0.0,1.0,0,True,True
3d01d1c414c44b5943a09619ff3853cb,13040,campinas,SP,5,5,2,1,402.6,82.33999999999999,5,5,2016-10-05 17:21:29,2017-07-12 20:36:42,3.8,5,0,-14.0,13.5,1.0,80.52000000000001,16.467999999999996,1,0.0,0.2,280,False,True
2e1c9f22be269ef4643f826c9e650a52,4850,sao paulo,SP,173,167,72,3,12687.68,2434.69,167,165,2017-07-18 13:44:30,2018-08-24 10:16:19,4.164634146341464,164,10,-10.4472049689441,9.403726708074535,1.035928143712575,75.97413173652694,14.578982035928144,22,0.059880239520958084,0.1317365269461078,401,False,True
00fc707aaaad2d31347cf883cd2dfe10,87025,maringa,PR,135,103,19,1,12684.9,2285.09,103,102,2018-01-31 15:33:18,2018-06-13 16:19:00,4.078431372549019,102,4,-15.533980582524272,14.679611650485437,1.3106796116504855,123.15436893203884,22.185339805825244,16,0.038834951456310676,0.1553398058252427,133,False,True
52f6f9f13ba19504c02781132a049e75,80540,curitiba,PR,1,1,1,1,199.0,23.13,1,1,2017-03-25 09:08:41,2017-03-25 09:08:41,3.0,1,0,-14.0,16.0,1.0,199.0,23.13,0,0.0,0.0,0,False,True
83c8aafbefb034674a70de0eac5b8954,85601,francisco beltrao,PR,2,2,2,1,134.9,50.97,2,2,2018-03-28 21:35:46,2018-07-10 10:30:04,5.0,2,0,-16.0,4.5,1.0,67.45,25.485,0,0.0,0.0,103,False,True
58e4b302b54937e55a678c4d15111da4,83402,colombo,PR,3,3,3,1,279.79,49.06,3,3,2017-01-26 11:09:11,2017-06-26 18:15:22,2.3333333333333335,3,0,-48.0,7.0,1.0,93.26333333333334,16.353333333333335,2,0.0,0.6666666666666666,151,False,True
d1c281d3ae149232351cd8c8cc885f0d,14940,ibitinga,SP,240,215,115,2,26942.6,5396.46,215,212,2017-02-14 23:12:30,2018-08-16 18:04:47,3.7981220657276995,213,14,-11.457943925233645,12.182242990654206,1.1162790697674418,125.31441860465115,25.099813953488372,47,0.06511627906976744,0.2186046511627907,547,False,True
33c51922b6e3c16b24a8f28e5833c99d,86010,londrina,PR,20,18,11,4,6657.87,368.01,18,18,2017-12-02 08:50:05,2018-08-01 08:33:57,4.235294117647059,17,1,-13.666666666666666,14.0,1.1111111111111112,369.88166666666666,20.445,2,0.05555555555555555,0.1111111111111111,241,False,True
f80edd2c5aaa505cc4b0a3b219abf4b8,3431,sao paulo,SP,128,119,23,6,9108.2,3000.74,119,118,2017-04-06 15:51:57,2018-08-27 12:59:16,4.084745762711864,118,6,-12.327586206896552,11.577586206896552,1.0756302521008403,76.53949579831934,25.2163025210084,19,0.05042016806722689,0.15966386554621848,507,False,True
0761743cbffb25d7148189e9f1a5f03a,14096,ribeirao preto,SP,7,3,3,2,241.2,86.2,3,3,2017-11-30 09:38:21,2018-02-02 18:42:02,4.666666666666667,3,0,-9.666666666666666,12.333333333333334,2.3333333333333335,80.39999999999999,28.733333333333334,0,0.0,0.0,64,False,True
0b46f784306be7200ca1700aa55d819f,31210,belo horizonte,MG,1,1,1,1,19.9,10.96,1,1,2017-03-19 08:36:36,2017-03-19 08:36:36,5.0,1,0,-15.0,3.0,1.0,19.9,10.96,0,0.0,0.0,0,False,True
7a9c12e235c36247c3c81f50d6ea9cea,9541,sao caetano do sul,SP,5,5,5,1,983.9,115.69,5,5,2017-03-31 23:54:45,2017-05-04 19:13:41,4.6,5,0,-28.4,12.2,1.0,196.78,23.137999999999998,0,0.0,0.0,33,False,True
8629c241b3622ac12cd4118afdc8d394,14090,ribeirao preto,SP,13,13,6,3,1167.66,334.36,13,13,2018-03-19 16:11:16,2018-07-10 17:45:13,4.076923076923077,13,1,-14.076923076923077,14.692307692307692,1.0,89.82000000000001,25.720000000000002,2,0.07692307692307693,0.15384615384615385,113,False,True
3ade81dab5a172b88e1871c28ae05260,15076,sao jose do rio preto,SP,32,30,10,2,5751.6,1551.3899999999999,30,30,2017-10-06 09:42:10,2018-08-25 12:54:41,4.0,29,3,-10.214285714285714,13.607142857142858,1.0666666666666667,191.72,51.712999999999994,6,0.1,0.2,323,False,True
562fc2f2c2863ab7e79a9e4388a58a14,13070,campinas,SP,270,260,36,1,8814.199999999999,4305.14,260,258,2018-01-15 18:33:21,2018-08-21 09:42:29,4.217054263565892,258,8,-13.129411764705882,10.854901960784314,1.0384615384615385,33.90076923076923,16.55823076923077,26,0.03076923076923077,0.1,217,False,True
7dc8c42cc750eeafea6c85712ffee9bf,5424,sao paulo,SP,50,41,16,8,6409.68,1035.41,41,41,2016-10-07 19:02:48,2018-08-28 22:30:32,4.195121951219512,41,2,-13.878048780487806,8.585365853658537,1.2195121951219512,156.33365853658538,25.253902439024394,5,0.04878048780487805,0.12195121951219512,690,False,True
247587846358bb1d2e4c6522020b36fe,15093,sao jose do rio preto,SP,1,1,1,1,99.0,22.51,1,1,2018-06-17 22:05:56,2018-06-17 22:05:56,5.0,1,0,-13.0,4.0,1.0,99.0,22.51,0,0.0,0.0,0,False,True
a35ef466c6fd6d052f5d241240d3c5e2,93347,novo hamburgo,RS,3,3,3,1,569.9,79.65,3,3,2017-08-14 23:18:10,2017-09-30 18:38:46,4.666666666666667,3,0,-20.666666666666668,11.0,1.0,189.96666666666667,26.55,0,0.0,0.0,46,False,True
651530bf5c607240ccdd89a30c9c9712,44600,ipira,BA,1,1,1,1,199.9,24.55,1,1,2018-08-09 18:09:53,2018-08-09 18:09:53,4.0,1,0,-15.0,11.0,1.0,199.9,24.55,0,0.0,0.0,0,False,True
f1c1ac3f3efc07e659c035008e615e66,2119,sao paulo,SP,14,4,4,1,2561.96,302.82,4,4,2017-03-30 12:39:15,2017-09-27 12:56:13,3.75,4,0,-13.333333333333334,10.333333333333334,3.5,640.49,75.70500000000001,1,0.0,0.25,181,False,True
df0f42bc4c2142eacf0eaf2cffd0cfbb,88306,itajai,SC,16,14,2,1,1654.0,292.45,14,14,2017-11-19 21:30:09,2018-07-15 01:16:15,4.142857142857143,14,0,-9.785714285714286,13.571428571428571,1.1428571428571428,118.14285714285714,20.889285714285712,2,0.0,0.14285714285714285,237,False,True
40db9e9aa57f7bb151bcda6b0f9bdbb7,52010,recife,PE,12,12,9,1,23168.0,655.99,12,12,2018-02-09 09:48:04,2018-08-17 16:07:20,2.3636363636363638,11,1,-15.5,14.416666666666666,1.0,1930.6666666666667,54.66583333333333,7,0.08333333333333333,0.5833333333333334,189,False,True
68ca56ce86830f3d31b1b7ec6a54da3e,83280,guaratuba,PR,6,6,5,4,719.59,143.37,6,6,2018-07-11 18:16:29,2018-08-10 18:10:00,3.8333333333333335,6,0,-16.8,4.6,1.0,119.93166666666667,23.895,1,0.0,0.16666666666666666,29,False,True
960945e1a9535cbc0cd6ddd35fbe7ae8,8290,sao paulo,SP,29,28,7,3,3381.73,479.8,28,28,2018-05-07 18:29:38,2018-08-26 10:08:49,4.642857142857143,28,0,-10.285714285714286,5.714285714285714,1.0357142857142858,120.77607142857143,17.135714285714286,0,0.0,0.0,110,False,True
c00396cbdd2e088fe4281baa5920aef1,83535,campo magro,PR,3,1,1,1,832.4100000000001,73.44,1,1,2018-04-04 14:36:46,2018-04-04 14:36:46,5.0,1,0,-10.0,12.0,3.0,832.4100000000001,73.44,0,0.0,0.0,0,False,True
8d92f3ea807b89465643c219455e7369,3052,sao paulo,SP,8,3,3,1,121.2,131.57,3,3,2017-01-25 16:38:10,2017-02-26 05:12:17,1.0,3,2,11.333333333333334,45.0,2.6666666666666665,40.4,43.85666666666666,3,0.6666666666666666,1.0,31,True,True
c52c644cc0dc85121207a27013efc6af,36325,tiradentes,MG,2,1,1,1,397.8,283.16,1,1,2018-08-10 14:19:56,2018-08-10 14:19:56,5.0,1,0,-5.0,7.0,2.0,397.8,283.16,0,0.0,0.0,0,False,True
7e26c750b4cb9f6766f58265ff9ebe95,30270,belo horizonte,MG,27,23,2,1,1344.3,388.88,23,23,2017-02-03 16:10:44,2017-10-13 12:42:33,4.434782608695652,23,0,-13.73913043478261,8.782608695652174,1.173913043478261,58.44782608695652,16.907826086956522,1,0.0,0.043478260869565216,251,False,True
5a8e7d5003a1f221f9e1d6e411de7c23,13076,campinas,SP,181,139,69,3,11171.9,2694.29,139,138,2016-10-04 22:03:46,2018-08-24 16:26:08,4.144927536231884,138,5,-12.072992700729927,9.751824817518248,1.3021582733812949,80.37338129496402,19.38338129496403,18,0.03597122302158273,0.12949640287769784,688,False,True
6d1b9c9579132c87d2703ec38c30f2c5,82515,curitiba,PR,4,4,3,2,299.69,67.7,4,4,2017-02-21 21:19:19,2017-07-01 12:32:51,4.5,4,0,-15.5,9.0,1.0,74.9225,16.925,0,0.0,0.0,129,False,True
20f0aeea30bc3b8c4420be8ced4226c0,13456,santa barbara d'oeste,SP,1,1,1,1,14.9,14.52,1,1,2017-02-05 19:13:56,2017-02-05 19:13:56,,0,1,13.0,44.0,1.0,14.9,14.52,0,1.0,0.0,0,False,True
575df70bde3f9f2b30bf8d2e9910d725,15075,sao jose do rio preto,SP,34,27,17,4,5410.05,753.37,27,27,2016-10-06 15:19:40,2018-08-14 19:32:48,4.074074074074074,27,1,-16.14814814814815,12.851851851851851,1.2592592592592593,200.37222222222223,27.902592592592594,4,0.037037037037037035,0.14814814814814814,677,False,True
5d3bb11474a06bdc23fb9e89f1164ee0,19804,assis,SP,32,31,10,6,3654.6,524.22,31,31,2017-07-05 21:58:22,2018-08-13 15:36:49,3.903225806451613,31,1,-13.419354838709678,9.387096774193548,1.032258064516129,117.89032258064516,16.91032258064516,5,0.03225806451612903,0.16129032258064516,403,False,True
c35affa65afd250151285c5917fc1c8a,8050,sao paluo,SP,9,9,9,1,5279.91,714.01,9,9,2017-11-04 17:06:18,2018-06-25 11:15:35,4.0,9,1,-7.125,17.125,1.0,586.6566666666666,79.33444444444444,2,0.1111111111111111,0.2222222222222222,232,False,True
e59e489e2ea74bd409b798b5daf49de3,87060,maringa,PR,5,3,3,1,495.0,86.76,3,3,2017-09-05 18:29:33,2018-05-01 15:58:00,1.6666666666666667,3,0,-11.0,14.666666666666666,1.6666666666666667,165.0,28.92,2,0.0,0.6666666666666666,237,True,True
7d948535954aaf8c5d39db007f74372e,11442,guaruja,SP,4,4,3,2,194.0,43.8,4,4,2017-07-02 18:28:14,2018-04-08 11:43:25,3.75,4,0,-9.25,5.25,1.0,48.5,10.95,1,0.0,0.25,279,False,True
c7b7db6c8f3c64a7cc1afa634db21d50,4367,sao paulo,SP,1,1,1,1,1489.0,22.86,1,1,2018-03-11 10:27:45,2018-03-11 10:27:45,1.0,1,1,16.0,33.0,1.0,1489.0,22.86,1,1.0,1.0,0,True,True
1352e06ae67b410cdae0b2a22361167b,26051,rio de janeiro,RJ,4,4,2,1,696.0,69.22,4,4,2017-04-07 18:12:59,2017-06-23 01:15:59,2.3333333333333335,3,2,2.5,33.5,1.0,174.0,17.305,2,0.5,0.5,76,False,True
3bb548e3cb7f70f28e3f11ee9dce0e59,87040,maringa,PR,53,46,22,1,7690.02,896.79,46,46,2017-03-05 14:10:40,2018-08-09 12:13:17,4.195652173913044,46,0,-17.58695652173913,10.478260869565217,1.1521739130434783,167.17434782608697,19.495434782608694,6,0.0,0.13043478260869565,521,False,True
ee2fbacc2fc3794e656cc4d933d59ce7,5061,sao paulo,SP,3,2,2,1,464.97,53.73,2,2,2018-08-07 14:05:50,2018-08-21 21:36:22,4.0,2,0,-13.5,6.5,1.5,232.485,26.865,0,0.0,0.0,14,False,True
522620dcb18a6b31cd7bdf73665113a9,85801,cascavel,PR,180,174,39,11,57168.49,4661.32,174,173,2016-10-03 09:44:50,2018-08-04 22:58:06,3.888235294117647,170,15,-13.75,14.88953488372093,1.0344827586206897,328.55454022988505,26.789195402298848,33,0.08620689655172414,0.1896551724137931,670,False,True
d32e3909cfb714fb2a6cb092c85b9c5f,13215,jundiai,SP,11,10,8,2,2827.9,251.0,10,10,2017-08-10 17:08:10,2018-04-25 10:36:34,3.5,10,2,-11.1,22.1,1.1,282.79,25.1,3,0.2,0.3,257,False,True
e5c84227854980f1db19a58958c551d9,83823,fazenda rio grande,PR,4,4,4,2,72.81,68.83,4,4,2018-07-26 16:14:02,2018-08-15 11:56:10,4.75,4,0,-10.25,9.75,1.0,18.2025,17.2075,0,0.0,0.0,19,False,True
ce7d1888639e6fb06b2749cbfdac1ff7,37443,baependi,MG,84,78,14,4,11793.89,3082.65,78,78,2017-08-12 20:33:46,2018-08-18 13:33:20,4.166666666666667,78,7,-12.192307692307692,14.076923076923077,1.0769230769230769,151.20371794871795,39.521153846153844,13,0.08974358974358974,0.16666666666666666,370,False,True
693660429f9dc4ff704eb3d88dad54d7,9170,santo andre,SP,2,2,1,1,124.0,24.119999999999997,2,2,2018-07-22 17:24:17,2018-07-23 17:01:07,4.0,2,0,-17.0,3.5,1.0,62.0,12.059999999999999,0,0.0,0.0,0,False,True
2cb4700db635baa1c0d4f90ed27b6669,81070,curitiba,PR,2,2,2,1,199.8,28.92,2,2,2017-03-15 23:15:28,2017-03-18 01:58:41,2.0,2,0,-29.0,16.0,1.0,99.9,14.46,1,0.0,0.5,2,True,True
a4b6b9b992b46e9ef863637af96e04bc,88090,florianopolis,SC,14,7,6,3,7147.0,305.36,7,7,2017-02-18 12:45:31,2017-07-01 13:23:05,3.2857142857142856,7,1,-10.5,17.666666666666668,2.0,1021.0,43.62285714285714,2,0.14285714285714285,0.2857142857142857,133,False,True
ff1e15b778c700abdd4d239b81ac466d,81260,curitiba,PR,7,7,2,2,414.3,114.86,7,7,2018-08-02 12:06:18,2018-08-21 18:42:15,4.571428571428571,7,0,-8.0,7.0,1.0,59.18571428571429,16.408571428571427,0,0.0,0.0,19,False,True
820c7c9eaf76d2b226b6c242bcf3f34d,4756,sao paulo,SP,1,1,1,1,559.0,18.0,1,1,2017-01-30 17:33:05,2017-01-30 17:33:05,4.0,1,0,-21.0,17.0,1.0,559.0,18.0,0,0.0,0.0,0,False,True
85d9eb9ddc5d00ca9336a2219c97bb13,31255,belo horizonte,MG,522,509,64,6,15415.24,8614.34,509,507,2016-10-06 09:07:52,2018-08-19 22:46:19,4.179841897233201,506,11,-15.691382765531062,14.168336673346694,1.0255402750491158,30.285343811394892,16.924047151277016,53,0.021611001964636542,0.10412573673870335,682,False,True
a673821011d0cec28146ea42f5ab767f,3809,sao paulo,SP,146,129,53,7,13863.69,2626.45,129,128,2017-02-27 19:54:44,2018-08-22 01:35:54,3.9838709677419355,124,13,-9.136,12.432,1.1317829457364341,107.47046511627907,20.360077519379843,23,0.10077519379844961,0.17829457364341086,540,False,True
ebe3dabc4955c9b0d695e7bda38bf5c3,14085,ribeirao preto,SP,1,1,1,1,55.0,11.89,1,1,2018-02-20 15:22:53,2018-02-20 15:22:53,3.0,1,1,4.0,23.0,1.0,55.0,11.89,0,1.0,0.0,0,False,True
ca7c6bd577e559472af1c699de9e764e,9812,sao bernardo do campo,SP,8,6,1,1,148.0,70.82,6,6,2018-03-22 11:49:41,2018-04-04 13:47:39,4.333333333333333,6,0,-8.333333333333334,4.333333333333333,1.3333333333333333,24.666666666666668,11.803333333333333,1,0.0,0.16666666666666666,13,False,True
c8b3445d737de6befde0c88ede534a5e,5734,sao paulo,SP,36,30,7,2,3149.04,651.75,30,30,2017-11-17 10:26:28,2018-06-27 09:21:40,4.433333333333334,30,1,-11.833333333333334,11.3,1.2,104.968,21.725,2,0.03333333333333333,0.06666666666666667,221,False,True
eb5b6204dde3a6e03b5f1bb8479f055b,6900,embu guacu,SP,21,19,8,5,452.2,275.13,19,19,2017-12-16 19:22:08,2018-06-11 22:12:41,3.9473684210526314,19,1,-13.263157894736842,10.052631578947368,1.105263157894737,23.8,14.480526315789474,2,0.05263157894736842,0.10526315789473684,177,False,True
4a5b36211b1f51bf7eaa5c10a57fa483,24445,sao goncalo,RJ,1,1,1,1,139.19,16.07,1,1,2018-08-05 21:20:52,2018-08-05 21:20:52,5.0,1,0,-8.0,4.0,1.0,139.19,16.07,0,0.0,0.0,0,False,True
2e1a7d075abe038c1b2743005fe42ff1,3461,sao paulo,SP,23,19,13,2,1396.7,353.85,19,18,2017-08-25 15:24:46,2018-08-01 09:43:22,4.052631578947368,19,3,-7.388888888888889,11.944444444444445,1.2105263157894737,73.51052631578948,18.623684210526317,4,0.15789473684210525,0.21052631578947367,340,False,True
973f21788dfab357250f69a8dcb7ddee,35530,claudio,MG,21,10,10,1,909.0,536.65,10,10,2017-01-25 15:47:27,2018-06-25 16:20:24,2.0,10,5,-2.5555555555555554,23.333333333333332,2.1,90.9,53.665,7,0.5,0.7,516,True,True
ba89796db68db180bd389de96b2ff3b6,5763,sao paulo,SP,2,2,2,2,309.8,43.46,2,2,2018-07-13 13:42:50,2018-07-29 10:00:52,5.0,2,0,-11.5,8.5,1.0,154.9,21.73,0,0.0,0.0,15,False,True
b9ec22de23f18567de0e09d776ca0309,72318,brasilia,DF,2,2,2,1,341.98,40.49,2,2,2018-06-22 14:30:06,2018-08-14 23:20:29,5.0,2,0,-27.5,6.0,1.0,170.99,20.245,0,0.0,0.0,53,False,True
79ee721b6f766066a80264402548d359,17011,bauru,SP,2,2,1,1,538.0,30.36,2,2,2017-02-01 15:21:50,2017-02-13 18:32:55,1.0,2,0,,,1.0,269.0,15.18,2,0.0,1.0,12,True,True
11bfa66332777660bd0640ee84d47006,14085,ribeirao preto,SP,102,76,40,2,3925.87,1682.67,76,76,2017-09-06 20:20:25,2018-08-23 10:27:06,3.9210526315789473,76,11,-9.052631578947368,16.07894736842105,1.3421052631578947,51.65618421052631,22.140394736842104,17,0.14473684210526316,0.2236842105263158,350,False,True
7d484ca289afaac6bf5fc6a1e96d2226,79104,campo grande,MS,2,2,2,1,183.2,65.22,2,2,2018-08-05 13:27:49,2018-08-17 19:54:09,4.0,2,0,-2.5,12.0,1.0,91.6,32.61,0,0.0,0.0,12,False,True
5160d23075764e18e07c1f4a87fad743,9720,sao bernardo do campo,SP,39,34,29,1,2429.0,486.42,34,33,2017-08-14 18:37:59,2017-12-05 09:35:38,4.382352941176471,34,0,-9.969696969696969,8.878787878787879,1.1470588235294117,71.44117647058823,14.306470588235294,3,0.0,0.08823529411764706,112,False,True
3a1a1fec38dd360f15fc912e821e169d,2451,sao paulo,SP,15,15,12,1,2007.38,371.25,15,15,2017-10-28 12:12:48,2018-05-05 16:21:56,3.8666666666666667,15,4,-5.2,14.133333333333333,1.0,133.82533333333333,24.75,3,0.26666666666666666,0.2,189,False,True
141440cad9341e553f8401c574a2aa38,85200,pitanga,PR,12,11,9,2,1288.2,290.8,11,11,2018-05-01 12:22:52,2018-08-14 02:08:11,4.454545454545454,11,0,-21.818181818181817,6.2727272727272725,1.0909090909090908,117.10909090909091,26.436363636363637,1,0.0,0.09090909090909091,104,False,True
05aebce0b5c8f0d41b29b686f2d05fd3,3962,sao paulo,SP,2,2,2,2,74.99000000000001,45.89,2,2,2018-03-05 16:24:44,2018-08-10 16:15:34,5.0,2,0,-2.5,5.5,1.0,37.495000000000005,22.945,0,0.0,0.0,157,False,True
dd39ad39b5d3df33037e141c72497ba6,4282,sao paulo,SP,2,2,2,2,135.8,29.049999999999997,2,2,2017-05-03 10:35:16,2017-06-10 22:07:50,5.0,2,0,-19.0,8.0,1.0,67.9,14.524999999999999,0,0.0,0.0,38,False,True
695051e2981c8b19e77cafe450d5bdf3,6276,osasco,SP,1,1,1,0,169.76,12.69,1,1,2017-12-08 12:19:26,2017-12-08 12:19:26,5.0,1,0,-8.0,20.0,1.0,169.76,12.69,0,0.0,0.0,0,False,True
dd55f1bb788714a40e7954c3be6df745,1021,sao paulo,SP,37,35,10,7,7041.759999999999,659.42,35,35,2017-11-10 09:22:13,2018-07-16 19:20:36,3.742857142857143,35,6,-9.342857142857143,17.82857142857143,1.0571428571428572,201.19314285714285,18.840571428571426,7,0.17142857142857143,0.2,248,False,True
ae7ab174effdead6c241e547e4ca13f0,86703,arapongas,PR,7,6,5,1,2778.6,795.46,6,6,2018-06-11 10:22:49,2018-08-11 19:14:29,4.333333333333333,6,0,-11.166666666666666,9.166666666666666,1.1666666666666667,463.09999999999997,132.57666666666668,1,0.0,0.16666666666666666,61,False,True
9d7a1d34a5052409006425275ba1c2b4,14403,franca,SP,16,13,12,4,1054.82,277.05,13,13,2017-07-17 16:18:44,2018-08-20 19:58:51,4.384615384615385,13,1,-12.076923076923077,13.923076923076923,1.2307692307692308,81.14,21.31153846153846,1,0.07692307692307693,0.07692307692307693,399,False,True
8c351ed7c326c62123318f4f3246e906,11701,praia grande,SP,2,2,1,1,114.9,35.76,2,2,2017-12-27 09:08:17,2018-08-18 23:03:24,5.0,2,0,-14.5,9.5,1.0,57.45,17.88,0,0.0,0.0,234,False,True
dc4a0fc896dc34b0d5bfec8438291c80,14940,ibitinga,SP,249,231,167,4,24180.77,4614.32,231,230,2017-02-04 21:27:04,2018-08-20 12:55:19,3.779220779220779,231,15,-11.422222222222222,13.373333333333333,1.077922077922078,104.678658008658,19.975411255411252,50,0.06493506493506493,0.21645021645021645,561,False,True
3a4127e1ba7208ea37044c5092aae170,8226,sao paulo,SP,6,6,3,2,2219.6,91.35000000000001,6,6,2018-04-19 07:58:35,2018-08-16 19:28:02,3.5,6,0,-13.8,11.4,1.0,369.93333333333334,15.225000000000001,2,0.0,0.3333333333333333,119,False,True
7c4402417d51474d4d0cda9557340e40,9530,sao caetano do sul,SP,1,1,1,1,119.9,27.69,1,1,2017-05-08 16:31:38,2017-05-08 16:31:38,5.0,1,0,-28.0,7.0,1.0,119.9,27.69,0,0.0,0.0,0,False,True
b9ca8e8baa5d4aa038394a700f63e69f,3001,sao paulo,SP,14,14,8,3,1289.77,388.18,14,14,2018-04-23 14:23:32,2018-08-28 12:38:17,4.214285714285714,14,1,-9.071428571428571,9.214285714285714,1.0,92.12642857142858,27.72714285714286,1,0.07142857142857142,0.07142857142857142,126,False,True
3968920b9aa752ab98f7d5888c9252f2,17056,bauru,SP,10,8,8,4,523.3,157.71,8,8,2018-05-03 19:10:38,2018-08-06 16:19:52,3.875,8,1,-12.25,9.125,1.25,65.4125,19.71375,2,0.125,0.25,94,False,True
9b522ba7eae9e1d04082f267144583cc,4843,sao paulo,SP,6,4,3,2,1507.6,148.05,4,4,2017-05-17 18:00:42,2018-04-10 21:00:52,4.25,4,1,23.666666666666668,39.666666666666664,1.5,376.9,37.0125,0,0.25,0.0,328,False,True
539ed9e19811677513447759be5eccfc,31520,belo horizonte,MG,2,2,2,1,32.83,31.09,2,2,2018-06-16 18:52:33,2018-08-26 11:44:34,3.0,2,0,-16.0,4.5,1.0,16.415,15.545,1,0.0,0.5,70,False,True
e26901d5ab434ce92fd9b5c256820a4e,9350,maua,SP,221,202,16,6,11990.9,2947.98,202,201,2017-01-30 15:32:24,2017-09-12 22:47:46,4.123762376237623,202,3,-13.47715736040609,8.781725888324873,1.0940594059405941,59.36089108910891,14.593960396039604,25,0.01485148514851485,0.12376237623762376,225,False,True
9d5604a1f112324ad6b2aa552122e0fb,88075,florianopolis,SP,17,13,3,1,421.5,340.48,13,13,2017-11-14 22:00:16,2018-08-19 21:37:17,3.5384615384615383,13,0,-14.23076923076923,12.0,1.3076923076923077,32.42307692307692,26.19076923076923,4,0.0,0.3076923076923077,277,False,True
a6fe7de3d16f6149ffe280349a8535a0,14401,franca,SP,52,51,12,1,2904.7999999999997,742.62,51,51,2017-07-11 19:38:14,2018-08-06 19:25:14,3.98,50,6,-9.34,14.48,1.0196078431372548,56.956862745098036,14.561176470588235,9,0.11764705882352941,0.17647058823529413,390,False,True
aac29b1b99776be73c3049939652091d,38408,uberlandia,MG,138,98,14,7,6755.91,2709.61,98,98,2017-01-25 12:48:49,2018-08-08 17:52:59,4.09375,96,9,-10.76595744680851,14.48936170212766,1.4081632653061225,68.93785714285714,27.64908163265306,11,0.09183673469387756,0.11224489795918367,560,False,True
54a1852d1b8f10312c55e906355666ee,13456,santa barbara d'oeste,SP,204,200,47,7,17226.44,3387.96,200,197,2017-01-12 12:01:14,2018-08-21 19:49:42,4.326633165829146,199,15,-10.974747474747474,11.05050505050505,1.02,86.1322,16.9398,18,0.075,0.09,586,False,True
88ae906ea2acf6971f26c3e8b7cb4357,1550,sao paulo,SP,3,3,1,1,246.0,42.01,3,3,2018-04-27 14:42:36,2018-05-11 14:39:15,3.3333333333333335,3,1,-2.0,14.666666666666666,1.0,82.0,14.003333333333332,0,0.3333333333333333,0.0,13,False,True
bba8d0c234a52b87b3957037a215d1a4,74343,goiania,GO,1,1,1,1,120.0,19.53,1,1,2018-05-04 19:24:09,2018-05-04 19:24:09,5.0,1,0,-10.0,23.0,1.0,120.0,19.53,0,0.0,0.0,0,False,True
c826c40d7b19f62a09e2d7c5e7295ee2,7133,guarulhos,SP,373,354,17,1,45643.74,5573.48,354,354,2017-08-27 13:02:01,2018-08-27 15:21:15,4.079545454545454,352,26,-9.852601156069364,12.84393063583815,1.0536723163841808,128.9371186440678,15.744293785310733,55,0.07344632768361582,0.1553672316384181,365,False,True
a425f92c199eb576938df686728acd20,81050,curitiba,PR,19,17,18,5,1165.8,308.95,17,16,2016-09-05 00:15:34,2018-07-30 12:02:51,4.294117647058823,17,0,-15.25,16.6875,1.1176470588235294,68.5764705882353,18.173529411764704,3,0.0,0.17647058823529413,693,False,True
3c3017960b2dbd72711a61f0400aab8f,89251,jaragua do sul,SC,10,10,4,2,968.8000000000001,254.09,10,10,2017-01-21 11:43:35,2017-04-05 17:01:38,4.0,10,0,-21.333333333333332,11.88888888888889,1.0,96.88000000000001,25.409,2,0.0,0.2,74,False,True
ab9db4cf53b08b828b64dccaafc2d9f0,96530,paraiso do sul,RS,5,5,4,3,277.67,125.76,5,5,2017-05-18 17:35:59,2018-07-19 14:24:09,4.2,5,0,-19.5,11.25,1.0,55.534000000000006,25.152,1,0.0,0.2,426,False,True
113e3a788b935f48aad63e1c41dac1bd,12570,aparecida,SP,48,39,28,1,847.35,686.6,39,39,2017-07-22 13:30:25,2018-08-17 08:59:55,4.315789473684211,38,2,-15.0,12.717948717948717,1.2307692307692308,21.72692307692308,17.605128205128207,2,0.05128205128205128,0.05128205128205128,390,False,True
94c49f20a123aeb9360dbf80ff912bf6,18015,sorocaba,SP,3,3,2,2,277.75,61.540000000000006,3,3,2017-05-22 11:12:38,2017-06-05 16:01:12,3.6666666666666665,3,0,-13.666666666666666,13.666666666666666,1.0,92.58333333333333,20.513333333333335,1,0.0,0.3333333333333333,14,False,True
1ca4bdb0cd7fc48e949bac066188ed26,36773,cataguases,MG,4,4,1,1,1520.0,443.08,4,4,2018-03-22 14:08:52,2018-07-30 13:00:56,4.5,4,1,-10.666666666666666,14.0,1.0,380.0,110.77,0,0.25,0.0,129,False,True
d12c926d74ceff0a90a21184466ce161,2634,sao paulo,SP,99,78,30,8,3944.18,1248.64,78,77,2016-10-06 23:21:10,2018-05-13 22:20:16,4.346153846153846,78,1,-14.631578947368421,8.289473684210526,1.2692307692307692,50.56641025641026,16.008205128205127,6,0.01282051282051282,0.07692307692307693,583,False,True
71dc18fd8cbf5fd77f45dd8b427abb34,82520,curitiba,PR,9,4,1,1,1080.0,149.4,4,4,2017-02-14 12:56:01,2017-12-13 23:56:00,5.0,4,0,-19.0,10.25,2.25,270.0,37.35,0,0.0,0.0,302,False,True
b43d8b707f887a30f4675391098354a0,44600,ipira,SP,4,3,3,2,1342.0,184.76,3,3,2018-04-07 23:06:26,2018-07-22 19:49:25,3.0,3,1,-5.333333333333333,24.0,1.3333333333333333,447.3333333333333,61.586666666666666,1,0.3333333333333333,0.3333333333333333,105,False,True
f235413f677777a0738ff215d0184901,17250,bariri,SP,3,3,2,1,1696.7,91.64,3,3,2017-01-16 18:36:49,2017-02-22 16:10:31,3.6666666666666665,3,0,-33.0,5.5,1.0,565.5666666666667,30.546666666666667,1,0.0,0.3333333333333333,36,False,True
985c92cc412091f8529c12d7f23d3fef,36300,sao joao del rei,MG,12,12,9,1,1368.5,238.13,12,12,2018-05-04 13:31:43,2018-08-20 21:03:23,4.75,12,0,-14.0,7.0,1.0,114.04166666666667,19.844166666666666,0,0.0,0.0,108,False,True
038b75b729c8a9a04b0d07cba7eabe86,12231,sao jose dos campos,SP,2,2,1,1,467.0,90.85,2,2,2018-04-20 12:29:17,2018-04-22 18:42:38,3.5,2,1,-1.5,22.5,1.0,233.5,45.425,0,0.5,0.0,2,False,True
a4b8d97cd5d3674eeff96abc99d8ed67,13177,sumare,SP,1,1,1,1,214.08,19.3,1,1,2018-06-13 12:16:02,2018-06-13 12:16:02,1.0,1,0,-16.0,6.0,1.0,214.08,19.3,1,0.0,1.0,0,True,True
ffad1e7127fb622cb64a900751590acd,13465,americana,SP,15,10,8,2,884.3,206.53,10,9,2018-03-13 14:21:08,2018-07-14 17:40:59,4.8,10,0,-11.8,7.2,1.5,88.42999999999999,20.653,0,0.0,0.0,123,False,True
594f9aaa48e5bf431f011ddc5669b0d5,32185,contagem,MG,38,37,24,5,3248.8,887.61,37,37,2018-04-26 08:51:45,2018-08-27 23:31:47,4.594594594594595,37,1,-13.72972972972973,7.45945945945946,1.027027027027027,87.80540540540541,23.98945945945946,1,0.02702702702702703,0.02702702702702703,123,False,True
eba88037e1dca898cd02881f67ced679,3647,sao paulo,SP,6,6,4,1,838.1,93.47,6,6,2017-04-26 14:18:33,2018-03-10 17:32:15,4.333333333333333,6,1,-10.166666666666666,10.833333333333334,1.0,139.68333333333334,15.578333333333333,1,0.16666666666666666,0.16666666666666666,318,False,True
01ed254b9ff8407dfb9d99ba1e17d923,8710,mogi das cruzes,SP,5,5,2,1,1465.99,67.72,5,5,2017-08-04 10:33:43,2017-11-08 20:24:38,5.0,5,0,-17.0,6.4,1.0,293.198,13.544,0,0.0,0.0,96,False,True
f7ccf836d21b2fb1de37564105216cc1,14940,ibitinga,SP,74,70,23,2,2787.4,1123.04,70,70,2017-12-08 13:53:26,2018-08-19 22:12:22,3.8088235294117645,68,5,-9.0,10.81159420289855,1.0571428571428572,39.82,16.04342857142857,14,0.07142857142857142,0.2,254,False,True
7e3f87d16fb353f408d467e74fbd8014,4809,sao paulo,SP,94,92,20,6,4754.99,1438.71,92,92,2017-06-29 10:43:25,2018-08-26 11:59:34,4.130434782608695,92,6,-10.373626373626374,12.197802197802197,1.0217391304347827,51.684673913043476,15.638152173913044,11,0.06521739130434782,0.11956521739130435,423,False,True
9140bd1d9de28b197dce077bdd687438,13900,amparo,SP,8,6,5,1,1258.87,184.06,6,6,2018-05-21 21:49:55,2018-08-10 10:10:06,4.166666666666667,6,0,-8.5,5.666666666666667,1.3333333333333333,209.81166666666664,30.676666666666666,0,0.0,0.0,80,False,True
a2b911e9ad40dc7d61c142a4683e2d85,27353,barra mansa,RJ,1,1,1,1,85.9,34.4,1,1,2017-05-10 17:44:55,2017-05-10 17:44:55,5.0,1,0,-16.0,12.0,1.0,85.9,34.4,0,0.0,0.0,0,False,True
a56e351445e5863fc8960640ba9190c7,88306,itajai,SC,4,3,2,2,760.9200000000001,65.06,3,3,2018-04-06 21:36:54,2018-04-27 14:04:53,4.333333333333333,3,0,-7.666666666666667,11.0,1.3333333333333333,253.64000000000001,21.686666666666667,0,0.0,0.0,20,False,True
bb135baca94c82fcb731335ad5b04a03,4362,sao paulo,SP,38,18,16,4,1049.8,472.88,18,17,2017-01-21 06:58:31,2018-08-11 16:39:54,3.0555555555555554,18,0,-19.444444444444443,8.944444444444445,2.111111111111111,58.32222222222222,26.27111111111111,7,0.0,0.3888888888888889,567,False,True
a353b1083c9863d756d9404695016d64,29150,cariacica,ES,1,1,1,1,120.0,17.09,1,1,2017-12-07 23:37:37,2017-12-07 23:37:37,5.0,1,0,-8.0,20.0,1.0,120.0,17.09,0,0.0,0.0,0,False,True
b56828a9f9027f3c918c04ca720d9e3c,11707,praia grande,SP,3,3,2,1,360.0,111.61000000000001,3,3,2017-10-03 14:05:27,2018-05-02 12:17:02,2.6666666666666665,3,1,-9.333333333333334,16.666666666666668,1.0,120.0,37.20333333333334,1,0.3333333333333333,0.3333333333333333,210,False,True
6e0908ef4d4efadbc3cc2b74ea477cb0,20910,rio de janeiro,RJ,11,8,5,1,589.4499999999999,160.82999999999998,8,8,2017-02-05 17:06:00,2017-09-01 16:11:40,3.75,8,1,-12.375,11.75,1.375,73.68124999999999,20.103749999999998,2,0.125,0.25,207,False,True
5d9f3746e112e696f98ea22c56b3e912,3171,sao paulo,SP,1,1,1,1,1322.64,47.77,1,1,2018-07-24 17:36:19,2018-07-24 17:36:19,5.0,1,0,-17.0,7.0,1.0,1322.64,47.77,0,0.0,0.0,0,False,True
c8143b3069f6746a77421b5ce30a450c,75345,abadia de goias,GO,1,1,1,1,142.47,43.41,1,1,2017-07-02 13:10:36,2017-07-02 13:10:36,5.0,1,0,-7.0,24.0,1.0,142.47,43.41,0,0.0,0.0,0,False,True
f5f46307a4d15880ca14fab4ad9dfc9b,89165,rio do sul,SC,10,9,6,3,1422.94,231.38,9,9,2017-07-12 14:37:58,2017-11-29 21:51:19,4.111111111111111,9,1,-11.11111111111111,12.88888888888889,1.1111111111111112,158.10444444444445,25.70888888888889,1,0.1111111111111111,0.1111111111111111,140,False,True
58c851d1a3c7cd3da329eb59453fed44,13504,rio claro,SP,2,2,1,1,268.99,24.270000000000003,2,2,2018-08-10 16:25:13,2018-08-21 20:57:32,5.0,2,0,-11.5,4.5,1.0,134.495,12.135000000000002,0,0.0,0.0,11,False,True
4830e40640734fc1c52cd21127c341d4,3573,sao paulo,SP,219,210,54,9,9843.47,3126.55,210,210,2017-07-25 17:24:33,2018-08-27 17:32:01,4.148325358851674,209,10,-11.142156862745098,9.563725490196079,1.042857142857143,46.873666666666665,14.888333333333334,26,0.047619047619047616,0.12380952380952381,398,False,True
dbb9b48c841a0e39e21f98e1a6b2ec3e,3929,sao paulo,SP,118,108,55,10,7186.85,1581.41,108,108,2017-01-11 10:24:36,2018-06-26 18:51:12,4.268518518518518,108,4,-11.87962962962963,9.324074074074074,1.0925925925925926,66.54490740740741,14.642685185185186,12,0.037037037037037035,0.1111111111111111,531,False,True
8fb67a334bacec338885b4e9e1708073,85905,toledo,PR,1,1,1,1,59.9,38.52,1,1,2018-07-15 12:57:04,2018-07-15 12:57:04,5.0,1,0,-11.0,8.0,1.0,59.9,38.52,0,0.0,0.0,0,False,True
c6a7539d424a8402232c2228d7a03c5e,3191,sao paulo,SP,15,10,1,1,607.5,393.82,10,10,2017-09-05 13:30:15,2018-05-22 22:39:03,3.1,10,1,-10.2,13.7,1.5,60.75,39.382,4,0.1,0.4,259,False,True
72c5da29406b4234927b81855e7b64f6,7077,guarulhos,SP,31,31,6,2,11798.69,853.78,31,31,2018-04-07 17:15:59,2018-08-26 20:32:14,4.129032258064516,31,1,-16.580645161290324,10.258064516129032,1.0,380.6029032258065,27.541290322580643,4,0.03225806451612903,0.12903225806451613,141,False,True
e83c76265fc54bf41eac728805e4da77,16074,aracatuba,SP,8,8,3,1,237.29999999999998,99.19,8,8,2017-02-10 17:43:20,2017-05-08 09:08:43,3.625,8,1,10.25,32.125,1.0,29.662499999999998,12.39875,1,0.125,0.125,86,False,True
a72f15980dc3e9bfd1a49ac9b2f3af65,17512,marilia,SP,1,1,1,1,89.9,18.73,1,1,2018-07-25 16:18:46,2018-07-25 16:18:46,4.0,1,0,-14.0,5.0,1.0,89.9,18.73,0,0.0,0.0,0,False,True
ad738d3fcf42655ed15c4960b7b6c601,93425,novo hamburgo,RS,1,1,1,1,65.0,15.89,1,1,2017-05-21 23:42:14,2017-05-21 23:42:14,1.0,1,0,,,1.0,65.0,15.89,1,0.0,1.0,0,True,True
0ed6ce5d87fd9c69eaacaeb778d67235,13473,americana,SP,43,43,26,4,2141.42,687.83,43,43,2017-10-05 17:40:46,2018-08-21 11:40:08,4.404761904761905,42,6,-12.785714285714286,15.547619047619047,1.0,49.80046511627907,15.996046511627908,2,0.13953488372093023,0.046511627906976744,319,False,True
00d8b143d12632bad99c0ad66ad52825,30170,belo horizonte,MG,1,1,1,1,86.0,51.1,1,1,2018-03-21 11:17:37,2018-03-21 11:17:37,5.0,1,0,-22.0,7.0,1.0,86.0,51.1,0,0.0,0.0,0,False,True
fedf2c1386e137f296b3bbf3b635e69d,3410,sao paulo,SP,5,2,2,2,131.74,79.16,2,2,2018-02-28 09:08:07,2018-05-23 20:01:45,3.5,2,0,-18.5,10.0,2.5,65.87,39.58,1,0.0,0.5,84,False,True
8bdd8e3fd58bafa48af76b2c5fd71974,1552,sao paulo,SP,11,11,5,1,2324.82,190.73,11,11,2018-01-12 20:53:30,2018-08-05 14:50:57,4.545454545454546,11,1,-12.11111111111111,10.0,1.0,211.34727272727275,17.33909090909091,1,0.09090909090909091,0.09090909090909091,204,False,True
4391ea5c5990502176a1dcda44a2373d,91910,porto alegre,RS,5,3,3,2,2349.0,135.3,3,3,2017-10-15 19:48:23,2018-05-16 10:02:45,4.666666666666667,3,0,-17.0,11.333333333333334,1.6666666666666667,783.0,45.1,0,0.0,0.0,212,False,True
38e6dada03429a47197d5d584d793b41,4763,sao paulo,SP,12,7,8,1,596.14,206.91,7,6,2017-09-06 19:27:08,2017-10-29 11:59:16,4.428571428571429,7,0,-11.142857142857142,9.714285714285714,1.7142857142857142,85.16285714285713,29.55857142857143,1,0.0,0.14285714285714285,52,False,True
6973a06f484aacf400ece213dbf3d946,12230,sao jose dos campos,SP,115,95,13,1,11011.05,1363.57,95,94,2018-01-22 15:14:12,2018-07-03 23:02:29,3.5638297872340425,94,13,-7.617977528089888,14.48314606741573,1.2105263157894737,115.90578947368421,14.35336842105263,25,0.1368421052631579,0.2631578947368421,162,False,True
e83e93b71371817b11d78a63ff156aee,6409,barueri,SP,3,2,2,1,286.0,87.38000000000001,2,2,2017-02-07 20:31:37,2017-04-09 15:32:33,4.5,2,0,-10.0,15.0,1.5,143.0,43.690000000000005,0,0.0,0.0,60,False,True
9bade61a92bed55a25d2b67b9f4ed739,83005,sao jose dos pinhais,PR,3,2,1,1,117.68,57.12,2,2,2018-03-07 16:42:57,2018-03-29 11:34:59,3.0,2,0,-18.5,9.5,1.5,58.84,28.56,1,0.0,0.5,21,False,True
6c6cc59a5c00cacc5054ca06d65cc282,97110,santa maria,RS,1,1,1,1,1107.0,148.71,1,1,2018-08-11 12:14:35,2018-08-11 12:14:35,5.0,1,0,-17.0,9.0,1.0,1107.0,148.71,0,0.0,0.0,0,False,True
c6381b1321d7d97717a5bb4ed5b77882,4276,sao paulo,SP,3,2,3,2,66.0,34.01,2,2,2018-07-09 20:42:03,2018-08-09 23:19:46,3.0,2,0,-6.5,4.0,1.5,33.0,17.005,1,0.0,0.5,31,False,True
d29ba1220fb8634fa3a107e54497b8a4,13560,sao carlos,SP,9,9,7,1,724.94,182.92000000000002,9,9,2018-04-15 17:04:07,2018-08-15 21:17:21,3.2222222222222223,9,0,-13.11111111111111,6.0,1.0,80.5488888888889,20.324444444444445,3,0.0,0.3333333333333333,122,False,True
226b05fe067266c59c15dae208213d06,81520,curitiba,PR,11,10,8,1,1056.9,188.68,10,10,2018-03-08 23:14:39,2018-04-12 16:01:28,4.5,10,0,-13.5,9.5,1.1,105.69000000000001,18.868000000000002,1,0.0,0.1,34,False,True
578460d8319c51dab351cd9db95eadfe,74550,goiania,GO,1,1,1,0,235.0,35.45,1,1,2017-08-21 15:01:40,2017-08-21 15:01:40,3.0,1,0,,,1.0,235.0,35.45,0,0.0,0.0,0,False,True
328acb143b4a73aad6bee8e734f5d20d,85865,foz do iguacu,PR,2,2,2,2,699.98,34.769999999999996,2,2,2017-02-06 13:51:28,2017-02-10 14:49:23,4.0,2,0,-17.0,11.5,1.0,349.99,17.384999999999998,0,0.0,0.0,4,False,True
788f22bafdd7ab0e1e79f19db72f16a4,4137,sao paulo,SP,2,2,2,2,125.80000000000001,26.240000000000002,2,2,2018-08-16 15:46:02,2018-08-21 22:02:04,4.5,2,0,-6.0,3.0,1.0,62.900000000000006,13.120000000000001,0,0.0,0.0,5,False,True
86ff3eaef0267069cc891a2ed9d10a17,88135,palhoca,SC,7,7,7,2,409.75,140.61,7,7,2018-04-17 15:19:13,2018-07-08 21:08:26,4.714285714285714,7,0,-17.285714285714285,8.428571428571429,1.0,58.535714285714285,20.087142857142858,0,0.0,0.0,82,False,True
5f7300535881cef3b625fd683cf7d145,92020,canoas,RS,11,10,7,1,665.98,170.85,10,10,2017-10-15 23:06:38,2018-07-22 21:51:37,4.4,10,0,-13.8,8.3,1.1,66.598,17.085,1,0.0,0.1,279,False,True
0cbcee27c791afa0cdcb08587a2013a8,37410,tres coracoes,MG,41,39,13,3,5324.15,817.16,39,39,2016-10-09 15:39:56,2018-07-14 18:39:58,3.8461538461538463,39,4,-15.342105263157896,12.736842105263158,1.0512820512820513,136.51666666666665,20.952820512820512,7,0.10256410256410256,0.1794871794871795,643,False,True
20611af7866c6068fd5ae1f9dbe15c92,13660,porto ferreira,SP,2,2,2,2,219.8,114.5,2,2,2018-07-14 20:11:04,2018-07-16 09:04:15,4.5,2,0,-13.5,8.0,1.0,109.9,57.25,0,0.0,0.0,1,False,True
1fa2d3def6adfa70e58c276bb64fe5bb,4106,sao paulo,SP,1,1,1,1,6.9,9.0,1,1,2018-08-24 13:04:05,2018-08-24 13:04:05,1.0,1,0,-36.0,6.0,1.0,6.9,9.0,1,0.0,1.0,0,True,True
3d2531eccfbde1d7c8db7a3a12fb267a,31340,contagem,MG,10,10,2,1,1999.54,213.06,10,10,2018-04-24 10:19:45,2018-08-19 18:34:21,4.222222222222222,9,0,-14.0,9.6,1.0,199.954,21.306,1,0.0,0.1,117,False,True
fcdd820084f17e9982427971e4e9d47f,14075,ribeirao preto,SP,27,16,5,2,4783.99,881.75,16,16,2018-03-07 15:15:15,2018-08-17 11:15:25,3.9375,16,2,-15.875,12.1875,1.6875,298.999375,55.109375,3,0.125,0.1875,162,False,True
d8dd176509baa37f359644d082bf7f7b,9570,sao caetano do sul,SP,2,2,1,1,198.0,31.9,2,2,2017-11-16 13:02:20,2017-11-25 11:34:38,1.5,2,2,10.0,30.0,1.0,99.0,15.95,2,1.0,1.0,8,True,True
cb5ff1b9715e99589f3e0c7a6afab9e3,87060,maringa,PR,4,4,2,1,85.0,54.03,4,4,2018-08-02 12:05:14,2018-08-21 15:22:16,4.0,4,0,-12.25,5.5,1.0,21.25,13.5075,0,0.0,0.0,19,False,True
9b1f656ca3060f8af17a50d8a024b533,11013,santos,SP,2,2,2,2,41.0,47.68,2,2,2018-07-25 12:32:23,2018-08-22 21:26:03,5.0,2,1,-6.5,16.0,1.0,20.5,23.84,0,0.5,0.0,28,False,True
43a5d4a57af536fddc96d08be3afdfcb,37006,varginha,MG,1,1,1,1,75.0,24.83,1,1,2017-06-14 20:17:04,2017-06-14 20:17:04,1.0,1,0,-18.0,11.0,1.0,75.0,24.83,1,0.0,1.0,0,True,True
b1a81260566c1bac3114a6d124413f27,99500,carazinho,RS,54,51,26,4,8684.69,1565.51,51,49,2018-03-11 10:24:44,2018-08-17 15:57:10,4.2745098039215685,51,0,-16.235294117647058,8.07843137254902,1.0588235294117647,170.2880392156863,30.69627450980392,7,0.0,0.13725490196078433,159,False,True
080199a181c46c657dc5aa235411be3b,6097,osasco,SP,83,79,40,1,14504.2,1040.68,79,79,2017-09-20 05:02:16,2018-08-24 11:43:17,4.615384615384615,78,1,-9.632911392405063,7.6075949367088604,1.0506329113924051,183.5974683544304,13.173164556962027,1,0.012658227848101266,0.012658227848101266,338,False,True
cca3071e3e9bb7d12640c9fbe2301306,14940,ibitinga,SP,830,712,322,6,64009.89,14371.4,712,700,2016-10-03 22:06:03,2018-08-22 22:53:19,3.8414285714285716,700,34,-14.852646638054363,13.656652360515022,1.1657303370786516,89.9015308988764,20.184550561797753,142,0.047752808988764044,0.199438202247191,688,False,True
788e857f317e53de488d393e65a80f45,8280,sao paulo,SP,11,11,4,1,1210.0,184.95000000000002,11,11,2018-05-28 16:37:29,2018-08-22 11:16:54,4.909090909090909,11,0,-13.818181818181818,6.909090909090909,1.0,110.0,16.813636363636366,0,0.0,0.0,85,False,True
d51e0a403fe2e689ece6c73359d96e12,17580,pompeia,SP,26,19,5,1,7790.0,673.02,19,19,2017-08-21 15:49:41,2018-07-25 11:49:46,4.105263157894737,19,2,-14.833333333333334,13.555555555555555,1.368421052631579,410.0,35.422105263157896,2,0.10526315789473684,0.10526315789473684,337,False,True
b080809eaacb49e5ca07290981472431,30431,belo horizonte,MG,11,11,6,1,424.0,143.4,11,11,2017-02-24 17:04:27,2018-05-15 08:48:09,4.818181818181818,11,0,-10.363636363636363,10.0,1.0,38.54545454545455,13.036363636363637,0,0.0,0.0,444,False,True
7f7b8245c336066a1f9933c359f11d77,13800,mogi mirim,SP,43,38,12,8,2094.36,535.87,38,38,2018-04-11 16:00:34,2018-08-17 08:20:42,4.552631578947368,38,1,-12.052631578947368,7.684210526315789,1.131578947368421,55.114736842105266,14.101842105263158,3,0.02631578947368421,0.07894736842105263,127,False,True
8648b1e89e9b349e32d3741b30ec737e,12308,jacarei,SP,103,95,56,3,7442.55,1503.5,95,93,2017-09-28 08:26:10,2018-08-26 21:18:34,4.094736842105263,95,9,-11.935483870967742,8.591397849462366,1.0842105263157895,78.34263157894738,15.826315789473684,15,0.09473684210526316,0.15789473684210525,332,False,True
d50d79cb34e38265a8649c383dcffd48,8290,sao paulo,SP,70,70,19,5,13012.42,1932.26,70,69,2016-10-08 15:02:10,2018-08-10 10:56:10,4.246376811594203,69,3,-13.285714285714286,12.628571428571428,1.0,185.8917142857143,27.603714285714286,6,0.04285714285714286,0.08571428571428572,670,False,True
f214d28e8d8e3ef068748498ccc2f813,3872,sao paulo,SP,59,54,21,4,2212.41,809.11,54,54,2017-08-13 12:10:48,2018-08-19 13:40:36,4.150943396226415,53,4,-12.692307692307692,9.923076923076923,1.0925925925925926,40.970555555555556,14.983518518518519,7,0.07407407407407407,0.12962962962962962,371,False,True
717b78b0950b51ed00b1471d858b0edc,18220,alambari,SP,5,5,2,1,138.6,81.15,5,5,2018-01-21 23:47:05,2018-07-02 21:06:36,4.0,5,1,-3.2,20.6,1.0,27.72,16.23,1,0.2,0.2,161,False,True
aa2640d851ec322526f1295bbeb20092,1156,sao paulo,SP,2,1,1,1,159.98,22.36,1,1,2018-05-06 21:13:51,2018-05-06 21:13:51,3.0,1,0,-5.0,3.0,2.0,159.98,22.36,0,0.0,0.0,0,False,True
ebd2d60905fb58271facef5596b620d3,18683,lencois paulista,SP,88,84,39,1,7941.72,1733.3,84,84,2017-02-13 14:48:03,2018-08-17 18:41:50,4.154761904761905,84,3,-11.475609756097562,12.512195121951219,1.0476190476190477,94.54428571428572,20.63452380952381,10,0.03571428571428571,0.11904761904761904,550,False,True
efcd8d2104f1a05d028af7bad20d974b,16012,aracatuba,SP,51,47,34,1,2424.78,855.41,47,44,2017-04-26 03:54:32,2018-08-22 03:16:24,4.170212765957447,47,1,-14.434782608695652,9.673913043478262,1.0851063829787233,51.59106382978724,18.200212765957446,4,0.02127659574468085,0.0851063829787234,482,False,True
6562efe88ce0826a4ca4f189f03b4b84,87005,maringa,PR,21,9,7,1,1135.8999999999999,300.31,9,9,2017-03-14 08:47:46,2018-01-08 12:25:43,3.7777777777777777,9,1,-9.5,17.375,2.3333333333333335,126.2111111111111,33.367777777777775,1,0.1111111111111111,0.1111111111111111,300,False,True
400f221ab83037c0ea78f1267da9624d,17700,osvaldo cruz,SP,1,1,1,1,865.0,20.8,1,1,2017-10-11 19:51:04,2017-10-11 19:51:04,,0,0,,,1.0,865.0,20.8,0,0.0,0.0,0,False,True
530ec6109d11eaaf87999465c6afee01,85807,cascavel,PR,104,97,30,6,12983.810000000001,2656.4,97,96,2017-05-24 12:17:36,2018-08-23 15:50:07,4.237113402061856,97,1,-17.414893617021278,10.436170212765957,1.0721649484536082,133.8537113402062,27.38556701030928,11,0.010309278350515464,0.1134020618556701,456,False,True
a5259c149128e82c9d6d46e0c1c812bb,76900,ji parana,RO,8,8,7,1,1182.26,438.87,8,8,2017-07-31 13:45:07,2018-03-09 10:24:31,3.875,8,0,-23.375,18.875,1.0,147.7825,54.85875,2,0.0,0.25,220,False,True
f543ba3c973276f519d89d59bd46cead,15030,sao jose do rio preto,SP,2,2,1,1,258.0,164.04000000000002,2,2,2018-02-09 17:36:42,2018-06-24 14:49:59,1.0,2,0,,,1.0,129.0,82.02000000000001,2,0.0,1.0,134,True,True
89f69225956f951295ca4c7fb1266553,27700,vassouras,RJ,12,11,8,5,1041.3,277.41,11,11,2018-05-13 21:20:26,2018-08-14 00:04:22,4.2727272727272725,11,0,-16.727272727272727,9.181818181818182,1.0909090909090908,94.66363636363636,25.219090909090912,1,0.0,0.09090909090909091,92,False,True
8b11118053756a9a2932f447e11fc1b5,17350,igaracu do tiete,SP,1,1,1,1,79.99,11.17,1,1,2016-10-06 22:34:03,2016-10-06 22:34:03,3.0,1,0,-41.0,11.0,1.0,79.99,11.17,0,0.0,0.0,0,False,True
6bb62a4912377c7bfe7cb17b406bc7e6,13215,jundiai,SP,6,4,5,3,739.52,105.87,4,4,2018-07-30 15:26:34,2018-08-14 06:30:49,4.25,4,0,-8.75,4.25,1.5,184.88,26.467499999999998,1,0.0,0.25,14,False,True
f9d010e39375d9c91dce3f40b73a2f84,12600,lorena,SP,5,4,2,1,1212.0,138.14,4,4,2018-02-17 15:54:49,2018-07-23 09:02:12,3.5,4,1,-7.5,16.75,1.25,303.0,34.535,1,0.25,0.25,155,False,True
052577151711aec5c744fe12e66db3e1,89136,rodeio,SC,4,4,1,1,2748.0,222.42,4,4,2017-10-26 18:35:40,2017-12-20 12:01:34,2.25,4,0,-12.0,14.0,1.0,687.0,55.605,3,0.0,0.75,54,False,True
0adac9fbd9a2b63cccaac4f8756c1ca8,13290,louveira,SP,142,110,66,5,15960.95,2499.27,110,110,2017-01-22 20:25:54,2018-08-16 20:56:16,4.045871559633028,109,6,-10.915094339622641,12.632075471698114,1.290909090909091,145.09954545454545,22.720636363636363,15,0.05454545454545454,0.13636363636363635,571,False,True
269cff2d3c8d205c11f37a52402ea93b,15803,catanduva,SP,5,4,3,2,1281.59,133.41,4,4,2018-06-28 08:44:49,2018-08-10 18:09:49,4.5,4,0,-9.25,6.75,1.25,320.3975,33.3525,0,0.0,0.0,43,False,True
402916f742e5c740cc751493d9cf5053,39740,guanhaes,MG,10,9,5,3,1252.0,226.43,9,9,2018-08-05 20:23:26,2018-08-24 09:26:31,4.666666666666667,9,0,-18.88888888888889,6.0,1.1111111111111112,139.11111111111111,25.15888888888889,0,0.0,0.0,18,False,True
443d880f15cbd3572885e1d44bf2c478,17506,marilia,SP,2,1,1,1,94.8,30.2,1,1,2017-07-21 09:28:29,2017-07-21 09:28:29,2.0,1,0,-14.0,12.0,2.0,94.8,30.2,1,0.0,1.0,0,True,True
6d22a1fcebb6dd08c9cd90b92a93e8d0,89215,joinville,SC,13,12,9,2,723.7,222.73,12,12,2017-08-27 23:06:38,2018-01-26 14:27:45,4.25,12,0,-10.666666666666666,14.916666666666666,1.0833333333333333,60.30833333333334,18.56083333333333,1,0.0,0.08333333333333333,151,False,True
04aba03279157f6d4e0fe8ccaf21963c,28470,santo antonio de padua,RJ,16,16,12,1,2575.9,346.43,16,16,2017-05-10 11:51:13,2018-08-26 13:25:25,4.3125,16,1,-13.933333333333334,11.2,1.0,160.99375,21.651875,2,0.0625,0.125,473,False,True
b39d7fe263ef469605dbb32608aee0af,14940,ibitinga,SP,49,44,19,1,5193.1,1062.67,44,44,2017-09-16 14:51:37,2018-08-23 12:47:56,3.883720930232558,43,2,-15.279069767441861,12.813953488372093,1.1136363636363635,118.025,24.15159090909091,7,0.045454545454545456,0.1590909090909091,340,False,True
ca77545ca4d2dfd1431bf61334e2fa3c,87020,maringa,PR,10,6,2,2,760.0,213.71,6,6,2018-01-02 09:37:13,2018-04-24 15:34:22,4.666666666666667,6,0,-13.666666666666666,12.833333333333334,1.6666666666666667,126.66666666666667,35.61833333333333,0,0.0,0.0,112,False,True
36890be00bbfc1cdb9a4a38a6af05a69,6040,osasco,SP,13,13,5,3,1361.3,239.57999999999998,13,13,2018-06-04 19:51:43,2018-08-19 16:57:32,4.230769230769231,13,2,-11.615384615384615,8.923076923076923,1.0,104.71538461538461,18.429230769230767,2,0.15384615384615385,0.15384615384615385,75,False,True
7b0df942f46435babab05d49b744b2c4,12924,braganca paulista,SP,32,32,16,2,22600.63,672.15,32,32,2017-02-03 10:09:40,2018-06-25 08:27:27,4.387096774193548,31,3,-10.875,10.625,1.0,706.2696875,21.0046875,2,0.09375,0.0625,506,False,True
f26d70155c2b6326fcfa1780c8c684e4,89150,presidente getulio,SC,1,1,1,1,202.89,16.17,1,1,2017-06-26 16:50:06,2017-06-26 16:50:06,5.0,1,0,-13.0,8.0,1.0,202.89,16.17,0,0.0,0.0,0,False,True
42fb44130ac3134cde8e35cf8ec7df25,12995,pinhalzinho,SP,3,3,2,1,62.699999999999996,36.44,3,3,2017-02-04 10:12:38,2017-03-23 16:19:43,3.6666666666666665,3,0,-14.0,5.5,1.0,20.9,12.146666666666667,1,0.0,0.3333333333333333,47,False,True
dd9661d3cda1e6feb237f0c4d8b26f2e,89620,campos novos,SC,1,1,1,1,174.0,16.98,1,1,2017-10-12 09:19:59,2017-10-12 09:19:59,5.0,1,0,-11.0,18.0,1.0,174.0,16.98,0,0.0,0.0,0,False,True
f27e33c6d29b5138fa9967bcd445b6d5,4273,sao paulo,SP,98,93,22,11,8888.3,1593.95,93,92,2017-07-25 12:31:12,2018-08-25 20:24:40,4.096774193548387,93,8,-10.333333333333334,11.67741935483871,1.053763440860215,95.57311827956988,17.13924731182796,15,0.08602150537634409,0.16129032258064516,396,False,True
55d3daac7c404d59e51c2aa2f4dc5a23,2150,sao paulo,SP,28,21,7,3,4480.6,1309.88,21,21,2017-05-31 07:40:50,2018-08-17 11:17:42,4.095238095238095,21,0,-11.285714285714286,8.285714285714286,1.3333333333333333,213.36190476190478,62.3752380952381,2,0.0,0.09523809523809523,443,False,True
659e8466eb3ff1b0e8740d74fb7bbedd,45820,eunapolis,BA,14,11,9,1,1486.8,393.2,11,11,2017-05-18 04:17:44,2018-05-06 19:27:01,4.363636363636363,11,0,-19.545454545454547,8.818181818181818,1.2727272727272727,135.16363636363636,35.74545454545454,1,0.0,0.09090909090909091,353,False,True
1c40343cc5d18c2d8248ac2f3366de34,13482,limeira,SP,22,21,12,7,2461.41,378.01,21,21,2018-05-28 21:38:55,2018-08-20 21:51:20,4.619047619047619,21,2,-11.714285714285714,6.9523809523809526,1.0476190476190477,117.21,18.00047619047619,0,0.09523809523809523,0.0,84,False,True
e3a386fc36e22064434e1fa256f6a9fa,13165,engenheiro coelho,SP,17,16,10,1,793.9,253.25,16,16,2018-01-23 17:08:56,2018-08-16 06:29:04,4.1875,16,2,-10.3125,9.625,1.0625,49.61875,15.828125,2,0.125,0.125,204,False,True
c9aafcd0621b2207c10e32c649cada4d,8011,sao paulo,SP,52,44,31,1,2997.25,888.65,44,44,2018-07-14 21:25:42,2018-08-12 12:13:28,4.0227272727272725,44,3,-10.15,8.325,1.1818181818181819,68.11931818181819,20.196590909090908,8,0.06818181818181818,0.18181818181818182,28,False,True
72431a818f97fe6ab9c81eee3e297e54,13390,rio das pedras,SP,1,1,1,1,229.9,19.49,1,1,2018-04-13 11:22:56,2018-04-13 11:22:56,5.0,1,0,-15.0,12.0,1.0,229.9,19.49,0,0.0,0.0,0,False,True
184a67a8f9f63234d3a92340bbdb727f,89220,joinville,SC,11,8,7,1,268.66,208.34,8,8,2016-10-04 15:02:37,2017-11-08 07:52:53,3.875,8,0,-16.571428571428573,17.285714285714285,1.375,33.582499999999996,26.0425,2,0.0,0.25,399,False,True
9fe7c6641c79970ab48185498f547c09,3147,sao paulo,SP,1,1,1,1,130.0,34.71,1,1,2017-07-10 20:58:17,2017-07-10 20:58:17,5.0,1,0,-17.0,17.0,1.0,130.0,34.71,0,0.0,0.0,0,False,True
08ad4ac1388e4420ca531c3edfc46198,6663,itapevi,SP,7,6,5,1,221.61999999999998,89.05,6,6,2018-06-11 19:55:25,2018-08-18 18:52:16,2.8333333333333335,6,0,-10.666666666666666,5.833333333333333,1.1666666666666667,36.93666666666666,14.841666666666667,3,0.0,0.5,67,False,True
6fc26fe110feebd80a433e1f012a84f9,15601,fernandopolis,SP,72,35,19,1,4150.87,977.19,35,33,2017-01-29 04:52:16,2018-08-17 16:22:48,3.911764705882353,34,4,-11.885714285714286,12.428571428571429,2.057142857142857,118.59628571428571,27.91971428571429,5,0.11428571428571428,0.14285714285714285,565,False,True
2f4b9d112bfa44a214bc6cef085d17c8,29600,afonso claudio,ES,6,5,3,3,293.99,119.27000000000001,5,5,2016-10-07 10:06:58,2017-04-16 20:08:33,4.4,5,0,-25.2,14.4,1.2,58.798,23.854000000000003,0,0.0,0.0,191,False,True
ab27bbbad5239bc31a34709275a70db4,18279,tatui,SP,11,3,3,2,382.9,102.15,3,3,2017-10-31 17:54:25,2018-07-03 10:16:32,5.0,3,0,-11.333333333333334,7.666666666666667,3.6666666666666665,127.63333333333333,34.050000000000004,0,0.0,0.0,244,False,True
c37b2059d4f90d4feead554e5246565e,5170,sao paulo,SP,16,12,10,1,839.3,221.98,12,12,2017-11-03 16:43:28,2018-07-02 20:39:32,3.3333333333333335,12,3,-6.166666666666667,17.0,1.3333333333333333,69.94166666666666,18.49833333333333,5,0.25,0.4166666666666667,241,False,True
f43827dd686be3a4a80e00aa299990fb,15055,sao jose do rio preto,SP,2,1,1,1,95.54,30.2,1,1,2018-01-25 10:09:48,2018-01-25 10:09:48,2.0,1,0,-14.0,21.0,2.0,95.54,30.2,1,0.0,1.0,0,True,True
e601b04acf48b4576e73ddca9481f0dc,4476,sao paulo,SP,16,15,11,7,491.94,211.0,15,15,2018-04-13 08:56:04,2018-08-27 11:19:47,4.066666666666666,15,0,-15.666666666666666,6.266666666666667,1.0666666666666667,32.796,14.066666666666666,3,0.0,0.2,136,False,True
98dac6635aee4995d501a3972e047414,2030,sao paulo,SP,195,91,62,1,4235.85,2439.52,91,91,2017-04-26 11:30:38,2018-08-28 19:32:05,4.144444444444445,90,4,-11.02247191011236,9.112359550561798,2.142857142857143,46.5478021978022,26.807912087912086,16,0.04395604395604396,0.17582417582417584,489,False,True
3d39fbf22a665714baf62fae36029e23,13040,campinas,SP,8,8,4,2,2504.2,130.63,8,8,2017-01-14 21:28:46,2017-11-25 00:10:03,4.75,8,0,-13.375,8.0,1.0,313.025,16.32875,0,0.0,0.0,314,False,True
a49928bcdf77c55c6d6e05e09a9b4ca5,3017,sao paulo,SP,106,98,3,3,8816.7,1757.55,98,98,2017-06-07 20:32:48,2018-05-27 19:10:54,3.010204081632653,98,21,-4.447916666666667,16.510416666666668,1.0816326530612246,89.96632653061225,17.934183673469388,40,0.21428571428571427,0.40816326530612246,353,False,True
b12cfd255810394b60caef18ae163547,85810,cascavel,PR,2,2,1,1,560.0,166.14999999999998,2,2,2017-11-20 16:52:14,2017-11-24 00:34:46,4.5,2,0,-16.0,15.0,1.0,280.0,83.07499999999999,0,0.0,0.0,3,False,True
a1bea7061f61f6fdd9a85a6325ba1033,6311,carapicuiba / sao paulo,SP,9,9,8,8,810.95,99.93,9,9,2018-06-27 11:26:01,2018-08-26 13:26:12,4.444444444444445,9,1,-6.111111111111111,4.0,1.0,90.10555555555555,11.103333333333333,0,0.1111111111111111,0.0,60,False,True
3c88ed2e76a2247933a15daa7161eb1c,13154,cosmopolis,SP,1,1,1,1,155.0,151.2,1,1,2018-02-01 21:45:16,2018-02-01 21:45:16,5.0,1,0,-9.0,19.0,1.0,155.0,151.2,0,0.0,0.0,0,False,True
51ed72984a04e5dd35c2b27e77179038,15050,sao jose do rio preto,SP,7,7,4,2,1294.3,198.93,7,7,2017-11-11 19:29:52,2018-04-21 18:38:11,3.5714285714285716,7,1,-9.714285714285714,16.0,1.0,184.9,28.41857142857143,2,0.14285714285714285,0.2857142857142857,160,False,True
3ac588cd562971392504a9e17130c40b,13480,limeira,SP,1,1,1,1,11.9,7.39,1,1,2018-08-17 21:08:06,2018-08-17 21:08:06,5.0,1,0,-6.0,7.0,1.0,11.9,7.39,0,0.0,0.0,0,False,True
606ce7768feac12c5e8bd58db8b08f0f,13084,campinas,SP,5,5,5,1,2916.6,102.26,5,5,2018-04-24 19:18:38,2018-08-07 23:19:34,4.8,5,0,-10.0,9.2,1.0,583.3199999999999,20.452,0,0.0,0.0,105,False,True
6879c4d287a8dd06b11f54ea8f78e4da,6186,osasco,SP,6,6,3,3,527.67,149.46,6,6,2018-06-13 23:58:54,2018-08-14 23:53:56,4.333333333333333,6,0,-12.0,6.333333333333333,1.0,87.945,24.91,1,0.0,0.16666666666666666,61,False,True
ccbd753e6863fe7314dc6c0ca5a074e7,89046,blumenau,SC,1,1,1,1,495.0,101.56,1,1,2018-08-12 20:58:54,2018-08-12 20:58:54,4.0,1,0,-19.0,11.0,1.0,495.0,101.56,0,0.0,0.0,0,False,True
0d85bbda9889ce1f7e63778d24f346eb,38414,uberlandia,MG,58,51,17,3,4845.2,1624.5,51,51,2017-03-22 17:40:51,2018-03-27 07:30:38,4.2,50,6,-11.666666666666666,15.333333333333334,1.1372549019607843,95.00392156862745,31.852941176470587,6,0.11764705882352941,0.11764705882352941,369,False,True
4c61e37f664c3c88aff092aa5ac779d7,24020,niteroi,RJ,8,7,3,2,788.3100000000001,119.86,7,7,2018-03-10 18:18:20,2018-04-17 11:12:01,4.0,6,1,-4.0,15.428571428571429,1.1428571428571428,112.61571428571429,17.122857142857143,1,0.14285714285714285,0.14285714285714285,37,False,True
b44dbfbf62e52125f3c15d230569ea91,4251,sao paulo,SP,8,4,2,2,609.37,89.69000000000001,4,4,2018-04-19 11:45:55,2018-08-10 10:03:27,4.75,4,0,-9.0,4.75,2.0,152.3425,22.422500000000003,0,0.0,0.0,112,False,True
d624126b9206f595fb3fbb6ba03b28a8,80045,curitiba,PR,28,23,13,2,7198.8,569.7,23,23,2017-05-14 21:45:11,2018-08-16 19:27:59,4.318181818181818,22,1,-14.521739130434783,10.826086956521738,1.2173913043478262,312.9913043478261,24.769565217391307,0,0.043478260869565216,0.0,458,False,True
26d8a1c7c75d513045798992ead43aa2,86800,apucarana,PR,38,36,21,3,8244.12,701.66,36,36,2017-08-17 02:43:54,2018-08-12 03:44:50,4.305555555555555,36,3,-12.147058823529411,12.235294117647058,1.0555555555555556,229.00333333333336,19.490555555555556,4,0.08333333333333333,0.1111111111111111,360,False,True
e6a69c4a27dfdd98ffe5aa757ad744bc,4424,sao paulo,SP,29,24,13,4,2076.2,442.74,24,24,2017-02-01 17:21:33,2018-06-10 18:20:21,3.875,24,0,-16.19047619047619,10.238095238095237,1.2083333333333333,86.50833333333334,18.4475,5,0.0,0.20833333333333334,494,False,True
6bd69102ab48df500790a8cecfc285c2,4293,sao paulo,SP,5,5,3,1,8070.0,289.02,5,5,2017-06-26 13:44:08,2018-05-10 14:00:13,3.0,5,1,-3.6,15.8,1.0,1614.0,57.803999999999995,3,0.2,0.6,318,False,True
f181738b150df1f37cb0bd72e705b193,6317,carapicuiba,SP,37,36,8,3,5529.7,1103.05,36,36,2017-05-15 19:45:02,2018-08-22 16:51:32,4.472222222222222,36,3,-9.972222222222221,8.916666666666666,1.0277777777777777,153.60277777777776,30.640277777777776,2,0.08333333333333333,0.05555555555555555,463,False,True
4305fe92735c8a43d154ff6dd2b8d927,35170,coronel fabriciano,MG,21,19,5,3,2885.9,428.35,19,19,2017-07-26 17:16:18,2018-08-25 20:26:35,3.9473684210526314,19,0,-10.588235294117647,11.176470588235293,1.105263157894737,151.88947368421054,22.544736842105266,3,0.0,0.15789473684210525,395,False,True
4f1f1c8666cdb6442f775c4e8caed465,30240,belo horizonte,MG,2,2,2,1,944.98,125.41,2,2,2018-07-25 22:39:01,2018-08-01 14:04:51,5.0,2,0,-14.0,19.5,1.0,472.49,62.705,0,0.0,0.0,6,False,True
7dea6f73af847b42cc3985bd620f994d,85813,cascavel,PR,2,2,2,1,324.0,56.17,2,2,2018-08-04 13:01:25,2018-08-24 21:42:26,4.0,2,0,-11.5,5.0,1.0,162.0,28.085,0,0.0,0.0,20,False,True
a0a14e50070f3225b3eabba5b85da517,81900,curitiba,PR,4,4,1,1,176.2,72.44,4,4,2018-07-30 19:14:39,2018-08-15 18:56:56,4.5,4,0,-12.75,5.75,1.0,44.05,18.11,0,0.0,0.0,15,False,True
bd4889b5e9133b35b66e42a8665cea5c,2963,sao paulo,SP,42,36,16,1,6271.9,984.64,36,36,2017-04-08 19:30:11,2018-07-24 11:50:06,4.4,35,0,-13.694444444444445,9.833333333333334,1.1666666666666667,174.21944444444443,27.35111111111111,3,0.0,0.08333333333333333,471,False,True
0b3f27369a4d8df98f7eb91077e438ac,7412,aruja,SP,2,2,2,1,146.51,24.88,2,2,2017-11-13 15:19:44,2017-11-22 18:38:11,4.0,2,0,-10.0,7.0,1.0,73.255,12.44,0,0.0,0.0,9,False,True
d5c530f4884a75ae0dba9c148718d278,35660,centro,MG,9,6,6,1,280.88,164.05,6,6,2017-09-15 13:52:28,2017-11-28 14:56:51,3.5,6,1,-10.6,9.8,1.5,46.81333333333333,27.34166666666667,2,0.16666666666666666,0.3333333333333333,74,False,True
5ab05b6d86d417796c69ffd6774ec832,19815,assis,SP,12,10,2,1,1886.1000000000001,256.75,10,9,2017-01-20 21:20:07,2018-08-26 12:38:57,3.8,10,1,-11.7,13.4,1.2,188.60999999999999,25.675,2,0.1,0.2,582,False,True
d4d99b60c4c94cd35acd502cec65dc8d,4904,sao paulo,SP,1,1,1,1,72.9,14.39,1,1,2016-10-09 12:13:58,2016-10-09 12:13:58,3.0,1,0,-35.0,19.0,1.0,72.9,14.39,0,0.0,0.0,0,False,True
9de4643a8dbde634fe55621059d92273,89225,joinville,SC,81,72,5,2,17560.34,1722.07,72,72,2017-01-13 15:11:16,2018-02-21 15:59:53,4.527777777777778,72,2,-11.75,14.083333333333334,1.125,243.8936111111111,23.917638888888888,4,0.027777777777777776,0.05555555555555555,404,False,True
3be634553519fb6536a03e1358e9fdc7,8275,sao paulo,SP,99,83,39,6,5370.95,1855.7,83,82,2017-07-09 11:27:14,2018-08-27 21:36:16,3.9397590361445785,83,6,-10.675,9.625,1.1927710843373494,64.71024096385543,22.357831325301206,15,0.07228915662650602,0.18072289156626506,414,False,True
b906dd0e57f282c7089171b6ed07982e,87083,parana,PR,2,2,2,1,175.0,35.75,2,2,2018-04-18 01:06:13,2018-06-25 17:58:26,4.0,2,0,-19.0,6.5,1.0,87.5,17.875,0,0.0,0.0,68,False,True
ed46f1eb4a638113deb2a1137b5f22e9,89080,indaial,SC,4,4,3,1,3470.0,216.68,4,4,2018-07-26 16:11:51,2018-08-23 23:05:07,4.0,4,0,-13.0,6.75,1.0,867.5,54.17,1,0.0,0.25,28,False,True
c8025364abeecb115431bf95c11a747f,90630,porto alegre,RS,2,2,2,1,928.0,43.28,2,2,2018-05-16 19:07:31,2018-08-09 20:57:18,4.5,2,0,-1.5,7.5,1.0,464.0,21.64,0,0.0,0.0,85,False,True
04308b1ee57b6625f47df1d56f00eedf,88215,bombinhas,SC,94,94,20,1,60130.6,3054.39,94,94,2017-11-14 16:57:33,2018-08-12 00:13:50,3.882978723404255,94,7,-11.576086956521738,18.42391304347826,1.0,639.6872340425532,32.49351063829787,20,0.07446808510638298,0.2127659574468085,270,False,True
457fe919b032a3f7dadba6fb92cf7855,13140,paulinia,SP,12,9,8,1,1104.89,141.22,9,9,2018-05-02 18:19:06,2018-08-06 14:48:29,4.777777777777778,9,0,-8.222222222222221,4.888888888888889,1.3333333333333333,122.76555555555557,15.69111111111111,0,0.0,0.0,95,False,True
f3055483058c84d75ca2a3314fb4deef,40368,salvador,BA,1,1,1,1,67.5,35.79,1,1,2017-12-04 11:30:23,2017-12-04 11:30:23,1.0,1,0,,,1.0,67.5,35.79,1,0.0,1.0,0,True,True
0ac4201fda2c68ebc0e47cb9423cf3c9,3345,sao paulo,SP,14,13,4,3,1676.88,233.99,13,12,2017-06-19 08:18:34,2018-06-17 13:20:11,4.230769230769231,13,1,-12.307692307692308,12.23076923076923,1.0769230769230769,128.99076923076925,17.99923076923077,2,0.07692307692307693,0.15384615384615385,363,False,True
a2b5b6105ea5942300631d2e76f4ffe0,6283,osasco,SP,16,16,6,2,3286.6899999999996,722.65,16,16,2018-05-25 10:59:28,2018-08-20 22:06:01,4.75,16,1,-8.0625,7.9375,1.0,205.41812499999997,45.165625,0,0.0625,0.0,87,False,True
23d7c96d4a1160db1c726b248601b25a,13360,capivari,SP,55,53,40,11,11766.94,1379.58,53,53,2017-07-20 17:52:10,2018-08-16 09:59:36,3.8,50,5,-10.98,12.7,1.0377358490566038,222.0177358490566,26.029811320754714,10,0.09433962264150944,0.18867924528301888,391,False,True
e883aa812c37a7413226856f4579fe91,6696,itapevi,SP,29,26,6,5,4097.1,457.36,26,26,2018-02-04 20:43:02,2018-08-17 18:20:27,4.153846153846154,26,1,-12.153846153846153,9.461538461538462,1.1153846153846154,157.58076923076925,17.590769230769233,3,0.038461538461538464,0.11538461538461539,193,False,True
86bb7c4b535e49a541baf3266b1c95b1,14401,franca,SP,16,16,5,1,8162.4,324.82,16,16,2016-10-04 13:45:08,2018-02-05 12:56:57,3.2,15,3,-11.875,19.8125,1.0,510.15,20.30125,6,0.1875,0.375,488,False,True
cb810bd318f51b3dc3c753944d61a1fa,24240,niteroi,RJ,1,1,1,1,1750.0,39.02,1,1,2018-08-16 15:02:31,2018-08-16 15:02:31,4.0,1,0,-27.0,12.0,1.0,1750.0,39.02,0,0.0,0.0,0,False,True
c0563dd588b775f2e37747ef6ad6c92c,9220,santo andre,SP,28,28,8,1,3697.2000000000003,397.47999999999996,28,28,2017-02-28 15:22:46,2018-08-20 16:08:31,4.357142857142857,28,3,-9.107142857142858,10.392857142857142,1.0,132.04285714285714,14.195714285714285,4,0.10714285714285714,0.14285714285714285,538,False,True
820cc752a266cdc6c1a1e61dd4583330,87050,maringa,PR,15,15,4,3,2802.7999999999997,275.97,15,15,2017-01-31 20:16:02,2018-04-27 13:39:47,4.133333333333334,15,1,-11.666666666666666,13.466666666666667,1.0,186.85333333333332,18.398000000000003,1,0.06666666666666667,0.06666666666666667,450,False,True
e5475dcab1e07b63d7f6e902d8f5eda8,9921,diadema,SP,19,19,10,2,2192.0,251.22,19,19,2017-09-10 11:01:26,2018-08-06 20:27:28,4.105263157894737,19,1,-10.421052631578947,9.157894736842104,1.0,115.36842105263158,13.222105263157895,3,0.05263157894736842,0.15789473684210525,330,False,True
333c4210e76a1aa2ab817b99437e3ff1,13880,vargem grande do sul,SP,2,2,2,1,335.0,67.43,2,2,2018-07-17 19:46:54,2018-08-10 10:31:43,5.0,2,0,-23.5,7.0,1.0,167.5,33.715,0,0.0,0.0,23,False,True
aded58c8142dedc5494a81f948431fab,22051,rio de janeiro,RJ,5,4,4,2,289.5,89.98,4,4,2018-04-01 19:44:52,2018-04-23 12:11:20,3.75,4,0,-13.25,8.25,1.25,72.375,22.495,1,0.0,0.25,21,False,True
33a6f4b1e7cdc205511e76ba1b6e0186,7084,guarulhos,SP,126,105,15,2,10295.01,1888.9,105,104,2018-01-26 10:54:11,2018-08-28 14:32:59,4.40952380952381,105,2,-13.066666666666666,8.047619047619047,1.2,98.04771428571429,17.98952380952381,9,0.01904761904761905,0.08571428571428572,214,False,True
91f848e9f4be368f4318775aac733370,3029,sao paulo,SP,73,63,10,1,5932.599999999999,1235.56,63,63,2017-02-22 09:19:58,2017-08-01 22:24:02,4.278688524590164,61,1,-11.766666666666667,9.416666666666666,1.1587301587301588,94.16825396825398,19.61206349206349,5,0.015873015873015872,0.07936507936507936,160,False,True
7a67c85e85bb2ce8582c35f2203ad736,3426,sao paulo,SP,1171,1160,149,2,141745.53,20902.85,1160,1155,2017-01-27 12:15:07,2018-08-21 01:30:48,4.245004344048653,1151,60,-11.8235807860262,10.722270742358079,1.0094827586206896,122.1944224137931,18.01969827586207,122,0.05172413793103448,0.10517241379310345,570,False,True
55029529919c0123526150bd26ca8f20,32280,contagem,MG,7,7,6,3,453.95,134.88,7,7,2018-06-13 13:31:02,2018-08-13 15:07:30,4.714285714285714,7,0,-14.428571428571429,8.428571428571429,1.0,64.85,19.268571428571427,0,0.0,0.0,61,False,True
b372ee768ed69e46ca8cdbd267aa7a38,15013,sao jose do rio preto,SP,69,63,24,1,12630.0,1183.84,63,57,2017-03-18 11:24:06,2018-08-23 14:59:37,4.428571428571429,63,0,-19.19047619047619,12.126984126984127,1.0952380952380953,200.47619047619048,18.79111111111111,6,0.0,0.09523809523809523,523,False,True
d20b021d3efdf267a402c402a48ea64b,14940,ibitinga,SP,106,90,45,3,4140.17,1575.0,90,89,2017-02-26 15:43:16,2018-07-30 00:59:02,3.6853932584269664,89,14,-5.651162790697675,16.453488372093023,1.1777777777777778,46.00188888888889,17.5,20,0.15555555555555556,0.2222222222222222,518,False,True
cf6f6bc4df3999b9c6440f124fb2f687,4937,sao paulo,SP,1,1,1,1,3.5,8.72,1,1,2017-05-01 18:58:54,2017-05-01 18:58:54,5.0,1,0,,,1.0,3.5,8.72,0,0.0,0.0,0,False,True
a3b42d266fa8afc874b909422ce88582,14620,orlandia,SP,6,1,1,1,839.4000000000001,81.84,1,1,2018-07-31 10:27:34,2018-07-31 10:27:34,5.0,1,0,-4.0,3.0,6.0,839.4000000000001,81.84,0,0.0,0.0,0,False,True
d63c73efd41eb002280e7ec831424edb,13405,piracicaba,SP,2,2,2,1,5598.0,168.58999999999997,2,2,2017-11-20 11:46:07,2018-05-29 14:21:11,4.0,2,0,-20.5,6.0,1.0,2799.0,84.29499999999999,0,0.0,0.0,190,False,True
dc7192adf8ba09569261f4a8d576afe0,18401,itapeva,SP,8,7,5,3,917.0,161.43,7,7,2018-07-22 19:49:25,2018-08-22 18:50:34,3.857142857142857,7,0,-14.571428571428571,5.571428571428571,1.1428571428571428,131.0,23.06142857142857,2,0.0,0.2857142857142857,30,False,True
0ea22c1cfbdc755f86b9b54b39c16043,35700,sete lagoas,MG,269,237,152,9,10711.7,4363.61,237,221,2016-10-06 18:50:25,2018-08-22 18:03:39,4.3931623931623935,234,2,-16.88034188034188,10.525641025641026,1.1350210970464134,45.197046413502115,18.411856540084386,15,0.008438818565400843,0.06329113924050633,684,False,True
be8e909810184b9b19e886129149d8e5,13418,piracicaba,SP,15,15,3,3,629.85,216.23,15,15,2017-10-03 13:27:13,2018-05-13 13:20:54,3.7333333333333334,15,2,-7.4,14.933333333333334,1.0,41.99,14.415333333333333,3,0.13333333333333333,0.2,221,False,True
269c5fc9fcadee614364c3620c30a1f9,7140,guarulhos,SP,6,3,2,1,209.6,45.12,3,3,2018-07-31 18:14:02,2018-08-08 21:19:23,5.0,3,0,-2.6666666666666665,4.0,2.0,69.86666666666666,15.04,0,0.0,0.0,8,False,True
bbaff50f3b708fda865918715276cd87,12940,atibaia,SP,16,12,11,1,449.7,202.07,12,12,2017-03-15 11:20:40,2018-08-06 21:40:05,4.75,12,2,-9.166666666666666,9.666666666666666,1.3333333333333333,37.475,16.839166666666667,0,0.16666666666666666,0.0,509,False,True
3b18f9856c6eb2413eafedb58e9eecd9,9280,santo andre,SP,1,1,1,1,315.0,20.09,1,1,2018-04-11 15:33:25,2018-04-11 15:33:25,5.0,1,0,-17.0,9.0,1.0,315.0,20.09,0,0.0,0.0,0,False,True
db2956745b3a8e9f3785c99f34b5d25e,11600,sao sebastiao,SP,48,47,6,1,8599.0,975.27,47,47,2018-04-14 15:12:34,2018-08-10 23:54:45,3.765957446808511,47,4,-11.977777777777778,13.911111111111111,1.0212765957446808,182.95744680851064,20.750425531914892,10,0.0851063829787234,0.2127659574468085,118,False,True
8fb791022c1fc8909664f48ab7dc636d,3976,sao paulo,SP,5,5,4,1,8119.95,363.4,5,5,2018-07-04 13:44:57,2018-07-22 16:56:59,4.2,5,0,-18.0,5.0,1.0,1623.99,72.67999999999999,1,0.0,0.2,18,False,True
232a6014e7b10cba61c6c2b2ea6bb4b0,16500,cafelandia,SP,36,33,20,1,3919.87,1213.4,33,33,2017-02-04 22:38:49,2018-07-20 10:39:19,4.15625,32,1,-13.875,13.09375,1.0909090909090908,118.78393939393939,36.76969696969697,4,0.030303030303030304,0.12121212121212122,530,False,True
6614814a00d344b846ae209f95ee7e3f,17290,macatuba,SP,1,1,1,1,13.0,12.69,1,1,2017-06-08 23:17:57,2017-06-08 23:17:57,1.0,1,0,-16.0,4.0,1.0,13.0,12.69,1,0.0,1.0,0,True,True
59cd88080b93f3c18508673122d26169,11707,praia grande,SP,12,10,10,1,392.33,175.38,10,10,2017-07-26 16:02:36,2017-12-09 11:52:32,4.7,10,1,-9.4,12.7,1.2,39.233,17.538,0,0.1,0.0,135,False,True
fffd5413c0700ac820c7069d66d98c89,13908,amparo,SP,61,60,29,3,9062.3,2833.74,60,60,2017-07-24 21:13:55,2018-08-26 19:56:12,3.847457627118644,59,7,-11.228070175438596,13.368421052631579,1.0166666666666666,151.03833333333333,47.229,13,0.11666666666666667,0.21666666666666667,397,False,True
712e6ed8aa4aa1fa65dab41fed5737e4,89560,videira,SC,87,79,24,1,39815.0,6889.13,79,79,2017-02-08 12:01:45,2018-05-18 18:17:35,3.3846153846153846,78,16,-9.116883116883116,24.272727272727273,1.1012658227848102,503.9873417721519,87.20417721518987,27,0.20253164556962025,0.34177215189873417,464,False,True
b5abf4f36adc043117b4fca82c22984c,72251,brasilia,DF,12,11,8,5,1247.8,283.99,11,11,2017-04-11 12:05:15,2018-08-11 14:35:56,2.5454545454545454,11,2,-3.25,19.375,1.0909090909090908,113.43636363636364,25.817272727272726,6,0.18181818181818182,0.5454545454545454,487,False,True
6dd7dce75cd55c1ce255dc38d9f0cd46,88137,palhoca,SC,1,1,1,1,75.0,21.33,1,1,2017-12-17 14:44:48,2017-12-17 14:44:48,4.0,1,0,-20.0,12.0,1.0,75.0,21.33,0,0.0,0.0,0,False,True
bbe87dce25ba8b38bb61cc7210a3f10b,13870,sao joao da boa vista,SP,2,2,2,1,287.0,68.39,2,2,2018-05-11 10:13:31,2018-08-24 09:18:20,5.0,2,0,-17.0,6.0,1.0,143.5,34.195,0,0.0,0.0,104,False,True
99a25c39b28a74d1151c35c18d178292,2236,sao paulo,SP,6,1,1,1,173.94,44.76,1,1,2018-06-13 13:35:02,2018-06-13 13:35:02,5.0,1,0,-10.0,2.0,6.0,173.94,44.76,0,0.0,0.0,0,False,True
05730013efda596306417c3b09302475,88813,criciuma,SC,4,4,4,2,952.0,216.67,4,4,2018-07-06 18:37:58,2018-08-22 20:16:37,5.0,4,0,-11.5,9.0,1.0,238.0,54.1675,0,0.0,0.0,47,False,True
0b35c634521043bf4b47e21547b99ab5,84530,teixeira soares,PR,78,51,39,1,13533.65,1475.09,51,50,2017-12-07 11:06:04,2018-08-12 02:11:20,3.36,50,8,-12.66,18.82,1.5294117647058822,265.3656862745098,28.923333333333332,18,0.1568627450980392,0.35294117647058826,247,False,True
c35672b10ad50968f567ea3f4b91e877,26551,mesquita,RJ,22,18,3,2,1150.57,364.78,18,17,2017-08-21 20:40:53,2018-08-04 16:27:58,4.5,18,1,-12.11111111111111,11.277777777777779,1.2222222222222223,63.92055555555555,20.265555555555554,1,0.05555555555555555,0.05555555555555555,347,False,True
f5403d3f50089112c4eed37928b7f622,15600,fernandopolis,SP,2,2,2,2,190.8,32.4,2,2,2017-02-05 18:11:48,2017-02-25 15:37:25,1.0,2,0,,,1.0,95.4,16.2,2,0.0,1.0,19,True,True
f435898e493ba0356019a0b1cb8b55b1,81720,curitiba,PR,12,10,5,1,649.76,230.92000000000002,10,10,2017-02-05 02:16:12,2018-05-25 10:23:03,4.4,10,0,-20.7,10.4,1.2,64.976,23.092000000000002,1,0.0,0.1,474,False,True
7adbd3210a7b3cc2235e225eef33574d,2544,sao paulo,SP,3,3,2,1,131.9,72.96,3,3,2018-06-30 21:39:57,2018-08-14 19:39:04,4.666666666666667,3,0,-16.0,9.666666666666666,1.0,43.96666666666667,24.319999999999997,0,0.0,0.0,44,False,True
d8cf3b6a2151949f930d0252b180ec42,87160,mandaguacu,PR,19,6,4,1,623.7,406.48,6,6,2018-04-13 10:09:10,2018-06-21 11:12:14,3.5,6,0,-15.333333333333334,6.833333333333333,3.1666666666666665,103.94999999999999,67.74666666666666,2,0.0,0.3333333333333333,69,False,True
4ce8b55b4bfa4659184e7becc1fba3f2,83823,fazenda rio grande,PR,2,2,2,1,199.0,59.870000000000005,2,2,2018-04-23 13:47:32,2018-04-29 19:19:56,3.0,2,0,-12.0,12.0,1.0,99.5,29.935000000000002,1,0.0,0.5,6,False,True
5d043cd5512d4bd2f88e5ccdd5736c38,2710,sao paulo,SP,1,1,1,1,650.0,64.91,1,1,2017-03-11 19:12:49,2017-03-11 19:12:49,2.0,1,0,-9.0,9.0,1.0,650.0,64.91,1,0.0,1.0,0,True,True
7a073a40a9d3f1fee8bc45670ea1e909,86040,londrina,PR,1,1,1,1,95.0,17.78,1,1,2016-10-09 12:34:53,2016-10-09 12:34:53,1.0,1,0,,,1.0,95.0,17.78,1,0.0,1.0,0,True,True
edb1ef5e36e0c8cd84eb3c9b003e486d,25957,teresopolis,RJ,175,166,55,1,79284.55,3905.1,166,164,2017-09-28 09:48:29,2018-08-20 19:09:20,4.421686746987952,166,12,-13.503030303030304,11.43030303030303,1.0542168674698795,477.6177710843374,23.524698795180722,13,0.07228915662650602,0.0783132530120482,326,False,True
761681a821d8275bc79f552116d06869,17606,sao paulo,SP,3,3,3,2,354.92,159.98000000000002,3,3,2018-04-23 19:27:59,2018-07-25 12:02:27,5.0,3,0,-18.0,7.666666666666667,1.0,118.30666666666667,53.326666666666675,0,0.0,0.0,92,False,True
3361277dc30b7cccdb0c286b24219756,87015,maringa,PR,42,29,18,3,3905.05,635.85,29,28,2017-02-11 13:33:12,2018-08-18 18:48:25,4.344827586206897,29,2,-15.931034482758621,12.758620689655173,1.4482758620689655,134.65689655172415,21.925862068965518,2,0.06896551724137931,0.06896551724137931,553,False,True
519a7aa428f18d125a283cf8c014fdd6,89180,rio do oeste,SC,3,3,1,1,79.69999999999999,73.1,3,2,2018-07-07 16:56:54,2018-07-30 21:54:00,4.0,3,0,-15.666666666666666,7.0,1.0,26.566666666666663,24.366666666666664,0,0.0,0.0,23,False,True
3c7c4a49ec3c6550809089c6a2ca9370,3804,sao paulo,SP,160,141,24,1,4033.6400000000003,1824.66,141,140,2017-09-04 12:14:07,2018-08-18 21:48:53,3.6595744680851063,141,8,-9.453237410071942,9.172661870503598,1.1347517730496455,28.607375886524824,12.940851063829786,40,0.05673758865248227,0.28368794326241137,348,False,True
53b0300ca793f9834cd69c0678d35ee8,13339,indaiatuba,SP,10,5,5,1,1662.15,137.31,5,5,2017-11-18 16:05:19,2018-07-30 12:08:24,5.0,5,0,-14.4,5.6,2.0,332.43,27.462,0,0.0,0.0,253,False,True
822bad9bc42b51213ba522fe87b7ab5d,88330,balneario camboriu,SC,18,18,7,4,5160.0,527.34,18,18,2017-08-10 22:52:11,2018-06-09 10:48:27,4.111111111111111,18,5,-4.444444444444445,26.166666666666668,1.0,286.6666666666667,29.296666666666667,2,0.2777777777777778,0.1111111111111111,302,False,True
48162d548f5b1b11b9d29d1e01f75a61,13403,piracicaba,SP,91,68,43,7,20510.14,2082.03,68,66,2017-01-26 11:09:00,2018-08-17 12:16:27,3.8970588235294117,68,1,-13.303030303030303,11.151515151515152,1.338235294117647,301.61970588235295,30.61808823529412,13,0.014705882352941176,0.19117647058823528,568,False,True
88ef59b51bdaa941d10a853429f2b6ce,83280,guaratuba,PR,2,2,2,1,252.9,41.8,2,2,2018-07-04 14:05:12,2018-08-18 20:16:45,2.0,2,0,-18.0,6.0,1.0,126.45,20.9,1,0.0,0.5,45,True,True
1992f8fb6b19fcccd97ca819811e7267,1403,sao paulo,SP,1,1,1,1,28.8,11.22,1,1,2018-07-26 12:45:33,2018-07-26 12:45:33,1.0,1,0,,,1.0,28.8,11.22,1,0.0,1.0,0,True,True
3fd1e727ba94cfe122d165e176ce7967,14802,araraquara,SP,38,37,12,1,2805.2000000000003,589.22,37,37,2017-12-01 22:57:13,2018-04-04 08:20:22,3.7837837837837838,37,7,-8.628571428571428,15.228571428571428,1.027027027027027,75.81621621621622,15.924864864864865,8,0.1891891891891892,0.21621621621621623,123,False,True
ea4e9ce63a2134743b4a92777437fcdd,88135,palhoca,SC,4,3,3,1,316.6,65.7,3,3,2018-04-15 15:23:10,2018-08-21 10:00:51,4.666666666666667,3,0,-24.666666666666668,9.666666666666666,1.3333333333333333,105.53333333333335,21.900000000000002,0,0.0,0.0,127,False,True
45a3d05fb00435e52a28859dd03703b3,7176,guarulhos,SP,1,1,1,1,1299.0,24.79,1,1,2017-02-03 18:08:16,2017-02-03 18:08:16,5.0,1,0,-5.0,25.0,1.0,1299.0,24.79,0,0.0,0.0,0,False,True
c3fe93ba3085f92855c97e57f38c8c05,81510,curitiba,PR,7,7,5,1,245.0,113.97,7,7,2017-06-08 18:45:48,2018-07-24 23:30:08,5.0,7,0,-11.166666666666666,12.833333333333334,1.0,35.0,16.28142857142857,0,0.0,0.0,411,False,True
9646c3513289980f17226a2fc4720dbd,12215,sao jose dos campos,SP,78,71,24,4,3039.2999999999997,1208.02,71,71,2017-01-25 18:04:52,2018-08-04 14:29:27,4.352112676056338,71,2,-13.942028985507246,10.666666666666666,1.0985915492957747,42.807042253521125,17.014366197183097,6,0.028169014084507043,0.08450704225352113,555,False,True
52a52b9f656520e99716f5bc40f661c8,13573,sao carlos,SP,8,7,6,1,783.1,148.12,7,7,2018-04-29 18:49:23,2018-07-28 13:11:22,4.0,7,0,-12.285714285714286,10.142857142857142,1.1428571428571428,111.87142857142855,21.16,2,0.0,0.2857142857142857,89,False,True
36a968b544695394e4e9d7572688598f,11010,santos,SP,162,154,43,10,9482.87,2146.0,154,154,2017-02-22 17:12:07,2018-08-27 16:24:47,3.6493506493506493,154,5,-12.39864864864865,10.25,1.051948051948052,61.577077922077926,13.935064935064934,37,0.032467532467532464,0.24025974025974026,550,False,True
4b5f66b7adcf57f1ecc0d3c07dd6b177,87025,vendas@creditparts.com.br,PR,38,23,10,1,6381.78,734.18,23,22,2017-03-21 16:03:34,2018-07-25 16:11:44,4.090909090909091,22,1,-14.782608695652174,13.782608695652174,1.6521739130434783,277.4686956521739,31.92086956521739,3,0.043478260869565216,0.13043478260869565,491,False,True
ec21206b7894c503788a684a7bc822a6,28950,armacao dos buzios,RJ,3,3,3,2,247.8,48.61,3,3,2017-08-03 19:04:35,2017-11-17 06:34:36,2.6666666666666665,3,0,-20.0,8.0,1.0,82.60000000000001,16.203333333333333,1,0.0,0.3333333333333333,105,False,True
b1aaae6b66ad3c40f54b389d7ea4bee0,4714,sao paulo,SP,17,15,15,3,1176.5,392.74,15,15,2017-01-22 11:08:52,2017-05-24 17:01:03,4.4,15,0,-19.333333333333332,7.466666666666667,1.1333333333333333,78.43333333333334,26.182666666666666,1,0.0,0.06666666666666667,122,False,True
89ad3263c0931c47f976d7c5778e60f6,5127,sao paulo,SP,6,6,5,1,568.2,131.54,6,6,2018-06-25 10:02:54,2018-07-28 14:44:16,4.166666666666667,6,0,-12.5,6.0,1.0,94.7,21.923333333333332,1,0.0,0.16666666666666666,33,False,True
af4a0e4cfe1d9c26b6712b1be25a72e5,35670,mateus leme,MG,26,21,17,2,8757.98,593.62,21,21,2017-08-01 11:03:32,2018-03-15 22:35:02,3.4285714285714284,21,1,-12.666666666666666,12.952380952380953,1.2380952380952381,417.0466666666666,28.267619047619046,8,0.047619047619047616,0.38095238095238093,226,False,True
6f1a1263039c76e68f40a8e536b1da6a,3581,sao paulop,SP,7,4,1,1,256.39,100.45,4,4,2017-09-17 23:54:20,2018-01-15 15:18:27,1.5,4,1,31.0,50.5,1.75,64.0975,25.1125,3,0.25,0.75,119,True,True
5f67c6082caacb26e431a7b17940cece,87083,maringa,PR,14,13,3,1,1662.6,208.43,13,13,2018-02-14 10:07:30,2018-08-06 22:01:08,3.5384615384615383,13,3,-1.5384615384615385,22.46153846153846,1.0769230769230769,127.89230769230768,16.033076923076923,3,0.23076923076923078,0.23076923076923078,173,False,True
5721089ba9214e80074f27d5a03fc0eb,1408,sao paulo,SP,7,5,4,2,245.92999999999998,66.64,5,5,2017-11-02 11:01:12,2018-01-30 15:24:11,5.0,5,0,-11.6,7.0,1.4,49.18599999999999,13.328,0,0.0,0.0,89,False,True
1782ce2db72c3dda627d5e7c898104e1,6766,taboao da serra,SP,10,9,7,2,2010.8,207.37,9,9,2017-02-06 10:13:04,2018-05-05 16:45:11,4.333333333333333,9,1,-0.2222222222222222,29.0,1.1111111111111112,223.42222222222222,23.04111111111111,0,0.1111111111111111,0.0,453,False,True
8160255418d5aaa7dbdc9f4c64ebda44,14940,ibitinga,SP,431,385,57,4,47017.69,7853.81,385,383,2017-10-09 14:50:32,2018-08-20 10:29:03,3.9343832020997374,381,52,-8.142105263157895,15.83157894736842,1.1194805194805195,122.12387012987014,20.399506493506493,66,0.13506493506493505,0.17142857142857143,314,False,True
cee48807215b30a12ca2ca10ffb5f250,11431,guaruja,SP,40,39,27,2,7212.2300000000005,913.29,39,39,2017-08-04 15:34:27,2018-08-21 12:20:32,3.769230769230769,39,5,-12.820512820512821,23.256410256410255,1.0256410256410255,184.92897435897436,23.417692307692306,9,0.1282051282051282,0.23076923076923078,381,False,True
8e670472e453ba34a379331513d6aab1,36087,juiz de fora,MG,1,1,1,1,975.0,108.96,1,1,2017-09-06 17:07:29,2017-09-06 17:07:29,1.0,1,1,35.0,86.0,1.0,975.0,108.96,1,1.0,1.0,0,True,True
633ecdf879b94b5337cca303328e4a25,4438,sao paulo,SP,6,6,2,1,1037.6000000000001,87.89,6,6,2017-09-15 11:59:48,2017-09-22 18:11:44,1.8,5,4,6.5,25.333333333333332,1.0,172.93333333333337,14.648333333333333,4,0.6666666666666666,0.6666666666666666,7,True,True
05a940b4ecae36cadfd8e93bd9c43257,74305,goiania,GO,10,10,9,3,952.0,196.94,10,10,2017-07-16 17:22:22,2018-02-19 15:20:06,3.9,10,0,-14.88888888888889,13.777777777777779,1.0,95.2,19.694,2,0.0,0.2,217,False,True
da7039f29f90ce5b4846ffc0fcc93beb,9041,santo andre,SP,18,17,7,1,1259.1,244.45000000000002,17,17,2018-04-20 08:04:26,2018-08-18 09:47:18,4.529411764705882,17,1,-11.764705882352942,8.823529411764707,1.0588235294117647,74.06470588235294,14.379411764705884,1,0.058823529411764705,0.058823529411764705,120,False,True
4c03b9dd4c11ee2cb35c96c49efc9420,13232,campo limpo paulista,SP,48,48,5,1,6458.6,843.73,48,48,2017-05-04 08:41:54,2017-10-06 19:35:38,4.1063829787234045,47,1,-14.145833333333334,10.020833333333334,1.0,134.55416666666667,17.577708333333334,7,0.020833333333333332,0.14583333333333334,155,False,True
a5a1bfcf728ab0e19182959cf0771ee4,13960,socorro,SP,24,21,6,3,1812.96,347.89,21,21,2018-01-07 21:45:04,2018-08-20 22:09:12,4.333333333333333,21,1,-10.238095238095237,12.904761904761905,1.1428571428571428,86.33142857142857,16.566190476190474,1,0.047619047619047616,0.047619047619047616,225,False,True
431050a06a317f2b38168dec3dcd2b46,2475,sao paulo,SP,12,12,7,2,1487.8,233.15,12,12,2018-04-28 23:02:40,2018-08-06 15:03:43,4.25,12,0,-14.1,8.5,1.0,123.98333333333333,19.429166666666667,1,0.0,0.08333333333333333,99,False,True
40ec8ab6cdafbcc4f544da38c67da39a,85603,francisco beltrao,PR,2,2,1,1,117.8,39.2,2,2,2018-08-01 22:00:33,2018-08-10 13:24:35,5.0,2,0,-13.5,6.0,1.0,58.9,19.6,0,0.0,0.0,8,False,True
ffff564a4f9085cd26170f4732393726,13070,campinas,SP,20,20,15,6,1426.3,344.56,20,20,2016-10-07 17:37:49,2017-04-03 22:08:47,2.1,20,0,-48.0,11.875,1.0,71.315,17.228,13,0.0,0.65,178,False,True
bede56095ba33c42038fb85f707b8a42,13271,valinhos,SP,2,2,2,1,3973.9,210.87,2,2,2017-08-20 19:28:57,2017-12-17 09:15:37,4.5,2,0,-18.0,12.5,1.0,1986.95,105.435,0,0.0,0.0,118,False,True
bbad7e518d7af88a0897397ffdca1979,1512,sao paulo,SP,85,69,14,8,4462.22,1338.2,69,68,2017-06-05 11:30:05,2018-08-06 10:55:03,3.161764705882353,68,11,-9.382352941176471,13.0,1.2318840579710144,64.66985507246378,19.394202898550724,28,0.15942028985507245,0.4057971014492754,426,False,True
a806a4bb063ea7ca6d374eafa50a6058,29161,serra,ES,6,5,5,1,294.4,110.87,5,5,2018-01-02 23:26:09,2018-02-12 17:56:55,4.0,5,0,-23.0,12.2,1.2,58.879999999999995,22.174,0,0.0,0.0,40,False,True
1b1ae47a313a825a7ccceb8e2e30fa9d,83450,bocaiuva do sul,PR,11,11,6,4,2243.9,246.5,11,11,2017-10-04 21:39:30,2018-05-07 13:37:30,3.9,10,0,-14.2,10.1,1.0,203.9909090909091,22.40909090909091,3,0.0,0.2727272727272727,214,False,True
d9e7e7778b32987280a6f2cb9a39c57d,3304,sao paulo,SP,13,11,7,1,722.5,263.89,11,11,2018-01-10 14:42:48,2018-06-08 16:40:18,3.5454545454545454,11,2,-10.090909090909092,18.0,1.1818181818181819,65.68181818181819,23.99,3,0.18181818181818182,0.2727272727272727,149,False,True
99a54764c341d5dc80b4a8fac4eba3fb,3273,sao paulo,SP,67,45,31,5,3708.7599999999998,1317.5,45,43,2018-04-27 16:58:21,2018-08-28 15:53:09,3.6136363636363638,44,5,-9.931818181818182,7.340909090909091,1.488888888888889,82.41688888888888,29.27777777777778,10,0.1111111111111111,0.2222222222222222,122,False,True
939f6e231201f26803cb5c3a3d2940b3,17051,bauru,SP,4,3,3,1,130.6,95.02000000000001,3,3,2016-10-04 13:11:29,2016-10-06 20:15:20,4.666666666666667,3,0,-45.333333333333336,10.333333333333334,1.3333333333333333,43.53333333333333,31.673333333333336,0,0.0,0.0,2,False,True
282f23a9769b2690c5dda22e316f9941,31573,belo horizonte,MG,110,99,41,6,6505.08,1881.88,99,99,2017-07-14 12:12:53,2018-08-23 19:14:36,4.333333333333333,99,4,-11.13265306122449,10.744897959183673,1.1111111111111112,65.70787878787878,19.00888888888889,5,0.04040404040404041,0.050505050505050504,405,False,True
427165bf50f8ca07efc7bdc2bfcf1688,13471,americana,SP,5,5,3,1,1603.5,89.4,5,5,2018-04-05 22:19:06,2018-04-26 18:02:59,3.2,5,3,17.8,38.2,1.0,320.7,17.880000000000003,2,0.6,0.4,20,False,True
d03698c2efd04a549382afa6623e27fb,45658,ilheus,BA,21,18,14,2,8865.47,779.15,18,18,2016-10-07 22:46:51,2018-07-31 20:19:04,4.5,18,1,-15.277777777777779,14.222222222222221,1.1666666666666667,492.52611111111105,43.28611111111111,1,0.05555555555555555,0.05555555555555555,661,False,True
e21a1e8be4715b0fcfd5385643bc49c4,88715,jaguaruna,SC,24,21,14,3,703.5999999999999,472.28999999999996,21,20,2017-04-25 13:35:09,2018-02-22 20:29:58,3.6666666666666665,21,0,-11.45,16.15,1.1428571428571428,33.5047619047619,22.49,5,0.0,0.23809523809523808,303,False,True
1e26c56af8d48424e1df0140a2401f83,13911,jaguariuna,SP,2,2,2,2,258.9,33.49,2,2,2018-06-13 20:49:57,2018-08-08 11:14:31,5.0,2,0,-16.0,4.5,1.0,129.45,16.745,0,0.0,0.0,55,False,True
8f119a0aee85c0c8fc534629734e94fd,6440,barueri,SP,83,77,32,8,3733.68,1092.77,77,77,2017-01-05 19:52:28,2018-08-10 21:02:26,4.246753246753247,77,3,-10.946666666666667,9.626666666666667,1.077922077922078,48.48935064935065,14.191818181818181,7,0.03896103896103896,0.09090909090909091,582,False,True
fdaaf5bfda82b7b80535610c831b8d09,15015,sao jose do rio preto,SP,15,10,12,2,2588.9,259.42,10,10,2017-09-05 22:14:52,2018-05-06 11:40:50,4.2,10,1,-12.5,9.4,1.5,258.89,25.942,2,0.1,0.2,242,False,True
b274baf5bbd142410eb2958cf685d684,95780,montenegro,RS,7,7,7,2,585.9,148.67000000000002,7,7,2018-05-16 12:51:33,2018-07-20 11:33:51,4.285714285714286,7,0,-22.714285714285715,6.0,1.0,83.7,21.23857142857143,1,0.0,0.14285714285714285,64,False,True
bcc9dd23e2a8bd8267cf92b19304a1b9,14940,ibitinga,SP,3,3,2,1,202.79000000000002,43.43,3,3,2018-01-19 23:31:34,2018-02-21 22:43:55,2.3333333333333335,3,2,0.0,22.0,1.0,67.59666666666668,14.476666666666667,2,0.6666666666666666,0.6666666666666666,32,False,True
751e274377499a8503fd6243ad9c56f6,13097,campinas,SP,2,1,1,1,218.0,17.84,1,1,2018-08-20 22:06:10,2018-08-20 22:06:10,5.0,1,0,-6.0,1.0,2.0,218.0,17.84,0,0.0,0.0,0,False,True
1fddcb7b326905d3ad5efe82187db347,2279,sao paulo,SP,1,1,1,1,92.0,13.22,1,1,2017-03-28 07:27:16,2017-03-28 07:27:16,1.0,1,0,,,1.0,92.0,13.22,1,0.0,1.0,0,True,True
b1fc4f64df5a0e8b6913ab38803c57a9,24440,sao goncalo,RJ,121,107,5,1,7994.74,2146.25,107,107,2017-05-09 10:49:49,2018-08-10 08:13:28,3.857142857142857,105,13,-9.841121495327103,15.448598130841122,1.1308411214953271,74.71719626168225,20.05841121495327,22,0.12149532710280374,0.205607476635514,457,False,True
4eb61f060e7dcc1d5a80d806c35cc541,5743,sao paulo,SP,8,8,3,2,1313.0,153.12,8,8,2018-03-23 13:10:56,2018-08-23 00:46:54,3.875,8,0,-13.0,5.75,1.0,164.125,19.14,1,0.0,0.125,152,False,True
1d0646a72178a6fb37ee8082140e06ec,89203,joinville,SC,2,2,2,2,61.0,36.62,2,2,2018-07-16 14:24:22,2018-08-22 18:52:42,5.0,2,0,-7.5,7.5,1.0,30.5,18.31,0,0.0,0.0,37,False,True
0ebd97a106433a45a4aebe57c1799778,32240,contagem,MG,32,31,10,1,3046.8,614.88,31,31,2017-05-16 09:12:37,2018-07-13 21:05:56,4.483870967741935,31,0,-17.032258064516128,8.935483870967742,1.032258064516129,98.28387096774195,19.83483870967742,2,0.0,0.06451612903225806,423,False,True
63bc58679c44e8a998792119fd7ad23e,5595,sao paulo,SP,1,1,1,1,19.9,14.11,1,1,2017-02-15 14:38:14,2017-02-15 14:38:14,1.0,1,0,,,1.0,19.9,14.11,1,0.0,1.0,0,True,True
101921376b577a4540dc30e9009133ca,13505,rio claro,SP,1,1,1,1,373.0,21.49,1,1,2017-05-19 16:14:42,2017-05-19 16:14:42,2.0,1,0,,,1.0,373.0,21.49,1,0.0,1.0,0,True,True
f0ec78809fe0bc3edb11c9fe5b97b059,4291,sao paulo,SP,2,2,2,1,62.599999999999994,23.659999999999997,2,2,2018-06-09 12:47:27,2018-07-18 12:50:16,4.0,2,0,-10.0,9.0,1.0,31.299999999999997,11.829999999999998,0,0.0,0.0,39,False,True
6219ba2359cfb97f2e38fd4c321eb309,2110,sao paulo,SP,6,6,4,1,487.5,103.05,6,6,2017-09-19 12:20:28,2018-06-29 11:02:18,3.4,5,3,2.2,23.4,1.0,81.25,17.175,2,0.5,0.3333333333333333,282,False,True
a7f13822ceb966b076af67121f87b063,8577,itaquaquecetuba,SP,86,75,32,5,12477.64,3117.48,75,75,2016-10-04 18:52:56,2017-05-04 19:31:51,3.3378378378378377,74,3,-16.410958904109588,22.08219178082192,1.1466666666666667,166.36853333333332,41.5664,22,0.04,0.29333333333333333,212,False,True
4e8dacf3d38f281ae26c3e0321d92d88,8420,sao paulo,SP,15,10,5,1,2644.95,216.16,10,10,2017-01-27 14:59:18,2017-06-05 12:13:39,2.8,10,1,-14.375,11.5,1.5,264.495,21.616,5,0.1,0.5,128,False,True
78a4d36f65a019172c6154468831a69f,17018,bauru,SP,7,7,1,1,1545.5,223.4,7,7,2017-10-20 00:43:54,2017-12-08 16:15:26,4.285714285714286,7,1,-11.428571428571429,15.0,1.0,220.78571428571428,31.914285714285715,1,0.14285714285714285,0.14285714285714285,49,False,True
c64a2aec32cc408a8a4c6d7c46017f91,95625,imbe,RS,9,9,2,1,3221.5,406.67,9,9,2017-11-24 14:41:34,2018-02-14 17:51:11,3.888888888888889,9,0,-12.222222222222221,21.22222222222222,1.0,357.94444444444446,45.18555555555556,1,0.0,0.1111111111111111,82,False,True
cb162c8eef257253782d245c08d9097c,6419,barueri,SP,1,1,1,1,34.99,14.13,1,1,2017-11-19 20:37:11,2017-11-19 20:37:11,5.0,1,0,-8.0,10.0,1.0,34.99,14.13,0,0.0,0.0,0,False,True
fc6295add6f51a0936407ead70c1001d,4101,sao paulo,SP,4,1,4,1,160.0,70.52,1,1,2017-11-06 19:20:14,2017-11-06 19:20:14,1.0,1,0,-9.0,13.0,4.0,160.0,70.52,1,0.0,1.0,0,True,True
f0e103c63864d5405b958d984b6e94c9,6150,osasco,SP,11,11,7,2,951.7,149.71,11,11,2017-04-04 14:13:05,2017-08-26 00:59:30,4.7272727272727275,11,0,-12.0,8.181818181818182,1.0,86.51818181818182,13.610000000000001,0,0.0,0.0,143,False,True
5def4c3732941a971cba8fdee992ede1,2113,sao paulo,SP,6,5,5,4,134.8,66.24,5,5,2018-08-02 12:07:17,2018-08-28 18:49:20,4.6,5,0,-6.0,4.2,1.2,26.96,13.248,0,0.0,0.0,26,False,True
80e6699fe29150b372a0c8a1ebf7dcc8,83323,pinhais,PR,100,98,32,3,11441.56,2713.34,98,98,2016-10-10 16:00:30,2018-05-13 19:30:39,4.278350515463917,97,3,-16.052083333333332,11.104166666666666,1.0204081632653061,116.75061224489795,27.68714285714286,10,0.030612244897959183,0.10204081632653061,580,False,True
42ef3192a9ff87a22d1867b74b3ee205,9090,santo andre,SP,23,23,20,4,1354.0900000000001,301.88,23,23,2018-01-02 22:14:43,2018-08-02 19:25:36,4.6521739130434785,23,0,-11.043478260869565,8.91304347826087,1.0,58.87347826086957,13.125217391304348,1,0.0,0.043478260869565216,211,False,True
a2deecd5398f5df4987110c80a1972a3,5043,sao paulo,SP,16,16,7,2,827.4300000000001,292.1,16,15,2018-04-04 21:44:26,2018-08-24 14:37:50,3.625,16,0,-13.692307692307692,7.923076923076923,1.0,51.714375000000004,18.25625,4,0.0,0.25,141,False,True
9853a239ab7b7ebbdc3a21248d5b8e1f,83602,campo largo,PR,5,5,5,1,381.0,90.00999999999999,5,5,2017-04-26 20:47:50,2017-11-28 15:32:25,3.8,5,1,-13.25,17.5,1.0,76.2,18.002,1,0.2,0.2,215,False,True
f8e2c1b59cd4225a3e4fd0d013a76b93,14021,ribeirao preto,SP,3,2,2,1,219.8,44.63,2,2,2017-09-01 10:23:11,2017-12-31 02:09:21,5.0,2,0,-18.0,9.5,1.5,109.9,22.315,0,0.0,0.0,120,False,True
9c3c24eca51c52b91c1de727d2a2ae06,95020,caxias do sul,RS,6,6,3,2,307.5,113.66,6,6,2016-10-10 15:23:51,2018-05-21 10:41:20,4.5,6,0,-24.166666666666668,10.333333333333334,1.0,51.25,18.94333333333333,0,0.0,0.0,587,False,True
f524ad65d7e0f1daab730ef2d2e86196,99300,soledade,RS,2,1,1,1,578.0,31.5,1,1,2018-01-29 22:29:52,2018-01-29 22:29:52,1.0,1,1,3.0,24.0,2.0,578.0,31.5,1,1.0,1.0,0,True,True
aae5953b9edddf14749c0d65d60eb4b9,31035,belo horizonte,MG,2,2,2,1,173.0,29.9,2,2,2017-09-30 00:53:36,2017-10-18 21:52:56,5.0,2,0,-12.5,12.0,1.0,86.5,14.95,0,0.0,0.0,18,False,True
c003204e1ab016dfa150abc119207b24,7790,cajamar,SP,202,197,11,2,25108.09,4742.8,197,197,2017-10-18 23:51:56,2018-08-26 16:19:58,4.448979591836735,196,10,-11.528205128205128,9.21025641025641,1.0253807106598984,127.45223350253808,24.0751269035533,10,0.050761421319796954,0.050761421319796954,311,False,True
5656537e588803a555b8eb41f07a944b,72015,brasilia,DF,188,174,72,11,8065.93,3377.0299999999997,174,173,2016-10-06 13:07:13,2018-08-23 14:56:46,3.8735632183908044,174,10,-11.76608187134503,10.865497076023392,1.0804597701149425,46.355919540229884,19.408218390804596,34,0.05747126436781609,0.19540229885057472,686,False,True
503c1de08ae81a2d86f17951b204db55,3725,sao paulo,SP,22,22,2,1,4906.99,414.90999999999997,22,22,2017-06-28 15:23:34,2018-07-26 09:26:38,4.409090909090909,22,1,-11.909090909090908,13.045454545454545,1.0,223.045,18.859545454545454,1,0.045454545454545456,0.045454545454545456,392,False,True
b8bc237ba3788b23da09c0f1f3a3288c,88303,itajai,SC,47,45,1,1,13685.710000000001,1935.45,45,45,2017-08-07 08:31:36,2018-06-30 07:43:15,4.318181818181818,44,1,-14.444444444444445,11.333333333333334,1.0444444444444445,304.1268888888889,43.01,3,0.022222222222222223,0.06666666666666667,326,False,True
7816cd9c5b1238e320545f5bf7eb80e8,14801,araraquara,SP,1,1,1,1,489.0,22.76,1,1,2018-05-24 21:30:11,2018-05-24 21:30:11,4.0,1,0,-14.0,10.0,1.0,489.0,22.76,0,0.0,0.0,0,False,True
213fafb0ca06fb3d5886579c2565791b,35700,sete lagoas,MG,3,3,3,3,189.70000000000002,27.16,3,3,2018-06-14 15:23:38,2018-08-23 10:23:31,2.3333333333333335,3,0,-6.333333333333333,4.0,1.0,63.23333333333334,9.053333333333333,2,0.0,0.6666666666666666,69,False,True
404e1ba01358af4cd63f679b2c4d1fa1,36032,juiz de fora,MG,12,8,7,3,373.9,177.82999999999998,8,8,2017-08-21 01:07:46,2018-08-16 12:36:06,5.0,8,0,-16.25,7.625,1.5,46.7375,22.228749999999998,0,0.0,0.0,360,False,True
186cdd1b2df32caa72cfb410bba768d3,89295,rio negrinho,SC,6,6,6,1,1341.45,268.28000000000003,6,6,2018-05-11 11:17:57,2018-08-06 13:16:55,5.0,6,0,-28.166666666666668,8.166666666666666,1.0,223.57500000000002,44.71333333333334,0,0.0,0.0,87,False,True
de23c3b98a88888289c6f5cc1209054a,5530,sao paulo,SP,181,164,93,6,26399.670000000002,2682.14,164,160,2017-05-05 14:21:17,2018-08-17 13:11:13,4.2560975609756095,164,12,-10.397515527950311,10.490683229813664,1.103658536585366,160.97359756097563,16.354512195121952,19,0.07317073170731707,0.11585365853658537,468,False,True
fe49ee029e61e789a1f3a5525f57ba8d,6018,osasco,SP,17,17,11,6,2527.5899999999997,224.85,17,17,2017-11-28 14:09:58,2018-03-26 11:59:06,4.0588235294117645,17,1,-11.875,10.0625,1.0,148.68176470588233,13.226470588235294,3,0.058823529411764705,0.17647058823529413,117,False,True
902c99f1ac505c0d18778b61bcd636f7,13840,mogi guacu,SP,4,4,4,2,157.96,100.16,4,4,2018-07-18 20:38:18,2018-08-10 16:55:53,4.0,4,0,-3.3333333333333335,4.666666666666667,1.0,39.49,25.04,1,0.0,0.25,22,False,True
94ca168e8bcb407ab85c5da308863027,16250,clementina,SP,5,5,4,2,224.3,87.36,5,5,2017-11-21 21:11:07,2018-08-24 18:37:17,5.0,5,0,-8.4,11.8,1.0,44.86,17.472,0,0.0,0.0,275,False,True
82921991ff5b557b045605b8bbf08d49,1023,sao paulo,SP,1,1,1,1,18.9,18.23,1,1,2018-08-05 19:41:36,2018-08-05 19:41:36,5.0,1,0,-13.0,4.0,1.0,18.9,18.23,0,0.0,0.0,0,False,True
77128dec4bec4878c37ab7d6169d6f26,2610,sao paulo,SP,1,1,1,1,6.5,8.72,1,1,2017-03-15 20:14:39,2017-03-15 20:14:39,5.0,1,0,-7.0,11.0,1.0,6.5,8.72,0,0.0,0.0,0,False,True
4bf658053d453036c70976bccb2c31b2,15070,sao jose do rio preto,SP,2,2,2,1,1742.99,81.57,2,2,2017-04-15 12:11:01,2017-05-18 12:26:29,4.5,2,0,-8.5,24.0,1.0,871.495,40.785,0,0.0,0.0,33,False,True
e8a85b5f3df47be0984c55fd4064dbb4,71825,brasilia,DF,14,8,6,4,743.0,222.99,8,8,2018-02-11 08:14:07,2018-08-21 08:35:57,4.5,8,1,-7.125,10.375,1.75,92.875,27.87375,1,0.125,0.125,191,False,True
28f10b1c5e5abb9d4857745bede6147c,4250,sao paulo,SP,28,28,4,3,835.0,350.42,28,28,2018-04-28 07:47:49,2018-08-17 14:33:23,4.0,28,4,-6.607142857142857,7.178571428571429,1.0,29.821428571428573,12.515,5,0.14285714285714285,0.17857142857142858,111,False,True
48bad451945f5227341793478d6353ea,1220,sao paulo,SP,3,3,2,2,307.0,77.49000000000001,3,3,2017-02-16 19:36:07,2017-12-26 12:19:08,4.0,3,1,-14.666666666666666,21.666666666666668,1.0,102.33333333333333,25.830000000000002,0,0.3333333333333333,0.0,312,False,True
2a61c271b1ac763450d846849783e922,9175,santo andre,SP,23,18,6,2,1516.76,496.37,18,18,2017-09-12 16:17:32,2018-02-19 19:48:52,4.055555555555555,18,4,-6.555555555555555,18.833333333333332,1.2777777777777777,84.26444444444445,27.57611111111111,3,0.2222222222222222,0.16666666666666666,160,False,True
ba6ce6de456f6c11d08c17701ba5c26f,18044,sorocaba,SP,7,6,3,1,744.35,130.16,6,6,2018-02-15 17:02:21,2018-07-23 19:41:14,4.166666666666667,6,0,-4.5,11.833333333333334,1.1666666666666667,124.05833333333334,21.69333333333333,1,0.0,0.16666666666666666,158,False,True
5dceca129747e92ff8ef7a997dc4f8ca,13450,santa barbara d´oeste,SP,346,325,48,7,112155.53,13661.39,325,321,2017-01-27 13:37:09,2018-06-25 22:59:03,3.984423676012461,321,18,-11.254658385093167,11.071428571428571,1.0646153846153845,345.09393846153847,42.03504615384615,64,0.055384615384615386,0.19692307692307692,514,False,True
e1dc0754bada9ee4cfe9713f22f61292,25035,duque de caxias,RJ,12,12,4,4,885.0,264.78,12,12,2018-06-13 18:23:39,2018-08-20 14:38:06,3.8333333333333335,12,0,-13.083333333333334,7.833333333333333,1.0,73.75,22.064999999999998,3,0.0,0.25,67,False,True
39a5005f2605cbdb4f9ac14485cabfd1,14780,barretos,SP,8,3,3,1,501.07,232.59,3,3,2018-06-27 10:45:14,2018-08-04 13:18:33,5.0,3,0,-17.666666666666668,9.0,2.6666666666666665,167.02333333333334,77.52999999999999,0,0.0,0.0,38,False,True
2bf28e311bba65237358230cabac3f15,86047,londrina,PR,8,7,6,3,294.0,183.88,7,7,2018-04-03 20:28:35,2018-08-12 14:52:42,3.7142857142857144,7,2,-11.0,11.0,1.1428571428571428,42.0,26.268571428571427,2,0.2857142857142857,0.2857142857142857,130,False,True
0e44d110fa6a54e121cb2c095a77762f,7901,francisco morato,SP,6,6,5,1,223.32,70.06,6,6,2017-08-04 06:36:20,2018-06-13 00:02:17,4.333333333333333,6,1,-7.333333333333333,11.5,1.0,37.22,11.676666666666668,1,0.16666666666666666,0.16666666666666666,312,False,True
3d871de0142ce09b7081e2b9d1733cb1,13232,campo limpo paulista,SP,1147,1080,202,6,94914.2,22433.51,1080,1074,2017-03-05 12:29:19,2018-08-26 12:28:39,4.152478952291862,1069,58,-13.088345864661655,13.042293233082706,1.0620370370370371,87.88351851851851,20.771768518518517,123,0.053703703703703705,0.11388888888888889,538,False,True
bf0d50a6410d487dc97d2baac0a8c0be,13408,piracicaba,SP,1,1,1,1,27.9,9.26,1,1,2018-05-09 14:14:06,2018-05-09 14:14:06,2.0,1,0,,,1.0,27.9,9.26,1,0.0,1.0,0,True,True
51e4e89242cbb846c2deff3dc015650e,96203,rio grande,RS,16,16,10,2,822.58,353.17,16,16,2018-04-04 16:32:31,2018-08-20 17:16:49,4.625,16,0,-16.0,8.75,1.0,51.41125,22.073125,0,0.0,0.0,138,False,True
86ccac0b835037332a596a33b6949ee1,89041,blumenau,SC,210,180,72,3,16619.93,3968.67,180,179,2017-03-22 17:23:19,2018-07-30 16:32:00,4.195530726256983,179,4,-14.98876404494382,11.601123595505618,1.1666666666666667,92.33294444444445,22.048166666666667,23,0.022222222222222223,0.12777777777777777,494,False,True
c97aa4ee7420f937da13b7f9e2228b99,93510,novo hamburgo,RS,1,1,1,1,29.9,6.66,1,1,2018-08-17 20:47:06,2018-08-17 20:47:06,1.0,1,0,-28.0,10.0,1.0,29.9,6.66,1,0.0,1.0,0,True,True
aac51c486b672a9850d59f3e84b1cf88,2752,sao paulo,SP,13,10,6,3,728.28,131.29,10,10,2018-08-12 09:56:51,2018-08-24 20:24:26,4.8,10,0,-8.5,4.3,1.3,72.828,13.129,0,0.0,0.0,12,False,True
3340ef1913fb70d28420f6ceb685c339,87040,maringa,PR,42,32,15,1,6731.15,750.4,32,31,2017-01-18 20:14:17,2017-11-23 16:22:37,4.375,32,1,-9.625,16.21875,1.3125,210.34843750000002,23.45,2,0.03125,0.0625,308,False,True
76de363de16dacc923eec8daf91df504,89825,xaxim,SC,2,2,2,2,360.0,50.42,2,2,2017-09-22 10:58:10,2018-03-21 15:56:34,2.5,2,0,-14.5,13.0,1.0,180.0,25.21,1,0.0,0.5,180,False,True
58b98ccb79873e04eac4357cacc590d9,13043,campinas,SP,1,1,1,1,23.0,8.91,1,1,2018-08-04 10:54:42,2018-08-04 10:54:42,1.0,1,0,,,1.0,23.0,8.91,1,0.0,1.0,0,True,True
fc99f99385ae90f66f01733856fb88c9,18550,boituva,SP,1,1,1,1,89.9,21.12,1,1,2017-06-13 21:10:05,2017-06-13 21:10:05,1.0,1,0,,,1.0,89.9,21.12,1,0.0,1.0,0,True,True
b74d1c09cb380e1d03a6f859c6f4224b,20061,rio de janeiro,RJ,39,31,11,4,2221.6,831.6,31,31,2018-02-23 16:51:37,2018-08-09 13:35:56,4.258064516129032,31,4,-12.833333333333334,10.3,1.2580645161290323,71.66451612903225,26.825806451612905,3,0.12903225806451613,0.0967741935483871,166,False,True
1bb2bdb95f4841f1bba2c0d2cd83d3c9,1257,sao paulo,SP,85,81,23,5,5002.71,1146.56,81,80,2017-01-30 18:43:16,2018-08-13 11:43:17,4.6375,80,5,-13.30379746835443,11.987341772151899,1.0493827160493827,61.76185185185185,14.155061728395061,3,0.06172839506172839,0.037037037037037035,559,False,True
670c26e0f1bf8d0576271d5cfaec6d2b,87025,maringa,PR,87,78,15,2,6341.6,1694.03,78,76,2017-11-04 18:20:58,2018-08-01 10:17:18,4.269230769230769,78,4,-12.64935064935065,13.818181818181818,1.1153846153846154,81.3025641025641,21.718333333333334,7,0.05128205128205128,0.08974358974358974,269,False,True
c32fc744b9160ac853450488e3cfea93,14020,ribeirao preto,SP,3,3,3,1,185.70000000000002,37.82,3,3,2018-03-19 17:28:25,2018-06-06 22:51:55,2.3333333333333335,3,0,-13.0,15.0,1.0,61.900000000000006,12.606666666666667,2,0.0,0.6666666666666666,79,False,True
59de1d4c8c057c2a53acd4ca66531af2,80215,curitiba,PR,1,1,1,1,135.0,21.75,1,1,2017-11-10 07:56:18,2017-11-10 07:56:18,5.0,1,0,-5.0,18.0,1.0,135.0,21.75,0,0.0,0.0,0,False,True
e64882b4ef12aee8d0faca4db5b681f4,74210,goiania,GO,2,1,1,1,230.0,43.22,1,1,2018-01-12 15:28:49,2018-01-12 15:28:49,4.0,1,0,-2.0,25.0,2.0,230.0,43.22,0,0.0,0.0,0,False,True
1b65c144b17e607c0f37f10bb7dfec8d,89160,rio do sul,SC,5,5,3,1,1109.5,144.85,5,5,2018-04-20 20:36:31,2018-06-29 11:31:08,2.0,5,0,-28.8,8.2,1.0,221.9,28.97,3,0.0,0.6,69,True,True
15ac3c501e2599e4917316fde5c5669a,4911,sao paulo,SP,1,1,1,1,144.2,51.61,1,1,2017-02-26 21:03:46,2017-02-26 21:03:46,1.0,1,0,,,1.0,144.2,51.61,1,0.0,1.0,0,True,True
f4aba7c0bca51484c30ab7bdc34bcdd1,1031,sao paulo,SP,117,110,12,2,3009.79,1547.71,110,110,2016-10-07 15:53:31,2017-07-29 15:38:47,3.9444444444444446,108,6,-15.675925925925926,10.453703703703704,1.0636363636363637,27.361727272727272,14.07009090909091,17,0.05454545454545454,0.15454545454545454,294,False,True
e0878efa0e0b7e5313ac0b43bc04c081,80230,curitiba,PR,29,27,4,2,5065.299999999999,529.61,27,27,2017-11-04 19:22:13,2018-03-05 08:58:05,3.5185185185185186,27,4,-11.0,17.615384615384617,1.0740740740740742,187.60370370370367,19.615185185185187,8,0.14814814814814814,0.2962962962962963,120,False,True
03a2a6dcbe45d639c4dc2a0d24769c40,9340,maua,SP,9,9,7,1,1078.41,172.25,9,9,2018-03-13 08:11:07,2018-08-15 18:21:14,4.111111111111111,9,1,-12.555555555555555,9.88888888888889,1.0,119.82333333333334,19.13888888888889,1,0.1111111111111111,0.1111111111111111,155,False,True
327b89b872c14d1c0be7235ef4871685,69005,manaus,AM,3,3,3,1,1177.0,81.8,3,3,2017-02-03 01:06:06,2017-03-15 14:28:24,2.3333333333333335,3,1,9.0,47.333333333333336,1.0,392.3333333333333,27.266666666666666,2,0.3333333333333333,0.6666666666666666,40,False,True
e9d99831abad74458942f21e16f33f92,3542,sao paulo,SP,149,130,35,4,4922.4800000000005,1993.58,130,130,2017-01-24 17:11:53,2018-08-26 20:58:26,3.9302325581395348,129,13,-9.523076923076923,12.384615384615385,1.146153846153846,37.86523076923077,15.335230769230769,21,0.1,0.16153846153846155,579,False,True
a45765f8afb1e594b22bf9e974b46765,2411,sao paulo,SP,1,1,1,1,79.99,8.93,1,1,2017-03-09 14:27:38,2017-03-09 14:27:38,4.0,1,0,-14.0,4.0,1.0,79.99,8.93,0,0.0,0.0,0,False,True
dc8798cbf453b7e0f98745e396cc5616,5455,sao paulo,SP,51,41,37,2,2056.3,624.4,41,41,2016-10-05 00:32:31,2017-11-20 21:36:39,3.048780487804878,41,2,-10.2,12.82857142857143,1.2439024390243902,50.15365853658536,15.229268292682926,17,0.04878048780487805,0.4146341463414634,411,False,True
d9cd369bffa979d1634f8e1318bf2f1b,15115,bady bassitt,SP,3,3,3,1,678.0,66.81,3,3,2018-05-13 22:12:59,2018-08-10 11:02:08,5.0,3,0,-24.666666666666668,10.666666666666666,1.0,226.0,22.27,0,0.0,0.0,88,False,True
240b9776d844d37535668549a396af32,24120,niteroi,RJ,36,36,11,5,13592.08,860.57,36,36,2018-07-17 13:48:59,2018-08-21 14:19:34,4.277777777777778,36,1,-11.257142857142858,10.971428571428572,1.0,377.5577777777778,23.904722222222222,4,0.027777777777777776,0.1111111111111111,35,False,True
70f7e8018e3d46c748c92f026aa2585a,1314,sao paulo,SP,2,1,2,1,239.8,37.88,1,1,2018-08-16 15:59:15,2018-08-16 15:59:15,5.0,1,0,-22.0,7.0,2.0,239.8,37.88,0,0.0,0.0,0,False,True
d1e2fe627180431ffda076abb303c56f,25900,rio de janeiro,RJ,1,1,1,1,289.0,9.05,1,1,2018-03-23 20:22:36,2018-03-23 20:22:36,1.0,1,0,,,1.0,289.0,9.05,1,0.0,1.0,0,True,True
3f2af2670e104d1bcb54022274daeac5,87240,terra boa,PR,7,6,5,1,973.6,360.58,6,6,2017-09-29 08:52:58,2018-05-19 23:15:03,3.3333333333333335,6,1,-19.5,19.0,1.1666666666666667,162.26666666666668,60.096666666666664,2,0.16666666666666666,0.3333333333333333,232,False,True
bb3dca718920a4d7ec3cc9ffb025108b,8011,sao paulo,SP,3,2,2,1,108.0,93.7,2,2,2017-02-08 13:09:38,2017-02-15 17:55:10,3.0,2,0,-40.0,11.5,1.5,54.0,46.85,1,0.0,0.5,7,False,True
babcc0ab201e4c60188427cae51a5b8b,13660,porto ferreira,SP,1,1,1,1,79.0,14.13,1,1,2018-07-01 10:23:10,2018-07-01 10:23:10,5.0,1,0,-11.0,8.0,1.0,79.0,14.13,0,0.0,0.0,0,False,True
eed78ac17f7f795a19a709745f00cd4e,18608,botucatu,SP,56,22,12,1,4349.5,846.34,22,20,2017-08-01 18:44:07,2018-07-17 14:25:51,3.772727272727273,22,0,-13.227272727272727,9.545454545454545,2.5454545454545454,197.70454545454547,38.47,5,0.0,0.22727272727272727,349,False,True
a2e874074c877c5a05abae80ad6e488f,15070,sao jose do rio preto,SP,46,44,21,5,8071.9800000000005,1202.82,44,44,2017-03-21 13:38:25,2018-08-26 07:54:47,3.9545454545454546,44,2,-16.275,18.775,1.0454545454545454,183.45409090909092,27.33681818181818,7,0.045454545454545456,0.1590909090909091,522,False,True
abcd2cb37d46c2c8fb1bf071c859fc5b,78020,cuiaba,MT,52,45,32,1,4880.22,1320.4,45,45,2017-05-29 15:28:10,2018-08-11 20:16:35,4.2444444444444445,45,2,-16.65909090909091,13.363636363636363,1.1555555555555554,108.44933333333334,29.342222222222226,2,0.044444444444444446,0.044444444444444446,439,False,True
1703bc09972dab9782e7a9194943b69f,37165,minas gerais,MG,1,1,1,1,249.9,106.21,1,1,2018-07-14 17:52:26,2018-07-14 17:52:26,5.0,1,0,-18.0,12.0,1.0,249.9,106.21,0,0.0,0.0,0,False,True
365e445f796710c3431557e85caa25db,4083,sao paulo,SP,5,4,4,1,1115.0,79.3,4,4,2017-02-01 16:03:51,2017-06-16 13:35:23,4.5,4,0,-18.0,7.75,1.25,278.75,19.825,0,0.0,0.0,134,False,True
0bb738e4d789e63e2267697c42d35a2d,18130,sao roque,SP,31,30,4,2,2388.3,642.34,30,30,2017-02-01 12:59:24,2018-06-20 06:58:43,4.6,30,1,-14.0,11.642857142857142,1.0333333333333334,79.61,21.411333333333335,0,0.03333333333333333,0.0,503,False,True
3d290fe363c60a77498c1126fd3fb8d3,6694,itapevi,SP,3,3,2,1,198.98,35.06,3,3,2017-03-11 21:54:43,2017-06-03 15:23:13,4.333333333333333,3,0,-12.666666666666666,7.0,1.0,66.32666666666667,11.686666666666667,0,0.0,0.0,83,False,True
325f3178fb58e2a9778334621eecdbf9,6790,taboao da serra,SP,46,36,13,3,981.6999999999999,451.67,36,36,2017-03-09 10:24:00,2018-01-29 19:18:47,4.444444444444445,36,0,-11.805555555555555,5.888888888888889,1.2777777777777777,27.269444444444442,12.54638888888889,3,0.0,0.08333333333333333,326,False,True
8c16d1f32a54d92897cc437244442e1b,89023,blumenau,SC,118,108,25,8,5642.6,2112.07,108,108,2016-10-05 08:01:47,2018-08-24 11:44:39,4.355140186915888,107,1,-15.185185185185185,10.537037037037036,1.0925925925925926,52.2462962962963,19.556203703703705,8,0.009259259259259259,0.07407407407407407,688,False,True
f5a590cf36251cf1162ea35bef76fe84,9720,sao bernardo do campo,SP,122,117,63,3,53201.78,4239.16,117,117,2017-03-28 18:48:20,2018-08-18 23:53:24,4.230769230769231,117,8,-11.053097345132743,11.265486725663717,1.0427350427350428,454.7160683760684,36.23213675213675,14,0.06837606837606838,0.11965811965811966,508,False,True
61f159ef6da2d441951d2c0efa719362,29160,serra,ES,3,3,3,3,154.97,61.01,3,3,2016-10-05 17:21:29,2017-01-24 21:24:34,1.0,3,0,,,1.0,51.656666666666666,20.336666666666666,3,0.0,1.0,111,True,True
1e8b33f18b4f7598d87f5cbee2282cc2,2066,sao paulo,SP,140,123,30,1,17309.06,2702.24,123,123,2017-11-16 13:23:12,2018-08-27 21:27:13,4.371900826446281,121,4,-10.934426229508198,7.401639344262295,1.1382113821138211,140.72406504065043,21.969430894308942,14,0.032520325203252036,0.11382113821138211,284,False,True
59cea8e446d3834393058e7e0666b6fb,87050,maringa,PR,10,10,5,4,696.6,204.54,10,10,2018-06-16 16:17:45,2018-08-16 14:23:18,4.6,10,0,-16.5,7.0,1.0,69.66,20.454,0,0.0,0.0,60,False,True
8c5e007d7bd5693fa1386ffefbc99f6c,13347,indaiatuba,SP,24,9,9,1,1029.11,378.3,9,9,2018-06-05 16:09:34,2018-08-19 20:45:58,4.333333333333333,9,0,-12.88888888888889,9.777777777777779,2.6666666666666665,114.34555555555555,42.03333333333333,1,0.0,0.1111111111111111,75,False,True
1da3aeb70d7989d1e6d9b0e887f97c23,4265,sao paulo,SP,328,265,155,21,8823.52,4231.84,265,256,2017-03-04 09:55:07,2018-08-21 17:04:34,4.163498098859316,263,12,-11.39463601532567,8.134099616858238,1.2377358490566037,33.296301886792456,15.969207547169812,33,0.045283018867924525,0.12452830188679245,535,False,True
5b67882648febfb6e1225e6ad7164f6b,87502,umuarama,PR,30,27,24,2,6813.4800000000005,618.94,27,27,2017-07-09 18:30:33,2018-08-10 19:41:30,4.0,27,1,-13.333333333333334,12.074074074074074,1.1111111111111112,252.35111111111112,22.923703703703705,4,0.037037037037037035,0.14814814814814814,397,False,True
53e4c6e0f4312d4d2107a8c9cddf45cd,13920,pedreira,SP,522,473,162,6,30148.95,9887.24,473,464,2017-02-21 19:06:14,2018-08-27 17:10:36,4.084925690021231,471,22,-13.34341252699784,11.570194384449245,1.1035940803382664,63.73985200845666,20.90325581395349,66,0.046511627906976744,0.13953488372093023,551,False,True
039e6ad9dae79614493083e241147386,3560,sao paulo,SP,5,5,4,1,12925.0,348.42,5,5,2018-04-03 11:35:18,2018-07-10 20:53:38,4.0,5,1,-12.2,14.0,1.0,2585.0,69.684,1,0.2,0.2,98,False,True
d65f31d2413268e671989503f6cf9993,13160,artur nogueira,SP,3,2,3,1,488.8,71.15,2,2,2017-02-07 17:57:14,2017-03-05 19:39:34,1.0,2,0,,,1.5,244.39999999999998,35.575,2,0.0,1.0,26,True,True
cad10cc982ab6a391570c211b995c17c,18701,avare,SP,1,1,1,1,47.4,12.79,1,1,2018-04-22 12:03:21,2018-04-22 12:03:21,5.0,1,0,-14.0,4.0,1.0,47.4,12.79,0,0.0,0.0,0,False,True
527801b552d0077ffd170872eb49683b,17400,garca,SP,92,90,26,4,17942.8,2062.56,90,89,2017-10-05 20:25:27,2018-08-24 20:22:30,4.47191011235955,89,9,-11.322222222222223,12.644444444444444,1.0222222222222221,199.36444444444444,22.917333333333332,7,0.1,0.07777777777777778,322,False,True
be67f78487e2cecb0d55bc769709e4f5,32419,ibirite,MG,1,1,1,1,102.0,23.64,1,1,2018-03-23 17:06:29,2018-03-23 17:06:29,5.0,1,0,-17.0,10.0,1.0,102.0,23.64,0,0.0,0.0,0,False,True
8ca1551acf9832a4cf467bbbac15851f,83607,campo largo,PR,12,11,10,3,2176.4,266.54,11,11,2018-02-27 12:04:55,2018-08-15 17:18:49,3.909090909090909,11,1,-14.0,12.636363636363637,1.0909090909090908,197.85454545454547,24.230909090909094,2,0.09090909090909091,0.18181818181818182,169,False,True
2ea0861cc19e94cad86438c984c52da4,3731,sao paulo,SP,6,6,5,5,165.6,62.449999999999996,6,6,2018-05-17 14:33:47,2018-07-17 13:32:49,3.3333333333333335,6,0,-7.833333333333333,4.833333333333333,1.0,27.599999999999998,10.408333333333333,1,0.0,0.16666666666666666,60,False,True
7202e2ba20579a9bd1acb29e61fe71f6,14401,franca,SP,55,53,19,2,12750.5,1165.66,53,53,2017-07-22 13:08:11,2018-08-21 20:36:22,3.8653846153846154,52,2,-12.176470588235293,12.862745098039216,1.0377358490566038,240.5754716981132,21.993584905660377,10,0.03773584905660377,0.18867924528301888,395,False,True
0509040ea3fe50071181bbc359eb7738,31710,belo horizonte,MG,98,89,34,3,3737.95,1445.1499999999999,89,88,2017-05-03 14:22:02,2018-08-02 12:05:18,4.482758620689655,87,4,-10.655172413793103,11.206896551724139,1.101123595505618,41.99943820224719,16.2376404494382,1,0.0449438202247191,0.011235955056179775,455,False,True
20fd2d2080ed85fa67fad3fcbb2c1813,83405,colombo,PR,1,1,1,1,85.9,19.57,1,1,2018-04-30 18:55:03,2018-04-30 18:55:03,1.0,1,0,,,1.0,85.9,19.57,1,0.0,1.0,0,True,True
2039c5e51785b5dde7cf93ccb3b7be2c,14790,guaira,SP,1,1,1,1,159.9,13.78,1,1,2018-07-16 13:00:53,2018-07-16 13:00:53,5.0,1,0,-8.0,8.0,1.0,159.9,13.78,0,0.0,0.0,0,False,True
62de60d81c55c29d76a6bce418b31cef,14940,ibitinga,SP,1,1,1,1,103.0,23.87,1,1,2018-08-05 20:01:32,2018-08-05 20:01:32,4.0,1,0,-2.0,16.0,1.0,103.0,23.87,0,0.0,0.0,0,False,True
eaf6d55068dea77334e8477d3878d89e,4660,sao paulo,SP,3,3,2,1,51.0,33.01,3,3,2018-06-26 11:01:38,2018-07-28 19:53:30,5.0,3,0,-11.0,5.666666666666667,1.0,17.0,11.003333333333332,0,0.0,0.0,32,False,True
e89c4adbe7b1d0819dbb636e16461cf1,13347,indaiatuba,SP,25,24,8,1,3181.3,454.85,24,24,2018-01-10 13:22:49,2018-08-17 16:12:59,3.8333333333333335,24,3,-10.625,14.666666666666666,1.0416666666666667,132.55416666666667,18.952083333333334,4,0.125,0.16666666666666666,219,False,True
2e2f44824ab87a0cb961f68bf4073e7f,82315,curitiba,PR,1,1,1,0,48.0,17.93,1,1,2018-04-02 21:10:31,2018-04-02 21:10:31,2.0,1,0,-10.0,10.0,1.0,48.0,17.93,1,0.0,1.0,0,True,True
85ecf03781da592876b7844acc1b729f,3658,sao paulo,SP,2,2,2,1,251.0,43.9,2,2,2018-07-18 15:14:15,2018-08-04 22:12:46,4.5,2,1,-0.5,15.0,1.0,125.5,21.95,0,0.5,0.0,17,False,True
5c853bb56f70f4d14218944bae111d7a,6715,cotia,SP,24,23,12,1,263.13,251.06,23,23,2017-02-22 17:54:36,2018-08-22 21:25:12,4.0,23,0,-11.652173913043478,8.173913043478262,1.0434782608695652,11.440434782608696,10.915652173913044,5,0.0,0.21739130434782608,546,False,True
bba74270a87732727b5a3b4fd9ac1c39,32604,betim,MG,41,36,20,5,6001.59,758.85,36,36,2017-10-02 09:21:04,2018-05-31 13:18:45,3.9722222222222223,36,0,-16.0,9.314285714285715,1.1388888888888888,166.71083333333334,21.079166666666666,6,0.0,0.16666666666666666,241,False,True
e8ff5a6ceb895583033fc2a0f314e3c2,89063,blumenau,SC,1,1,1,1,139.89,19.08,1,1,2018-08-26 14:17:08,2018-08-26 14:17:08,5.0,1,0,-13.0,3.0,1.0,139.89,19.08,0,0.0,0.0,0,False,True
835f0f7810c76831d6c7d24c7a646d4d,8030,sao paulo,SP,50,44,19,2,5130.0,964.03,44,44,2017-02-11 21:54:04,2018-02-13 16:23:29,3.340909090909091,44,11,-5.904761904761905,17.642857142857142,1.1363636363636365,116.5909090909091,21.909772727272728,14,0.25,0.3181818181818182,366,False,True
702835e4b785b67a084280efca355756,36046,juiz de fora,MG,1,1,1,0,7.6,10.96,1,1,2017-02-13 16:18:07,2017-02-13 16:18:07,5.0,1,0,-23.0,1.0,1.0,7.6,10.96,0,0.0,0.0,0,False,True
4ea2f12dbe91deeacd2c1e74f069a6e6,2334,sao paulo,SP,6,4,4,1,210.2,70.07,4,4,2017-09-05 21:20:12,2018-04-08 23:24:30,4.75,4,0,-12.25,8.75,1.5,52.55,17.5175,0,0.0,0.0,215,False,True
a066df7361163e7ddc5d7452dd17448b,14401,franca,SP,17,15,6,1,1078.3,266.32,15,15,2017-12-12 14:37:18,2018-05-12 17:45:26,4.4,15,3,-8.6,15.333333333333334,1.1333333333333333,71.88666666666667,17.754666666666665,2,0.2,0.13333333333333333,151,False,True
bc8c8d665ec4664d286be0d521722b19,4851,sao paulo,SP,1,1,1,1,22.5,8.32,1,1,2018-08-06 15:03:53,2018-08-06 15:03:53,2.0,1,1,4.0,8.0,1.0,22.5,8.32,1,1.0,1.0,0,True,True
5e106d93b717c2682b9383da480364a1,85875,santa terezinha de itaipu,PR,1,1,1,1,445.9,21.71,1,1,2017-04-20 11:42:01,2017-04-20 11:42:01,5.0,1,0,-26.0,7.0,1.0,445.9,21.71,0,0.0,0.0,0,False,True
bd4431c1a8dfa744b59e1e2a8bc99b9e,20761,rio de janeiro,RJ,7,7,5,1,809.5,204.09,7,7,2018-04-05 22:09:05,2018-08-14 12:35:00,4.571428571428571,7,0,-10.571428571428571,6.571428571428571,1.0,115.64285714285714,29.155714285714286,0,0.0,0.0,130,False,True
bd4ff04377f974574f7f0bf9d6ce7dde,17370,santa maria da serra,SP,4,4,3,3,164.96,50.14,4,4,2016-10-05 17:14:27,2017-02-20 12:16:48,3.5,4,1,-23.75,21.25,1.0,41.24,12.535,1,0.25,0.25,137,False,True
3076499bbc033a927bf4a8a41bcf7fd4,15350,auriflama,SP,9,7,7,2,359.33,124.3,7,7,2018-05-03 15:40:43,2018-08-22 11:13:09,4.285714285714286,7,0,-10.428571428571429,6.857142857142857,1.2857142857142858,51.332857142857144,17.757142857142856,1,0.0,0.14285714285714285,110,False,True
010da0602d7774602cd1b3f5fb7b709e,9710,sao bernardo do campo,SP,5,1,1,1,849.5,230.25,1,1,2018-06-06 18:37:14,2018-06-06 18:37:14,1.0,1,0,-10.0,26.0,5.0,849.5,230.25,1,0.0,1.0,0,True,True
4d6fb82c629c7a5028bfd973c07b05e0,31525,belo horizonte,MG,2,2,1,1,278.0,49.43,2,2,2017-02-22 19:36:22,2017-02-28 21:49:29,2.0,2,0,,,1.0,139.0,24.715,1,0.0,0.5,6,True,True
5d505d2298ad549e4e4e835562fa0c1e,16200,birigui,SP,2,2,1,1,249.8,28.339999999999996,2,2,2017-03-15 14:17:51,2017-04-01 18:01:02,5.0,2,0,-17.0,5.5,1.0,124.9,14.169999999999998,0,0.0,0.0,17,False,True
5aaa890629f83706d8d9bfecd8377c1c,25720,petropolis,RJ,1,1,1,1,48.9,17.92,1,1,2017-09-15 13:24:29,2017-09-15 13:24:29,1.0,1,0,,,1.0,48.9,17.92,1,0.0,1.0,0,True,True
ad14615bdd492b01b0d97922e87cb87f,88704,tubarao,SC,1,1,1,1,8.25,10.96,1,1,2017-02-10 17:40:30,2017-02-10 17:40:30,5.0,1,0,-14.0,13.0,1.0,8.25,10.96,0,0.0,0.0,0,False,True
7df1fc11cc5cbc518b39faa60cf5d67c,79112,campo grande,MS,5,5,5,1,1037.6,134.36,5,5,2018-04-14 10:39:22,2018-07-24 11:46:04,4.2,5,0,-13.6,7.4,1.0,207.51999999999998,26.872000000000003,1,0.0,0.2,101,False,True
238fac594e170b59c6d228f5a4f4f1d9,17300,dois corregos,SP,30,29,6,1,3126.0,1419.52,29,29,2017-10-08 10:44:32,2018-08-19 11:25:16,4.0,28,3,-10.89655172413793,11.482758620689655,1.0344827586206897,107.79310344827586,48.948965517241376,4,0.10344827586206896,0.13793103448275862,315,False,True
29c322e3f09f886f8bacbe91dfbd979e,97110,santa maria,RS,2,1,2,1,48.98,56.59,1,1,2018-08-22 21:26:03,2018-08-22 21:26:03,5.0,1,0,-20.0,6.0,2.0,48.98,56.59,0,0.0,0.0,0,False,True
134a288e7de827ec5ec62e3ec9c3a295,3168,sao paulo,SP,9,9,7,2,877.45,126.55,9,9,2017-05-01 12:25:44,2017-09-17 21:55:13,4.777777777777778,9,0,-10.88888888888889,9.11111111111111,1.0,97.49444444444445,14.06111111111111,0,0.0,0.0,139,False,True
33fd411ed63a7c2f9005e3f065d9f85d,98290,condor,RS,1,1,1,1,24.9,18.23,1,1,2018-04-11 11:52:13,2018-04-11 11:52:13,4.0,1,0,-25.0,8.0,1.0,24.9,18.23,0,0.0,0.0,0,False,True
edb58a1390adf273840030a3d6253829,13414,piracicaba,SP,1,1,1,1,39.9,18.38,1,1,2018-08-25 11:15:44,2018-08-25 11:15:44,5.0,1,0,-12.0,5.0,1.0,39.9,18.38,0,0.0,0.0,0,False,True
1e8c6a4c538f286aee9573239740a4b4,13251,itatiba,SP,5,5,5,3,359.7,87.12,5,5,2018-04-10 14:29:06,2018-08-13 23:03:46,3.8,5,0,-14.2,7.0,1.0,71.94,17.424,1,0.0,0.2,125,False,True
07de60b03d150fb3ea09eab5da5e4c8b,14940,ibitinga,SP,9,9,4,1,719.1,169.9,9,9,2018-01-31 23:06:27,2018-08-18 20:44:06,4.333333333333333,9,1,-12.666666666666666,12.88888888888889,1.0,79.9,18.87777777777778,1,0.1111111111111111,0.1111111111111111,198,False,True
f1ce5fdecd64935c28b9ff932751d0dc,6539,santana de parnaiba,SP,2,2,2,1,158.0,22.53,2,2,2017-03-25 21:48:06,2017-06-29 17:19:23,4.5,2,0,-8.0,9.5,1.0,79.0,11.265,0,0.0,0.0,95,False,True
ede2977fbaf3738583170735ca403f6c,80010,curitiba,PR,1,1,1,1,289.9,37.35,1,1,2018-02-25 17:37:45,2018-02-25 17:37:45,5.0,1,0,-15.0,14.0,1.0,289.9,37.35,0,0.0,0.0,0,False,True
03bd479e1d9484cdb14104d3023f7321,38401,uberlandia,MG,3,3,3,1,359.70000000000005,57.72,3,3,2018-05-09 17:37:03,2018-07-24 17:28:41,4.333333333333333,3,0,-5.666666666666667,20.333333333333332,1.0,119.90000000000002,19.24,0,0.0,0.0,75,False,True
31e60bf8d103ce47932a85f5562deb16,74590,goiania,GO,1,1,1,1,181.0,58.04,1,1,2018-07-11 16:07:05,2018-07-11 16:07:05,5.0,1,0,-20.0,14.0,1.0,181.0,58.04,0,0.0,0.0,0,False,True
83645b1645cdee8953ee54c29ceed564,85875,santa terezinha de itaipu,PR,14,14,11,3,978.9,266.2,14,14,2017-03-12 12:24:51,2018-08-04 20:00:03,4.428571428571429,14,0,-14.0,10.0,1.0,69.92142857142856,19.014285714285712,0,0.0,0.0,510,False,True
bdae679a9b282249bc23b9b69dae9a99,72210,brasilia,DF,12,6,7,2,663.15,188.82999999999998,6,6,2018-02-14 11:37:48,2018-08-13 12:13:40,3.5,6,0,-20.666666666666668,10.0,2.0,110.52499999999999,31.471666666666664,2,0.0,0.3333333333333333,180,False,True
5cf13accae3222c70a9cac40818ae839,38700,patos de minas,MG,156,149,34,2,14383.2,3019.27,149,149,2017-01-16 16:41:18,2018-08-23 20:38:24,4.452702702702703,148,3,-14.16891891891892,10.222972972972974,1.0469798657718121,96.53154362416107,20.263557046979866,12,0.020134228187919462,0.08053691275167785,584,False,True
a247197e2e9c19a6a53a6888cb8b660f,15056,sao jose do rio preto,SP,2,2,1,1,798.0,143.07,2,2,2017-12-20 11:00:02,2017-12-23 18:25:24,1.0,2,0,,,1.0,399.0,71.535,2,0.0,1.0,3,True,True
249f0e9905a6e06ad6c6bea7547ab9f6,20950,rio de janeiro,RJ,3,3,3,2,347.95,39.04,3,3,2018-06-25 01:10:48,2018-08-03 18:54:39,3.6666666666666665,3,0,-19.666666666666668,5.666666666666667,1.0,115.98333333333333,13.013333333333334,1,0.0,0.3333333333333333,39,False,True
96804ea39d96eb908e7c3afdb671bb9e,38950,ibia,MG,40,38,5,5,3610.7000000000003,755.06,38,38,2017-02-07 00:16:04,2018-04-27 12:37:10,4.052631578947368,38,1,-13.64864864864865,12.45945945945946,1.0526315789473684,95.01842105263158,19.869999999999997,6,0.02631578947368421,0.15789473684210525,444,False,True
cd233f8bfa30ebfd651f47ee7d054951,16208,birigui,SP,1,1,1,1,79.9,18.66,1,1,2018-08-19 11:28:23,2018-08-19 11:28:23,5.0,1,0,-20.0,9.0,1.0,79.9,18.66,0,0.0,0.0,0,False,True
3986c0b54f6b748b75e7bd4e092aa3e5,80250,curitiba,PR,1,1,1,1,24.99,15.28,1,1,2018-08-17 19:54:45,2018-08-17 19:54:45,5.0,1,0,-12.0,6.0,1.0,24.99,15.28,0,0.0,0.0,0,False,True
5563732abe64c3036cb97ad924128dd1,7192,guarulhos,SP,3,2,3,1,404.0,37.6,2,2,2017-06-25 22:59:52,2017-12-20 09:56:32,4.5,2,0,-10.5,11.5,1.5,202.0,18.8,0,0.0,0.0,177,False,True
51f108f62cb87d61918159902c8f8583,85801,cascavel,PR,3,3,2,1,303.73,75.03,3,3,2018-07-24 12:22:38,2018-08-19 08:24:27,4.333333333333333,3,0,-17.666666666666668,5.666666666666667,1.0,101.24333333333334,25.01,0,0.0,0.0,25,False,True
134b867a0f7f8bbe6abf10f91874891e,13272,valinhos,SP,1,1,1,1,789.89,132.95,1,1,2018-04-19 22:04:20,2018-04-19 22:04:20,4.0,1,0,-19.0,12.0,1.0,789.89,132.95,0,0.0,0.0,0,False,True
57c764b4a836300be881e2ff86e449f9,14021,ribeirao preto,SP,30,29,12,4,1211.0,470.11,29,29,2017-02-02 09:23:41,2018-08-22 17:14:06,4.142857142857143,28,4,-9.392857142857142,14.964285714285714,1.0344827586206897,41.758620689655174,16.210689655172413,4,0.13793103448275862,0.13793103448275862,566,False,True
2fa13c8bd5705d279f7ed5cc9ec61c68,4679,sao paulo,SP,4,2,2,2,87.4,61.3,2,2,2018-04-20 11:25:54,2018-07-10 17:52:57,5.0,2,0,-9.0,4.0,2.0,43.7,30.65,0,0.0,0.0,81,False,True
e627629ba868740e287800f1a9be81c2,1421,sao paulo,SP,13,13,13,2,504.5,139.05,13,13,2017-02-03 21:44:34,2017-07-13 13:08:15,4.461538461538462,13,0,-11.454545454545455,6.545454545454546,1.0,38.80769230769231,10.696153846153846,1,0.0,0.07692307692307693,159,False,True
c72de06d72748d1a0dfb2125be43ba63,46430,guanambi,BA,22,21,8,3,17522.0,1211.18,21,21,2018-05-10 12:09:59,2018-08-18 14:50:45,4.476190476190476,21,0,-18.571428571428573,9.142857142857142,1.0476190476190477,834.3809523809524,57.6752380952381,1,0.0,0.047619047619047616,100,False,True
8d79c8a04e42d722a75097ce5cbcf2ef,61658,caucaia,CE,28,27,3,1,2777.7200000000003,757.4399999999999,27,24,2017-01-27 22:02:29,2018-03-15 10:37:39,4.444444444444445,27,2,-12.153846153846153,18.73076923076923,1.037037037037037,102.87851851851853,28.05333333333333,3,0.07407407407407407,0.1111111111111111,411,False,True
8060d731897e33b5c5ae575ce1e209e1,89052,blumenau,SP,5,5,1,1,199.5,91.45,5,5,2018-05-07 10:09:40,2018-07-14 14:32:44,4.8,5,0,-17.0,7.6,1.0,39.9,18.29,0,0.0,0.0,68,False,True
4c4d546adf3c3868fe19c9ec6e9ffda9,87013,maringa,PR,3,2,2,1,111.69999999999999,45.39,2,2,2018-06-07 09:19:48,2018-08-16 15:54:42,4.0,2,0,-14.5,6.5,1.5,55.849999999999994,22.695,0,0.0,0.0,70,False,True
5a9c0859cb00fd8aa4db443837f0a700,89650,treze tilias,SC,2,2,2,1,208.0,47.59,2,2,2018-07-09 17:28:54,2018-07-11 19:44:12,4.5,2,0,-14.5,8.5,1.0,104.0,23.795,0,0.0,0.0,2,False,True
cecd97bc34ed8330bd4cd15713eda670,89819,cordilheira alta,SC,1,1,1,1,57.99,18.51,1,1,2018-08-13 17:09:30,2018-08-13 17:09:30,1.0,1,0,-9.0,7.0,1.0,57.99,18.51,1,0.0,1.0,0,True,True
9c3a1c416c765687bc79a04113269929,35547,carmo da mata,MG,1,1,1,1,74.9,58.9,1,1,2018-02-01 23:09:36,2018-02-01 23:09:36,1.0,1,0,-11.0,6.0,1.0,74.9,58.9,1,0.0,1.0,0,True,True
8ae520247981aa06bc94abddf5f46d34,88370,navegantes,SC,65,65,50,4,16320.99,1445.35,65,65,2017-11-01 22:26:06,2018-08-20 22:45:38,4.446153846153846,65,0,-16.446153846153845,10.492307692307692,1.0,251.09215384615385,22.236153846153844,6,0.0,0.09230769230769231,292,False,True
ac3508719a1d8f5b7614b798f70af136,92030,canoas,RS,104,103,48,4,12775.84,3016.39,103,103,2017-05-23 21:17:18,2018-08-05 13:31:47,4.603960396039604,101,2,-18.10891089108911,8.930693069306932,1.0097087378640777,124.03728155339806,29.28533980582524,4,0.019417475728155338,0.038834951456310676,438,False,True
15cd6eefe58588619aaed41dfa6621b1,35400,ouro preto,MG,18,16,8,0,1622.74,566.12,16,16,2017-07-17 21:44:27,2018-05-12 17:35:56,4.25,16,1,-10.6875,14.625,1.125,101.42125,35.3825,3,0.0625,0.1875,298,False,True
4a3ca9315b744ce9f8e9374361493884,14940,ibitinga,SP,1987,1806,399,7,200472.92,35067.04,1806,1792,2017-01-08 09:35:14,2018-08-27 10:46:11,3.827450980392157,1785,172,-9.525395033860045,14.01410835214447,1.1002214839424143,111.00383167220377,19.416965669988926,342,0.09523809523809523,0.1893687707641196,596,False,True
478bfe564db21eeb44386606aa30b650,33600,pedro leopoldo,MG,3,3,3,1,182.70000000000002,48.1,3,3,2017-10-08 20:24:03,2017-12-27 19:51:59,4.666666666666667,3,0,-13.666666666666666,13.333333333333334,1.0,60.900000000000006,16.033333333333335,0,0.0,0.0,79,False,True
6d988d6174a2c27441597174f8905515,87070,maringa,PR,23,19,6,2,371.73,365.47,19,18,2017-04-02 15:41:12,2018-08-09 15:39:32,4.105263157894737,19,2,-8.894736842105264,20.263157894736842,1.2105263157894737,19.564736842105262,19.23526315789474,3,0.10526315789473684,0.15789473684210525,493,False,True
ed49da7cadefc454d6a67de249eab240,5571,sao paulo,SP,2,2,1,1,43.0,22.83,2,2,2016-10-03 21:01:41,2016-10-08 16:02:07,3.0,2,0,-31.5,21.0,1.0,21.5,11.415,1,0.0,0.5,4,False,True
6f892e20a171e98efe17fdb971ff319b,8270,sao paulo,SP,53,44,5,3,6438.700000000001,904.16,44,44,2017-07-27 16:40:14,2017-12-17 01:25:39,3.9302325581395348,43,4,-9.829268292682928,16.975609756097562,1.2045454545454546,146.33409090909092,20.549090909090907,7,0.09090909090909091,0.1590909090909091,142,False,True
4bfc7a4a1cf8d4d2121c27422d9e50b5,3111,sao paulo,SP,40,26,7,1,8124.4,1067.19,26,26,2018-03-25 20:34:15,2018-08-22 19:14:34,4.538461538461538,26,1,-9.807692307692308,7.576923076923077,1.5384615384615385,312.4769230769231,41.04576923076923,2,0.038461538461538464,0.07692307692307693,149,False,True
acadd4d36859671cb635527c6c977533,14270,santa rosa de viterbo,SP,12,12,9,2,2381.0,265.94,12,12,2017-12-15 16:15:10,2018-08-08 09:49:45,4.25,12,1,-7.083333333333333,17.25,1.0,198.41666666666666,22.161666666666665,1,0.08333333333333333,0.08333333333333333,235,False,True
034b9387752bfa309f350a70cd45ffa3,89036,blumenau,SC,8,8,2,1,96.0,144.26,8,8,2018-04-11 15:53:57,2018-08-22 16:05:04,4.5,8,0,-15.375,8.125,1.0,12.0,18.0325,0,0.0,0.0,133,False,True
a1ed30492b3b798bc121845bc4aa7366,4708,sao paulo,SP,2,1,1,1,41.8,23.7,1,1,2017-07-03 09:43:13,2017-07-03 09:43:13,3.0,1,0,,,2.0,41.8,23.7,0,0.0,0.0,0,False,True
abbf6046bbdf1028606a5bc7f00c99e7,89820,xanxere,SC,7,7,4,1,2217.15,175.99,7,7,2018-01-24 00:33:52,2018-05-02 22:13:15,4.142857142857143,7,0,-17.166666666666668,11.333333333333334,1.0,316.7357142857143,25.141428571428573,1,0.0,0.14285714285714285,98,False,True
901b460cdce0c64e471230d7f2f9f3a3,90620,porto alegre,RS,5,5,5,2,1904.0,108.56,5,5,2017-10-18 20:37:23,2018-07-15 07:05:30,4.4,5,0,-19.0,15.0,1.0,380.8,21.712,1,0.0,0.2,269,False,True
81ed90f07c0bacb7594940ba2ef676aa,35500,divinopolis,MG,2,2,2,1,223.9,33.56,2,2,2017-10-25 23:24:01,2017-11-11 16:51:19,4.5,2,0,-7.0,15.5,1.0,111.95,16.78,0,0.0,0.0,16,False,True
11eac105f3f90a9b87b19c89d91e24f3,7411,sao paulo,SP,5,5,4,2,802.89,124.94,5,5,2017-05-24 10:21:15,2017-07-12 17:17:00,3.6,5,0,-13.8,8.8,1.0,160.578,24.988,1,0.0,0.2,49,False,True
0725b8c0f3f906e58f70cbe76b7c748c,7023,guarulhos,SP,37,17,15,5,2190.3,715.69,17,16,2017-01-20 17:23:00,2018-08-07 17:41:54,3.411764705882353,17,4,-10.75,12.4375,2.176470588235294,128.84117647058824,42.09941176470588,6,0.23529411764705882,0.35294117647058826,564,False,True
d1a5cc844736958c11b8efab9a2b4c87,80310,curitiba,PR,1,1,1,1,237.6,16.41,1,1,2017-10-23 13:04:06,2017-10-23 13:04:06,1.0,1,1,8.0,30.0,1.0,237.6,16.41,1,1.0,1.0,0,True,True
f35becee938e982bd615edf8ef12bcfb,19160,alvares machado,SP,6,6,5,2,148.59,78.22,6,6,2017-03-09 10:36:58,2017-08-02 18:18:33,4.0,6,0,-13.833333333333334,7.333333333333333,1.0,24.765,13.036666666666667,1,0.0,0.16666666666666666,146,False,True
634964b17796e64304cadf1ad3050fb7,21840,rio de janeiro,RJ,326,268,28,11,39465.1,5955.43,268,262,2017-11-12 21:31:27,2018-08-18 15:27:43,4.037453183520599,267,25,-10.362264150943396,14.237735849056603,1.2164179104477613,147.2578358208955,22.221753731343284,42,0.09328358208955224,0.15671641791044777,278,False,True
6624bc09786f0e41ae48dfc5eeb1a9e2,30390,belo horizonte,MG,1,1,1,1,89.54,17.47,1,1,2017-03-05 22:38:18,2017-03-05 22:38:18,5.0,1,0,-34.0,15.0,1.0,89.54,17.47,0,0.0,0.0,0,False,True
54219883e72aad869adfb2a54b7bfa0f,18060,sorocaba,SP,5,5,3,2,6750.0,829.55,5,5,2017-11-03 12:26:01,2018-07-10 17:16:33,3.2,5,0,-8.6,16.4,1.0,1350.0,165.91,2,0.0,0.4,249,False,True
5795aebfe331fbcd02a2c4b679fb7952,88132,palhoca,SC,6,6,3,2,1280.0,156.09,6,6,2018-02-11 15:26:46,2018-08-20 11:59:20,3.8333333333333335,6,0,-15.833333333333334,11.666666666666666,1.0,213.33333333333334,26.015,1,0.0,0.16666666666666666,189,False,True
6e2d3e2dc84fb30f6078f39dd3bddd6f,83408,colombo,PR,1,1,1,1,219.0,16.28,1,1,2017-10-29 16:25:52,2017-10-29 16:25:52,1.0,1,0,,,1.0,219.0,16.28,1,0.0,1.0,0,True,True
3078096983cf766a32a06257648502d1,13720,scao jose do rio pardo,SP,64,59,39,10,8285.42,1415.48,59,59,2017-05-19 08:15:11,2018-05-09 19:32:24,4.203389830508475,59,2,-12.553571428571429,11.607142857142858,1.0847457627118644,140.43084745762712,23.991186440677968,8,0.03389830508474576,0.13559322033898305,355,False,True
014d9a685fd57276679edd00e07089e5,87015,maringa,PR,12,11,3,2,729.88,146.93,11,11,2017-11-21 13:22:00,2018-08-17 13:13:21,3.727272727272727,11,0,-12.909090909090908,8.818181818181818,1.0909090909090908,66.35272727272728,13.357272727272727,2,0.0,0.18181818181818182,268,False,True
656591be56071d4c9ef4e5fee78a578a,9180,santo andre,SP,11,7,3,1,1702.0,319.2,7,7,2017-03-06 13:59:02,2017-05-07 12:50:03,4.571428571428571,7,2,-5.857142857142857,14.285714285714286,1.5714285714285714,243.14285714285714,45.6,0,0.2857142857142857,0.0,61,False,True
26562f211dd1364af2a8596dc945e8ae,9785,sao bernardo do campo,SP,2,2,2,2,99.0,16.11,2,2,2018-07-10 10:33:17,2018-07-31 17:12:15,5.0,2,0,-5.0,2.0,1.0,49.5,8.055,0,0.0,0.0,21,False,True
bccf933e006e9b94a6184af782963e77,19806,assis,SP,46,45,22,1,4162.74,884.47,45,45,2017-10-06 19:38:37,2018-08-21 15:13:19,4.5227272727272725,44,1,-13.266666666666667,11.244444444444444,1.0222222222222221,92.50533333333333,19.65488888888889,3,0.022222222222222223,0.06666666666666667,318,False,True
12c2ed9cded6138cf0c75f525f565fc7,11709,praia grande,SP,4,4,4,3,314.96,51.05,4,4,2017-11-09 19:40:27,2018-08-03 17:21:48,4.25,4,1,-4.25,13.0,1.0,78.74,12.7625,0,0.25,0.0,266,False,True
961dff0a659b4561334372337dd897d9,21510,rio de janeiro,RJ,4,4,3,1,9946.0,136.56,4,4,2017-04-01 15:44:55,2017-08-16 21:32:48,3.75,4,0,-4.0,20.0,1.0,2486.5,34.14,1,0.0,0.25,137,False,True
b33e7c55446eabf8fe1a42d037ac7d6d,14850,pradopolis,SP,155,152,34,5,44985.17,2725.07,152,152,2017-10-10 20:44:59,2018-08-15 16:14:22,4.1644736842105265,152,17,-11.51006711409396,15.818791946308725,1.019736842105263,295.9550657894737,17.928092105263158,21,0.1118421052631579,0.13815789473684212,308,False,True
2235cf78d3e2073a88146a9cb60f0dd0,4547,sao paulo,SP,1,1,1,1,178.99,25.77,1,1,2017-11-30 19:12:21,2017-11-30 19:12:21,5.0,1,0,-11.0,14.0,1.0,178.99,25.77,0,0.0,0.0,0,False,True
218d46b86c1881d022bce9c68a7d4b15,14070,ribeirao preto,SP,427,388,143,3,55093.28,7644.26,388,378,2017-01-18 14:56:47,2018-08-22 15:38:10,4.155440414507772,386,33,-11.502617801047121,13.405759162303665,1.1005154639175259,141.99298969072166,19.701701030927836,50,0.08505154639175258,0.12886597938144329,581,False,True
08d1c9478fb0d7d7fcac9c0da4e82fc7,31110,belo horizonte,MG,1,1,1,1,538.0,67.57,1,1,2018-06-12 08:29:53,2018-06-12 08:29:53,5.0,1,0,-13.0,10.0,1.0,538.0,67.57,0,0.0,0.0,0,False,True
dfc475d54e1b6dbeeb7d7d9bdaa63827,81460,curitiba,PR,21,19,5,2,1793.76,434.31,19,19,2018-02-21 14:30:22,2018-08-24 13:04:05,4.315789473684211,19,0,-15.944444444444445,12.555555555555555,1.105263157894737,94.40842105263158,22.85842105263158,3,0.0,0.15789473684210525,183,False,True
813348c996469b40f2e028d5429d3495,13206,jundiai,SP,202,179,4,1,11205.83,3594.6,179,178,2017-05-01 14:48:33,2018-04-24 13:21:26,4.057142857142857,175,8,-10.645348837209303,9.686046511627907,1.1284916201117319,62.60240223463687,20.081564245810057,26,0.0446927374301676,0.1452513966480447,357,False,True
c394e193cda3b4225ff2094d32184849,4104,sao paulo,SP,12,3,1,1,3419.88,191.56,3,3,2018-04-19 13:54:06,2018-05-20 09:53:33,3.6666666666666665,3,0,-11.0,11.0,4.0,1139.96,63.853333333333346,1,0.0,0.3333333333333333,30,False,True
2745f798279e0ed033addcc1474776d7,3106,sao paulo,SP,32,32,13,1,3668.53,696.46,32,31,2017-08-20 22:08:30,2018-05-30 15:04:45,3.967741935483871,31,3,-10.71875,12.9375,1.0,114.6415625,21.764375,4,0.09375,0.125,282,False,True
6b803197e03abd5056b4313306b4f29d,1123,sao paulo,SP,12,7,5,2,407.0,123.62,7,6,2018-02-06 23:23:59,2018-08-20 21:11:22,4.714285714285714,7,0,-10.0,4.714285714285714,1.7142857142857142,58.142857142857146,17.66,0,0.0,0.0,194,False,True
bafc5aa11e413978be29040f51342e70,30130,belo horizonte,MG,9,9,6,1,1679.55,149.92,9,9,2017-12-04 19:43:40,2018-01-25 09:28:33,3.7777777777777777,9,1,-12.333333333333334,13.0,1.0,186.61666666666667,16.657777777777778,3,0.1111111111111111,0.3333333333333333,51,False,True
44717f64ec2a457979cf83c429077666,98780,santa rosa,RS,3,2,2,1,107.0,63.91,2,2,2018-08-01 00:48:09,2018-08-18 22:35:00,5.0,2,0,-24.0,5.0,1.5,53.5,31.955,0,0.0,0.0,17,False,True
b7cc6c5e001441ae8cdd5c69a480cbe4,89520,curitibanos,SC,6,6,4,2,651.8,220.49999999999997,6,6,2017-02-26 23:33:43,2018-01-30 22:12:10,4.166666666666667,6,0,-14.6,12.6,1.0,108.63333333333333,36.74999999999999,1,0.0,0.16666666666666666,337,False,True
af7cdac9d9897cddead9c6b08976c642,18500,laranjal paulista,SP,6,6,5,1,543.54,150.47,6,6,2018-03-14 08:57:54,2018-08-18 11:30:57,3.6666666666666665,6,1,-7.666666666666667,15.0,1.0,90.58999999999999,25.078333333333333,1,0.16666666666666666,0.16666666666666666,157,False,True
b3e2faf2c1004d674f16a3aa3197f0e1,14093,ribeirao preto,SP,3,3,3,1,61.47,33.77,3,3,2017-02-07 19:50:11,2017-05-10 10:34:13,5.0,3,0,-13.666666666666666,6.0,1.0,20.49,11.256666666666668,0,0.0,0.0,91,False,True
670a9dda115b5a88b18cfadee8de2332,14096,ribeirao preto,SP,11,11,10,3,918.9000000000001,183.09,11,10,2017-08-29 20:13:34,2018-08-16 16:28:13,4.454545454545454,11,0,-17.818181818181817,11.727272727272727,1.0,83.53636363636365,16.644545454545455,0,0.0,0.0,351,False,True
3b15288545f8928d3e65a8f949a28291,14940,ibitinga,SP,121,104,46,3,14061.789999999999,2451.9,104,104,2017-03-22 14:09:46,2018-08-13 16:57:13,4.009708737864078,103,7,-11.445544554455445,13.96039603960396,1.1634615384615385,135.20951923076922,23.575961538461538,14,0.0673076923076923,0.1346153846153846,509,False,True
3e35a8bb43569389d3cebef0ce820f69,3124,sao paulo,SP,2,1,1,1,55.8,28.88,1,1,2018-04-12 19:47:40,2018-04-12 19:47:40,5.0,1,0,-10.0,7.0,2.0,55.8,28.88,0,0.0,0.0,0,False,True
81783131d2a97c8d44d406a4be81b5d9,18015,sorocaba,SP,15,13,5,3,1782.54,195.04,13,13,2018-07-27 13:06:11,2018-08-15 10:06:15,3.5,12,0,-9.375,6.75,1.1538461538461537,137.11846153846153,15.003076923076922,4,0.0,0.3076923076923077,18,False,True
29e6e05b65f93bc224c644319dc52ecf,36010,juiz de fora,MG,4,4,3,1,475.6,83.32,4,4,2018-06-28 09:19:36,2018-08-17 22:06:17,4.75,4,0,-15.0,6.25,1.0,118.9,20.83,0,0.0,0.0,50,False,True
cce6ab8d1682639fe45ab70234f1665f,81020,curitiba,SP,66,63,17,1,2522.7,1167.44,63,63,2017-05-31 17:06:39,2018-07-15 10:32:58,4.412698412698413,63,2,-13.770491803278688,14.836065573770492,1.0476190476190477,40.04285714285714,18.53079365079365,5,0.031746031746031744,0.07936507936507936,409,False,True
e1643dff33666ca629e3644c02738179,3182,sao paulo,SP,3,3,2,1,170.0,29.31,3,3,2018-05-11 00:09:19,2018-05-28 21:16:13,4.333333333333333,3,0,-12.333333333333334,4.0,1.0,56.666666666666664,9.77,0,0.0,0.0,17,False,True
76623fde66e6b63b59440fd34160512d,7124,guarulhos,SP,3,3,3,1,65.4,23.34,3,3,2017-09-02 12:03:14,2018-01-08 15:05:57,4.0,3,0,-13.333333333333334,3.0,1.0,21.8,7.78,0,0.0,0.0,128,False,True
5275ca25d0358ca73864e0ae41be1320,7024,guarulhos,SP,4,4,3,1,409.6,69.22,4,4,2018-07-23 09:33:10,2018-08-07 20:21:41,4.75,4,0,-3.25,6.5,1.0,102.4,17.305,0,0.0,0.0,15,False,True
eb4df17aed01d918c65f0f8d650900c0,13140,paulinia,SP,11,11,9,1,3739.87,185.59,11,11,2017-11-09 12:22:48,2018-08-15 15:01:55,3.909090909090909,11,3,-10.545454545454545,12.545454545454545,1.0,339.98818181818183,16.87181818181818,2,0.2727272727272727,0.18181818181818182,279,False,True
10089e9f2fd0c668a8fd4e52e1698888,15061,sao jose do rio preto,SP,3,3,3,1,1139.9,59.41,3,3,2017-03-12 17:35:58,2017-11-14 09:41:18,4.333333333333333,3,0,-16.666666666666668,7.0,1.0,379.9666666666667,19.80333333333333,0,0.0,0.0,246,False,True
c398bc00a606d33758afd91f4e64fd15,21740,rio de janeiro,RJ,2,2,1,1,150.0,15.5,2,2,2018-05-30 22:12:22,2018-06-28 14:33:53,4.5,2,0,-28.0,3.0,1.0,75.0,7.75,0,0.0,0.0,28,False,True
2f09f7d37a97956d11cc1a7cadd5262b,14090,ribeirao preto,SP,12,11,5,2,2005.0,463.41,11,11,2017-02-07 17:18:57,2017-09-23 11:23:43,2.909090909090909,11,1,-10.285714285714286,12.428571428571429,1.0909090909090908,182.27272727272728,42.12818181818182,5,0.09090909090909091,0.45454545454545453,227,False,True
e58a5b390e28abc0b216cfb0e07d27d7,22640,rio de janeiro,RJ,7,7,3,2,1022.6,144.63,7,7,2018-04-25 19:54:53,2018-08-09 10:30:41,4.857142857142857,7,0,-19.571428571428573,7.0,1.0,146.0857142857143,20.66142857142857,0,0.0,0.0,105,False,True
f41ce2e25237f9092cd8e6e7516c7a2f,7013,guarulhos,SP,28,27,10,5,2030.9,331.7,27,26,2016-10-07 14:42:07,2017-12-18 14:55:09,4.296296296296297,27,0,-14.307692307692308,8.23076923076923,1.037037037037037,75.21851851851852,12.285185185185185,2,0.0,0.07407407407407407,437,False,True
8e6cc767478edae941d9bd9eb778d77a,38442,araguari,MG,114,106,61,2,6830.58,2284.83,106,103,2017-01-29 19:08:00,2018-06-19 22:39:33,3.9326923076923075,104,6,-13.47,16.08,1.0754716981132075,64.43943396226415,21.555,20,0.05660377358490566,0.18867924528301888,506,False,True
028872bfa080090a9d0abd4f1af168f8,33940,ribeirao das neves,MG,3,1,1,0,70.5,47.37,1,1,2017-08-19 09:10:45,2017-08-19 09:10:45,5.0,1,0,-15.0,16.0,3.0,70.5,47.37,0,0.0,0.0,0,False,True
1710c3aaa9c6b44ec3883ee0fe300e21,9551,sao caetano do sul,SP,2,2,2,2,1188.9,37.650000000000006,2,2,2018-04-25 17:22:38,2018-05-02 13:13:23,5.0,2,0,-9.0,5.5,1.0,594.45,18.825000000000003,0,0.0,0.0,6,False,True
52d76513f0c4d97f3b99570e2c94ee31,93348,novo hamburgo,RS,28,19,15,8,8153.1,889.26,19,19,2017-07-14 17:24:44,2018-08-16 14:34:23,4.055555555555555,18,1,-16.42105263157895,9.947368421052632,1.4736842105263157,429.11052631578946,46.80315789473684,3,0.05263157894736842,0.15789473684210525,397,False,True
dace965ca58120f92f8d742a9fa1864b,14015,sao paulo,SP,8,8,7,1,1442.0,131.77,8,8,2018-03-25 18:37:26,2018-05-19 16:18:30,4.625,8,0,-11.0,7.625,1.0,180.25,16.47125,1,0.0,0.125,54,False,True
f5b44895715ddfe3087dc414f30268f3,18017,sorocaba,SP,19,19,17,1,378.8,275.64,19,19,2017-09-18 12:19:09,2018-07-25 20:05:09,4.0,19,0,-9.736842105263158,12.105263157894736,1.0,19.936842105263157,14.50736842105263,3,0.0,0.15789473684210525,310,False,True
c8467937e403e76a8ee9f0ab13f6f5ef,37704,pocos de caldas,MG,33,30,6,1,1853.79,588.95,30,30,2017-09-21 15:17:42,2018-08-13 20:11:13,4.071428571428571,28,4,-9.266666666666667,16.5,1.1,61.793,19.631666666666664,4,0.13333333333333333,0.13333333333333333,326,False,True
56f413900b5166ab4d730e9ac0b12cb0,18076,sorocaba,SP,3,3,2,2,151.79,42.45,3,3,2017-06-28 06:52:27,2017-07-12 18:33:35,4.666666666666667,3,0,-8.333333333333334,10.0,1.0,50.596666666666664,14.15,0,0.0,0.0,14,False,True
3f8034bfc6b8b4135534975d49f04c63,81560,curitiba,PR,16,12,8,1,1313.9,280.61,12,12,2017-01-18 10:42:05,2017-05-24 18:32:55,3.75,12,0,-17.727272727272727,10.454545454545455,1.3333333333333333,109.49166666666667,23.38416666666667,3,0.0,0.25,126,False,True
4992e76a42cb3aad7a7047e0d3d7e729,3334,sao paulo,SP,74,57,23,2,2211.1,1007.47,57,57,2017-05-12 14:58:01,2018-08-13 20:53:44,3.912280701754386,57,3,-10.660714285714286,7.25,1.2982456140350878,38.791228070175436,17.674912280701754,10,0.05263157894736842,0.17543859649122806,458,False,True
265fdc289dffa9f1ad801c74f7d0de47,15155,jaci,SP,1,1,1,1,495.0,51.55,1,1,2018-08-13 12:20:57,2018-08-13 12:20:57,5.0,1,0,-8.0,7.0,1.0,495.0,51.55,0,0.0,0.0,0,False,True
0afccdb8a34ee5c79f7c06faf2b4d56e,38400,uberlandia,MG,25,25,10,1,1225.5,388.28,25,25,2017-04-05 11:04:33,2018-04-07 13:48:17,4.041666666666667,24,2,-10.375,12.958333333333334,1.0,49.02,15.531199999999998,3,0.08,0.12,367,False,True
02dcd3e8e25bee036e32512bcf175493,32310,contagem,MG,17,14,7,1,1491.9,312.17,14,12,2017-10-28 12:09:33,2018-08-22 16:20:30,3.857142857142857,14,4,-6.3076923076923075,16.692307692307693,1.2142857142857142,106.56428571428572,22.297857142857143,4,0.2857142857142857,0.2857142857142857,298,False,True
c9e5ad1f6647f5dbd1172adf6ae3cada,90240,porto alegre,RS,4,4,3,3,259.03,60.95,4,4,2017-10-23 22:10:42,2018-06-09 01:16:23,4.75,4,0,-22.75,8.5,1.0,64.7575,15.2375,0,0.0,0.0,228,False,True
02a2272692e13558373c66db98f05e2e,20040,rio de janeiro,RJ,2,2,2,1,54.98,38.870000000000005,2,2,2017-02-06 15:33:57,2017-03-08 11:51:41,3.0,2,0,,,1.0,27.49,19.435000000000002,1,0.0,0.5,29,False,True
f783a638e9c6af4a7d0dbfde811e7a81,3063,sao paulo,SP,5,5,4,2,849.8,153.1,5,5,2018-02-04 03:44:01,2018-04-03 16:17:10,4.0,5,1,-4.0,17.2,1.0,169.95999999999998,30.619999999999997,1,0.2,0.2,58,False,True
0b18d63d0cd1d723567903fd34a07df2,5141,sp,SP,14,9,9,2,1678.1399999999999,265.89,9,9,2017-04-11 14:30:03,2018-06-12 23:52:24,4.777777777777778,9,0,-16.0,6.666666666666667,1.5555555555555556,186.45999999999998,29.543333333333333,0,0.0,0.0,427,False,True
3ef37b7ca6dd2b80bd8af81a62504996,1452,sao paulo,SP,2,2,2,1,700.0,40.97,2,2,2017-03-02 18:58:10,2017-09-01 16:25:37,4.5,2,0,-8.0,14.0,1.0,350.0,20.485,0,0.0,0.0,182,False,True
dd4d95ba2d15c071e6c695e2ef6ce169,29315,cachoeiro de itapemirim,ES,4,4,2,1,1748.0,214.41,4,4,2018-07-08 17:12:30,2018-08-12 13:03:21,4.25,4,2,-4.0,14.25,1.0,437.0,53.6025,0,0.5,0.0,34,False,True
7bb8fac2913a6064ec412e583c6d8b4d,17017,bauru,SP,1,1,1,0,109.0,16.52,1,1,2018-02-02 13:40:38,2018-02-02 13:40:38,5.0,1,0,-23.0,4.0,1.0,109.0,16.52,0,0.0,0.0,0,False,True
86649b1632b1c0e6c0bcb2c90a8b75d8,85884,medianeira,PR,1,1,1,1,59.99,17.67,1,1,2017-08-25 19:10:57,2017-08-25 19:10:57,1.0,1,0,,,1.0,59.99,17.67,1,0.0,1.0,0,True,True
8dd386be0767c330276ea6a3f96532d3,88490,paulo lopes,SC,2,1,1,1,89.98,44.5,1,1,2018-08-10 21:14:35,2018-08-10 21:14:35,5.0,1,0,-9.0,10.0,2.0,89.98,44.5,0,0.0,0.0,0,False,True
deaadd805612bf94faaa9fa702516e11,5756,sao paulo,SP,1,1,1,1,50.0,15.11,1,1,2017-05-09 21:42:43,2017-05-09 21:42:43,1.0,1,0,,,1.0,50.0,15.11,1,0.0,1.0,0,True,True
5e063e85d44b0f5c3e6ec3131103a57e,5302,sao paulo,SP,1,1,1,1,22.9,7.42,1,1,2018-07-12 10:13:37,2018-07-12 10:13:37,5.0,1,0,-7.0,1.0,1.0,22.9,7.42,0,0.0,0.0,0,False,True
6e4f5ff6b086632ba8dcb558fb10249e,95270,flores da cunha,RS,5,5,3,3,838.9,214.35,5,5,2018-02-27 01:52:55,2018-07-19 14:17:07,3.4,5,0,-17.0,10.2,1.0,167.78,42.87,2,0.0,0.4,142,False,True
117cfc326c6d50da67ca858ff5c0c852,25530,sao joao de meriti,RJ,5,5,2,2,454.6,81.47999999999999,5,5,2018-05-02 15:22:57,2018-05-19 16:47:00,4.6,5,0,-9.2,5.8,1.0,90.92,16.296,0,0.0,0.0,17,False,True
d25aa0aaacb370e912f8cf6efeba38b3,89108,massaranduba,SC,21,17,5,2,2658.45,714.6800000000001,17,17,2018-03-11 12:49:14,2018-08-14 19:44:00,4.470588235294118,17,1,-17.0,8.411764705882353,1.2352941176470589,156.37941176470588,42.040000000000006,1,0.058823529411764705,0.058823529411764705,156,False,True
c0e6839516f5398edc34adf5f1d53d1a,11430,guaruja,SP,3,3,2,1,432.92,87.92,3,3,2017-05-06 10:58:50,2017-08-12 17:39:56,2.6666666666666665,3,0,-18.0,5.0,1.0,144.30666666666667,29.30666666666667,2,0.0,0.6666666666666666,98,False,True
119c7f1a00ef43fad0e57604e76a747c,2614,sao paulo,SP,2,2,2,1,189.8,17.02,2,2,2017-10-15 02:37:02,2018-02-27 20:13:13,4.5,2,0,-6.5,5.5,1.0,94.9,8.51,0,0.0,0.0,135,False,True
2953ce3a88f5e3c3b696d77fc9e4c8eb,4270,sao paulo,SP,15,14,7,2,470.0,161.32,14,14,2017-10-01 10:19:07,2018-08-23 17:19:57,4.642857142857143,14,1,-5.214285714285714,7.714285714285714,1.0714285714285714,33.57142857142857,11.522857142857143,1,0.07142857142857142,0.07142857142857142,326,False,True
bbf9ad41dca6603e614efcdad7aab8c4,60348,fortaleza,CE,14,14,4,1,7846.0,776.26,14,14,2017-02-05 17:07:34,2018-06-23 18:22:41,4.5,14,0,-21.714285714285715,13.428571428571429,1.0,560.4285714285714,55.44714285714286,1,0.0,0.07142857142857142,503,False,True
d7b2377bae6ace1b11fc69a11900ac36,2415,sao paulo,SP,4,4,4,1,329.6,51.96,4,4,2017-08-31 18:00:12,2017-11-29 21:46:31,3.25,4,1,-2.3333333333333335,19.333333333333332,1.0,82.4,12.99,2,0.25,0.5,90,False,True
57fe6232e67823593374a2281d7a8af8,13360,capivari,SP,8,8,7,1,178.68,105.36,8,8,2017-03-05 22:11:02,2017-12-01 08:46:08,4.75,8,0,-10.5,9.125,1.0,22.335,13.17,0,0.0,0.0,270,False,True
4da0e408c99d2fdc2126dc9fce518060,86300,cornelio procopio,PR,54,44,30,2,3026.0,938.73,44,43,2017-01-14 15:42:20,2018-08-13 18:42:05,4.409090909090909,44,0,-20.681818181818183,8.75,1.2272727272727273,68.77272727272727,21.33477272727273,3,0.0,0.06818181818181818,576,False,True
8b28d096634035667e8263d57ba3368c,12243,sao jose dos campos,SP,155,143,49,14,9375.7,2591.45,143,142,2017-02-28 14:56:37,2018-07-19 17:43:55,3.971631205673759,141,15,-10.410071942446043,13.647482014388489,1.083916083916084,65.56433566433567,18.122027972027972,22,0.1048951048951049,0.15384615384615385,506,False,True
82cb9f452fe8334df74b22d37824b431,95013,caxias do sul,RS,18,14,8,3,838.2,317.06,14,14,2018-04-11 10:48:10,2018-08-01 15:01:52,4.714285714285714,14,0,-18.571428571428573,8.142857142857142,1.2857142857142858,59.871428571428574,22.647142857142857,0,0.0,0.0,112,False,True
9bc484c87d79cd4874e05ca182658045,2422,sao paulo,SP,9,9,9,4,1120.0,149.87,9,9,2017-11-23 13:48:08,2018-05-02 14:22:52,4.0,9,1,-5.125,12.875,1.0,124.44444444444444,16.65222222222222,2,0.1111111111111111,0.2222222222222222,160,False,True
c6218512d16fcac0af02fe92691cf274,32315,contagem,MG,8,8,4,2,674.0,194.64,8,8,2017-04-11 13:00:12,2017-06-02 14:34:31,4.0,8,0,-11.875,14.25,1.0,84.25,24.33,1,0.0,0.125,52,False,True
d17f467e4bf608a510c20d82f4ba3b6b,95098,caxias do sul,RS,12,12,11,3,3021.66,534.89,12,12,2018-07-17 20:23:27,2018-07-31 20:20:14,4.0,12,2,-7.181818181818182,11.545454545454545,1.0,251.80499999999998,44.57416666666666,1,0.16666666666666666,0.08333333333333333,13,False,True
4371b634e0efc0e22b09b52907d9d469,2028,sao paulo,SP,112,102,40,4,8194.0,1484.79,102,101,2017-06-16 13:58:31,2018-08-13 18:15:19,4.445544554455446,101,7,-10.445544554455445,10.693069306930694,1.0980392156862746,80.33333333333333,14.556764705882353,8,0.06862745098039216,0.0784313725490196,423,False,True
1b45169b635ef59425637e9a33eb5fb3,87050,maringa,PR,8,7,6,4,308.9,110.45,7,7,2018-02-13 13:27:43,2018-08-15 23:04:04,4.571428571428571,7,0,-19.571428571428573,7.428571428571429,1.1428571428571428,44.128571428571426,15.778571428571428,1,0.0,0.14285714285714285,183,False,True
bd23da7354813347129d751591d1a6e2,3971,sao paulo,SP,90,89,9,1,10544.300000000001,1466.83,89,89,2017-07-17 11:44:41,2018-08-17 09:08:30,4.011363636363637,88,2,-10.093023255813954,9.418604651162791,1.0112359550561798,118.47528089887642,16.481235955056178,16,0.02247191011235955,0.1797752808988764,395,False,True
412a4720f3e9431b4afa1476a1acddbe,13060,campinas,SP,22,21,8,3,2058.1,511.06,21,20,2017-09-10 21:12:43,2018-08-13 21:49:33,4.238095238095238,21,1,-8.952380952380953,10.142857142857142,1.0476190476190477,98.0047619047619,24.336190476190477,2,0.047619047619047616,0.09523809523809523,337,False,True
7238a95bb63ef7e498389fb863b834a1,13487,limeira,SP,15,15,6,3,2265.7,569.41,15,15,2018-04-27 14:01:01,2018-08-16 15:13:00,4.733333333333333,15,0,-9.533333333333333,7.6,1.0,151.04666666666665,37.96066666666666,0,0.0,0.0,111,False,True
26785a546900236d66f2e4197c211158,8430,sao paulo,SP,15,15,12,1,1019.2,225.45,15,15,2017-11-22 19:20:46,2018-07-24 17:04:30,4.666666666666667,15,0,-18.733333333333334,5.4,1.0,67.94666666666667,15.03,1,0.0,0.06666666666666667,243,False,True
b7ed9fb14c8eadb37adb9c45d67ab0fb,12331,jacarei,SP,11,7,5,2,566.0,221.75,7,7,2017-07-01 12:10:10,2018-07-27 20:09:23,3.2857142857142856,7,0,-13.428571428571429,12.285714285714286,1.5714285714285714,80.85714285714286,31.678571428571427,3,0.0,0.42857142857142855,391,False,True
a0d7fbb07bb5ebc3b05980e750db56f3,8500,ferraz de vasconcelos,SP,4,3,4,1,848.99,236.19,3,3,2018-05-04 00:28:43,2018-08-12 22:56:51,2.3333333333333335,3,0,-13.666666666666666,15.666666666666666,1.3333333333333333,282.99666666666667,78.73,2,0.0,0.6666666666666666,100,False,True
10264f60a8f0a4d2f30810f5c661c673,13090,campinas,SP,4,4,2,1,284.6,41.86,4,4,2018-06-19 21:10:11,2018-08-09 12:44:54,5.0,4,0,-8.75,3.5,1.0,71.15,10.465,0,0.0,0.0,50,False,True
35857757f553273b1056c1cabdace7fb,14020,ribeirao preto,SP,6,6,6,1,454.6,118.74000000000001,6,6,2017-07-24 15:19:05,2018-03-28 00:23:11,4.0,6,1,-5.833333333333333,17.666666666666668,1.0,75.76666666666667,19.790000000000003,1,0.16666666666666666,0.16666666666666666,246,False,True
538caafddff204241cecbf3a02e6b3cf,4516,sao paulo,SP,9,9,6,1,148.3,98.19,9,9,2017-05-16 11:42:33,2018-07-12 11:24:13,2.5555555555555554,9,3,-0.875,16.75,1.0,16.477777777777778,10.91,5,0.3333333333333333,0.5555555555555556,421,False,True
913fd0ebba70bb919f7254a02239173c,89065,blumenau,SC,1,1,1,1,159.9,19.22,1,1,2018-07-25 06:18:20,2018-07-25 06:18:20,1.0,1,0,-8.0,13.0,1.0,159.9,19.22,1,0.0,1.0,0,True,True
b2eecf5ea250510da76590ca79d60e5d,3318,sao paulo,SP,11,9,5,1,1060.0,153.15,9,9,2017-03-05 04:18:49,2017-11-11 21:04:48,5.0,9,0,-12.88888888888889,5.555555555555555,1.2222222222222223,117.77777777777777,17.016666666666666,0,0.0,0.0,251,False,True
1c742ac33582852aaf3bcfbf5893abcf,30668,belo horizonte,MG,1,1,1,1,97.9,15.79,1,1,2018-06-22 16:07:51,2018-06-22 16:07:51,5.0,1,0,-20.0,6.0,1.0,97.9,15.79,0,0.0,0.0,0,False,True
8f2ce03f928b567e3d56181ae20ae952,5141,pirituba,SP,175,153,79,1,21712.9,3837.11,153,151,2017-04-30 19:04:30,2018-08-24 17:54:37,4.105263157894737,152,19,-9.019867549668874,13.960264900662251,1.1437908496732025,141.91437908496732,25.079150326797386,20,0.12418300653594772,0.13071895424836602,480,False,True
4d9fea3499bdc22aa4da4e339365f215,4209,sao paulo,SP,2,2,1,1,192.54000000000002,30.2,2,2,2018-02-17 16:39:44,2018-07-04 16:17:34,5.0,2,0,-19.5,12.5,1.0,96.27000000000001,15.1,0,0.0,0.0,136,False,True
d4e12e7884759a14fa0f5f896c791cae,2242,sao paulo,SP,32,29,14,1,1400.0,439.67,29,28,2017-09-07 15:21:22,2018-07-23 08:06:43,4.620689655172414,29,2,-12.551724137931034,7.931034482758621,1.103448275862069,48.275862068965516,15.161034482758621,2,0.06896551724137931,0.06896551724137931,318,False,True
e24fc9fcd865784fb25705606fe3dfe7,12913,braganca paulista,SP,56,52,22,3,12936.0,1030.71,52,52,2016-10-08 10:07:25,2018-03-26 23:31:51,4.173076923076923,52,4,-13.784313725490197,12.117647058823529,1.0769230769230769,248.76923076923077,19.821346153846154,6,0.07692307692307693,0.11538461538461539,534,False,True
5882f40daf39bc2a465e0cb453ddc222,5616,sao paulo,SP,1,1,1,1,640.0,58.9,1,1,2017-10-13 17:28:07,2017-10-13 17:28:07,2.0,1,0,,,1.0,640.0,58.9,1,0.0,1.0,0,True,True
26e2c91ef821e1ff8985f408788fe35b,14940,ibitinga,SP,14,12,10,1,1649.4,274.47,12,12,2018-02-20 09:43:30,2018-07-24 16:11:14,3.0,12,5,1.5,25.833333333333332,1.1666666666666667,137.45000000000002,22.872500000000002,4,0.4166666666666667,0.3333333333333333,154,False,True
53336f97ddbe53e2a617d07b17447b95,3461,sao paulo,SP,1,1,1,1,599.5,75.33,1,1,2017-10-04 09:13:51,2017-10-04 09:13:51,5.0,1,0,-11.0,19.0,1.0,599.5,75.33,0,0.0,0.0,0,False,True
fec8cd45395b3cb0c2b173d7739706a1,12270,jambeiro,SP,4,4,3,1,1280.0,96.94,4,4,2018-01-04 11:11:33,2018-04-25 15:44:24,3.75,4,0,-11.25,10.25,1.0,320.0,24.235,0,0.0,0.0,111,False,True
e116c7455dd26a4d8c3e92532583905f,1140,sao paulo,SP,2,1,1,1,36.76,14.78,1,1,2018-04-05 10:50:34,2018-04-05 10:50:34,4.0,1,0,,,2.0,36.76,14.78,0,0.0,0.0,0,False,True
900ba814c251a692506d7834c1218441,13328,salto,SP,88,88,7,1,29099.690000000002,2368.25,88,88,2017-07-04 13:25:07,2018-08-25 18:52:49,4.188235294117647,85,12,-8.593023255813954,12.081395348837209,1.0,330.6782954545455,26.911931818181817,8,0.13636363636363635,0.09090909090909091,417,False,True
afe0067131b73e40875c9b6c10bd2e21,35590,lagoa da prata,MG,46,46,7,1,5130.400000000001,1125.45,46,46,2017-02-22 20:39:41,2018-06-10 22:56:17,4.2,45,2,-11.4,14.977777777777778,1.0,111.53043478260871,24.46630434782609,5,0.043478260869565216,0.10869565217391304,473,False,True
542917da124346b47ea1ac79a93ce454,82560,curitiba,PR,20,20,13,2,1303.9,363.18,20,20,2017-03-04 16:27:08,2017-08-07 14:14:22,4.15,20,1,-14.0,11.1,1.0,65.19500000000001,18.159,3,0.05,0.15,155,False,True
35b96509602ec4b7da831b5cd73ff2c2,93040,sao leopoldo,RS,2,2,2,1,558.9,47.55,2,2,2018-05-08 09:35:12,2018-08-03 19:12:10,4.5,2,0,-14.0,8.5,1.0,279.45,23.775,0,0.0,0.0,87,False,True
4a23adac87cf538689fa600d976f78b2,4537,sao paulo,SP,3,3,1,1,405.0,35.41,3,3,2018-08-18 11:49:40,2018-08-22 13:02:19,4.333333333333333,3,0,-8.666666666666666,8.0,1.0,135.0,11.803333333333333,0,0.0,0.0,4,False,True
85cc55e048b6bcc90c75afe7f0e72f72,27345,barra mansa,RJ,9,9,6,5,308.28,193.48,9,9,2018-05-07 00:06:34,2018-07-25 21:36:32,4.444444444444445,9,2,-9.333333333333334,12.555555555555555,1.0,34.25333333333333,21.497777777777777,1,0.2222222222222222,0.1111111111111111,79,False,True
2009a095de2a2a41626f6c6d7722678d,15025,sao jose do rio preto,SP,12,8,4,2,388.89,193.54,8,8,2017-03-10 12:10:11,2017-10-29 21:01:35,4.375,8,0,-12.875,8.0,1.5,48.61125,24.1925,1,0.0,0.125,233,False,True
3a52d63a8f9daf5a28f3626d7eb9bd28,71900,aguas claras df,SP,1,1,1,1,35.0,17.78,1,1,2017-02-01 08:42:43,2017-02-01 08:42:43,1.0,1,0,-41.0,6.0,1.0,35.0,17.78,1,0.0,1.0,0,True,True
e9b6c33b71b67737693b4cfa68341c8d,3009,sao paulo,SP,1,1,1,1,119.9,21.49,1,1,2017-08-16 20:08:12,2017-08-16 20:08:12,4.0,1,0,-1.0,11.0,1.0,119.9,21.49,0,0.0,0.0,0,False,True
c458e2045a8aa8964f8879af03fdcce6,9572,sao caetano do sul,SP,9,4,4,1,494.91,196.79,4,4,2017-02-12 18:48:56,2017-05-05 12:35:47,2.75,4,0,-18.75,15.5,2.25,123.7275,49.197500000000005,2,0.0,0.5,81,False,True
6601ee6383e7f452be71929f8de48bbb,14027,ribeirao pretp,SP,2,2,2,1,153.6,28.34,2,2,2017-10-27 17:21:53,2017-11-08 07:29:07,4.0,2,0,-17.5,14.0,1.0,76.8,14.17,0,0.0,0.0,11,False,True
5a4236931428800e9d9cc04af0987118,2916,sao paulo,SP,3,1,1,1,44.97,45.69,1,1,2018-07-17 15:23:54,2018-07-17 15:23:54,5.0,1,0,-13.0,3.0,3.0,44.97,45.69,0,0.0,0.0,0,False,True
258447aad3f7b01e2643c89f64dc5647,87210,cianorte,PR,1,1,1,1,51.9,19.55,1,1,2018-07-24 19:44:56,2018-07-24 19:44:56,5.0,1,0,-12.0,7.0,1.0,51.9,19.55,0,0.0,0.0,0,False,True
8a32e327fe2c1b3511609d81aaf9f042,2443,sao paulo,SP,180,132,53,2,6429.01,2363.03,132,130,2016-10-07 22:51:32,2018-02-23 11:16:55,3.83206106870229,131,4,-14.896825396825397,8.373015873015873,1.3636363636363635,48.70462121212121,17.901742424242425,25,0.030303030303030304,0.1893939393939394,503,False,True
0f519b0d2e5eb2227c93dd25038bfc01,14940,ibitinga,SP,1,1,1,1,79.9,23.0,1,1,2017-01-27 12:10:46,2017-01-27 12:10:46,5.0,1,0,-40.0,12.0,1.0,79.9,23.0,0,0.0,0.0,0,False,True
d7d517afce974cd491b8d52bb5b5b1fc,3508,sao paulo,SP,1,1,1,1,89.99,18.73,1,1,2018-08-16 02:24:08,2018-08-16 02:24:08,4.0,1,0,-23.0,13.0,1.0,89.99,18.73,0,0.0,0.0,0,False,True
ec5c1d94df153d473b37f880977ae58e,21320,rio de janeiro,SP,3,2,2,2,199.67000000000002,84.07,2,2,2018-05-22 14:50:54,2018-06-03 13:21:09,2.0,2,0,-28.5,10.0,1.5,99.83500000000001,42.035,1,0.0,0.5,11,True,True
31561f325664a8a7aba4c8d0c3a9b3db,3287,sao paulo,SP,38,36,25,2,2702.19,627.17,36,36,2018-06-05 22:51:12,2018-08-17 02:52:51,4.638888888888889,36,0,-9.5,6.833333333333333,1.0555555555555556,75.06083333333333,17.421388888888888,1,0.0,0.027777777777777776,72,False,True
70c4eedec9cb4a85cda2f3f9673557b4,1208,sao paulo,SP,2,2,1,1,479.8,32.75,2,2,2017-06-05 16:37:47,2017-08-21 10:59:48,5.0,1,0,-17.0,7.0,1.0,239.9,16.375,0,0.0,0.0,76,False,True
4fb41dff7c50136976d1a5cf004a42e2,44002,feira de santana,BA,3,3,3,1,1230.0,66.77,3,3,2017-11-27 20:01:56,2018-02-02 21:38:36,4.0,3,1,33.0,66.33333333333333,1.0,410.0,22.256666666666664,0,0.3333333333333333,0.0,67,False,True
d23019c84ffae2d5ef2270367b8605fc,86073,londrina,PR,39,39,8,1,29205.1,2749.7400000000002,39,39,2017-10-10 10:47:08,2018-08-22 19:54:03,4.410256410256411,39,1,-14.384615384615385,10.717948717948717,1.0,748.8487179487179,70.50615384615385,2,0.02564102564102564,0.05128205128205128,316,False,True
ad8ada0ffa993cb1197d102d9ab21a3e,38445,araguari,MG,2,1,1,1,599.8,56.36,1,1,2018-03-13 20:37:20,2018-03-13 20:37:20,1.0,1,0,,,2.0,599.8,56.36,1,0.0,1.0,0,True,True
ce20a2ec1514c25e16f2b5b39bc818f0,5186,sao paulo,SP,7,4,3,1,287.0,209.03,4,3,2018-06-01 14:12:09,2018-08-13 14:18:20,4.75,4,0,-18.5,14.0,1.75,71.75,52.2575,0,0.0,0.0,73,False,True
0f94588695d71662beec8d883ffacf09,88037,florianopolis,SC,1,1,1,1,9.0,18.59,1,1,2017-03-01 10:56:53,2017-03-01 10:56:53,5.0,1,0,-12.0,14.0,1.0,9.0,18.59,0,0.0,0.0,0,False,True
3a79f35a2344ede41af21267f61d5ec6,13040,campinas,SP,1,1,1,0,186.0,31.71,1,1,2017-11-16 13:40:29,2017-11-16 13:40:29,1.0,1,0,-8.0,14.0,1.0,186.0,31.71,1,0.0,1.0,0,True,True
b586cd24c010a13916af621b0325fbba,89164,rio do sul,SC,7,6,7,3,1108.94,263.99,6,6,2018-06-17 21:50:12,2018-08-23 11:27:36,3.8333333333333335,6,0,-14.333333333333334,5.0,1.1666666666666667,184.82333333333335,43.998333333333335,1,0.0,0.16666666666666666,66,False,True
2075d8cd4dd63ff12df0749a5866bb06,80010,curitiba,PR,3,3,2,1,184.70000000000002,57.53,3,3,2018-08-07 14:02:28,2018-08-10 00:10:24,5.0,3,0,-7.0,4.0,1.0,61.56666666666667,19.176666666666666,0,0.0,0.0,2,False,True
0d83f8e03188682112cc0d93523705cc,91150,porto alegre,RS,8,4,2,1,696.26,124.31,4,4,2017-11-14 09:05:04,2018-01-22 11:52:53,3.75,4,1,-11.0,16.5,2.0,174.065,31.0775,1,0.25,0.25,69,False,True
85044848b1b767db2a4a58526adef4b4,6018,osasco,SP,4,4,3,3,240.60000000000002,64.91,4,4,2018-04-07 19:30:17,2018-07-13 14:02:37,3.25,4,0,-12.0,8.5,1.0,60.150000000000006,16.2275,1,0.0,0.25,96,False,True
c3251e13f1bbda6c74e37c160f991e19,13660,porto ferreira,SP,2,2,2,2,437.79999999999995,75.28,2,2,2017-03-18 18:18:22,2017-05-26 16:15:49,5.0,2,0,-30.0,12.5,1.0,218.89999999999998,37.64,0,0.0,0.0,68,False,True
4a1f694197d05fe70026b016a7316b41,13920,pedreira,SP,23,14,12,2,907.77,370.98,14,14,2018-02-17 01:22:20,2018-08-12 20:10:32,4.571428571428571,14,1,-13.928571428571429,8.5,1.6428571428571428,64.84071428571428,26.498571428571427,1,0.07142857142857142,0.07142857142857142,176,False,True
6ebf4eceee4dd9847201c82e77ef8123,23587,rio de janeiro,RJ,1,1,1,1,59.9,22.13,1,1,2018-04-04 23:21:54,2018-04-04 23:21:54,5.0,1,0,-5.0,15.0,1.0,59.9,22.13,0,0.0,0.0,0,False,True
0873d9f8f36123f8d910f4760e788cfb,6465,barueri,SP,6,6,6,2,7265.59,161.06,6,6,2018-05-07 20:22:07,2018-08-14 14:19:51,3.1666666666666665,6,2,-7.833333333333333,12.833333333333334,1.0,1210.9316666666666,26.843333333333334,2,0.3333333333333333,0.3333333333333333,98,False,True
a44fb5a447105f8469bdf16bf9159f25,91920,porto alegre,RS,19,19,11,1,3706.1,586.61,19,19,2017-11-21 14:01:29,2018-08-03 14:48:36,4.052631578947368,19,4,-7.0,13.842105263157896,1.0,195.0578947368421,30.87421052631579,3,0.21052631578947367,0.15789473684210525,255,False,True
dcf3755cefcdc158ad0b7bdde51e871b,96503,cachoeira do sul,RS,3,3,3,2,269.70000000000005,89.33,3,3,2018-03-18 14:44:29,2018-08-11 10:48:51,4.0,2,0,-14.333333333333334,13.0,1.0,89.90000000000002,29.776666666666667,0,0.0,0.0,145,False,True
4869f7a5dfa277a7dca6462dcf3b52b2,14840,guariba,SP,1156,1132,95,10,229472.63,20168.07,1132,1124,2017-03-07 12:43:03,2018-08-24 19:42:51,4.133451957295374,1124,118,-11.102313167259787,14.608540925266905,1.0212014134275618,202.7143374558304,17.81631625441696,152,0.10424028268551237,0.13427561837455831,535,False,True
6bb66d9870c2e01c05655c7ed0e7ee13,4101,sao paulo,SP,3,3,1,0,269.0,52.02,3,3,2018-07-25 17:09:53,2018-07-29 06:13:03,3.6666666666666665,3,0,-15.333333333333334,7.666666666666667,1.0,89.66666666666667,17.34,1,0.0,0.3333333333333333,3,False,True
1c5e4e49b9079480255b49d50aac1aa9,11030,santos,SP,12,12,8,3,10173.11,889.61,12,11,2017-03-09 18:15:38,2018-08-05 04:43:04,4.333333333333333,12,0,-12.25,8.333333333333334,1.0,847.7591666666667,74.13416666666667,1,0.0,0.08333333333333333,513,False,True
6a3139c7bf09ece22a4713d956acbe5e,13790,sao sebastiao da grama/sp,SP,1,1,1,1,61.9,14.74,1,1,2018-07-23 21:47:34,2018-07-23 21:47:34,5.0,1,0,-13.0,3.0,1.0,61.9,14.74,0,0.0,0.0,0,False,True
37515688008a7a40ac93e3b2e4ab203f,17900,dracena,SP,240,228,3,2,5986.6,3431.1,228,228,2017-07-10 22:08:53,2018-07-16 08:50:17,4.092920353982301,226,18,-7.964757709251101,14.775330396475772,1.0526315789473684,26.25701754385965,15.048684210526316,24,0.07894736842105263,0.10526315789473684,370,False,True
8fec2e460530482132c436cfb5439925,18500,laranjal paulista,SP,5,3,3,1,468.46,80.15,3,3,2018-01-29 17:16:45,2018-02-22 09:54:40,4.333333333333333,3,1,-6.333333333333333,21.333333333333332,1.6666666666666667,156.15333333333334,26.71666666666667,0,0.3333333333333333,0.0,23,False,True
1746c1ae87ac63d530c7c943d0ac42e2,6501,santana de parnaiba,SP,1,1,1,1,229.9,22.45,1,1,2017-12-12 22:04:33,2017-12-12 22:04:33,5.0,1,0,-4.0,23.0,1.0,229.9,22.45,0,0.0,0.0,0,False,True
afac9f6b0c4e5f0a7ee87e922cd0f873,17047,bauru,SP,1,1,1,0,20.99,11.85,1,1,2018-02-17 17:16:24,2018-02-17 17:16:24,1.0,1,0,,,1.0,20.99,11.85,1,0.0,1.0,0,True,True
3be5841cdcc46de4ed3f9116f104b2c5,6473,barueri,SP,4,4,4,3,599.6,88.35,4,4,2017-01-24 21:16:50,2017-02-12 21:41:09,4.75,4,0,-25.75,7.5,1.0,149.9,22.0875,0,0.0,0.0,19,False,True
0249d282d911d23cb8b869ab49c99f53,5676,sao paulo,SP,11,11,4,1,393.0,138.88,11,11,2017-09-18 20:48:19,2018-03-22 22:37:56,4.2727272727272725,11,2,-8.363636363636363,9.818181818181818,1.0,35.72727272727273,12.625454545454545,2,0.18181818181818182,0.18181818181818182,185,False,True
23ca5f678e0b3ea6c630b30fa8bf51ea,2839,sao paulo,SP,7,6,4,1,183.0,96.39,6,5,2017-03-04 11:44:25,2017-05-04 23:14:03,5.0,6,0,-17.333333333333332,6.5,1.1666666666666667,30.5,16.065,0,0.0,0.0,61,False,True
5eeb9c756d9780b96283e5a2ac6da334,14010,ribeirao preto,SP,9,9,7,1,2471.0,247.74,9,9,2017-10-10 08:27:25,2018-07-18 16:43:02,4.222222222222222,9,2,-9.333333333333334,16.22222222222222,1.0,274.55555555555554,27.526666666666667,1,0.2222222222222222,0.1111111111111111,281,False,True
25be943a321c8938947bdaabca979a90,9725,sao bernardo do campo,SP,5,5,2,1,769.0,138.55,5,4,2018-05-09 14:54:32,2018-09-03 09:06:57,3.0,5,0,-10.0,2.6666666666666665,1.0,153.8,27.71,2,0.0,0.4,116,False,True
818d28f936e791926d33bcb6ee94ef79,4141,sao paulo,SP,5,5,5,1,139.5,77.2,5,5,2017-02-09 21:19:01,2017-05-24 17:19:22,4.0,3,0,-21.0,12.5,1.0,27.9,15.440000000000001,0,0.0,0.0,103,False,True
bfd938b22bc99bce1ae60dc602889f52,22775,rio de janeiro,RJ,12,6,4,3,922.8000000000001,195.46,6,6,2017-01-22 21:50:07,2017-04-15 13:21:33,3.8333333333333335,6,0,-20.75,11.0,2.0,153.8,32.57666666666667,2,0.0,0.3333333333333333,82,False,True
c12b92bf1c350f3e6bf88d3596219c86,17400,garca,SP,17,17,9,6,4808.78,444.06,17,17,2018-05-01 14:15:31,2018-08-13 15:17:31,3.8823529411764706,17,1,-13.117647058823529,10.411764705882353,1.0,282.8694117647059,26.121176470588235,4,0.058823529411764705,0.23529411764705882,104,False,True
97e995629983723d11830a829bc2b246,12604,lorena,SP,5,5,5,2,499.5,99.37,5,5,2017-11-07 16:31:04,2018-08-16 15:44:33,4.8,5,0,-19.4,16.8,1.0,99.9,19.874000000000002,0,0.0,0.0,281,False,True
ffa6adafb71b807dc13159e26431354c,86030,londrina,PR,18,18,10,5,2669.9,537.08,18,18,2018-03-16 07:38:09,2018-08-13 14:18:44,3.7777777777777777,18,0,-12.705882352941176,9.352941176470589,1.0,148.32777777777778,29.83777777777778,3,0.0,0.16666666666666666,150,False,True
080102cd0a76b09e0dcf55fcacc60e05,31140,belo horizonte,MG,130,124,43,5,5716.78,2195.93,124,123,2017-07-23 11:22:00,2018-08-26 16:26:52,4.475806451612903,124,5,-11.860655737704919,9.491803278688524,1.0483870967741935,46.10306451612903,17.709112903225805,6,0.04032258064516129,0.04838709677419355,399,False,True
5a6a02f419701fc8c605af71d4fc57a4,13465,americana,SP,11,10,9,2,600.5,113.91,10,10,2018-05-14 21:43:39,2018-08-24 23:42:21,4.8,10,1,-9.3,5.0,1.1,60.05,11.391,0,0.1,0.0,102,False,True
94b9108d4b637ba65bb4f1e53cfcf8d8,7221,guarulhos,SP,8,7,3,2,234.95999999999998,99.13,7,7,2017-09-02 16:05:34,2018-08-03 10:56:56,4.428571428571429,7,1,-3.142857142857143,16.714285714285715,1.1428571428571428,33.565714285714286,14.161428571428571,1,0.14285714285714285,0.14285714285714285,334,False,True
0fe2d9733ed841eb064503920015a8c0,19906,ourinhos,SP,3,3,3,1,389.64,108.71000000000001,3,3,2018-05-14 18:58:43,2018-07-09 22:14:07,4.666666666666667,3,0,-13.333333333333334,8.0,1.0,129.88,36.23666666666667,0,0.0,0.0,56,False,True
154bdf805377afea75a3bd158e9eab10,14940,ibitinga,SP,1,1,1,1,89.9,19.82,1,1,2018-07-02 18:42:38,2018-07-02 18:42:38,1.0,1,1,2.0,24.0,1.0,89.9,19.82,1,1.0,1.0,0,True,True
b2ac621f0d0322434d04a12b078b9369,80220,curitiba,PR,30,30,13,2,9575.5,781.39,30,30,2017-08-22 10:55:25,2018-08-16 15:59:08,4.4,30,3,-11.666666666666666,14.2,1.0,319.18333333333334,26.046333333333333,2,0.1,0.06666666666666667,359,False,True
9c54608f0996c32ae4743089d915f845,87900,loanda,PR,3,3,3,1,194.8,109.92,3,3,2018-06-22 16:07:29,2018-07-18 17:18:04,4.0,3,0,-20.666666666666668,11.666666666666666,1.0,64.93333333333334,36.64,0,0.0,0.0,26,False,True
17306570e772e7718c92a562d33f5f1d,17250,bariri,SP,32,29,21,1,9669.8,930.83,29,29,2017-02-28 21:17:05,2018-04-18 14:37:49,3.6206896551724137,29,2,-9.592592592592593,13.851851851851851,1.103448275862069,333.4413793103448,32.09758620689655,7,0.06896551724137931,0.2413793103448276,413,False,True
244c2f1bff6afe1f2eaf9bfe9b2aed38,8832,mogi das cruzes,SP,27,23,11,1,2580.0,1214.87,23,22,2017-02-07 11:11:30,2018-02-06 08:31:14,3.652173913043478,23,2,-10.26086956521739,13.565217391304348,1.173913043478261,112.17391304347827,52.82043478260869,5,0.08695652173913043,0.21739130434782608,363,False,True
71039d19d4303bf9054d69e9a9236699,3018,sao paulo,SP,38,35,26,3,3537.2,621.45,35,34,2017-10-07 21:41:11,2018-08-03 13:46:47,3.8,35,7,-7.914285714285715,13.4,1.0857142857142856,101.06285714285714,17.755714285714287,7,0.2,0.2,299,False,True
54065e9aef7e9e9c2dc23b7594db021a,20040,rio de janeiro,RJ,14,14,12,5,8003.0,280.43,14,14,2017-03-03 17:42:10,2018-03-05 14:25:21,3.857142857142857,14,0,-22.75,11.833333333333334,1.0,571.6428571428571,20.030714285714286,3,0.0,0.21428571428571427,366,False,True
7ad41305e96a6cab8294cd65891e9a86,28810,rio bonito,SP,2,2,2,1,180.0,57.6,2,2,2018-06-05 00:38:47,2018-06-12 20:54:25,5.0,2,0,-15.0,11.0,1.0,90.0,28.8,0,0.0,0.0,7,False,True
25e47381a6c510ddeb36084e33b89f0c,11720,praia grande,SP,17,16,11,1,1289.6000000000001,282.11,16,16,2017-05-16 18:26:49,2017-06-29 07:53:56,4.25,16,0,-12.9375,9.3125,1.0625,80.60000000000001,17.631875,1,0.0,0.0625,43,False,True
4d6d651bd7684af3fffabd5f08d12e5a,17209,jau,SP,395,369,70,3,43587.4,7898.91,369,356,2017-04-25 11:30:33,2018-08-23 17:09:58,4.192934782608695,368,14,-13.002754820936639,12.561983471074381,1.070460704607046,118.1230352303523,21.406260162601626,46,0.037940379403794036,0.12466124661246612,485,False,True
24a6daf925d9d591870a66660416de31,14078,robeirao preto,SP,2,2,2,1,60.0,30.08,2,2,2018-01-29 09:47:12,2018-05-06 20:33:11,4.5,2,0,-12.0,13.0,1.0,30.0,15.04,0,0.0,0.0,97,False,True
f0563bacf40c311f1c4d3d6b67b8a7a7,88704,tubarao,SC,1,1,1,1,1199.0,28.78,1,1,2016-10-05 14:16:28,2016-10-05 14:16:28,1.0,1,0,,,1.0,1199.0,28.78,1,0.0,1.0,0,True,True
b76dba6c951ab00dc4edf0a1aa88037e,3237,sao paulo,SP,169,159,37,3,2574.7799999999997,2307.1,159,159,2017-01-06 21:30:38,2018-08-27 20:03:07,4.178343949044586,157,5,-16.337579617834393,9.910828025477707,1.0628930817610063,16.193584905660376,14.510062893081761,18,0.031446540880503145,0.11320754716981132,597,False,True
1bc2e21de46adfea6b98cc96b00f3b40,89228,joinville,SC,5,3,2,1,1039.95,102.60000000000001,3,3,2017-02-06 23:01:32,2017-05-16 10:55:20,3.3333333333333335,3,0,-5.333333333333333,16.333333333333332,1.6666666666666667,346.65000000000003,34.2,1,0.0,0.3333333333333333,98,False,True
b1204cfda1d4948679db3cfc0d3cb95c,7170,guarulhos,SP,11,7,4,3,2903.7,174.45,7,7,2017-01-17 19:55:40,2018-07-25 21:44:39,4.0,7,0,-20.666666666666668,9.333333333333334,1.5714285714285714,414.8142857142857,24.921428571428574,2,0.0,0.2857142857142857,554,False,True
b4ffb71f0cb1b1c3d63fad021ecf93e1,3880,sao paulo,SP,165,144,97,1,6656.09,2519.98,144,142,2017-02-01 14:38:41,2018-08-18 10:55:43,4.222222222222222,144,3,-14.86013986013986,9.62937062937063,1.1458333333333333,46.22284722222222,17.499861111111112,16,0.020833333333333332,0.1111111111111111,562,False,True
165b1235e9e9942cb5fae67103576fb0,14020,ribeirao preto,SP,16,11,9,3,2085.15,404.65,11,11,2018-05-20 08:41:02,2018-08-19 07:41:33,4.363636363636363,11,1,-7.909090909090909,7.454545454545454,1.4545454545454546,189.5590909090909,36.78636363636363,0,0.09090909090909091,0.0,90,False,True
8eb88b0acb3f90a717ad659221471fa7,89504,cacador,SC,2,2,2,1,119.8,40.87,2,2,2017-09-19 09:59:54,2018-02-04 17:52:21,4.5,2,0,-18.0,12.0,1.0,59.9,20.435,0,0.0,0.0,138,False,True
9599519be538b98748162a2b48248960,5008,sao paulo,SP,3,1,1,1,570.0,60.06,1,1,2018-04-08 07:57:38,2018-04-08 07:57:38,1.0,1,0,-8.0,22.0,3.0,570.0,60.06,1,0.0,1.0,0,True,True
0417b067eeab773d2f7061a726dc477f,89288,sao bento do sul,SC,13,13,11,1,1859.18,642.57,13,13,2018-03-01 20:13:18,2018-08-20 12:38:56,3.923076923076923,13,3,-3.923076923076923,17.307692307692307,1.0,143.01384615384615,49.42846153846154,3,0.23076923076923078,0.23076923076923078,171,False,True
c26ba52cf8d2f34915f2f6b7ffa0a3f3,21510,rio de janeiro,RJ,4,4,2,0,125.96,46.69,4,4,2017-12-10 22:31:27,2018-02-15 16:51:40,4.0,4,0,-14.0,7.0,1.0,31.49,11.6725,1,0.0,0.25,66,False,True
e5cbe890e679490127e9a390b46bbd20,1041,sao paulo,SP,2,2,2,1,908.99,28.72,2,2,2018-06-11 22:31:34,2018-08-19 20:04:58,4.5,2,0,-14.5,5.0,1.0,454.495,14.36,0,0.0,0.0,68,False,True
974cf2cb8f4b7add98709c30df02fe10,14802,araraquara,SP,33,33,11,2,2982.67,577.01,33,33,2017-10-16 22:33:02,2018-08-21 23:41:36,4.0606060606060606,33,1,-13.8,10.7,1.0,90.3839393939394,17.485151515151514,5,0.030303030303030304,0.15151515151515152,309,False,True
3c487ae8f8d7542beff5788e2e0aea83,72460,gama,DF,33,30,11,1,9385.699999999999,719.65,30,27,2017-08-09 15:42:26,2018-08-17 15:27:40,4.2,30,1,-11.066666666666666,13.4,1.1,312.8566666666666,23.988333333333333,3,0.03333333333333333,0.1,372,False,True
4a3ccda38b2129705f3fb522db62ca31,17504,marilia,SP,78,66,45,5,17062.59,1432.34,66,66,2017-09-13 15:07:45,2018-08-19 14:51:36,3.878787878787879,66,4,-11.328125,12.8125,1.1818181818181819,258.5240909090909,21.70212121212121,14,0.06060606060606061,0.21212121212121213,339,False,True
876182d1918783bbe15233febfbd4926,4208,sao paulo,SP,3,3,3,1,120.27,34.730000000000004,3,3,2017-05-15 13:51:50,2018-02-27 22:26:24,4.0,3,0,-12.333333333333334,8.666666666666666,1.0,40.089999999999996,11.576666666666668,0,0.0,0.0,288,False,True
33576ec5412fb5905d876f12f33bfde6,80040,curitiba,PR,32,31,1,1,2718.0,569.98,31,31,2017-07-12 23:03:19,2018-06-24 20:40:44,4.096774193548387,31,1,-17.129032258064516,14.35483870967742,1.032258064516129,87.6774193548387,18.386451612903226,3,0.03225806451612903,0.0967741935483871,346,False,True
5b85809efd0d0e4dea1a9544e1280ed9,19020,presidente prudente,SP,14,12,8,2,1804.6000000000001,292.76,12,12,2018-05-16 23:08:51,2018-08-20 14:02:55,4.25,12,0,-16.666666666666668,7.583333333333333,1.1666666666666667,150.38333333333335,24.396666666666665,1,0.0,0.08333333333333333,95,False,True
5566627eab3fe93fd6ee08798226101a,83005,sao jose dos pinhais,PR,5,5,4,1,85.5,102.31,5,5,2017-04-13 00:27:41,2018-01-22 10:33:42,4.4,5,0,-17.2,8.2,1.0,17.1,20.462,0,0.0,0.0,284,False,True
e504a4e2efaa45cbff7e268a2c58c956,13520,sao pedro,SP,12,11,6,1,1188.8000000000002,275.26,11,11,2018-05-14 17:58:27,2018-08-15 10:11:11,3.5454545454545454,11,3,-7.5,12.6,1.0909090909090908,108.07272727272729,25.023636363636363,4,0.2727272727272727,0.36363636363636365,92,False,True
056b4ada5bbc2c50cc7842547dda6b51,26379,queimados,RJ,66,65,23,2,12333.390000000001,1306.02,65,65,2017-12-01 10:20:48,2018-08-23 13:21:08,4.171875,64,7,-12.453125,12.375,1.0153846153846153,189.74446153846156,20.092615384615385,9,0.1076923076923077,0.13846153846153847,265,False,True
1e483cc5c76fef08d3ca05f9a8af7d01,2929,sao paulo,SP,11,10,3,3,171.99,123.08000000000001,10,10,2017-02-09 15:43:30,2017-05-18 12:41:57,4.1,10,0,-11.222222222222221,8.11111111111111,1.1,17.199,12.308000000000002,1,0.0,0.1,97,False,True
9b1050e85becf3ae99c1cf4934c9bc5d,39400,montes claros,MG,2,2,1,1,85.14,30.2,2,2,2017-09-21 10:50:01,2017-11-06 18:16:33,2.5,2,0,,,1.0,42.57,15.1,1,0.0,0.5,46,False,True
b248792ac0b60ec3f93d80af1b4fae47,9560,sao caetano do sul,SP,9,7,6,2,454.5,153.85,7,7,2018-07-23 23:48:21,2018-08-22 02:31:38,3.857142857142857,7,1,-9.428571428571429,6.142857142857143,1.2857142857142858,64.92857142857143,21.978571428571428,1,0.14285714285714285,0.14285714285714285,29,False,True
34056b8b55c1775a22af2331670a799c,16304,penapolis,SP,78,78,58,1,6455.4,1774.49,78,78,2017-11-16 13:18:14,2018-08-23 17:19:01,4.0,78,9,-10.922077922077921,12.493506493506494,1.0,82.76153846153845,22.749871794871794,12,0.11538461538461539,0.15384615384615385,280,False,True
21d59342ba150175ca2aa4f8faddeca6,8593,itaquaquecetuba,SP,2,2,2,1,259.9,74.39,2,2,2018-08-09 11:07:40,2018-08-22 14:53:45,4.5,2,0,-18.5,8.5,1.0,129.95,37.195,0,0.0,0.0,13,False,True
23c38debaffe4a25a30fdbd9b586a13f,18110,votorantim,SP,46,41,12,6,5382.18,834.38,41,41,2018-04-02 12:30:02,2018-08-07 08:19:25,4.317073170731708,41,5,-10.048780487804878,11.073170731707316,1.1219512195121952,131.27268292682928,20.350731707317074,1,0.12195121951219512,0.024390243902439025,126,False,True
d9c349beabc06aa6ff1c6d68b5e9e22e,3586,sao paulo,SP,1,1,1,1,168.1,37.55,1,1,2018-04-30 16:52:39,2018-04-30 16:52:39,5.0,1,0,-11.0,21.0,1.0,168.1,37.55,0,0.0,0.0,0,False,True
49f8d2ea7b718d0ce587d34207caf2b4,9830,sao bernardo do campo,SP,1,1,1,1,149.9,15.36,1,1,2018-08-23 20:34:07,2018-08-23 20:34:07,5.0,1,0,-1.0,6.0,1.0,149.9,15.36,0,0.0,0.0,0,False,True
bd1d49a326abfa9b1036772e40445430,17017,bauru,SP,13,12,10,1,637.7,188.5,12,12,2017-11-07 22:51:11,2018-06-15 12:52:13,4.083333333333333,12,1,-12.083333333333334,11.75,1.0833333333333333,53.14166666666667,15.708333333333334,1,0.08333333333333333,0.08333333333333333,219,False,True
6861de0f40cacb0602e473c51639f980,80420,curitiba,PR,8,5,2,1,674.0,275.73,5,5,2017-11-18 10:53:18,2018-07-04 17:37:50,3.6,5,1,-16.0,13.4,1.6,134.8,55.146,1,0.2,0.2,228,False,True
c9c7905cffc4ef9ff9f113554423e671,6871,itapecerica da serra,SP,139,127,22,9,10657.18,2109.53,127,127,2017-06-02 09:41:21,2018-08-21 19:49:49,4.141732283464567,127,10,-10.133858267716535,10.606299212598426,1.094488188976378,83.9148031496063,16.610472440944882,14,0.07874015748031496,0.11023622047244094,445,False,True
aa17b35ce4de7b565be3249ba838944f,13214,jundiai,SP,2,2,1,1,79.8,34.2,2,2,2017-08-24 21:26:40,2017-09-01 17:56:59,4.5,2,0,-9.5,15.5,1.0,39.9,17.1,0,0.0,0.0,7,False,True
0887a9f087bcd5d9f6642b52f897fc6c,11990,cananeia,SP,12,12,3,3,1642.0,220.35,12,12,2017-02-02 15:22:02,2017-08-05 13:51:38,4.416666666666667,12,1,-12.416666666666666,13.583333333333334,1.0,136.83333333333334,18.3625,0,0.08333333333333333,0.0,183,False,True
abc015ebac1d283a323ca9db35ede4b9,14055,ribeirao preto,SP,13,12,8,2,1106.8,222.85000000000002,12,12,2017-02-10 10:31:39,2017-12-09 09:44:23,4.416666666666667,12,0,-15.0,10.333333333333334,1.0833333333333333,92.23333333333333,18.570833333333336,1,0.0,0.08333333333333333,301,False,True
00720abe85ba0859807595bbf045a33b,7070,guarulhos,SP,26,13,9,1,1007.5,315.98,13,12,2018-01-27 13:46:31,2018-08-03 16:57:01,3.6153846153846154,13,2,-7.769230769230769,11.384615384615385,2.0,77.5,24.306153846153848,3,0.15384615384615385,0.23076923076923078,188,False,True
75d34ebb1bd0bd7dde40dd507b8169c3,41820,salvador,BA,72,62,18,4,15048.28,1431.23,62,62,2017-01-11 15:18:25,2018-02-05 13:50:59,3.7419354838709675,62,7,-16.403508771929825,15.543859649122806,1.1612903225806452,242.7141935483871,23.08435483870968,15,0.11290322580645161,0.24193548387096775,389,False,True
e5e33c0d8e7e002f398f5dc4cbbb338f,17032,bauru,SP,29,28,21,2,6698.7,778.63,28,28,2017-03-04 17:36:19,2018-08-08 18:04:56,4.321428571428571,28,2,-14.846153846153847,11.538461538461538,1.0357142857142858,239.2392857142857,27.808214285714286,3,0.07142857142857142,0.10714285714285714,522,False,True
8f54d64f28a993550aa7943f12572959,35160,ipatinga,MG,16,15,10,1,2755.5,377.62,15,15,2017-11-10 20:15:35,2018-08-15 19:05:50,3.7333333333333334,15,1,-11.933333333333334,13.533333333333333,1.0666666666666667,183.7,25.174666666666667,4,0.06666666666666667,0.26666666666666666,277,False,True
91f5779a8731baca4809fdeade81803f,27321,barra mansa,RJ,6,6,5,2,1971.46,145.63,6,6,2017-11-14 18:14:55,2018-04-09 21:48:58,3.8333333333333335,6,0,-12.833333333333334,15.833333333333334,1.0,328.57666666666665,24.271666666666665,1,0.0,0.16666666666666666,146,False,True
13074f016982ff2bd6c58ced8682f000,95705,bento goncalves,RS,15,14,5,2,2116.0,995.7,14,14,2017-11-02 20:58:23,2018-07-28 13:20:44,3.9285714285714284,14,3,-7.923076923076923,14.384615384615385,1.0714285714285714,151.14285714285714,71.12142857142858,2,0.21428571428571427,0.14285714285714285,267,False,True
bec568278124768c474ee90971ca94d1,3553,sao paulo,SP,2,2,2,2,219.9,29.16,2,2,2018-06-17 22:38:30,2018-07-30 19:24:57,4.5,2,0,-13.0,3.0,1.0,109.95,14.58,0,0.0,0.0,42,False,True
534a01cc6df1e034e05c32028a291fa2,13214,jundiai,SP,5,5,4,2,235.59,59.86,5,5,2017-08-16 19:24:28,2017-10-23 11:33:12,4.4,5,0,-8.0,10.2,1.0,47.118,11.972,0,0.0,0.0,67,False,True
cd3d09fbe6e3e9ff0c0ac0c300e93ae7,13380,nova odessa,SP,12,12,11,1,651.04,229.19,12,12,2018-06-27 12:13:43,2018-08-18 12:18:56,4.166666666666667,12,1,-9.75,11.25,1.0,54.25333333333333,19.099166666666665,2,0.08333333333333333,0.16666666666666666,52,False,True
57e632711dec9ec14ca7546769483e7e,88372,navegantes,SC,65,62,20,2,6350.06,1207.98,62,62,2017-02-05 23:17:55,2018-08-08 12:17:57,4.419354838709677,62,0,-16.741935483870968,10.483870967741936,1.0483870967741935,102.42032258064516,19.483548387096775,3,0.0,0.04838709677419355,548,False,True
cb3dd9ce66268c7a3ca7241ac70ab58c,3028,sao paulo,SP,52,50,27,2,2879.76,845.95,50,47,2017-02-07 01:47:42,2018-04-23 21:42:34,4.14,50,2,-13.083333333333334,13.541666666666666,1.04,57.595200000000006,16.919,7,0.04,0.14,440,False,True
094ced053e257ae8cae57205592d6712,14095,ribeirao preto,SP,19,19,13,2,1519.2,459.03,19,19,2018-04-04 20:43:55,2018-07-30 10:59:07,4.052631578947368,19,0,-15.68421052631579,11.789473684210526,1.0,79.9578947368421,24.159473684210525,3,0.0,0.15789473684210525,116,False,True
9906e7aa42a3c067b7c9a564d01c4320,87065,maringa,PR,16,12,2,1,2619.0,496.59999999999997,12,12,2018-02-05 08:47:14,2018-08-21 00:18:05,4.5,12,2,-12.0,16.0,1.3333333333333333,218.25,41.38333333333333,1,0.16666666666666666,0.08333333333333333,196,False,True
1f1bb1f0859883505541bdd6606193e5,2124,sao paulo,SP,29,27,24,2,16040.84,522.03,27,27,2017-04-05 21:01:30,2018-07-29 20:22:09,4.333333333333333,27,3,-10.925925925925926,13.555555555555555,1.0740740740740742,594.1051851851852,19.334444444444443,2,0.1111111111111111,0.07407407407407407,479,False,True
4200ddf1967c5e41e48db62bc6d4b5ac,9710,sao bernardo do campo,SP,42,22,25,1,734.8,487.93,22,21,2017-08-20 19:18:04,2018-04-18 14:22:18,4.2631578947368425,19,1,-11.181818181818182,9.772727272727273,1.9090909090909092,33.4,22.178636363636365,2,0.045454545454545456,0.09090909090909091,240,False,True
ed9eef5be0992d413d251fadba1a410d,13845,mogi guacu,SP,9,3,5,1,404.09999999999997,143.24,3,3,2017-01-26 00:20:23,2017-03-17 10:30:06,4.666666666666667,3,0,-22.0,10.0,3.0,134.7,47.74666666666667,0,0.0,0.0,50,False,True
139157dd4daa45c25b0807ffff348363,3064,sao paulo,SP,1,1,1,1,29.9,7.78,1,1,2017-08-31 11:09:42,2017-08-31 11:09:42,4.0,1,0,-13.0,1.0,1.0,29.9,7.78,0,0.0,0.0,0,False,True
c1849d4d32d7a6cecd5aa471809d3135,9070,santo andre,SP,3,3,3,2,388.98,41.730000000000004,3,3,2018-08-04 12:56:08,2018-08-26 22:41:03,4.333333333333333,3,0,-2.6666666666666665,5.0,1.0,129.66,13.910000000000002,0,0.0,0.0,22,False,True
64b87978a11c1ea7501a89eabe8c2c1a,19300,presidente bernardes,SP,7,7,2,1,489.92999999999995,101.9,7,7,2017-01-26 22:52:01,2017-02-09 11:41:40,2.0,7,0,,,1.0,69.99,14.557142857142859,5,0.0,0.7142857142857143,13,True,True
33ab10be054370c254ddfcf0a6253422,22790,rio de janeiro,RJ,4,4,2,1,213.2,52.33,4,4,2018-06-22 16:04:28,2018-08-28 11:51:45,5.0,4,0,-9.0,5.5,1.0,53.3,13.0825,0,0.0,0.0,66,False,True
bff9deb0ec77d437f3305a79cf25529e,13481,limeira,SP,5,5,1,1,161.95,80.78999999999999,5,5,2018-06-23 07:13:25,2018-08-16 22:31:19,4.0,5,0,-13.2,6.8,1.0,32.39,16.157999999999998,1,0.0,0.2,54,False,True
3fefda3299e6dfaea3466ef346a3571a,82620,curitiba,PR,1,1,1,1,209.0,16.21,1,1,2017-08-11 10:15:22,2017-08-11 10:15:22,4.0,1,0,-18.0,6.0,1.0,209.0,16.21,0,0.0,0.0,0,False,True
236585a4ddb5fea9fa40233e2249ed91,95088,caxias do sul,RS,11,11,3,2,649.53,188.14,11,11,2017-11-05 15:36:10,2018-08-09 23:21:52,4.090909090909091,11,1,-13.181818181818182,12.636363636363637,1.0,59.04818181818182,17.10363636363636,1,0.09090909090909091,0.09090909090909091,277,False,True
499ec63c58e51296c9cf57edcfe1c8a8,2918,sao paulo,SP,5,5,1,1,365.0,47.93,5,5,2018-04-11 16:15:39,2018-06-03 19:20:42,4.8,5,0,-12.6,4.8,1.0,73.0,9.586,0,0.0,0.0,53,False,True
6f83d9e4da896daae20b9b6b2d3ff8d2,84925,pinhalao,PR,11,11,5,1,765.19,219.85,11,11,2018-03-22 10:15:19,2018-07-31 17:24:44,4.363636363636363,11,0,-15.090909090909092,14.636363636363637,1.0,69.56272727272727,19.986363636363635,1,0.0,0.09090909090909091,131,False,True
35ef5aa32949680f627efec3c23e705c,88960,sombrio,SC,5,4,3,1,361.59999999999997,156.81,4,4,2017-03-28 09:06:23,2017-07-11 20:54:38,3.75,4,0,-16.5,10.25,1.25,90.39999999999999,39.2025,1,0.0,0.25,105,False,True
403aa86912527d730337ffcb0fb096ab,30220,belo horizonte,MG,11,11,6,6,8959.89,204.62,11,11,2017-01-30 13:13:59,2017-11-15 14:31:58,4.0,10,0,-12.0,10.636363636363637,1.0,814.5354545454545,18.60181818181818,1,0.0,0.09090909090909091,289,False,True
ec8463980a4e0ea9f8517aea1ed0c419,88010,florianopolis,SC,8,2,1,1,239.2,118.75999999999999,2,2,2018-07-16 16:35:30,2018-07-16 22:36:53,5.0,2,1,-3.0,10.5,4.0,119.6,59.379999999999995,0,0.5,0.0,0,False,True
c847e075301870dd144a116762eaff9a,38022,uberaba,MG,43,42,5,4,15348.7,1112.08,42,42,2017-02-15 12:18:51,2018-01-10 11:38:12,4.170731707317073,41,3,-10.24390243902439,16.390243902439025,1.0238095238095237,365.4452380952381,26.478095238095236,6,0.07142857142857142,0.14285714285714285,328,False,True
6c77cd583b36a13aacccf2b3ee23e233,17505,marilia,SP,1,1,1,1,18.9,12.79,1,1,2018-08-23 21:45:16,2018-08-23 21:45:16,5.0,1,0,-12.0,6.0,1.0,18.9,12.79,0,0.0,0.0,0,False,True
5ef131ac72773e5b3f6c0d63cf424657,14075,ribeirao preto,SP,11,10,8,1,575.79,246.2,10,10,2018-07-03 22:53:10,2018-08-25 16:48:02,4.1,10,0,-10.6,5.5,1.1,57.57899999999999,24.619999999999997,2,0.0,0.2,52,False,True
6cf476a4ca74498db55cbccdaa9dcfb6,2873,sao paulo,SP,7,6,5,2,939.9300000000001,185.57,6,6,2016-10-06 08:28:19,2017-05-31 19:02:28,3.0,6,1,-5.0,34.0,1.1666666666666667,156.655,30.92833333333333,3,0.16666666666666666,0.5,237,False,True
c447f8dd3ed213f291d65ef074a268eb,19802,assis,SP,8,7,4,2,655.0,122.22999999999999,7,7,2017-02-06 00:25:15,2017-06-19 02:03:15,3.7142857142857144,7,0,-17.428571428571427,10.428571428571429,1.1428571428571428,93.57142857142857,17.46142857142857,2,0.0,0.2857142857142857,133,False,True
4736e9d642ef4257cd7622516931eb51,13424,piracicaba,SP,20,16,12,4,1078.8700000000001,370.90000000000003,16,16,2017-11-16 15:50:27,2018-08-25 17:37:28,4.125,16,0,-14.5,4.375,1.25,67.42937500000001,23.181250000000002,2,0.0,0.125,282,False,True
a5cba26a62b8b4d0145b68b841e62e7f,87303,campo mourao,PR,55,54,18,3,14737.84,1382.82,54,54,2017-07-22 10:44:10,2018-08-20 17:09:20,4.518518518518518,54,1,-14.81132075471698,12.773584905660377,1.0185185185185186,272.92296296296297,25.607777777777777,3,0.018518518518518517,0.05555555555555555,394,False,True
a1bea9970d8f65b240555f99c2214f7f,83323,pinhais,PR,1,1,1,1,75.0,27.48,1,1,2018-07-23 16:24:27,2018-07-23 16:24:27,3.0,1,0,-13.0,9.0,1.0,75.0,27.48,0,0.0,0.0,0,False,True
1025f0e2d44d7041d6cf58b6550e0bfa,3204,sao paulo,SP,1428,915,154,4,138968.55,33892.14,915,899,2017-07-09 11:15:16,2018-08-26 09:22:44,3.990077177508269,907,72,-10.9,11.924175824175824,1.560655737704918,151.87819672131147,37.040590163934425,158,0.07868852459016394,0.1726775956284153,412,False,True
a5dd1946fb63ada8bcaa0c9cd8f11e22,55002,caruaru,PE,7,6,6,2,219.62,206.71,6,6,2017-09-08 14:15:39,2018-03-11 11:11:51,3.8333333333333335,6,0,-10.5,16.666666666666668,1.1666666666666667,36.60333333333333,34.45166666666667,1,0.0,0.16666666666666666,183,False,True
c5f7feb04a6a1fb3596322bfc3cf1917,9571,sao caetano do sul,SP,11,11,10,1,1720.6,337.86,11,11,2018-06-14 16:20:35,2018-08-17 09:07:53,4.2727272727272725,11,1,-8.636363636363637,9.545454545454545,1.0,156.4181818181818,30.714545454545455,2,0.09090909090909091,0.18181818181818182,63,False,True
c3e1abd72a42fe690fcd89cf5720fe29,13840,mogi guacu,SP,13,13,5,1,1798.61,168.97,13,13,2018-05-22 19:45:11,2018-08-13 13:36:58,4.461538461538462,13,0,-11.384615384615385,3.923076923076923,1.0,138.35461538461539,12.997692307692308,1,0.0,0.07692307692307693,82,False,True
891071be6ba827b591264c90c2ae8a63,3872,sao paulo,SP,98,92,31,10,4177.28,1277.07,92,92,2017-01-24 21:16:24,2018-08-23 11:37:30,3.7717391304347827,92,12,-11.352941176470589,13.2,1.065217391304348,45.40521739130435,13.881195652173913,23,0.13043478260869565,0.25,575,False,True
491a5ada3aa1678414e990262c4bbdc1,4208,sao paulo,SP,2,2,1,1,2840.0,33.81,2,2,2017-03-06 20:51:57,2017-04-05 09:55:00,3.0,2,0,-12.0,6.0,1.0,1420.0,16.905,1,0.0,0.5,29,False,True
84deb808079d1be601c209c1e771b1cc,81200,curitiba,PR,2,2,2,1,34.93,23.21,2,2,2017-09-05 11:07:37,2017-11-27 21:29:49,5.0,2,0,-11.5,7.0,1.0,17.465,11.605,0,0.0,0.0,83,False,True
dd58ee93286b0821565574c570e9e1dc,81650,curitiba,PR,2,2,2,1,2948.0,75.31,2,2,2017-01-30 17:05:18,2017-05-06 15:22:18,5.0,2,0,-14.0,11.5,1.0,1474.0,37.655,0,0.0,0.0,95,False,True
9558aa23f77a9e0a0eca83540999f43b,86801,apucarana,PR,2,2,2,1,125.7,29.88,2,2,2017-05-02 11:31:55,2017-05-22 13:41:03,3.0,2,0,-2.0,20.0,1.0,62.85,14.94,1,0.0,0.5,20,False,True
3c4e0452bff7a2a788179488d3d77032,83408,colombo,PR,36,32,10,2,3746.4,606.12,32,32,2017-12-05 10:08:56,2018-03-23 17:33:12,3.838709677419355,31,1,-15.40625,13.40625,1.125,117.075,18.94125,6,0.03125,0.1875,108,False,True
ca5832c6960267b71041f74bb39e8b12,89820,xanxere,SC,1,1,1,1,79.9,17.81,1,1,2017-06-19 17:11:51,2017-06-19 17:11:51,1.0,1,1,14.0,45.0,1.0,79.9,17.81,1,1.0,1.0,0,True,True
668bf321538e5072858eaef6087ce027,83323,pinhais,PR,1,1,1,1,19.9,8.11,1,1,2018-02-26 09:47:55,2018-02-26 09:47:55,5.0,1,0,-10.0,4.0,1.0,19.9,8.11,0,0.0,0.0,0,False,True
01266d4c46afa519678d16a8b683d325,80250,curitiba,PR,3,3,3,1,90.25,47.230000000000004,3,3,2018-08-02 16:07:38,2018-08-20 19:14:26,5.0,3,0,-9.333333333333334,5.333333333333333,1.0,30.083333333333332,15.743333333333334,0,0.0,0.0,18,False,True
6c99c983ce3b6ba0ab813e6790e81691,38400,uberlandia,MG,9,9,5,2,546.75,205.76,9,9,2018-05-31 22:54:21,2018-08-07 11:15:11,3.7777777777777777,9,0,-15.777777777777779,5.555555555555555,1.0,60.75,22.862222222222222,2,0.0,0.2222222222222222,67,False,True
6aa3928696eab49a19a466e665a649fd,26285,nova iguacu,RJ,22,18,12,1,2075.0,335.68,18,17,2018-03-10 12:41:26,2018-08-17 22:23:06,4.611111111111111,18,1,-14.333333333333334,8.38888888888889,1.2222222222222223,115.27777777777777,18.64888888888889,1,0.05555555555555555,0.05555555555555555,160,False,True
7d81e74a4755b552267cd5e081563028,4735,sao paulo,SP,1,1,1,1,32.5,7.49,1,1,2018-08-20 13:31:30,2018-08-20 13:31:30,4.0,1,0,-6.0,2.0,1.0,32.5,7.49,0,0.0,0.0,0,False,True
f8d5c7085db9a4ad2b8c1ffbeb2798c8,4104,sao paulo,SP,6,6,5,1,263.0,100.41,6,6,2017-03-30 11:59:33,2018-02-05 19:51:29,5.0,6,0,-16.0,12.166666666666666,1.0,43.833333333333336,16.735,0,0.0,0.0,312,False,True
7586919161935337bf6b6d7ff5779648,21921,rio de janeiro,RJ,18,11,8,2,1664.71,330.22,11,11,2017-06-30 09:06:16,2018-03-20 11:03:07,3.8181818181818183,11,2,-5.545454545454546,17.09090909090909,1.6363636363636365,151.33727272727273,30.019999999999996,3,0.18181818181818182,0.2727272727272727,263,False,True
47f55702f598c7c6cc8458b0fbc1c49a,36213,dores de campos,MG,2,2,2,0,127.5,35.9,2,2,2017-09-15 09:57:51,2017-10-30 10:46:44,5.0,1,0,-11.0,17.0,1.0,63.75,17.95,0,0.0,0.0,45,False,True
50a7e551a7b3f8d37cd6e32d8bfbe5ea,9520,sao caetano do sul,SP,1,1,1,1,140.0,27.96,1,1,2018-07-24 22:15:53,2018-07-24 22:15:53,5.0,1,0,-4.0,12.0,1.0,140.0,27.96,0,0.0,0.0,0,False,True
ea1776927851da2532aa70d6a32c095a,8223,sao paulo,SP,3,3,3,2,318.8,53.519999999999996,3,3,2018-07-17 20:51:27,2018-08-05 22:27:23,2.6666666666666665,3,0,-9.0,8.5,1.0,106.26666666666667,17.84,2,0.0,0.6666666666666666,19,False,True
827f8f69dfa529c561901c4f2e0f332f,81880,curitiba,PR,104,91,60,7,3408.39,1595.57,91,91,2016-10-07 14:15:50,2018-03-19 13:16:50,4.280898876404494,89,6,-10.340659340659341,13.208791208791208,1.1428571428571428,37.45483516483517,17.533736263736262,10,0.06593406593406594,0.10989010989010989,527,False,True
60ad151920c4f6f3ebbe8cfdf6166779,6322,carapicuiba,SP,2,2,1,1,130.0,20.67,2,2,2017-05-09 12:57:11,2017-05-13 20:06:13,1.0,2,0,,,1.0,65.0,10.335,2,0.0,1.0,4,True,True
59fb871bf6f4522a87ba567b42dafecf,3655,sao paulo,SP,128,126,23,6,21708.57,2046.19,126,126,2016-10-06 10:13:53,2018-04-11 23:34:10,4.232,125,7,-14.601626016260163,11.487804878048781,1.0158730158730158,172.2902380952381,16.239603174603175,11,0.05555555555555555,0.0873015873015873,552,False,True
fa74b2f3287d296e9fbd2cc80f2d1cf1,19023,presidente prudente,SP,11,11,5,1,2459.89,175.79000000000002,11,11,2017-07-20 16:59:53,2017-12-26 15:47:25,2.3636363636363638,11,2,-5.6,30.0,1.0,223.62636363636364,15.980909090909092,7,0.18181818181818182,0.6363636363636364,158,False,True
52454f90d4c30c016768db02f88c1a74,13091,campinas,SP,5,3,4,1,80.5,67.17,3,3,2018-05-14 21:28:52,2018-07-13 14:38:35,3.6666666666666665,3,0,-8.333333333333334,12.333333333333334,1.6666666666666667,26.833333333333332,22.39,1,0.0,0.3333333333333333,59,False,True
a1043bafd471dff536d0c462352beb48,37175,ilicinea,MG,770,718,6,3,101901.16,31844.09,718,714,2017-02-14 10:44:33,2018-08-25 11:01:56,4.222377622377622,715,35,-12.433048433048434,13.183760683760683,1.0724233983286908,141.92362116991643,44.351100278551534,78,0.04874651810584958,0.10863509749303621,557,False,True
3338e7a0710a195872be80e0d2423867,13403,piracicaba,SP,1,1,1,1,45.0,20.43,1,1,2017-04-08 01:34:18,2017-04-08 01:34:18,1.0,1,0,,,1.0,45.0,20.43,1,0.0,1.0,0,True,True
8378eb36b6b70c5734e83ad7b8cdc3b7,88301,itajai,SC,13,7,3,2,1714.8,241.87,7,7,2017-12-20 10:19:57,2018-07-02 21:10:53,3.857142857142857,7,1,-13.285714285714286,16.285714285714285,1.8571428571428572,244.97142857142856,34.55285714285714,2,0.14285714285714285,0.2857142857142857,194,False,True
f7df46c1e0ec44eed5c6726478da4a17,93336,novo hamburgo,RS,3,3,2,1,429.70000000000005,57.739999999999995,3,3,2017-06-17 22:46:24,2017-07-05 23:56:40,1.0,3,0,,,1.0,143.23333333333335,19.246666666666666,3,0.0,1.0,18,True,True
3fac58ce0ad699020c7944d53c41329c,3480,sao paulo,SP,16,10,13,2,1244.95,183.02,10,10,2018-05-31 13:16:15,2018-08-20 22:29:55,4.4,10,0,-7.3,4.3,1.6,124.495,18.302,1,0.0,0.1,81,False,True
debe6615cd90cc0c2eac2b8988e1f628,4282,sao paulo,SP,5,5,3,2,278.5,95.53,5,5,2017-01-28 23:09:31,2017-03-20 19:58:27,4.6,5,0,-14.0,11.2,1.0,55.7,19.106,0,0.0,0.0,50,False,True
baa49d93c8c8841e27400a300f5d74b2,88113,sao jose,SC,6,6,3,1,246.39999999999998,88.02,6,5,2017-05-03 13:31:27,2017-06-05 12:57:58,4.5,6,0,-9.833333333333334,12.0,1.0,41.06666666666666,14.67,0,0.0,0.0,32,False,True
5ca5d579b5857ee8709479b1047cecc3,4176,sao paulo,SP,2,2,2,1,339.89,23.990000000000002,2,2,2018-01-13 17:32:09,2018-03-22 22:43:50,1.0,2,1,5.0,17.0,1.0,169.945,11.995000000000001,2,0.5,1.0,68,True,True
3b872fd4747f01cc56206f2934198618,14940,ibitinga,SP,27,25,13,1,2726.7400000000002,1116.37,25,25,2017-11-27 16:23:47,2018-08-21 14:08:51,3.88,25,4,-9.48,14.08,1.08,109.06960000000001,44.654799999999994,4,0.16,0.16,266,False,True
a4fc6eadaff1576af888509a53420f6a,9561,sao caetano do sul,SP,1,1,1,1,100.86,20.76,1,1,2018-05-22 18:15:54,2018-05-22 18:15:54,3.0,1,0,-6.0,28.0,1.0,100.86,20.76,0,0.0,0.0,0,False,True
7402d13c03a7e91366337cd1de471144,86181,cambe,PR,4,4,2,2,528.38,131.19,4,4,2017-09-19 16:56:43,2018-08-17 11:18:22,3.5,4,0,-11.0,9.333333333333334,1.0,132.095,32.7975,1,0.0,0.25,331,False,True
6e4a902d1054e4e17aa6eab87fac1c75,18090,sorocaba,SP,8,7,4,3,586.57,109.13,7,6,2018-08-06 23:49:14,2018-08-21 21:15:52,4.142857142857143,7,1,-5.571428571428571,6.142857142857143,1.1428571428571428,83.7957142857143,15.59,1,0.14285714285714285,0.14285714285714285,14,False,True
ff82e8873fba613f2261a9acc896fd84,35900,itabira,MG,4,4,3,2,124.6,58.93,4,4,2017-12-06 12:41:52,2018-02-16 19:30:29,3.5,4,0,-15.25,9.25,1.0,31.15,14.7325,1,0.0,0.25,72,False,True
92eb0f42c21942b6552362b9b114707d,3504,sao paulo,SP,365,341,52,3,6548.63,4944.04,341,339,2017-02-05 18:47:13,2018-08-22 15:57:59,3.9911242603550297,338,16,-10.2874251497006,13.191616766467066,1.0703812316715542,19.204193548387096,14.498651026392961,51,0.0469208211143695,0.1495601173020528,562,False,True
f125f3a310c2e5f822d116147de1e474,3068,sao paulo,SP,22,16,4,2,2761.4,287.89,16,16,2018-01-15 19:59:47,2018-08-20 16:19:23,4.1875,16,2,-8.0625,11.625,1.375,172.5875,17.993125,1,0.125,0.0625,216,False,True
72146da5774cabf2632faedcae097a76,85960,marechal candido rondon,PR,6,4,4,2,200.94,110.49,4,4,2018-02-06 12:10:35,2018-05-10 17:04:17,4.0,4,1,4.0,35.5,1.5,50.235,27.6225,1,0.25,0.25,93,False,True
b9c0ffa92f3ff9a5a3d45ef7213c0842,8246,sao paulo,SP,3,3,2,2,490.0,82.17,3,3,2017-09-17 06:44:58,2017-12-14 20:24:06,5.0,3,0,-11.666666666666666,20.666666666666668,1.0,163.33333333333334,27.39,0,0.0,0.0,88,False,True
1d139e3a3b14025640d8df1b230aace0,14860,barrinha,SP,2,2,2,1,36.49,34.69,2,2,2017-09-13 12:24:18,2017-11-19 18:41:04,3.5,2,0,-20.5,7.5,1.0,18.245,17.345,0,0.0,0.0,67,False,True
883dd81e82754ac2c65e9790a7db8c9a,81070,curitiba,PR,5,5,4,2,319.5,74.96000000000001,5,5,2017-10-23 19:51:15,2018-06-23 19:04:41,4.4,5,0,-18.8,6.6,1.0,63.9,14.992,1,0.0,0.2,242,False,True
09883d9ab71c8fe8a9bfc7fc3075b07e,8180,sao paulo,SP,5,5,5,1,329.5,76.67,5,5,2017-04-25 17:46:45,2017-11-24 10:37:12,3.4,5,1,-5.25,14.0,1.0,65.9,15.334,2,0.2,0.4,212,False,True
2f1e7b90e01d9f086cbcb301c0c3d406,89022,blumenau,SC,1,1,1,1,59.0,12.66,1,1,2017-11-27 23:03:26,2017-11-27 23:03:26,5.0,1,0,-10.0,7.0,1.0,59.0,12.66,0,0.0,0.0,0,False,True
6bbcb8924baf70b7fe2fe2097e8cd407,89031,blumenau,SC,11,10,7,2,2382.5,264.33,10,10,2017-11-13 12:19:18,2018-08-09 20:07:20,4.5,10,0,-18.1,11.6,1.1,238.25,26.433,1,0.0,0.1,269,False,True
8e4f041ff58e7845456d3482524014b3,90250,porto alegre,RS,2,2,2,1,133.8,48.59,2,2,2018-02-06 16:04:20,2018-03-03 19:36:34,3.0,2,1,-8.5,23.5,1.0,66.9,24.295,1,0.5,0.5,25,False,True
0ec28cec4046a4a199b6de9b4c891d97,74110,goiania,GO,4,3,2,1,296.6,56.04,3,3,2018-04-22 15:59:19,2018-05-17 14:47:11,5.0,3,0,-6.666666666666667,10.333333333333334,1.3333333333333333,98.86666666666667,18.68,0,0.0,0.0,24,False,True
5debea795b07621e1f90532e18f96145,86800,apucarana,PR,33,25,22,2,1883.78,504.35,25,25,2017-10-21 11:29:06,2018-08-15 07:41:09,4.36,25,0,-18.68,9.84,1.32,75.3512,20.174,2,0.0,0.08,297,False,True
2709af9587499e95e803a6498a5a56e9,3813,sao paulo,SP,47,26,15,2,1279.56,579.46,26,26,2017-02-15 22:32:29,2018-08-26 19:01:18,3.84,25,3,-10.12,10.44,1.8076923076923077,49.21384615384615,22.286923076923078,6,0.11538461538461539,0.23076923076923078,556,False,True
bd43e172d599bed47a85da877172ca8c,89280,sao bento do sul,SC,1,1,1,1,23.92,18.27,1,1,2018-07-17 23:29:45,2018-07-17 23:29:45,5.0,1,0,-8.0,12.0,1.0,23.92,18.27,0,0.0,0.0,0,False,True
725c32fa80c2faacc4fc88450d27314e,3320,sao paulo,SP,93,89,36,2,7838.88,1327.78,89,88,2017-01-17 12:42:06,2018-08-12 09:20:39,4.517241379310345,87,1,-12.337078651685394,9.03370786516854,1.0449438202247192,88.07730337078652,14.918876404494382,2,0.011235955056179775,0.02247191011235955,571,False,True
850913d59ce317156b00f3705f1c3edb,12942,atibaia,SP,34,32,9,2,2690.0,580.96,32,32,2018-03-07 12:24:36,2018-07-27 16:20:49,3.4375,32,5,-6.862068965517241,13.137931034482758,1.0625,84.0625,18.155,11,0.15625,0.34375,142,False,True
7354220fb240bde543b3c40c060d41e7,71215,brasilia,DF,7,7,6,3,672.0,165.13,7,7,2018-01-04 13:40:05,2018-07-25 04:34:42,4.571428571428571,7,0,-15.714285714285714,10.714285714285714,1.0,96.0,23.59,0,0.0,0.0,201,False,True
e8b3a3a38279a82f0e5d006d5e5b7d2c,87230,jussara,PR,92,87,52,6,13154.7,1761.69,87,87,2017-10-10 01:06:52,2018-03-05 15:23:25,3.793103448275862,87,3,-18.6,16.9,1.0574712643678161,151.2034482758621,20.249310344827588,19,0.034482758620689655,0.21839080459770116,146,False,True
b17b679f4f5ce2e03ce6968c62648246,14090,ribeirao preto,SP,57,55,36,2,4084.75,1076.07,55,55,2016-10-05 09:19:46,2018-05-14 12:37:29,3.709090909090909,55,8,-11.42,18.72,1.0363636363636364,74.26818181818182,19.56490909090909,13,0.14545454545454545,0.23636363636363636,586,False,True
43a1d4bab73b816e44ef4e4facd9f9b5,87050,maringa,PR,1,1,1,1,189.9,15.5,1,1,2017-02-20 16:17:04,2017-02-20 16:17:04,4.0,1,0,-21.0,9.0,1.0,189.9,15.5,0,0.0,0.0,0,False,True
dd264199fc8b687ad029de7de6d760e6,85815,cascavel,PR,1,1,1,1,87.9,20.7,1,1,2017-01-19 11:47:55,2017-01-19 11:47:55,5.0,1,0,-11.0,18.0,1.0,87.9,20.7,0,0.0,0.0,0,False,True
67225bff54a172ff67579aaf583efd78,85960,marechal candido rondon,PA,8,8,7,1,1238.0,155.10999999999999,8,7,2017-09-15 10:34:54,2018-02-03 19:28:45,4.5,8,0,-11.375,13.125,1.0,154.75,19.388749999999998,0,0.0,0.0,141,False,True
baeda7047354773262ba2405f97038ba,13471,americana,SP,1,1,1,1,35.0,15.1,1,1,2017-09-30 07:55:03,2017-09-30 07:55:03,5.0,1,0,-9.0,23.0,1.0,35.0,15.1,0,0.0,0.0,0,False,True
167fd940acebc789debd6eb418c46e38,14405,franca,SP,5,5,3,1,1077.58,100.9,5,5,2017-11-30 18:26:24,2018-06-04 20:13:34,3.0,5,1,-8.8,15.0,1.0,215.516,20.18,2,0.2,0.4,186,False,True
4ef4c39cf3c24f326434cf0b2e48046a,5004,sao paulo,SP,9,8,2,1,891.0,126.17,8,8,2018-01-18 19:22:23,2018-08-23 09:53:04,3.375,8,1,-5.714285714285714,13.0,1.125,111.375,15.77125,3,0.125,0.375,216,False,True
ce616e1913288884e7742faac9d981db,6711,cotia,SP,24,15,9,1,365.1,274.93,15,15,2018-05-19 20:17:34,2018-08-21 19:13:36,4.466666666666667,15,1,-12.428571428571429,6.285714285714286,1.6,24.34,18.328666666666667,0,0.06666666666666667,0.0,93,False,True
a1474fd46fd3430168f7ec202da39408,83321,pinhais,SP,14,12,8,3,2752.5,661.02,12,12,2017-02-21 17:37:06,2017-10-22 11:25:09,4.333333333333333,12,2,-12.666666666666666,17.333333333333332,1.1666666666666667,229.375,55.085,1,0.16666666666666666,0.08333333333333333,242,False,True
1b61fb1f0f2185d89e9a126c498e9cc7,87015,maringa,PR,1,1,1,1,49.7,16.11,1,1,2017-06-23 07:15:39,2017-06-23 07:15:39,5.0,1,0,-14.0,11.0,1.0,49.7,16.11,0,0.0,0.0,0,False,True
2ff6b7bff164ef05590a52734e1296da,86060,londrina,PR,7,7,6,4,1803.59,151.53,7,7,2017-11-01 21:31:57,2018-05-11 09:30:22,4.714285714285714,7,0,-15.142857142857142,11.285714285714286,1.0,257.6557142857143,21.647142857142857,0,0.0,0.0,190,False,True
e4253cef933647000a82ff39c67b7bde,5856,sao paulo,SP,2,2,2,1,68.0,40.73,2,2,2017-05-07 22:55:53,2017-05-20 19:09:21,2.0,2,0,,,1.0,34.0,20.365,1,0.0,0.5,12,True,True
3a3c180dd702a725bd0ba4117689239e,84600,uniao da vitoria,PR,1,1,1,1,41.9,35.48,1,1,2018-05-04 20:19:38,2018-05-04 20:19:38,4.0,1,0,-7.0,13.0,1.0,41.9,35.48,0,0.0,0.0,0,False,True
bce6a5ecf98e99fd2a8868b15c51f04b,7180,guarulhos,SP,15,14,3,1,3464.9,241.60000000000002,14,14,2018-06-02 10:10:55,2018-08-22 10:51:09,4.071428571428571,14,2,-8.642857142857142,11.285714285714286,1.0714285714285714,247.49285714285716,17.25714285714286,3,0.14285714285714285,0.21428571428571427,81,False,True
ea65d8b58316a6f2362f2a9e4b3e86ad,13030,campinas,SP,16,9,8,6,2061.4,230.82,9,9,2018-03-01 16:43:57,2018-08-25 12:13:10,4.0,9,0,-8.333333333333334,8.0,1.7777777777777777,229.04444444444445,25.646666666666665,2,0.0,0.2222222222222222,176,False,True
686886775c8f6b1191c7b953fb52708c,13920,pedreira,SP,1,1,1,1,189.0,13.62,1,1,2018-06-26 05:48:19,2018-06-26 05:48:19,5.0,1,0,-14.0,3.0,1.0,189.0,13.62,0,0.0,0.0,0,False,True
0a85ebe4e328db81ac9109781205e2f7,13205,jundiai,SP,12,12,8,2,667.9,137.75,12,12,2018-05-11 10:18:31,2018-08-24 15:40:41,4.583333333333333,12,1,-8.416666666666666,4.75,1.0,55.65833333333333,11.479166666666666,0,0.08333333333333333,0.0,105,False,True
1660ad786c27fd935378b6192a90b417,9891,sao bernardo do campo,SP,13,12,9,1,1570.0,248.28,12,10,2017-08-17 10:06:55,2018-07-22 17:19:08,4.583333333333333,12,1,-11.0,8.583333333333334,1.0833333333333333,130.83333333333334,20.69,1,0.08333333333333333,0.08333333333333333,339,False,True
0db783cfcd3b73998abc6e10e59a102f,11010,santos,SP,137,132,14,5,9077.4,1999.1499999999999,132,132,2016-10-08 20:02:32,2018-04-07 15:24:30,4.206106870229007,131,5,-13.098484848484848,11.151515151515152,1.0378787878787878,68.76818181818182,15.145075757575759,17,0.03787878787878788,0.12878787878787878,545,False,True
52f9db5cfb423382a2fa5c9e39303202,19830,echapora,SP,23,22,7,4,1269.77,358.77,22,22,2017-11-06 20:40:57,2018-08-02 16:45:33,4.136363636363637,22,0,-14.952380952380953,9.80952380952381,1.0454545454545454,57.716818181818184,16.307727272727274,3,0.0,0.13636363636363635,268,False,True
f307937c1bb287c3efc2a514b94b0d1d,38183,araxa,MG,1,1,1,1,189.99,26.61,1,1,2017-06-03 23:46:04,2017-06-03 23:46:04,5.0,1,0,-20.0,12.0,1.0,189.99,26.61,0,0.0,0.0,0,False,True
e88f7a2995ba184710d339c5c4bf2e30,15505,votuporanga,SP,2,2,1,1,251.6,35.91,2,2,2018-03-08 12:54:55,2018-04-26 10:43:55,5.0,2,0,-13.0,10.5,1.0,125.8,17.955,0,0.0,0.0,48,False,True
b76a1f8356322f12529c37b67d5c96c2,11015,santos,SP,5,5,5,4,298.5,56.39,5,5,2017-12-19 19:01:13,2018-02-19 15:11:22,4.8,5,0,-11.2,7.0,1.0,59.7,11.278,0,0.0,0.0,61,False,True
4aba6a02a788d3ec81c03137144d9a80,89460,canoinhas,SC,1,1,1,1,89.9,15.38,1,1,2018-01-16 14:09:55,2018-01-16 14:09:55,5.0,1,0,-11.0,13.0,1.0,89.9,15.38,0,0.0,0.0,0,False,True
9449f25aeaf531019b76999ea49a6949,21040,rio de janeiro,RJ,10,10,9,1,2046.45,179.39,10,10,2017-06-08 22:00:07,2018-04-18 09:23:18,4.0,10,2,-7.555555555555555,13.11111111111111,1.0,204.645,17.939,2,0.2,0.2,313,False,True
431af27f296bc6519d890aa5a05fdb11,14110,ribeirao preto,SP,125,117,20,1,13109.5,2141.35,117,117,2017-04-26 18:11:15,2018-07-31 18:46:13,3.7758620689655173,116,16,-7.25,16.79310344827586,1.0683760683760684,112.04700854700855,18.30213675213675,28,0.13675213675213677,0.23931623931623933,461,False,True
53088c75f948b48a7ece173ac17f0c12,95840,triunfo,RS,3,3,2,2,261.70000000000005,54.53,3,3,2018-05-22 21:45:29,2018-08-07 17:16:46,5.0,3,0,-13.666666666666666,10.666666666666666,1.0,87.23333333333335,18.176666666666666,0,0.0,0.0,76,False,True
0f80a40c312b2472dca482cf50f5186f,18681,lencois paulista,SP,1,1,1,1,129.9,20.1,1,1,2018-08-22 11:12:30,2018-08-22 11:12:30,3.0,1,0,-17.0,5.0,1.0,129.9,20.1,0,0.0,0.0,0,False,True
544863df86ed3b78a04e0820d41430ee,29166,serra,ES,1,1,1,1,23.9,15.27,1,1,2018-07-02 10:21:35,2018-07-02 10:21:35,5.0,1,0,-18.0,5.0,1.0,23.9,15.27,0,0.0,0.0,0,False,True
78ef7e885d17f35e2382a47aae8b8cce,96816,santa cruz do sul,RS,3,3,3,1,388.0,65.44,3,3,2017-02-15 15:54:35,2017-07-28 10:05:46,4.666666666666667,3,0,-20.0,8.333333333333334,1.0,129.33333333333334,21.813333333333333,0,0.0,0.0,162,False,True
0be8ff43f22e456b4e0371b2245e4d01,4461,sao paulo,SP,180,161,121,13,11805.5,2579.15,161,160,2017-05-09 10:57:58,2018-08-29 10:22:35,3.950310559006211,161,10,-11.737179487179487,9.916666666666666,1.1180124223602483,73.32608695652173,16.019565217391303,31,0.062111801242236024,0.19254658385093168,476,False,True
1835b56ce799e6a4dc4eddc053f04066,14940,ibitinga,SP,558,423,147,2,33344.21,8741.95,423,421,2017-09-05 23:06:45,2018-08-25 16:36:58,3.630952380952381,420,43,-10.33093525179856,12.784172661870503,1.3191489361702127,78.8279196217494,20.666548463356975,104,0.1016548463356974,0.2458628841607565,353,False,True
2e13c71026e1a39ba5cc1b86dcb679aa,2265,sao paulo,SP,28,24,9,1,3793.0,517.21,24,24,2017-12-27 17:38:31,2018-08-23 17:29:25,4.375,24,1,-13.083333333333334,9.916666666666666,1.1666666666666667,158.04166666666666,21.550416666666667,3,0.041666666666666664,0.125,238,False,True
0af2ab31141893d26aca5a404a537dab,3431,sao paulo,SP,1,1,1,1,59.0,15.51,1,1,2018-08-23 22:37:44,2018-08-23 22:37:44,5.0,1,0,-6.0,5.0,1.0,59.0,15.51,0,0.0,0.0,0,False,True
13d058e4eeac2ce8217660b2f8a05812,6080,osasco,SP,23,23,3,1,3829.77,926.11,23,23,2017-05-11 18:25:16,2018-07-20 20:25:35,4.217391304347826,23,2,-10.272727272727273,10.818181818181818,1.0,166.5117391304348,40.26565217391305,3,0.08695652173913043,0.13043478260869565,435,False,True
e00d85ce20ea50c1224c66ca5050527d,6286,osasco,SP,1,1,1,1,149.0,8.3,1,1,2017-07-13 11:24:43,2017-07-13 11:24:43,4.0,1,0,-11.0,2.0,1.0,149.0,8.3,0,0.0,0.0,0,False,True
e48b04bf1aa1ef711caebeb7aede6180,80240,curitiba,PR,25,25,5,2,3187.1000000000004,645.63,25,25,2017-01-26 18:33:10,2018-07-31 16:16:19,4.48,25,0,-15.64,10.12,1.0,127.48400000000001,25.8252,2,0.0,0.08,550,False,True
f67efa3f0b6761102a7f8c6b7b571f5d,82300,curitiba,PR,32,31,9,4,5188.68,841.49,31,31,2016-10-04 18:02:37,2018-04-09 10:47:49,4.483870967741935,31,0,-18.29032258064516,9.32258064516129,1.032258064516129,167.37677419354839,27.14483870967742,2,0.0,0.06451612903225806,551,False,True
c273175f7c6c80fb02f051e2fc6d0d72,5849,sao paulo,SP,14,14,11,2,1188.23,255.22,14,14,2017-01-25 16:25:03,2017-07-20 11:33:01,3.7857142857142856,14,1,-12.357142857142858,10.0,1.0,84.87357142857142,18.23,3,0.07142857142857142,0.21428571428571427,175,False,True
382229d1e840115ffe3dbf5ff460e417,23092,rio de janeiro,RJ,49,46,24,9,4096.96,869.66,46,46,2018-04-14 22:35:36,2018-08-20 17:34:26,4.217391304347826,46,3,-10.6,8.844444444444445,1.065217391304348,89.06434782608696,18.905652173913044,6,0.06521739130434782,0.13043478260869565,127,False,True
f09b760d23495ac9a7e00d29b769007c,15802,catanduva,SP,1,1,1,1,21.9,17.19,1,1,2016-10-03 16:56:50,2016-10-03 16:56:50,4.0,1,0,-11.0,24.0,1.0,21.9,17.19,0,0.0,0.0,0,False,True
5c243662ce92d84573bfaff24c3e3700,3702,sao paulo,SP,100,98,24,2,32862.02,1775.64,98,98,2017-01-28 23:45:53,2018-02-09 23:05:25,4.144329896907217,97,1,-13.63265306122449,10.36734693877551,1.0204081632653061,335.32673469387754,18.11877551020408,10,0.01020408163265306,0.10204081632653061,376,False,True
38874e327ce94d11390b96eb42d61928,8577,itaquaquecetuba,SP,6,6,2,1,3779.94,378.49,6,6,2016-10-08 10:31:00,2017-10-27 14:24:24,4.0,6,1,-11.666666666666666,19.5,1.0,629.99,63.08166666666667,0,0.16666666666666666,0.0,384,False,True
ab3e0c171fe84a7ba7de130f19cfb485,86690,colorado,PR,10,7,5,2,863.42,172.28,7,7,2017-04-16 12:18:38,2018-04-05 18:57:58,3.5714285714285716,7,2,-8.0,20.166666666666668,1.4285714285714286,123.34571428571428,24.611428571428572,2,0.2857142857142857,0.2857142857142857,354,False,True
85e7c62c1d6ea078c3897424f867a7c8,88220,itapema,SC,2,2,2,1,60.0,27.7,2,2,2017-12-27 19:48:04,2018-01-17 16:46:29,4.5,2,0,-20.5,7.0,1.0,30.0,13.85,0,0.0,0.0,20,False,True
262237171f48e85819065498cac80d7b,88352,brusque,SC,10,4,1,1,599.0,150.0,4,3,2017-08-02 08:58:27,2018-08-02 22:27:23,4.25,4,0,-10.25,10.25,2.5,149.75,37.5,0,0.0,0.0,365,False,True
fd386aa7bed2af3c7035c65506c9b4a3,4208,sao paulo,SP,76,69,41,14,2304.15,1012.02,69,69,2018-02-23 10:29:24,2018-08-28 14:11:30,4.3478260869565215,69,7,-10.043478260869565,8.072463768115941,1.1014492753623188,33.393478260869564,14.666956521739131,10,0.10144927536231885,0.14492753623188406,186,False,True
b2f4d63c7203f539a78252565ca32257,28950,armacao dos buzios,RJ,1,1,1,1,14.9,20.84,1,1,2017-09-09 22:15:52,2017-09-09 22:15:52,5.0,1,0,-11.0,13.0,1.0,14.9,20.84,0,0.0,0.0,0,False,True
dd5450b022b2d00a2145a66331e1aef6,89208,joinville,SC,1,1,1,1,59.0,22.34,1,1,2018-06-29 12:16:28,2018-06-29 12:16:28,5.0,1,0,-32.0,7.0,1.0,59.0,22.34,0,0.0,0.0,0,False,True
ff4e2d38692ce827b1a4f4b8196e680d,3319,sao paulo,SP,11,11,3,2,518.9,150.28,11,11,2017-08-20 16:31:57,2018-07-08 10:36:42,4.2727272727272725,11,0,-14.090909090909092,8.818181818181818,1.0,47.17272727272727,13.661818181818182,1,0.0,0.09090909090909091,321,False,True
7963e546f34e098b578f9ad102494601,5624,sao paulo,SP,1,1,1,1,60.99,21.23,1,1,2017-11-05 18:19:24,2017-11-05 18:19:24,5.0,1,0,-8.0,18.0,1.0,60.99,21.23,0,0.0,0.0,0,False,True
1588ac4010787100dddef64568f0ae35,87045,maringa,PR,3,3,2,1,599.97,46.0,3,3,2017-12-22 20:35:38,2018-01-18 15:29:09,3.0,3,0,-9.0,19.333333333333332,1.0,199.99,15.333333333333334,1,0.0,0.3333333333333333,26,False,True
41c2bad7229b0c25e6becf179ebf63ff,59020,natal,RN,23,20,4,1,782.0,189.92,20,20,2017-11-27 23:23:49,2018-07-20 21:11:30,4.95,20,0,-15.95,4.3,1.15,39.1,9.495999999999999,0,0.0,0.0,234,False,True
8b655f0855926bcb49f5835d38dfddf6,6192,osasco,SP,5,5,3,1,1089.5,73.31,5,5,2018-05-13 12:51:15,2018-08-17 10:55:49,4.8,5,0,-5.6,5.0,1.0,217.9,14.662,0,0.0,0.0,95,False,True
a213f1bd6458f4a158f3746cb2514559,87043,maringa,PR,1,1,1,1,41.52,14.43,1,1,2018-05-30 16:20:16,2018-05-30 16:20:16,5.0,1,0,-26.0,8.0,1.0,41.52,14.43,0,0.0,0.0,0,False,True
1b7e5006cb25dd23ce8686691013b121,2350,sao paulo,SP,11,11,7,1,2636.74,149.22,11,11,2017-09-30 12:48:45,2018-08-03 13:37:17,4.363636363636363,11,2,-6.363636363636363,15.090909090909092,1.0,239.70363636363635,13.565454545454545,1,0.18181818181818182,0.09090909090909091,307,False,True
4559697a8f7e637227c2eeaed843baff,19029,presidente prudente,SP,42,42,3,3,3696.0,778.27,42,40,2017-02-14 16:20:34,2018-06-27 12:45:26,4.0476190476190474,42,3,-12.461538461538462,12.461538461538462,1.0,88.0,18.530238095238094,7,0.07142857142857142,0.16666666666666666,497,False,True
4867209cb29b56b92893d7bde3ce8012,17209,jau,SP,1,1,1,1,150.0,19.15,1,1,2018-06-16 16:05:44,2018-06-16 16:05:44,4.0,1,0,-17.0,10.0,1.0,150.0,19.15,0,0.0,0.0,0,False,True
19a7c9f66ffa6452ff4b4c0cca71da27,85880,itaipulandia,PR,1,1,1,1,279.0,59.74,1,1,2017-09-30 16:14:28,2017-09-30 16:14:28,5.0,1,0,-28.0,25.0,1.0,279.0,59.74,0,0.0,0.0,0,False,True
6fa9202c10491e472dffd59a3e82b2a3,18030,sorocaba,SP,3,3,1,1,7014.24,925.01,3,3,2018-07-30 10:04:21,2018-08-13 14:07:50,4.333333333333333,3,0,-9.0,8.0,1.0,2338.08,308.33666666666664,0,0.0,0.0,14,False,True
20d53aad4fe5ee93a64f8839609d3586,37540,santa rita do sapucai,MG,2,2,2,1,51.9,34.54,2,2,2017-11-26 10:19:20,2018-05-14 09:17:04,2.5,2,1,17.0,39.0,1.0,25.95,17.27,1,0.5,0.5,168,False,True
42fa4ee7240e9b8eb4576358ec142ba7,95012,caxias do sul,RS,22,22,7,2,3845.7,518.77,22,22,2018-02-04 10:58:23,2018-07-09 11:28:58,4.809523809523809,21,0,-15.681818181818182,6.454545454545454,1.0,174.80454545454543,23.580454545454543,0,0.0,0.0,155,False,True
c8660dcf9ba70575f45d80fe28c27713,2040,sao paulo,SP,7,4,2,2,335.0,103.99,4,4,2017-02-07 13:59:49,2017-03-20 20:31:35,4.5,4,1,-9.0,14.25,1.75,83.75,25.9975,0,0.25,0.0,41,False,True
253c025bab43881055aeecde5e2d8b77,80620,curitiba,PR,2,2,1,1,94.82,29.509999999999998,2,2,2017-11-23 18:36:14,2018-07-10 13:20:17,4.5,2,1,-6.5,16.0,1.0,47.41,14.754999999999999,0,0.5,0.0,228,False,True
7ecd59e5e20407131822c1a68ac59c1f,70719,brasilia,DF,29,24,5,1,1466.71,587.8100000000001,24,24,2017-11-29 10:51:21,2018-08-03 15:30:58,4.416666666666667,24,3,-12.0,16.958333333333332,1.2083333333333333,61.11291666666667,24.492083333333337,2,0.125,0.08333333333333333,247,False,True
c026ef0d72e9132d9fa112308090c8dc,20766,rio de janeiro,RJ,1,1,1,1,520.0,37.72,1,1,2018-08-05 11:38:06,2018-08-05 11:38:06,4.0,1,0,-7.0,11.0,1.0,520.0,37.72,0,0.0,0.0,0,False,True
0b09101900100c0e9d312861fad5a1b9,3168,sao paulo,SP,1,1,1,1,153.75,14.61,1,1,2017-01-27 14:59:17,2017-01-27 14:59:17,4.0,1,0,-61.0,18.0,1.0,153.75,14.61,0,0.0,0.0,0,False,True
e8f6dc8e6a1dcde89d20e3995c8d90b3,3476,sao paulo,SP,48,36,29,9,2256.34,2051.68,36,36,2016-10-04 13:40:43,2017-11-30 02:29:55,3.9166666666666665,36,3,-21.17142857142857,12.457142857142857,1.3333333333333333,62.67611111111111,56.99111111111112,6,0.08333333333333333,0.16666666666666666,421,False,True
128f9bfbe4c7d5185033914b1de3d39a,12940,atibaia,SP,16,14,9,1,1277.29,373.2,14,14,2017-09-13 17:44:20,2018-06-17 13:26:47,4.714285714285714,14,1,-12.846153846153847,11.538461538461538,1.1428571428571428,91.235,26.657142857142855,0,0.07142857142857142,0.0,276,False,True
a09a13f18ed27932d08438aa6f12756e,93800,sapiranga,RS,1,1,1,1,29.9,16.11,1,1,2017-10-28 19:17:28,2017-10-28 19:17:28,3.0,1,0,-23.0,8.0,1.0,29.9,16.11,0,0.0,0.0,0,False,True
81a1104df0f08b59c68aa5b03cfe398e,83020,sao jose dos pinhais,PR,73,73,17,1,9420.880000000001,1814.3899999999999,73,73,2017-05-21 13:07:26,2018-04-16 18:51:24,4.267605633802817,71,3,-13.708333333333334,12.375,1.0,129.05315068493152,24.854657534246574,6,0.0410958904109589,0.0821917808219178,330,False,True
3f84fefc07dc159b268d4a77d3e8c425,83833,fazenda rio grande,PR,3,3,3,1,200.6,51.32,3,3,2018-05-07 10:20:46,2018-06-29 23:02:53,5.0,3,0,-20.666666666666668,7.666666666666667,1.0,66.86666666666666,17.106666666666666,0,0.0,0.0,53,False,True
750303a20e9c56b2a6bc45cdce0b897d,74333,goiania,GO,57,54,38,7,8085.0,1309.81,54,54,2017-09-06 21:43:47,2018-08-24 17:53:18,4.2407407407407405,54,2,-11.830188679245284,13.60377358490566,1.0555555555555556,149.72222222222223,24.25574074074074,6,0.037037037037037035,0.1111111111111111,351,False,True
f8db351d8c4c4c22c6835c19a46f01b0,13324,salto,SP,724,667,146,19,50525.6,12554.2,667,664,2017-01-25 22:46:24,2018-08-25 19:56:43,4.238310708898944,663,28,-11.93019726858877,9.38998482549317,1.0854572713643178,75.75052473763118,18.821889055472266,68,0.041979010494752625,0.10194902548725637,576,False,True
0743a0239d764b9a0f959a57d07e36ab,3138,sao paulo,SP,4,4,2,2,336.96,66.26,4,4,2018-07-24 10:50:34,2018-08-04 17:01:32,4.75,4,0,-7.0,4.75,1.0,84.24,16.565,0,0.0,0.0,11,False,True
131fcb0a0c9a47bba4474aacff0f14b7,1201,sao paulo,SP,4,4,2,1,369.8,36.61,4,4,2018-06-03 19:44:12,2018-08-09 01:13:45,4.0,4,0,-8.0,3.75,1.0,92.45,9.1525,0,0.0,0.0,66,False,True
1838dd9b8977065acf51d95e0053ea7a,30882,belo horizonte,MG,67,64,14,3,2820.3,1255.58,64,64,2017-07-28 09:06:33,2018-08-01 22:15:19,4.265625,64,2,-11.0,12.35483870967742,1.046875,44.067187499999996,19.6184375,9,0.03125,0.140625,369,False,True
1b8b75e227c9a9c100d0c210fb6176ce,5468,sao paulo,SP,19,19,15,1,1914.8300000000002,280.78000000000003,19,18,2017-01-08 20:57:29,2017-11-30 15:39:45,3.3684210526315788,19,1,-19.6,14.466666666666667,1.0,100.78052631578949,14.777894736842107,7,0.05263157894736842,0.3684210526315789,325,False,True
eb1bf309f4f6af9a97e9ddac3fdbeabe,9961,diadema,SP,1,1,1,1,22.3,8.88,1,1,2018-05-24 11:05:40,2018-05-24 11:05:40,5.0,1,0,-10.0,8.0,1.0,22.3,8.88,0,0.0,0.0,0,False,True
5d378b73ab7dd6f0418d743e5dcb0bd1,1026,sao paulo,SP,7,7,3,0,13243.0,393.28,7,7,2017-10-09 12:55:44,2017-11-14 21:07:55,3.857142857142857,7,1,2.8333333333333335,30.166666666666668,1.0,1891.857142857143,56.18285714285714,1,0.14285714285714285,0.14285714285714285,36,False,True
39d54ff918774174706fb065d7f9dc07,4243,sao paulo,SP,25,23,16,1,1593.59,363.4,23,23,2017-11-25 17:36:18,2018-07-24 09:09:25,3.9130434782608696,23,2,-12.136363636363637,13.409090909090908,1.0869565217391304,69.28652173913044,15.799999999999999,6,0.08695652173913043,0.2608695652173913,240,False,True
353e21e8bf8de2722b4fae1636664b76,92120,canoas,RS,4,4,2,1,208.0,91.89,4,4,2018-02-27 07:38:47,2018-06-16 20:14:00,2.5,4,0,-17.25,8.75,1.0,52.0,22.9725,2,0.0,0.5,109,False,True
5b33b527da3c5b969cc99dc435cad09a,87702,paranavai,PR,17,16,7,5,1872.79,365.55,16,16,2017-01-29 00:31:42,2018-08-11 18:52:49,4.125,16,1,-14.0625,12.25,1.0625,117.049375,22.846875,2,0.0625,0.125,559,False,True
c9d2ba8dde44a275ae06475ed1d2fafc,38400,uberlandia,MG,1,1,1,1,28.79,14.52,1,1,2017-02-06 00:33:42,2017-02-06 00:33:42,5.0,1,0,-20.0,8.0,1.0,28.79,14.52,0,0.0,0.0,0,False,True
d149de2f383552baea37a7198c2296ce,4193,sao paulo,SP,3,3,2,1,320.70000000000005,33.67,3,3,2018-08-20 21:01:51,2018-08-27 17:18:42,5.0,3,0,-6.333333333333333,4.333333333333333,1.0,106.90000000000002,11.223333333333334,0,0.0,0.0,6,False,True
bf961104a38e01b9062ee026bb657dee,14055,ribeirao preto,SP,4,4,1,1,585.56,79.9,4,4,2017-02-02 13:51:50,2017-02-09 19:08:19,4.5,4,0,-25.75,8.25,1.0,146.39,19.975,0,0.0,0.0,7,False,True
1ca7077d890b907f89be8c954a02686a,6506,santana de parnaiba,SP,137,115,21,2,13341.57,1659.8600000000001,115,113,2017-09-15 13:53:55,2018-04-09 17:09:08,2.3333333333333335,114,18,-6.666666666666667,15.00925925925926,1.191304347826087,116.01365217391304,14.433565217391305,70,0.1565217391304348,0.6086956521739131,206,False,True
89a51f50b8095ea78d5768f34c13a76f,71931,brasilia,DF,11,10,10,1,677.16,177.1,10,10,2018-04-24 15:34:42,2018-07-31 20:54:09,4.7,10,0,-13.2,7.1,1.1,67.716,17.71,0,0.0,0.0,98,False,True
3a490ba60afa30ece0e7d50cfe74a4f0,31365,belo horizonte,MG,8,8,3,1,1529.2,165.87,8,8,2017-04-12 23:50:54,2017-12-18 18:30:40,4.625,8,0,-13.0,11.625,1.0,191.15,20.73375,0,0.0,0.0,249,False,True
455f46ef09a9e45667e2981df84b5cc2,18052,sorocaba,SP,2,2,1,1,59.8,31.18,2,2,2018-08-07 19:13:51,2018-08-07 21:26:48,2.5,2,0,-2.0,13.0,1.0,29.9,15.59,1,0.0,0.5,0,False,True
651fe66032c9520ee5587f694908040d,94810,alvorada,RS,7,7,6,2,464.0,128.73,7,7,2018-07-16 08:52:35,2018-08-21 21:32:17,4.0,7,0,-9.0,6.428571428571429,1.0,66.28571428571429,18.389999999999997,1,0.0,0.14285714285714285,36,False,True
6d04126aba80df143fd038e711b8fd96,20091,rio de janeiro,RJ,1,1,1,1,89.99,18.87,1,1,2017-09-08 14:49:36,2017-09-08 14:49:36,1.0,1,1,16.0,37.0,1.0,89.99,18.87,1,1.0,1.0,0,True,True
3febca52652e7209509ccfe61cbde40e,8596,itaquaquecetuba,SP,2,2,1,1,84.0,16.9,2,2,2018-08-07 16:57:23,2018-08-14 15:26:11,2.0,2,0,,,1.0,42.0,8.45,1,0.0,0.5,6,True,True
d566c37fa119d5e66c4e9052e83ee4ea,4131,sao paulo,SP,73,65,25,2,5145.7,979.22,65,65,2018-03-16 14:11:50,2018-08-26 19:39:08,4.6875,64,0,-10.892307692307693,5.338461538461538,1.123076923076923,79.16461538461539,15.064923076923078,2,0.0,0.03076923076923077,163,False,True
62d977e2b2aee830de3e039a28490d12,80410,curitiba,PR,2,2,1,0,399.8,32.32,2,2,2018-01-03 11:20:29,2018-01-05 17:34:54,1.0,2,0,,,1.0,199.9,16.16,2,0.0,1.0,2,True,True
010543a62bd80aa422851e79a3bc7540,1212,sao paulo,SP,2,2,1,1,1416.0,31.950000000000003,2,2,2017-07-04 17:54:07,2017-08-02 13:49:39,4.5,2,0,-8.5,8.5,1.0,708.0,15.975000000000001,0,0.0,0.0,28,False,True
7178e1eaa97257d8b6d4b80efd77a025,18270,tatui,SP,1,1,1,1,167.9,16.81,1,1,2017-09-05 16:18:47,2017-09-05 16:18:47,5.0,1,0,-10.0,7.0,1.0,167.9,16.81,0,0.0,0.0,0,False,True
2199e7fe213c16213bf5d6a7eadc9a5d,11900,registro,SP,31,25,13,8,4078.29,569.49,25,25,2016-10-10 09:57:05,2018-08-20 08:13:17,4.24,25,1,-13.666666666666666,10.291666666666666,1.24,163.1316,22.779600000000002,3,0.04,0.12,678,False,True
984c273121e743dd14767befe6cb17f5,13474,americana,SP,1,1,1,1,259.6,21.31,1,1,2017-11-25 20:15:32,2017-11-25 20:15:32,1.0,1,1,3.0,33.0,1.0,259.6,21.31,1,1.0,1.0,0,True,True
2b3e4a2a3ea8e01938cabda2a3e5cc79,4733,sao paulo,SP,54,52,13,1,23629.15,905.95,52,52,2017-05-09 09:32:59,2018-07-27 11:21:46,4.365384615384615,52,0,-11.923076923076923,8.211538461538462,1.0384615384615385,454.4067307692308,17.422115384615385,4,0.0,0.07692307692307693,444,False,True
feb793c88d836c3a75efa4b5a3465d70,3165,sao paulo,SP,1,1,1,1,466.0,64.17,1,1,2018-03-23 19:26:13,2018-03-23 19:26:13,5.0,1,0,-8.0,5.0,1.0,466.0,64.17,0,0.0,0.0,0,False,True
e333046ce6517bd8bb510291d44f0130,18950,ipaussu,SP,74,68,47,6,7268.0,1431.32,68,68,2017-07-13 09:00:21,2018-08-24 16:27:11,4.338235294117647,68,3,-13.426470588235293,9.705882352941176,1.088235294117647,106.88235294117646,21.048823529411763,6,0.04411764705882353,0.08823529411764706,407,False,True
5a413ade68e8f8d93071a7f52a64cb9e,3679,sao paulo,SP,14,14,4,1,778.9,153.77,14,14,2018-08-08 07:11:24,2018-08-29 08:25:34,4.642857142857143,14,1,-4.571428571428571,3.7142857142857144,1.0,55.635714285714286,10.983571428571429,1,0.07142857142857142,0.07142857142857142,21,False,True
5a425cc503b39b262a847fd6212bf53b,86010,londrina,PR,15,15,9,1,1360.5900000000001,269.51,15,15,2018-04-27 23:54:06,2018-08-20 13:56:52,4.214285714285714,14,1,-9.928571428571429,6.285714285714286,1.0,90.706,17.967333333333332,2,0.06666666666666667,0.13333333333333333,114,False,True
9535a841eecebed61a9fb1ac1cbb5597,1208,sao paulo,SP,2,2,2,1,784.9,33.43,2,2,2017-01-26 16:25:36,2017-02-10 10:34:36,3.0,2,0,-17.5,9.0,1.0,392.45,16.715,1,0.0,0.5,14,False,True
8f78f0903005064036736c7173a5c2ed,36325,tiradentes,MG,21,13,10,4,2113.7000000000003,632.25,13,13,2017-04-12 11:35:01,2018-07-29 22:38:20,3.769230769230769,13,0,-11.846153846153847,17.0,1.6153846153846154,162.5923076923077,48.63461538461539,3,0.0,0.23076923076923078,473,False,True
9803a40e82e45418ab7fb84091af5231,75901,rio verde,GO,18,11,13,7,4278.75,512.63,11,11,2018-05-19 10:45:27,2018-08-21 19:44:42,3.727272727272727,11,0,-16.454545454545453,15.181818181818182,1.6363636363636365,388.97727272727275,46.60272727272727,3,0.0,0.2727272727272727,94,False,True
43b2c864251aa0ce4030c746984e088a,71936,brasilia,DF,2,2,2,2,94.8,34.52,2,2,2018-07-28 15:35:20,2018-08-23 12:49:42,3.0,2,0,-9.0,5.5,1.0,47.4,17.26,1,0.0,0.5,25,False,True
83e197e95a1bbabc8c75e883ed016c47,25900,mage,RJ,55,47,19,2,6693.6900000000005,986.37,47,47,2016-10-09 10:34:58,2018-02-27 19:17:20,4.808510638297872,47,1,-14.152173913043478,10.021739130434783,1.1702127659574468,142.4189361702128,20.98659574468085,1,0.02127659574468085,0.02127659574468085,506,False,True
17908cf9b444ee34047cadd5c0f4a516,75124,anapolis,GO,11,11,9,1,1993.99,501.42,11,11,2017-09-21 21:02:09,2018-08-11 22:01:59,4.545454545454546,11,1,-11.818181818181818,18.363636363636363,1.0,181.2718181818182,45.583636363636366,0,0.09090909090909091,0.0,324,False,True
17eea220a40cc0d2c0c5346379682398,3565,sao paulo,SP,4,4,3,1,1414.98,98.01,4,4,2017-09-14 10:29:33,2017-10-26 19:12:53,3.75,4,2,-0.6666666666666666,25.333333333333332,1.0,353.745,24.5025,1,0.5,0.25,42,False,True
270297ead4c65a6cd2593960d2af6b21,4696,sao paulo,SP,20,18,12,3,9422.4,546.1,18,17,2017-03-15 19:48:58,2018-08-13 23:03:46,3.823529411764706,17,0,-13.941176470588236,13.823529411764707,1.1111111111111112,523.4666666666667,30.33888888888889,5,0.0,0.2777777777777778,516,False,True
5f0057b677eb963672bf05dfa3f16c34,1309,sao paulo,SP,5,5,5,3,312.88,67.01,5,5,2016-10-07 21:19:32,2017-02-19 22:31:47,4.2,5,0,-35.0,6.75,1.0,62.576,13.402000000000001,1,0.0,0.2,135,False,True
8185694b58b2ba6de20fd41ae608bbea,6764,tabao da serra,SP,8,8,8,2,1372.3,230.26999999999998,8,8,2018-03-10 12:45:26,2018-08-11 13:09:33,4.5,8,0,-10.75,10.5,1.0,171.5375,28.783749999999998,0,0.0,0.0,154,False,True
17f51e7198701186712e53a39c564617,3908,sao paulo,SP,61,56,27,1,48019.0,9793.43,56,56,2017-02-04 12:29:21,2018-08-05 09:58:57,4.339285714285714,56,5,-11.821428571428571,22.696428571428573,1.0892857142857142,857.4821428571429,174.88267857142858,5,0.08928571428571429,0.08928571428571429,546,False,True
2addf05f476d0637864454e93ba673d5,70856,brasilia,DF,12,12,8,1,4552.0,325.64,12,11,2017-08-03 14:06:43,2018-03-18 20:29:14,5.0,12,0,-15.083333333333334,10.0,1.0,379.3333333333333,27.136666666666667,0,0.0,0.0,227,False,True
b67d6c666e8dce1d078c882825e12704,3641,sao paulo,SP,8,7,6,2,352.84,104.19,7,7,2018-07-06 12:11:22,2018-08-08 16:42:07,4.857142857142857,7,0,-9.428571428571429,7.428571428571429,1.1428571428571428,50.40571428571428,14.884285714285713,0,0.0,0.0,33,False,True
ead2bab70821ea148476ae9bc08548ac,31980,belo horizonte,MG,9,9,4,1,412.1,116.2,9,9,2017-10-04 16:29:59,2018-08-01 17:19:21,4.555555555555555,9,0,-19.444444444444443,6.777777777777778,1.0,45.78888888888889,12.911111111111111,0,0.0,0.0,301,False,True
fa14641f57b655e933124a9ea49cd7a5,1310,sao paulo,SP,7,7,6,3,359.92999999999995,83.06,7,7,2017-05-19 18:42:14,2018-02-05 13:55:53,4.571428571428571,7,0,-12.0,6.428571428571429,1.0,51.41857142857142,11.865714285714287,0,0.0,0.0,261,False,True
d1582f4043306e6b91afa6a8a884f898,3445,sao paulo,SP,9,9,1,1,990.0,131.92,9,9,2017-11-20 11:47:02,2018-02-12 20:28:01,4.111111111111111,9,1,-14.444444444444445,11.666666666666666,1.0,110.0,14.657777777777776,1,0.1111111111111111,0.1111111111111111,84,False,True
d263fa444c1504a75cbca5cc465f592a,13478,americana,SP,1,1,1,1,399.0,45.07,1,1,2018-07-24 09:46:27,2018-07-24 09:46:27,5.0,1,0,-14.0,9.0,1.0,399.0,45.07,0,0.0,0.0,0,False,True
f35b3c613c4f7b2275f4185d0a3c59ec,5417,sao paulo,SP,9,9,8,2,4047.25,167.04,9,9,2018-02-28 07:37:29,2018-06-03 00:27:27,4.555555555555555,9,1,-8.11111111111111,12.333333333333334,1.0,449.69444444444446,18.56,1,0.1111111111111111,0.1111111111111111,94,False,True
655220df33262c7e0c4949a147366f94,9951,diadema,SP,15,13,3,2,2245.0,681.53,13,13,2018-01-13 12:49:45,2018-05-14 11:43:07,4.076923076923077,13,2,-8.23076923076923,13.384615384615385,1.1538461538461537,172.69230769230768,52.425384615384615,2,0.15384615384615385,0.15384615384615385,120,False,True
ad8b531ae67582f096925cff5630d0d1,84172,castro,PR,3,3,3,2,208.35000000000002,67.56,3,3,2017-04-23 12:01:53,2017-11-24 20:26:39,3.0,3,0,-11.5,20.0,1.0,69.45,22.52,1,0.0,0.3333333333333333,215,False,True
499185655c29ecfdbfe776ef7cf875b5,90520,porto alegre,RS,1,1,1,1,89.0,17.33,1,1,2018-06-02 13:29:22,2018-06-02 13:29:22,4.0,1,0,-34.0,11.0,1.0,89.0,17.33,0,0.0,0.0,0,False,True
44f091b5abab8018f682fce8124b85e5,2281,sao paulo,SP,6,6,4,1,1680.1,107.60999999999999,6,6,2017-09-11 07:12:41,2017-11-13 11:16:06,2.5,6,2,-0.3333333333333333,14.666666666666666,1.0,280.01666666666665,17.935,4,0.3333333333333333,0.6666666666666666,63,False,True
7210cd29727d674c00741e5e387b3ccd,3279,sao paulo,SP,13,9,7,5,729.0899999999999,145.09,9,9,2018-06-10 13:08:26,2018-08-20 14:31:33,4.444444444444445,9,1,-7.444444444444445,3.111111111111111,1.4444444444444444,81.00999999999999,16.121111111111112,1,0.1111111111111111,0.1111111111111111,71,False,True
f4ce8ca9fa7157e3b33f536ac9a4487d,16306,penapolis,SP,4,4,3,2,409.6,97.53,4,4,2018-07-16 08:45:31,2018-08-20 10:58:06,4.75,4,0,-7.5,6.5,1.0,102.4,24.3825,0,0.0,0.0,35,False,True
0570350b23eda5444f8d1d9544932058,5104,sao paulo,SP,11,6,3,2,626.9,124.86,6,6,2018-04-12 23:43:37,2018-05-22 20:17:22,5.0,6,0,-14.666666666666666,4.333333333333333,1.8333333333333333,104.48333333333335,20.81,0,0.0,0.0,39,False,True
de9727ca376d1be6ec121b110aa7954c,87114,sarandi,PR,12,10,4,1,1058.7,211.39,10,10,2018-05-12 15:48:03,2018-08-15 08:52:48,3.8,10,1,-18.666666666666668,11.555555555555555,1.2,105.87,21.139,3,0.1,0.3,94,False,True
d3891911c2feae53c52fea2bd14054e5,6760,sao paulo,SP,2,2,2,1,141.0,25.990000000000002,2,2,2018-06-04 19:02:10,2018-06-19 14:14:49,5.0,2,0,-15.5,3.5,1.0,70.5,12.995000000000001,0,0.0,0.0,14,False,True
70a12e78e608ac31179aea7f8422044b,12327,jacarei,SP,328,315,121,15,30858.53,5606.91,315,314,2017-01-17 16:25:29,2018-08-20 20:10:03,3.7987220447284344,313,29,-10.426282051282051,14.246794871794872,1.0412698412698413,97.9635873015873,17.799714285714284,63,0.09206349206349207,0.2,580,False,True
2eeb6531ee027a48d401e72bebdd87d3,12230,sao jose dos campos,SP,3,3,3,1,38.7,40.0,3,3,2017-02-07 17:16:26,2017-02-14 19:12:38,4.333333333333333,3,0,-27.333333333333332,11.333333333333334,1.0,12.9,13.333333333333334,0,0.0,0.0,7,False,True
c1ed9e3daf6154542826a6996af0fb8c,88308,itajai,SC,17,9,7,1,971.25,329.39,9,9,2017-08-15 20:57:47,2018-03-02 15:27:23,3.888888888888889,9,1,-7.875,16.375,1.8888888888888888,107.91666666666667,36.59888888888889,2,0.1111111111111111,0.2222222222222222,198,False,True
d101c6da914ae3d53f7bee42283f2fe2,8072,sao paulo,SP,16,13,4,3,1297.4,260.15,13,13,2016-10-05 08:46:55,2017-05-30 09:27:49,3.6153846153846154,13,1,-17.692307692307693,12.615384615384615,1.2307692307692308,99.80000000000001,20.01153846153846,4,0.07692307692307693,0.3076923076923077,237,False,True
a00824eb9093d40e589b940ec45c4eb0,18590,bofete,SP,3,3,1,1,9399.97,379.49,3,3,2017-10-05 19:23:16,2018-04-09 11:32:37,4.666666666666667,3,0,-15.0,7.666666666666667,1.0,3133.3233333333333,126.49666666666667,0,0.0,0.0,185,False,True
0015a82c2db000af6aaaf3ae2ecb0532,9080,santo andre,SP,3,3,1,1,2685.0,63.06,3,3,2017-09-26 22:17:05,2017-10-18 08:16:34,3.6666666666666665,3,0,-16.333333333333332,10.333333333333334,1.0,895.0,21.02,1,0.0,0.3333333333333333,21,False,True
808d4348b916efa08e766ebad39f61eb,2336,sao paulo,SP,21,21,11,1,731.1,283.82,21,21,2018-07-07 19:45:17,2018-08-22 10:41:47,4.428571428571429,21,1,-9.35,7.6,1.0,34.81428571428572,13.515238095238095,2,0.047619047619047616,0.09523809523809523,45,False,True
fb3cfbc8a86f5d7fbb4d36b8df63f60d,21825,rio de janeiro,RJ,15,10,7,1,1007.3000000000001,217.76,10,10,2018-06-11 23:08:00,2018-08-18 15:58:52,4.2,10,0,-12.0,7.0,1.5,100.73,21.776,1,0.0,0.1,67,False,True
80ceebb4ee9b31afb6c6a916a574a1e2,86026,londrina,PR,1,1,1,1,6729.0,193.21,1,1,2018-07-25 18:10:17,2018-07-25 18:10:17,,0,1,5.0,20.0,1.0,6729.0,193.21,0,1.0,0.0,0,False,True
2d2c62bef4c8ba0dd74e0e228e808539,14096,ribeirao preto,SP,16,16,9,4,3749.0,481.48,16,16,2017-11-20 15:08:25,2018-08-23 13:56:50,4.125,16,2,-9.3125,9.9375,1.0,234.3125,30.0925,3,0.125,0.1875,275,False,True
7c51de0ab286204ce75ff42bf7c10d92,88380,picarras,SC,4,4,3,1,759.0,149.64,4,4,2018-07-22 10:11:35,2018-08-12 17:52:19,4.5,4,0,-16.0,9.5,1.0,189.75,37.41,0,0.0,0.0,21,False,True
c1d1ebb4745cc43cb6f05e9c8a705c9a,8070,sao paulo,SP,3,3,3,0,34.5,42.67,3,3,2017-04-20 20:47:53,2017-11-18 02:39:31,2.3333333333333335,3,1,5.0,26.0,1.0,11.5,14.223333333333334,2,0.3333333333333333,0.6666666666666666,211,False,True
8def3db7f272735afb2ecd03aeca09a7,28035,rio de janeiro,RJ,2,2,1,1,196.0,33.64,2,2,2018-07-30 08:36:51,2018-08-06 19:11:34,5.0,2,0,-9.5,2.0,1.0,98.0,16.82,0,0.0,0.0,7,False,True
ff063b022a9a0aab91bad2c9088760b7,9171,santo andre,SP,96,94,9,3,12076.5,1984.77,94,94,2017-02-14 06:59:36,2018-08-20 14:39:22,4.311827956989247,93,3,-11.893617021276595,8.914893617021276,1.0212765957446808,128.47340425531914,21.114574468085106,8,0.031914893617021274,0.0851063829787234,552,False,True
82bd0703a4aefd6b599e5bfdaed378fb,17510,marilia,SP,24,21,16,4,2692.28,392.56,21,21,2016-10-04 23:45:54,2017-08-18 08:57:28,3.9047619047619047,21,1,-20.0,11.0,1.1428571428571428,128.20380952380953,18.693333333333335,4,0.047619047619047616,0.19047619047619047,317,False,True
7fe21dd00d2f4943ae09525efa2fd674,20551,rio de janeiro,RJ,4,4,4,2,299.6,57.36,4,4,2017-04-22 00:20:19,2017-08-06 14:18:45,3.0,4,0,-12.0,7.0,1.0,74.9,14.34,2,0.0,0.5,106,False,True
7ab0dd5487bab2dc835337b244f689fb,15013,sao jose do rio preto,SP,1,1,1,1,12.5,10.96,1,1,2017-04-05 17:58:30,2017-04-05 17:58:30,5.0,1,0,-17.0,5.0,1.0,12.5,10.96,0,0.0,0.0,0,False,True
12a8eb0f8d1cd3270695bf2a99f55966,4607,sao paulo,SP,2,2,2,1,397.0,39.67,2,2,2017-10-12 01:21:54,2017-12-13 17:49:36,3.5,2,0,-10.0,20.5,1.0,198.5,19.835,1,0.0,0.5,62,False,True
beadbee30901a7f61d031b6b686095ad,7097,guarulhos,SP,68,64,7,3,4373.98,937.54,64,64,2018-05-28 18:47:40,2018-08-22 09:16:14,3.90625,64,15,-9.453125,13.609375,1.0625,68.3434375,14.6490625,12,0.234375,0.1875,85,False,True
bc39d8938f90a3a2b98193723ed59774,7791,cajamar,SP,2,2,1,1,306.8,22.31,2,2,2018-04-26 21:37:53,2018-06-21 15:08:30,4.0,1,0,-13.0,4.5,1.0,153.4,11.155,0,0.0,0.0,55,False,True
fd312b6bf05efac6c3772d5b52205d8a,18111,votorantim,SP,4,2,2,1,118.69999999999999,45.62,2,2,2017-03-29 17:44:04,2017-06-26 16:04:07,5.0,2,0,-12.5,5.5,2.0,59.349999999999994,22.810000000000002,0,0.0,0.0,88,False,True
df683dfda87bf71ac3fc63063fba369d,95180,farroupilha,RS,1,1,1,1,39.9,16.05,1,1,2017-03-13 20:17:10,2017-03-13 20:17:10,1.0,1,1,167.0,189.0,1.0,39.9,16.05,1,1.0,1.0,0,True,True
25cf099de44674fde97473224f9d59ab,6716,cotia,SP,50,50,30,1,1654.36,705.19,50,49,2017-06-06 11:52:48,2018-08-25 21:53:15,4.326530612244898,49,2,-12.92,8.88,1.0,33.087199999999996,14.103800000000001,5,0.04,0.1,445,False,True
7139dc5186aa238b006e066d8fbab2e4,13901,amparo,SP,24,22,11,3,1712.0,535.93,22,22,2018-01-29 11:30:46,2018-08-02 12:05:29,4.0,21,3,-11.045454545454545,14.318181818181818,1.0909090909090908,77.81818181818181,24.360454545454544,4,0.13636363636363635,0.18181818181818182,185,False,True
d94a40fd42351c259927028d163af842,37443,baependi,MG,110,101,17,2,13823.8,3397.14,101,100,2017-07-22 07:12:13,2018-08-08 13:18:36,4.181818181818182,99,3,-13.7,13.5,1.0891089108910892,136.86930693069306,33.635049504950494,11,0.0297029702970297,0.10891089108910891,382,False,True
406740ee611378a662d274c7d8c43c4a,29056,vitoria,ES,10,8,2,2,1790.0,182.08,8,8,2018-03-08 17:10:28,2018-04-13 13:04:33,4.375,8,1,-7.625,14.875,1.25,223.75,22.76,1,0.125,0.125,35,False,True
6bd503a8230299c9316fb0f726933927,75650,morrinhos,GO,5,4,5,2,324.28999999999996,129.6,4,4,2018-07-13 18:59:31,2018-08-17 15:11:32,4.75,4,1,-6.0,9.5,1.25,81.07249999999999,32.4,0,0.25,0.0,34,False,True
6576fd3e23c88f0e5d4d23f39bba0542,6766,taboao da serra,SP,1,1,1,1,14.5,10.96,1,1,2017-03-02 01:33:22,2017-03-02 01:33:22,1.0,1,0,,,1.0,14.5,10.96,1,0.0,1.0,0,True,True
0885aaf116795758dfeb5f1032487bcd,8541,ferraz de vasconcelos,SP,30,28,20,2,2648.0,514.32,28,28,2017-12-14 21:06:57,2018-08-19 17:17:45,4.214285714285714,28,0,-12.0,5.481481481481482,1.0714285714285714,94.57142857142857,18.368571428571432,3,0.0,0.10714285714285714,247,False,True
6288c69c4ce638e59925e59193f98b16,9010,santo andre,SP,22,22,7,4,4506.28,306.2,22,21,2017-03-16 13:08:11,2018-08-03 23:17:41,3.9545454545454546,22,1,-12.05,9.05,1.0,204.83090909090907,13.918181818181818,3,0.045454545454545456,0.13636363636363635,505,False,True
dfc5fb7259bb2b599ca565e6e9448f0f,9780,sao bernardo do campo,SP,34,33,11,2,6124.63,721.35,33,33,2017-07-27 19:34:53,2018-08-06 22:05:30,4.121212121212121,33,1,-13.030303030303031,12.878787878787879,1.0303030303030303,185.59484848484848,21.85909090909091,3,0.030303030303030304,0.09090909090909091,375,False,True
41958cbd3335433c8740300e8cd600d5,5051,sao paulo,SP,1,1,1,1,32.99,7.39,1,1,2018-06-04 19:22:19,2018-06-04 19:22:19,5.0,1,0,-11.0,4.0,1.0,32.99,7.39,0,0.0,0.0,0,False,True
3a3e46d10f74d8a6ca76e2b538f106a0,2522,sao paulo,SP,6,3,3,1,334.9,75.08,3,3,2018-02-05 16:41:52,2018-07-30 16:52:00,3.3333333333333335,3,0,-13.0,19.0,2.0,111.63333333333333,25.026666666666667,1,0.0,0.3333333333333333,175,False,True
2d2322d842118867781fc737e96d59a1,5879,sao paulo,SP,10,8,5,1,176.4,104.97,8,8,2018-06-08 10:35:03,2018-08-25 21:20:50,4.875,8,1,-6.625,7.625,1.25,22.05,13.12125,0,0.125,0.0,78,False,True
e4fc40017a6d22c46a14ac2e17f87c3e,86702,arapongas,PR,3,3,2,2,387.0,275.05,3,3,2017-05-30 15:55:30,2017-08-01 23:16:17,2.3333333333333335,3,0,-13.0,10.0,1.0,129.0,91.68333333333334,2,0.0,0.6666666666666666,63,False,True
5a9b3bcab695173c820e53934574ae80,13320,salto,SP,1,1,1,1,139.0,64.77,1,1,2018-07-27 16:36:49,2018-07-27 16:36:49,5.0,1,0,-26.0,7.0,1.0,139.0,64.77,0,0.0,0.0,0,False,True
2bf6a2c1e71bbd29a4ad64e6d3c3629f,28615,nova friburgo,RJ,31,30,28,2,50628.9,1000.59,30,30,2017-11-02 13:11:26,2018-08-13 19:30:37,4.166666666666667,30,2,-14.466666666666667,13.066666666666666,1.0333333333333334,1687.63,33.353,4,0.06666666666666667,0.13333333333333333,284,False,True
7c4618c82226628831613e95e9c22f44,18136,sao roque,SP,13,13,5,1,333.92999999999995,165.54,13,13,2017-12-14 10:52:55,2018-08-17 06:37:13,4.076923076923077,13,1,-7.846153846153846,10.615384615384615,1.0,25.686923076923073,12.733846153846153,2,0.07692307692307693,0.15384615384615385,245,False,True
06579cb253ecd5a3a12a9e6eb6bf8f47,4007,sao paulo - sp,SP,72,62,11,3,4727.2,1499.41,62,60,2017-08-03 17:47:10,2018-08-11 21:27:06,4.080645161290323,62,4,-9.901639344262295,9.459016393442623,1.1612903225806452,76.24516129032257,24.184032258064516,10,0.06451612903225806,0.16129032258064516,373,False,True
8ab42aa58097fd4668d60cc648225d5f,74150,goiania,GO,26,20,15,2,2616.75,593.64,20,20,2017-10-11 09:18:23,2018-08-03 12:58:11,4.2,20,0,-17.3,9.95,1.3,130.8375,29.682,1,0.0,0.05,296,False,True
4978a02ea9c8be7a9b5480680f40334e,8215,sao paulo,SP,19,18,14,4,2356.61,340.23,18,18,2018-03-21 14:03:09,2018-08-05 11:58:34,3.5555555555555554,18,0,-9.944444444444445,4.888888888888889,1.0555555555555556,130.92277777777778,18.901666666666667,5,0.0,0.2777777777777778,136,False,True
8e29d051f810eb22959ede205b462b9f,15131,mirassol,SP,2,2,1,1,599.8,213.48000000000002,2,2,2018-06-10 14:03:38,2018-06-19 13:38:23,4.0,2,1,4.0,31.5,1.0,299.9,106.74000000000001,0,0.5,0.0,8,False,True
ccb83a794700270fde70898fe9ff368b,88960,sombrio,SC,12,12,2,1,11062.0,1723.73,12,12,2017-02-21 21:50:47,2017-08-06 13:09:40,4.333333333333333,12,2,-9.916666666666666,16.083333333333332,1.0,921.8333333333334,143.64416666666668,1,0.16666666666666666,0.08333333333333333,165,False,True
612a743d294c27884fb7b80d2b19ba35,80620,curitiba,PR,3,2,2,2,3057.7000000000003,104.45,2,2,2017-01-25 12:49:36,2018-08-15 14:50:52,4.5,2,0,-18.0,9.5,1.5,1528.8500000000001,52.225,0,0.0,0.0,567,False,True
cb6c9f5888a7a090c75beaf615925792,29100,vila velha,ES,11,11,9,5,779.8900000000001,229.08,11,11,2018-04-30 06:31:44,2018-08-19 19:12:14,3.8181818181818183,11,0,-11.181818181818182,9.636363636363637,1.0,70.89909090909092,20.825454545454548,2,0.0,0.18181818181818182,111,False,True
c12d7463a579237ffb9248bd7cff378b,8275,sao paulo,SP,1,1,1,1,25.9,8.72,1,1,2016-10-06 13:16:56,2016-10-06 13:16:56,4.0,1,0,-42.0,11.0,1.0,25.9,8.72,0,0.0,0.0,0,False,True
fe701d88b67eaca109dffd464d1be9f9,24900,marica,RJ,11,11,3,1,1548.9,239.04,11,11,2017-11-21 23:13:30,2018-07-24 14:11:22,4.0,11,1,-15.9,11.9,1.0,140.8090909090909,21.73090909090909,2,0.09090909090909091,0.18181818181818182,244,False,True
46dc3b2cc0980fb8ec44634e21d2718e,22240,rio de janeiro,RJ,542,521,189,6,128111.19,11798.5,521,521,2016-10-04 21:25:32,2018-08-17 22:29:33,4.194174757281553,515,29,-12.172619047619047,11.444444444444445,1.0403071017274472,245.89479846449137,22.64587332053743,68,0.05566218809980806,0.13051823416506717,682,False,True
fedaedd3ca31d56ab33e92035e4b361c,24310,niteroi,RJ,1,1,1,1,39.9,10.96,1,1,2016-10-06 20:06:26,2016-10-06 20:06:26,4.0,1,0,-44.0,8.0,1.0,39.9,10.96,0,0.0,0.0,0,False,True
dbc51f5e45d654ecc16cb68e6817ecea,14402,franca,SP,1,1,1,1,199.99,18.14,1,1,2017-02-24 22:28:55,2017-02-24 22:28:55,4.0,1,0,-7.0,17.0,1.0,199.99,18.14,0,0.0,0.0,0,False,True
81f89e42267213cb94da7ddc301651da,19063,presidente prudente,SP,52,46,4,3,3955.0,766.18,46,46,2018-08-08 12:45:12,2018-08-27 18:45:54,3.6739130434782608,46,0,-9.673913043478262,7.108695652173913,1.1304347826086956,85.97826086956522,16.656086956521737,10,0.0,0.21739130434782608,19,False,True
630008e0f062605a415d694489f6f82e,1026,sao paulo,SP,3,2,2,1,105.15,30.35,2,2,2018-07-23 09:52:09,2018-07-30 17:24:54,3.5,2,0,-7.0,17.0,1.5,52.575,15.175,1,0.0,0.5,7,False,True
58f1a6197ed863543e0136bdedb3fce2,36407,conselheiro lafaiete,MG,45,44,11,3,6833.0,1070.69,44,44,2018-05-10 20:49:54,2018-08-18 21:16:18,4.181818181818182,44,1,-15.666666666666666,9.80952380952381,1.0227272727272727,155.29545454545453,24.33386363636364,6,0.022727272727272728,0.13636363636363635,100,False,True
df56d7b40d437f88407c5f78b63bc328,85812,cascavel,PR,25,22,8,1,2791.28,460.21999999999997,22,22,2017-10-19 10:05:02,2018-03-28 11:26:34,4.090909090909091,22,1,-11.363636363636363,12.045454545454545,1.1363636363636365,126.87636363636365,20.919090909090908,3,0.045454545454545456,0.13636363636363635,160,False,True
165fc07beebdcb6190fba8a06db2a449,87015,maringa,PR,64,50,27,2,17481.4,1600.03,50,50,2017-08-07 10:21:18,2018-08-14 17:42:23,3.8,50,4,-11.48,12.66,1.28,349.62800000000004,32.0006,11,0.08,0.22,372,False,True
0691148aee60ca47977c187804f935ae,86010,londrina,PR,53,47,37,6,5868.51,1490.94,47,47,2017-11-24 15:13:24,2018-08-27 08:56:49,4.170212765957447,47,1,-13.808510638297872,11.48936170212766,1.127659574468085,124.86191489361703,31.72212765957447,7,0.02127659574468085,0.14893617021276595,275,False,True
cac876b37d3abcd6bd76caca30277996,85816,cascavel,PR,33,27,14,6,2229.77,729.02,27,27,2018-02-13 12:38:05,2018-07-26 13:09:26,4.461538461538462,26,0,-16.48148148148148,9.518518518518519,1.2222222222222223,82.58407407407407,27.00074074074074,1,0.0,0.037037037037037035,163,False,True
9ac4f14370b1e24ddc58be041b7f99df,76330,jaragua,GO,5,5,5,3,314.51,122.14,5,5,2018-02-24 23:39:56,2018-07-05 16:40:15,4.4,5,0,-15.2,8.6,1.0,62.902,24.428,0,0.0,0.0,130,False,True
70eea00b476a314817cefde4aad4f89a,13250,itatiba,SP,114,108,30,6,31994.649999999998,2769.52,108,107,2017-02-09 15:32:27,2018-08-22 20:43:48,4.377358490566038,106,7,-12.075471698113208,12.943396226415095,1.0555555555555556,296.24675925925925,25.643703703703704,8,0.06481481481481481,0.07407407407407407,559,False,True
282c7480173bb9c01dd41cc739fec010,4795,sao paulo,SP,8,5,4,2,4274.2,192.11,5,5,2017-08-07 21:25:10,2017-08-20 16:09:44,4.0,4,1,-11.4,13.8,1.6,854.8399999999999,38.422,1,0.2,0.2,12,False,True
c840d3fdbba0790404fdae73d253b253,81530,curitiba,PR,14,9,7,2,4522.28,359.65,9,9,2017-10-21 09:09:48,2018-06-29 12:41:16,3.5555555555555554,9,0,-17.77777777777778,11.777777777777779,1.5555555555555556,502.4755555555556,39.96111111111111,2,0.0,0.2222222222222222,251,False,True
4f40d2ed38d1cc945364a7cd202a82c7,2337,sao paulo,SP,1,1,1,1,319.9,16.99,1,1,2017-11-25 15:23:14,2017-11-25 15:23:14,1.0,1,0,,,1.0,319.9,16.99,1,0.0,1.0,0,True,True
9cad4b68bb993ee401a3c5aaa2bc26dd,16200,birigui,SP,7,5,4,1,649.3000000000001,114.03,5,5,2018-01-16 10:17:13,2018-07-15 23:59:54,2.8,5,1,-7.6,18.2,1.4,129.86,22.806,2,0.2,0.4,180,False,True
dbbcfe2c8d026742134ac3e28ccde274,81630,curitiba,PR,4,4,4,1,308.59000000000003,54.379999999999995,4,4,2017-07-25 09:07:16,2018-06-06 10:11:30,4.0,4,0,-16.0,8.0,1.0,77.14750000000001,13.594999999999999,1,0.0,0.25,316,False,True
2fdde51ad3e12f297da656d4fbd5d0b5,89228,joinville,SC,10,10,3,2,6252.0,622.14,10,10,2017-04-17 19:55:27,2017-10-16 17:03:04,4.7,10,0,-18.0,14.88888888888889,1.0,625.2,62.214,0,0.0,0.0,181,False,True
7040e82f899a04d1b434b795a43b4617,1026,sao paulo,SP,228,212,60,10,9738.2,3217.78,212,212,2017-09-12 22:20:18,2018-08-28 09:18:03,3.6,210,16,-10.288461538461538,10.057692307692308,1.0754716981132075,45.93490566037736,15.178207547169812,57,0.07547169811320754,0.2688679245283019,349,False,True
83a75eea11694e36e56dd0cb2240229a,13905,amparo,SP,3,3,1,0,487.0,42.47,3,3,2018-02-25 20:10:26,2018-04-18 13:43:52,5.0,3,0,-14.666666666666666,3.6666666666666665,1.0,162.33333333333334,14.156666666666666,0,0.0,0.0,51,False,True
a1544b9ea0b2390e020537d4daa89049,13211,jundiai,SP,8,8,4,1,841.2,107.33,8,8,2017-02-17 01:16:37,2018-08-16 15:35:40,3.875,8,0,-20.0,10.375,1.0,105.15,13.41625,1,0.0,0.125,545,False,True
b8a0adc91af209270c2c725168eb00fd,14940,ibitinga,SP,6,6,6,1,281.4,107.09,6,6,2018-04-16 19:54:11,2018-06-27 10:15:28,4.0,6,0,-13.333333333333334,10.5,1.0,46.9,17.848333333333333,1,0.0,0.16666666666666666,71,False,True
20b54c376b794ed028df09a3cd88e8dc,9560,sao caetano do sul,SP,11,11,8,5,1342.95,163.6,11,11,2017-09-16 17:56:07,2018-07-02 17:00:50,3.0,11,2,-3.0,20.857142857142858,1.0,122.08636363636364,14.872727272727273,4,0.18181818181818182,0.36363636363636365,288,False,True
5415337f1863452476d42d9f14a16a61,30840,belo horizonte,MG,1,1,1,1,44.9,23.45,1,1,2018-08-04 18:07:07,2018-08-04 18:07:07,3.0,1,0,-23.0,16.0,1.0,44.9,23.45,0,0.0,0.0,0,False,True
e0482f2c769468c3bbcd8a01e09d98c5,2320,sao paulo,SP,1,1,1,1,189.0,45.4,1,1,2018-08-10 20:43:30,2018-08-10 20:43:30,4.0,1,0,-14.0,5.0,1.0,189.0,45.4,0,0.0,0.0,0,False,True
3fe7120d6257285ac6a3ce7cb071ccec,35044,governador valadares,MG,2,2,1,1,199.98,28.28,2,2,2018-01-05 09:35:30,2018-01-10 14:04:29,3.5,2,0,-16.0,9.0,1.0,99.99,14.14,0,0.0,0.0,5,False,True
7daca0837f033a41a6f3428c18657533,15170,tanabi,SP,7,7,4,1,1228.98,168.16,7,7,2018-04-19 15:47:11,2018-06-10 14:08:05,3.5714285714285716,7,2,-5.571428571428571,13.857142857142858,1.0,175.56857142857143,24.02285714285714,2,0.2857142857142857,0.2857142857142857,51,False,True
d66c305afaec317ebee552073a674429,33936,ribeirao das neves,MG,47,41,25,8,4886.46,1199.24,41,41,2017-01-11 00:13:51,2017-05-19 18:41:40,4.2926829268292686,41,1,-18.842105263157894,9.078947368421053,1.146341463414634,119.1819512195122,29.249756097560976,4,0.024390243902439025,0.0975609756097561,128,False,True
a5ff20ff766e7f50bd5066f33da14413,5522,sao paulo,SP,4,2,3,2,66.59,43.58,2,2,2018-08-19 22:38:41,2018-08-24 13:04:05,3.0,2,0,-27.0,5.5,2.0,33.295,21.79,1,0.0,0.5,4,False,True
adbe70ab2c97442046d393988c8d1d27,9321,maua,SP,5,5,2,1,289.5,65.15,5,5,2017-09-07 13:07:38,2017-10-12 16:51:36,5.0,4,0,-8.8,6.8,1.0,57.9,13.030000000000001,0,0.0,0.0,35,False,True
74c7dec0a384d8a05950e629bd23bde9,13845,mogi guacu,SP,5,5,3,2,187.68,61.199999999999996,5,5,2017-07-05 17:24:19,2017-10-01 14:46:59,3.6,5,0,-9.0,11.0,1.0,37.536,12.239999999999998,2,0.0,0.4,87,False,True
42bde9fef835393bb8a8849cb6b7f245,71551,brasilia,DF,40,35,15,3,7703.0,784.84,35,34,2017-07-06 20:25:32,2018-08-19 18:19:11,4.257142857142857,35,1,-14.647058823529411,9.941176470588236,1.1428571428571428,220.0857142857143,22.424,3,0.02857142857142857,0.08571428571428572,408,False,True
89bc797e2e29667aa035d4368f9b7f92,2969,sao paulo,SP,20,17,12,1,407.3,252.15,17,17,2016-10-05 13:12:43,2017-04-10 16:11:37,3.7058823529411766,17,3,-19.625,14.8125,1.1764705882352942,23.958823529411763,14.83235294117647,4,0.17647058823529413,0.23529411764705882,187,False,True
f9eedec3129e8cc6b6429c42d0808c5b,22793,"rio de janeiro, rio de janeiro, brasil",RJ,2,2,2,1,789.8,43.35,2,2,2018-07-24 21:30:17,2018-07-26 00:39:18,4.5,2,0,-9.0,6.0,1.0,394.9,21.675,0,0.0,0.0,1,False,True
66922902710d126a0e7d26b0e3805106,31842,belo horizonte,MG,156,151,20,1,14362.3,3218.77,151,151,2017-05-14 21:11:45,2018-08-21 21:44:04,4.473333333333334,150,11,-10.333333333333334,10.893333333333333,1.033112582781457,95.11456953642383,21.316357615894038,9,0.0728476821192053,0.059602649006622516,464,False,True
32f1bb9dfa65bc7df5c0d9d95a616be4,4705,sao paulo,SP,6,5,5,3,276.39,55.78,5,5,2018-03-18 23:47:19,2018-08-08 12:09:55,4.0,4,1,-7.0,6.0,1.2,55.278,11.156,1,0.2,0.2,142,False,True
05f51e13da97139648b8125c31e5f51b,31910,belo horizonte,MG,63,60,21,3,13769.01,2019.29,60,60,2017-07-10 16:09:38,2018-03-23 10:44:18,4.066666666666666,60,9,-9.842105263157896,12.12280701754386,1.05,229.4835,33.654833333333336,11,0.15,0.18333333333333332,255,False,True
c43d924a0f1688ee9fae0efcd6f539d4,20710,rio de janeiro,RJ,1,1,1,1,29.9,15.11,1,1,2016-10-09 23:50:37,2016-10-09 23:50:37,4.0,1,0,-32.0,21.0,1.0,29.9,15.11,0,0.0,0.0,0,False,True
91543f9849d68d023e17194926598543,89041,blumenau,SC,6,4,6,1,834.0,266.57,4,4,2017-08-04 19:02:19,2018-02-22 17:20:48,4.5,4,0,-15.5,12.5,1.5,208.5,66.6425,0,0.0,0.0,201,False,True
3ded4e2d5f135cb103e5949d7263d2dd,37550,pouso alegre,MG,1,1,1,1,49.9,12.48,1,1,2018-02-15 15:37:34,2018-02-15 15:37:34,5.0,1,0,-17.0,5.0,1.0,49.9,12.48,0,0.0,0.0,0,False,True
7d456afc660226829370f3173d14520c,8820,mogi das cruzes,SP,91,56,22,5,8338.25,1519.6200000000001,56,55,2016-10-06 08:58:04,2018-08-21 18:47:23,4.357142857142857,56,2,-13.090909090909092,8.054545454545455,1.625,148.89732142857142,27.13607142857143,5,0.03571428571428571,0.08928571428571429,684,False,True
1900267e848ceeba8fa32d80c1a5f5a8,14940,ibitinga,SP,529,411,127,3,24982.53,8138.06,411,403,2017-05-17 22:01:53,2018-08-26 20:06:40,3.8366336633663365,404,33,-10.12807881773399,12.711822660098521,1.2871046228710463,60.784744525547445,19.800632603406328,79,0.08029197080291971,0.1922141119221411,465,False,True
4ce6e5f6c52515177e18c1c9361d8677,9895,sao bernardo do campo,SP,1,1,1,1,226.6,25.67,1,1,2018-07-16 22:08:56,2018-07-16 22:08:56,3.0,1,0,,,1.0,226.6,25.67,0,0.0,0.0,0,False,True
157c3e4b42f81ac4a44e8b1ca2fe9876,3211,sao paulo,SP,31,23,13,2,2548.5,583.32,23,23,2017-10-19 22:49:04,2018-08-16 11:37:32,3.6956521739130435,23,2,-14.08695652173913,10.478260869565217,1.3478260869565217,110.80434782608695,25.361739130434785,5,0.08695652173913043,0.21739130434782608,300,False,True
9fbd5666d8618fa571c4230fafa09bd6,4360,sao paulo,SP,1,1,1,1,79.9,16.81,1,1,2017-08-30 18:44:19,2017-08-30 18:44:19,5.0,1,0,-6.0,13.0,1.0,79.9,16.81,0,0.0,0.0,0,False,True
eb9cd5b35d95206585e2185318cb5c61,3064,sao paulo,SP,3,2,1,1,550.0,61.55,2,2,2018-06-21 12:24:00,2018-07-16 11:01:26,3.0,2,0,-5.0,16.0,1.5,275.0,30.775,1,0.0,0.5,24,False,True
08d2d642cf72b622b14dde1d2f5eb2f5,17512,marilia,SP,21,17,8,5,914.0,321.26,17,17,2017-02-12 21:40:53,2017-12-06 08:31:25,4.3125,16,2,-11.5,14.8125,1.2352941176470589,53.76470588235294,18.89764705882353,0,0.11764705882352941,0.0,296,False,True
525e75a6fb1454a2325ab1734bcec221,6453,barueri,SP,11,10,3,1,657.0699999999999,120.0,10,10,2017-04-13 10:14:47,2017-10-02 12:47:00,3.6,10,0,-13.0,6.0,1.1,65.707,12.0,2,0.0,0.2,172,False,True
0e982cff76cc0579f632cea8a0e38c9d,88316,itajai,SC,12,7,8,1,1307.34,172.97,7,7,2017-09-26 12:57:49,2018-04-03 07:28:21,4.0,7,0,-11.666666666666666,8.166666666666666,1.7142857142857142,186.76285714285714,24.71,1,0.0,0.14285714285714285,188,False,True
bc30de0d71bd6260b936a026b5cf7200,13920,pedreira,SP,3,3,2,1,392.37,90.47999999999999,3,3,2018-04-11 16:10:27,2018-04-26 13:47:17,4.666666666666667,3,0,-20.333333333333332,12.0,1.0,130.79,30.159999999999997,0,0.0,0.0,14,False,True
014c0679dd340a0e338872e7ec85666a,35180,timoteo,MG,15,14,10,3,7058.0,628.3100000000001,14,14,2017-01-26 00:20:22,2018-07-04 23:17:21,3.857142857142857,14,2,-11.071428571428571,19.285714285714285,1.0714285714285714,504.14285714285717,44.87928571428572,2,0.14285714285714285,0.14285714285714285,524,False,True
78ba5933c21686d1c2f64669c8c459e7,8810,mogi das cruzes,SP,2,2,2,2,191.8,20.770000000000003,2,2,2017-03-20 13:55:36,2017-05-16 10:49:26,4.0,2,0,-14.0,6.0,1.0,95.9,10.385000000000002,0,0.0,0.0,56,False,True
6ee85be3693ed79a8e80718743d80655,3937,sao paulo,SP,13,9,4,2,484.5,170.82,9,9,2017-01-19 11:26:57,2017-05-23 17:14:58,2.3333333333333335,9,2,-5.2,28.6,1.4444444444444444,53.833333333333336,18.98,6,0.2222222222222222,0.6666666666666666,124,False,True
63272377184e969942f7fff221be858d,3340,sao paulo,SP,2,2,2,1,149.7,66.53,2,2,2017-05-18 11:19:11,2017-05-18 22:42:50,5.0,2,0,-8.5,11.5,1.0,74.85,33.265,0,0.0,0.0,0,False,True
d5ba419e26d246a0719437cf37d9b46d,3437,sao paulo,SP,35,34,9,1,4061.4,520.11,34,34,2017-05-05 18:30:01,2018-08-22 10:44:46,3.909090909090909,33,3,-8.878787878787879,9.363636363636363,1.0294117647058822,119.45294117647059,15.29735294117647,6,0.08823529411764706,0.17647058823529413,473,False,True
15aac934c58d886785ac1b17953ea898,29480,muqui,ES,26,25,20,11,4353.9,665.7,25,25,2017-10-19 19:59:44,2018-06-26 13:02:55,4.24,25,3,-9.24,13.88,1.04,174.15599999999998,26.628,2,0.12,0.08,249,False,True
0b36063d5818f81ccb94b54adfaebbf5,89255,jaragua do sul,SC,15,1,1,1,765.0,18.0,1,1,2017-01-30 21:44:49,2017-01-30 21:44:49,5.0,1,0,-21.0,14.0,15.0,765.0,18.0,0,0.0,0.0,0,False,True
f789d2c4f2c2eb38fc4373e7a4b35264,36010,juiz de fora,MG,49,44,28,2,4864.24,869.0,44,43,2017-04-04 22:29:47,2018-08-22 11:28:14,4.159090909090909,44,2,-15.045454545454545,10.454545454545455,1.1136363636363635,110.55090909090909,19.75,6,0.045454545454545456,0.13636363636363635,504,False,True
fcf16b7a8697e559f0123190bb30177d,3679,sao paulo,SP,7,3,1,1,1052.8,499.77,3,3,2018-02-18 18:41:59,2018-08-13 20:33:57,3.3333333333333335,3,2,0.3333333333333333,15.0,2.3333333333333335,350.9333333333334,166.59,1,0.6666666666666666,0.3333333333333333,176,False,True
880eda903e719a5f179f7e9fceb3a69d,14610,ipua,SP,1,1,1,1,249.0,42.72,1,1,2018-08-07 14:27:32,2018-08-07 14:27:32,1.0,1,0,,,1.0,249.0,42.72,1,0.0,1.0,0,True,True
7f5e4d5efad7e44b91115dd1decb65f3,12306,jacarei / sao paulo,SP,9,3,2,1,179.9,77.42,3,2,2018-05-07 12:46:18,2018-07-29 05:12:32,5.0,3,0,-10.666666666666666,7.333333333333333,3.0,59.96666666666667,25.80666666666667,0,0.0,0.0,82,False,True
299c89a525fee36c567f4fe72f038100,63540,varzea alegre,CE,2,2,2,2,658.0,99.75,2,2,2018-07-01 22:22:57,2018-08-08 17:36:33,2.0,2,0,-5.0,9.0,1.0,329.0,49.875,1,0.0,0.5,37,True,True
87b740daf17b5d1be335a64164ec6842,8615,suzano,SP,13,13,9,1,14699.87,1482.51,13,13,2016-10-06 13:24:15,2018-03-15 15:58:43,3.3076923076923075,13,1,-12.727272727272727,17.636363636363637,1.0,1130.7592307692307,114.03923076923077,4,0.07692307692307693,0.3076923076923077,525,False,True
d4f91e8be86b38da2ee35bc489645a9d,12512,guaratingueta,SP,1,1,1,1,49.99,11.17,1,1,2016-10-08 09:50:08,2016-10-08 09:50:08,5.0,1,0,-36.0,17.0,1.0,49.99,11.17,0,0.0,0.0,0,False,True
eb3071b9f0b0ddaa2df5ea130f09f26b,4281,sao paulo,SP,11,9,2,2,6230.0,581.42,9,9,2017-02-15 11:20:36,2018-05-16 10:05:44,4.555555555555555,9,1,-15.0,9.0,1.2222222222222223,692.2222222222222,64.60222222222222,0,0.1111111111111111,0.0,454,False,True
7b3f6ce5c6c22e9b96e7581ebf0df6e1,13710,tambau,SP,1,1,1,0,29.8,12.69,1,1,2017-12-09 19:07:28,2017-12-09 19:07:28,3.0,1,0,-15.0,10.0,1.0,29.8,12.69,0,0.0,0.0,0,False,True
31da954dc0855f2495c6310f70a2f931,13601,araras,SP,30,29,14,2,4583.0,449.71,29,29,2017-09-10 20:50:42,2018-08-20 13:28:21,4.206896551724138,29,2,-10.586206896551724,7.724137931034483,1.0344827586206897,158.0344827586207,15.507241379310344,3,0.06896551724137931,0.10344827586206896,343,False,True
63b9ae557efed31d1f7687917d248a8d,13720,sao jose do rio pardo,SP,7,5,6,2,139.5,102.81,5,5,2016-10-05 11:44:41,2017-02-13 19:14:05,4.2,5,0,-20.0,18.0,1.4,27.9,20.562,1,0.0,0.2,131,False,True
ef9952469137ff190bacafe117f51537,38022,uberaba,MG,5,5,2,1,1002.66,83.94,5,5,2017-03-10 12:46:23,2017-05-30 15:57:13,4.8,5,0,-17.0,9.8,1.0,200.53199999999998,16.788,0,0.0,0.0,81,False,True
c18309219e789960add0b2255ca4b091,20521,rio de janeiro,RJ,1,1,1,1,9.9,14.1,1,1,2017-12-05 13:49:27,2017-12-05 13:49:27,5.0,1,0,-9.0,14.0,1.0,9.9,14.1,0,0.0,0.0,0,False,True
4a82168aaef173cbb6e46ae88728f919,84500,irati,PR,4,4,2,2,512.0,100.39,4,4,2018-07-13 15:26:30,2018-08-07 13:32:25,4.0,4,0,-13.75,6.25,1.0,128.0,25.0975,1,0.0,0.25,24,False,True
17e34d8224d27a541263c4c64b11a56b,14085,riberao preto,SP,268,255,112,12,56363.24,5239.96,255,254,2017-02-16 23:14:15,2018-08-20 11:27:27,4.1857707509881426,253,19,-10.566801619433198,13.744939271255062,1.0509803921568628,221.03231372549018,20.548862745098038,32,0.07450980392156863,0.12549019607843137,549,False,True
e2aee0892199b1d92530e371abd825bf,86600,rolandia,PR,41,38,13,4,5662.57,2654.72,38,38,2017-01-12 00:06:12,2018-07-31 20:54:24,3.789473684210526,38,5,-11.88888888888889,15.083333333333334,1.0789473684210527,149.015,69.86105263157894,9,0.13157894736842105,0.23684210526315788,565,False,True
870d0118f7a9d85960f29ad89d5d989a,37708,pocos de caldas,MG,61,45,18,2,3157.2,1270.83,45,43,2017-04-08 20:38:00,2018-08-27 09:19:09,4.044444444444444,45,2,-9.977777777777778,13.955555555555556,1.3555555555555556,70.16,28.240666666666666,4,0.044444444444444446,0.08888888888888889,505,False,True
eb9267cccc90f1b49c8d2f9887c7dd97,52011,recife,PE,1,1,1,1,319.9,26.37,1,1,2018-05-06 21:44:22,2018-05-06 21:44:22,5.0,1,0,-10.0,7.0,1.0,319.9,26.37,0,0.0,0.0,0,False,True
5de1c80811ce7007f62f00d971236c09,88063,florianopolis,SC,2,2,2,1,76.8,30.950000000000003,2,2,2018-07-03 15:09:35,2018-07-30 20:23:57,5.0,2,0,-14.5,7.5,1.0,38.4,15.475000000000001,0,0.0,0.0,27,False,True
ec8879960bd2221d5c32f8e12f7da711,13253,itatiba,SP,36,36,9,1,4062.4,818.98,36,36,2017-05-16 22:35:38,2018-04-11 16:50:30,4.314285714285714,35,6,-8.714285714285714,16.057142857142857,1.0,112.84444444444445,22.749444444444446,4,0.16666666666666666,0.1111111111111111,329,False,True
586a871d4f1221763fddb6ceefdeb95e,90630,porto alegre,RS,2,1,1,1,198.0,41.48,1,1,2017-01-26 23:20:31,2017-01-26 23:20:31,1.0,1,1,22.0,68.0,2.0,198.0,41.48,1,1.0,1.0,0,True,True
a35124e2d763d7ca3fbe3b97d143200f,4041,sao paulo,SP,7,4,2,1,411.5,78.89,4,4,2017-03-15 10:37:21,2017-05-08 20:58:10,4.75,4,0,-12.25,10.0,1.75,102.875,19.7225,0,0.0,0.0,54,False,True
9198786624eaeb375793215cad26cfa6,89136,rodeio,SC,10,9,6,3,908.3000000000001,210.07,9,9,2017-02-02 19:59:34,2018-04-23 20:25:37,3.7777777777777777,9,0,-18.0,12.375,1.1111111111111112,100.92222222222223,23.34111111111111,3,0.0,0.3333333333333333,445,False,True
fe1b067411b8c5066e962aa146ccee03,19020,presidente prudente,SP,8,8,2,2,847.78,143.1,8,8,2018-07-24 13:41:59,2018-08-21 09:33:04,4.625,8,0,-9.625,8.25,1.0,105.9725,17.8875,0,0.0,0.0,27,False,True
6b9b80d53ba3676eafe60268a810b5a1,31160,belo horizonte,SP,10,10,3,1,882.7,172.96,10,10,2017-02-01 08:42:45,2017-08-28 20:36:01,3.9,10,0,-15.11111111111111,11.444444444444445,1.0,88.27000000000001,17.296,2,0.0,0.2,208,False,True
a938325a4b357fd23a6a4d5bb126408e,26510,nilopolis,RJ,25,24,20,1,3231.0,560.81,24,24,2017-09-15 15:51:25,2018-08-14 14:57:20,3.8333333333333335,24,1,-11.458333333333334,12.833333333333334,1.0416666666666667,134.625,23.36708333333333,5,0.041666666666666664,0.20833333333333334,332,False,True
f1b854361f4e15d5851b494df66f22b2,20020,rio de janeiro,RJ,4,3,3,2,1168.8,306.44,3,3,2018-04-15 17:02:51,2018-07-25 15:35:55,3.3333333333333335,3,0,-12.333333333333334,7.0,1.3333333333333333,389.59999999999997,102.14666666666666,1,0.0,0.3333333333333333,100,False,True
3d49bfdd1b43a7fe169b3740067acc61,39400,montes claros,MG,3,3,2,1,215.0,61.82,3,3,2018-06-30 01:23:27,2018-08-22 13:57:22,4.666666666666667,3,0,-20.333333333333332,8.333333333333334,1.0,71.66666666666667,20.606666666666666,0,0.0,0.0,53,False,True
9df5750209b83567ec144eb299d7d634,93032,sao leopoldo,RS,11,11,8,3,4917.0,259.3,11,11,2016-10-07 08:28:42,2018-07-20 18:39:50,4.0,11,1,-20.272727272727273,13.545454545454545,1.0,447.0,23.572727272727274,2,0.09090909090909091,0.18181818181818182,651,False,True
3d62f86afa7c73be2628a3be1423f5a0,12327,jacarei,SP,2,2,1,1,12.0,42.42,2,2,2017-12-13 21:25:36,2018-01-09 21:50:02,4.0,2,0,-21.0,16.5,1.0,6.0,21.21,0,0.0,0.0,27,False,True
497709c2976a8fa308730a2dec5b0726,9981,diadema,SP,2,1,1,1,76.0,18.04,1,1,2018-07-19 19:22:05,2018-07-19 19:22:05,5.0,1,0,-2.0,5.0,2.0,76.0,18.04,0,0.0,0.0,0,False,True
e73bf2cea7fe4b0b4d287a7568ed1099,89812,chapeco,SC,5,4,4,2,737.6999999999999,100.13000000000001,4,4,2018-07-29 19:40:38,2018-08-26 10:48:04,5.0,4,0,-22.0,5.0,1.25,184.42499999999998,25.032500000000002,0,0.0,0.0,27,False,True
778323240ce2830d68aab11794e00bfb,13600,sao paulo,SP,3,3,2,1,189.98000000000002,52.45,3,3,2018-06-25 11:31:42,2018-07-30 09:18:59,4.333333333333333,3,0,-7.333333333333333,10.333333333333334,1.0,63.326666666666675,17.483333333333334,0,0.0,0.0,34,False,True
2493dc3f20131696a0ecdb9948051a8d,71065,brasilia,DF,4,4,3,1,504.38,70.69,4,4,2017-01-24 17:09:24,2017-02-07 23:15:25,4.75,4,0,-23.75,8.5,1.0,126.095,17.6725,0,0.0,0.0,14,False,True
a3dd39f583bc80bd8c5901c95878921e,41342,salvador,BA,37,34,3,1,4607.81,804.35,34,34,2017-08-23 08:26:50,2018-04-10 09:24:25,4.588235294117647,34,1,-11.794117647058824,12.117647058823529,1.088235294117647,135.52382352941177,23.65735294117647,1,0.029411764705882353,0.029411764705882353,230,False,True
4342d4b2ba6b161468c63a7e7cfce593,22793,rio de janeiro,RJ,20,20,3,1,2867.1,296.21,20,20,2017-12-23 14:20:57,2018-07-25 11:21:39,1.263157894736842,19,1,-6.5,15.0,1.0,143.355,14.8105,18,0.05,0.9,213,True,True
06df0c10d34e459d9672bc77388742eb,87045,maringa,PR,30,26,1,1,9070.0,525.77,26,26,2018-03-16 13:58:32,2018-08-06 19:44:03,4.346153846153846,26,1,-13.461538461538462,9.576923076923077,1.1538461538461537,348.84615384615387,20.221923076923076,2,0.038461538461538464,0.07692307692307693,143,False,True
89757206b887aed36f3e18d858460fea,3121,sao paulo,SP,2,2,2,1,120.5,55.64,2,2,2018-05-03 11:45:49,2018-07-04 21:45:50,5.0,2,0,-14.5,9.0,1.0,60.25,27.82,0,0.0,0.0,62,False,True
d8b8f2cf9ff6ba0389072541cb42498c,73813,formosa,GO,1,1,1,1,149.0,20.01,1,1,2018-05-23 10:49:50,2018-05-23 10:49:50,5.0,1,0,-17.0,12.0,1.0,149.0,20.01,0,0.0,0.0,0,False,True
3c03b12bab54d8b37d79d914bfdb1aa0,25561,sao joao de meriti,RJ,43,37,12,2,4236.34,683.43,37,37,2017-12-23 22:45:28,2018-08-24 11:09:05,3.8333333333333335,36,6,-9.162162162162161,13.162162162162161,1.162162162162162,114.49567567567568,18.47108108108108,7,0.16216216216216217,0.1891891891891892,243,False,True
9d5a9018aee56acb367ba9c3f05d1d6a,74930,aparecida de goiania,GO,79,67,22,5,10292.310000000001,1689.9,67,67,2017-03-11 19:59:25,2018-03-21 20:20:40,4.417910447761194,67,1,-13.454545454545455,14.484848484848484,1.1791044776119404,153.61656716417912,25.222388059701494,8,0.014925373134328358,0.11940298507462686,375,False,True
f9244d45189d3a3605499abddeade7d5,3029,sao paulo,SP,21,21,11,3,15731.43,875.99,21,21,2017-02-07 22:29:03,2018-08-18 12:45:56,4.285714285714286,21,0,-24.25,14.6,1.0,749.1157142857143,41.71380952380952,1,0.0,0.047619047619047616,556,False,True
2b3b9ce054da76a7428df143a567b156,3572,sao paulo,SP,6,5,3,1,301.0,62.28,5,5,2018-06-17 15:59:39,2018-08-19 10:47:22,3.6,5,0,-14.8,7.6,1.2,60.2,12.456,1,0.0,0.2,62,False,True
198c7ea11960a9844b544d9bcdca860c,37590,jacutinga,MG,25,25,4,2,1733.75,491.63,25,25,2017-01-26 13:14:02,2017-08-22 22:19:38,3.88,25,2,-10.8,14.0,1.0,69.35,19.6652,6,0.08,0.24,208,False,True
a478c7961d6a992065b24e63b366f90b,89036,blumenau,SC,9,8,5,2,1281.5,170.06,8,8,2017-02-09 09:33:26,2018-02-21 02:17:40,4.875,8,0,-16.875,9.375,1.125,160.1875,21.2575,0,0.0,0.0,376,False,True
30c7f28fd3a5897b2c82d152bb760c17,24020,niteroi,RJ,7,7,5,4,2178.27,324.89,7,7,2017-04-22 13:55:16,2017-11-28 13:50:19,1.6666666666666667,6,1,-2.6666666666666665,20.333333333333332,1.0,311.18142857142857,46.41285714285714,4,0.14285714285714285,0.5714285714285714,219,True,True
66e0557ecc2b4dbea057e93f215f68d8,4771,sao paulo,SP,31,31,19,1,12480.0,497.99,31,31,2017-05-24 18:43:12,2018-02-12 22:58:08,3.935483870967742,31,6,-8.9,31.3,1.0,402.5806451612903,16.0641935483871,5,0.1935483870967742,0.16129032258064516,264,False,True
be1e9e378700cecaa4ebf71433d7915c,14025,ribeirao preto,SP,2,2,1,0,119.89000000000001,37.62,2,2,2017-11-19 11:04:14,2018-01-22 17:08:00,3.0,2,2,23.5,48.0,1.0,59.94500000000001,18.81,1,1.0,0.5,64,False,True
21e83881401b92b49fb09a16d3852291,38405,uberlandia,MG,15,14,9,2,3588.0499999999997,594.48,14,14,2017-03-09 23:39:26,2018-01-29 16:16:23,4.357142857142857,14,0,-13.583333333333334,10.583333333333334,1.0714285714285714,256.2892857142857,42.462857142857146,2,0.0,0.14285714285714285,325,False,True
55c96925041a14097b6a7825554f4ad5,2122,sao paulo,SP,10,6,6,1,294.8,188.57,6,6,2017-03-23 19:12:49,2018-01-15 16:52:44,4.0,6,1,-8.0,10.8,1.6666666666666667,49.13333333333333,31.42833333333333,1,0.16666666666666666,0.16666666666666666,297,False,True
918f6fbcf3ab724d805867303e593a1b,13273,valinhos,SP,3,2,2,2,79.69999999999999,32.88,2,2,2017-02-20 21:44:03,2017-03-02 01:21:42,4.0,2,0,-17.0,4.5,1.5,39.849999999999994,16.44,0,0.0,0.0,9,False,True
daeb5653dd96c1b11860f72209795012,31310,belo horizonte,MG,41,40,27,8,2305.9,632.16,40,40,2017-09-07 16:56:45,2018-08-10 15:03:50,4.05,40,3,-11.5,11.210526315789474,1.025,57.6475,15.803999999999998,7,0.075,0.175,336,False,True
228e4c1a0be164f613d41c24345f9d2c,86360,bandeirantes,PR,5,5,3,1,539.7,229.74,5,5,2018-05-07 13:31:20,2018-08-10 22:17:45,5.0,5,0,-20.2,10.8,1.0,107.94000000000001,45.948,0,0.0,0.0,95,False,True
5145090ab595c0d0b8557199f5701fbf,82900,curitiba,PR,4,4,4,1,1459.6,197.85,4,4,2018-03-15 16:04:46,2018-06-09 21:53:29,4.25,4,0,-25.5,15.25,1.0,364.9,49.4625,0,0.0,0.0,86,False,True
87e24fc7052259b1f7f607d61c10d8be,5734,sao paulo,SP,8,8,7,3,7473.49,236.37,8,8,2018-05-15 13:18:27,2018-08-14 11:15:33,3.5,8,1,-12.142857142857142,15.0,1.0,934.18625,29.54625,2,0.125,0.25,90,False,True
d66c11a9572221d92fbb8c4897db5f9b,20770,rio de janeiro,RJ,16,16,9,3,776.56,387.82,16,16,2018-06-23 22:12:28,2018-08-22 18:36:40,4.5625,16,0,-11.25,7.9375,1.0,48.535,24.23875,0,0.0,0.0,59,False,True
e2c92f9c1c7746d899d18f2e158bbff7,15054,sao jose do rio preto,SP,14,14,8,1,1894.7,391.91,14,13,2018-04-18 22:14:34,2018-08-07 16:05:28,4.071428571428571,14,0,-10.083333333333334,8.666666666666666,1.0,135.3357142857143,27.993571428571432,2,0.0,0.14285714285714285,110,False,True
ea67327e24487bdfac5fbfa37ea124df,14940,ibitinga,SP,34,32,24,1,6250.18,930.1,32,31,2018-01-07 23:08:30,2018-08-22 16:41:47,3.53125,32,1,-14.9375,8.21875,1.0625,195.318125,29.065625,8,0.03125,0.25,226,False,True
db6a4d4b5f1f5f98820ce6ce2619e2de,2968,sao paulo,SP,1,1,1,1,135.99,12.16,1,1,2018-01-08 16:50:16,2018-01-08 16:50:16,5.0,1,0,-19.0,3.0,1.0,135.99,12.16,0,0.0,0.0,0,False,True
1d1bbb8ac1581824986f582583fff01d,89082,indaial,SC,4,4,3,2,166.88,59.589999999999996,4,4,2018-04-27 10:01:33,2018-08-24 13:59:41,3.5,4,1,-5.75,9.0,1.0,41.72,14.897499999999999,1,0.25,0.25,119,False,True
f90f77ef2799a27f80d90c425ca944f7,86020,londrina,PR,1,1,1,1,70.0,19.46,1,1,2018-05-15 08:42:18,2018-05-15 08:42:18,5.0,1,0,-20.0,7.0,1.0,70.0,19.46,0,0.0,0.0,0,False,True
bbf4a892cac7b82422baa711dffb8997,82200,curitiba,PR,1,1,1,1,70.0,35.34,1,1,2018-06-11 11:35:34,2018-06-11 11:35:34,5.0,1,0,-29.0,3.0,1.0,70.0,35.34,0,0.0,0.0,0,False,True
39f776d2974049026ff531fc42ef2a3e,74835,goiania,GO,4,3,3,1,1084.04,90.37,3,3,2018-01-12 18:17:38,2018-04-25 18:57:38,3.6666666666666665,3,0,-19.333333333333332,16.0,1.3333333333333333,361.34666666666664,30.123333333333335,1,0.0,0.3333333333333333,103,False,True
c70c1b0d8ca86052f45a432a38b73958,13186,hortolandia,SP,338,261,66,1,36537.369999999995,3938.91,261,253,2018-04-06 17:12:41,2018-08-29 08:46:11,4.359073359073359,259,14,-8.988461538461538,7.657692307692308,1.2950191570881227,139.98992337164748,15.091609195402299,24,0.05363984674329502,0.09195402298850575,144,False,True
9e6967d3cf386d284251784b18ccb485,9550,sao caetano do sul,SP,11,9,3,2,517.67,137.23,9,9,2018-06-12 20:43:08,2018-08-14 15:42:47,3.888888888888889,9,1,-6.666666666666667,6.777777777777778,1.2222222222222223,57.51888888888888,15.247777777777777,2,0.1111111111111111,0.2222222222222222,62,False,True
747e73c01a4593d4cf60dcf970fd2689,55602,vitoria de santo antao,PE,3,3,3,1,2217.99,123.77000000000001,3,3,2018-03-01 08:17:59,2018-04-26 10:53:16,4.333333333333333,3,0,-30.0,10.333333333333334,1.0,739.3299999999999,41.25666666666667,0,0.0,0.0,56,False,True
63704069d9bd3a75c1cf59babe56004a,13212,jundiai,SP,1,1,1,1,59.3,7.39,1,1,2018-06-08 12:00:50,2018-06-08 12:00:50,1.0,1,1,7.0,18.0,1.0,59.3,7.39,1,1.0,1.0,0,True,True
4e2627090e6e5b9fabba883a37897683,31565,belo horizonte,MG,5,2,2,1,199.5,68.12,2,2,2018-01-14 21:52:31,2018-02-26 21:40:14,1.0,1,0,-14.0,3.0,2.5,99.75,34.06,1,0.0,0.5,42,True,True
61b18775be84fb700a6b2d0ba097bf66,14808,araraquara,SP,5,4,4,1,334.5,101.51,4,4,2018-04-16 20:07:20,2018-08-21 19:20:14,4.75,4,0,-11.25,10.25,1.25,83.625,25.3775,0,0.0,0.0,126,False,True
95cca791657aabeff15a07eb152d7841,85950,palotina,PR,1,1,1,1,9.99,18.23,1,1,2018-06-30 23:22:38,2018-06-30 23:22:38,5.0,1,0,-26.0,3.0,1.0,9.99,18.23,0,0.0,0.0,0,False,True
dde698c6d0bd24834c586e5111c2bba7,25755,petropolis,RJ,1,1,1,1,155.9,19.19,1,1,2018-07-30 02:16:14,2018-07-30 02:16:14,5.0,1,0,-15.0,7.0,1.0,155.9,19.19,0,0.0,0.0,0,False,True
e94b64dc6979b302a5a5be1662c83bb6,6852,itapecerica da serra,SP,2,2,2,1,306.89,31.740000000000002,2,2,2018-07-01 12:21:19,2018-07-03 19:34:23,5.0,2,0,-16.0,8.5,1.0,153.445,15.870000000000001,0,0.0,0.0,2,False,True
15ead3a5037a918ddb520dfe39a3d2b9,36401,conselheiro lafaiete,MG,8,7,8,1,275.5,158.45,7,7,2018-01-22 13:48:41,2018-04-24 09:38:50,4.285714285714286,7,1,-8.0,17.333333333333332,1.1428571428571428,39.357142857142854,22.635714285714283,1,0.14285714285714285,0.14285714285714285,91,False,True
9d489893ff6af05029671b785f54b998,13613,leme,SP,6,5,5,2,298.7,102.53999999999999,5,5,2017-06-22 17:19:09,2018-08-23 16:38:38,4.0,5,0,-13.4,6.8,1.2,59.739999999999995,20.508,1,0.0,0.2,426,False,True
725af026f869236a8dd0ceb98564d156,35530,claudio,MG,8,7,5,1,1177.71,184.95999999999998,7,7,2017-10-22 11:20:45,2018-08-03 18:52:57,3.4285714285714284,7,0,-26.8,13.0,1.1428571428571428,168.24428571428572,26.42285714285714,2,0.0,0.2857142857142857,285,False,True
f00f5b35d0abcacbdd863672f4bb2c1a,1238,sao paulo,SP,1,1,1,1,299.0,14.43,1,1,2017-05-27 14:15:33,2017-05-27 14:15:33,4.0,1,0,-21.0,12.0,1.0,299.0,14.43,0,0.0,0.0,0,False,True
7bac63f6603d382cc8d0832eb6c100a8,5713,sao paulo,SP,19,19,11,4,7751.95,362.65,19,19,2017-11-04 09:09:12,2018-08-03 15:28:52,4.0,19,2,-5.421052631578948,15.31578947368421,1.0,407.9973684210526,19.086842105263155,2,0.10526315789473684,0.10526315789473684,272,False,True
f1fdf2d13186575751aa25876536d85c,5314,sao paulo,SP,1,1,1,1,26.3,8.29,1,1,2018-03-29 21:39:51,2018-03-29 21:39:51,5.0,1,0,-6.0,6.0,1.0,26.3,8.29,0,0.0,0.0,0,False,True
98dddbc4601dd4443ca174359b237166,87111,sarandi,PR,2,2,1,1,158.0,53.67,2,2,2018-07-13 14:29:51,2018-07-23 13:03:29,5.0,2,0,-10.5,8.0,1.0,79.0,26.835,0,0.0,0.0,9,False,True
f8201cab383e484733266d1906e2fdfa,88137,palhoca,SC,10,10,4,1,889.0,255.82999999999998,10,10,2017-06-17 15:21:29,2018-08-11 19:39:37,4.1,10,1,-11.7,12.7,1.0,88.9,25.583,1,0.1,0.1,420,False,True
74871d19219c7d518d0090283e03c137,4650,sao paulo,SP,7,6,6,3,550.04,87.87,6,6,2018-04-05 16:56:38,2018-08-21 19:11:28,5.0,6,0,-8.333333333333334,3.6666666666666665,1.1666666666666667,91.67333333333333,14.645000000000001,0,0.0,0.0,138,False,True
e603cf3fec55f8697c9059638d6c8eb5,96080,pelotas,RS,11,8,1,0,297.0,185.47,8,8,2017-02-07 11:32:53,2017-06-16 17:21:21,4.25,8,0,-24.428571428571427,5.714285714285714,1.375,37.125,23.18375,1,0.0,0.125,129,False,True
9e25199f6ef7e7c347120ff175652c3b,12051,taubate,SP,1,1,1,1,12.5,14.52,1,1,2017-03-27 09:59:40,2017-03-27 09:59:40,4.0,1,0,-14.0,8.0,1.0,12.5,14.52,0,0.0,0.0,0,False,True
